{
    "parent": "item/generated",
    "textures": {
        "layer0": "item/brick"
    },
    "overrides": [
        {
          "predicate": {
            "custom_model_data": 369001
          },
          "model": "shield_repo:item/maiden_1"
      },
      {
        "predicate": {
          "custom_model_data": 369002
        },
        "model": "shield_repo:item/maiden_2"
    },
    {
      "predicate": {
        "custom_model_data": 369003
      },
      "model": "shield_repo:item/maiden_3"
  },
  {
    "predicate": {
      "custom_model_data": 369004
    },
    "model": "shield_repo:item/dragon-hourglass"
},
{
  "predicate": {
    "custom_model_data": 369005
  },
  "model": "shield_repo:item/dragon-hourglass-a"
},
{
  "predicate": {
    "custom_model_data": 369006
  },
  "model": "shield_repo:item/dragon-hourglass-b"
},
{
  "predicate": {
    "custom_model_data": 369007
  },
  "model": "shield_repo:item/dragon-hourglass-c"
},
{
  "predicate": {
    "custom_model_data": 369008
  },
  "model": "shield_repo:item/dragon-hourglass-d"
},
{
  "predicate": {
    "custom_model_data": 369009
  },
  "model": "shield_repo:item/dragon-hourglass-e"
},
{
  "predicate": {
    "custom_model_data": 369010
  },
  "model": "shield_repo:item/dragon-hourglass-f"
},
{
  "predicate": {
    "custom_model_data": 369011
  },
  "model": "shield_repo:item/dragon-hourglass-g"
},
{
  "predicate": {
    "custom_model_data": 369012
  },
  "model": "shield_repo:item/guillo"
}
,
{
  "predicate": {
    "custom_model_data": 369013
  },
  "model": "shield_repo:item/guillo_blade"
},
{
  "predicate": {
    "custom_model_data": 369014
  },
  "model": "shield_repo:item/black-dog-a"
},
{
  "predicate": {
    "custom_model_data": 369015
  },
  "model": "shield_repo:item/maiden-icon"
},
{
  "predicate": {
    "custom_model_data": 369016
  },
  "model": "shield_repo:item/blood-icon"
}
  ]

}
