{
  "parent": "minecraft:item/handheld_rod",
  "textures": {
    "layer0": "minecraft:item/carrot_on_a_stick"
  },
  "overrides": [
      {"predicate": {"custom_model_data": 455001},"model": "shield_repo:item/basic-spear"},
      {"predicate": {"custom_model_data": 455002},"model": "shield_repo:item/rope-spear"},
      {"predicate": {"custom_model_data": 455003},"model": "shield_repo:item/siderite-spear"},
      {"predicate": {"custom_model_data": 455004},"model": "shield_repo:item/iron-spear"},
      {"predicate": {"custom_model_data": 455005},"model": "shield_repo:item/nue-spear"},
      {"predicate": {"custom_model_data": 455006},"model": "shield_repo:item/portal-spear"},
      {"predicate": {"custom_model_data": 3690011},"model": "shield_repo:item/small-sword"},
      {"predicate": {"custom_model_data": 3690012},"model": "shield_repo:item/rope-sword"},
      {"predicate": {"custom_model_data": 3690013},"model": "shield_repo:item/greed-sword"},
      {"predicate": {"custom_model_data": 3690014},"model": "shield_repo:item/portal-sword"},
      {"predicate": {"custom_model_data": 3690015},"model": "shield_repo:item/star-sword"},
      {"predicate": {"custom_model_data": 3690022},"model": "shield_repo:item/soul-eater-sword"},
      {"predicate": {"custom_model_data": 3690031},"model": "shield_repo:item/base-scythe"},
      {"predicate": {"custom_model_data": 4550069},"model": "shield_repo:item/magic_axe"}
  ]
}
