{
	"parent": "item/generated",
	"textures": {
		"layer0": "item/white_dye"
	},
	"overrides": [
		{
			"predicate": {
				"custom_model_data": 1
			},
			"model": "shield_repo:clock/bone"
		},
		{
			"predicate": {
				"custom_model_data": 2
			},
			"model": "shield_repo:clock/bone2"
		},
		{
			"predicate": {
				"custom_model_data": 3
			},
			"model": "shield_repo:blood/jaw1"
		},
		{
			"predicate": {
				"custom_model_data": 4
			},
			"model": "shield_repo:blood/jaw2"
		},
		{
			"predicate": {
				"custom_model_data": 5
			},
			"model": "shield_repo:blood/jaw3"
		},
		{
			"predicate": {
				"custom_model_data": 6
			},
			"model": "shield_repo:blood/jaw4"
		},
		{
			"predicate": {
				"custom_model_data": 7
			},
			"model": "shield_repo:blood/jaw5"
		},
		{
			"predicate": {
				"custom_model_data": 8
			},
			"model": "shield_repo:blood/jaw6"
		}
	],
	"aj": {
		"includedRigs": {
			"81a8a426-5f32-c9f7-7d8c-40e3328f2a4a": {
				"name": "iron_maiden",
				"usedIDs": [
					[1, 2]
				]
			},
			"587958ed-da72-31dd-6237-111fbcdd725c": {
				"name": "blutopher",
				"usedIDs": [
					[3, 8]
				]
			}
		}
	}
}