{
	"__credit": "Generated using Animated Java (https://animated-java.dev/)",
	"textures": {
		"0": "shield_repo:iron"
	},
	"elements": [
		{
			"faces": {
				"north": {"uv": [4, 6, 9, 8], "texture": "#0"},
				"east": {"uv": [4, 6, 9, 8], "texture": "#0"},
				"south": {"uv": [4, 6, 9, 8], "texture": "#0"},
				"west": {"uv": [4, 6, 9, 8], "texture": "#0"},
				"up": {"uv": [4, 6, 9, 8], "texture": "#0"},
				"down": {"uv": [4, 6, 9, 8], "texture": "#0"}
			},
			"to": [9.92519, 4.69729, 11.18533],
			"from": [6.08519, 3.41729, 9.90533],
			"rotation": {"angle": 0, "axis": "y", "origin": [8.00519, 3.41729, 4.78533]}
		},
		{
			"faces": {
				"north": {"uv": [4, 6, 9, 8], "texture": "#0"},
				"east": {"uv": [4, 6, 9, 8], "texture": "#0"},
				"south": {"uv": [4, 6, 9, 8], "texture": "#0"},
				"west": {"uv": [4, 6, 9, 8], "texture": "#0"},
				"up": {"uv": [4, 6, 9, 8], "texture": "#0"},
				"down": {"uv": [4, 6, 9, 8], "texture": "#0"}
			},
			"to": [6.19719, 4.69729, 10.46533],
			"from": [2.35719, 3.41729, 9.18533],
			"rotation": {"angle": -22.5, "axis": "y", "origin": [4.38919, 4.05729, 10.54533]}
		},
		{
			"faces": {
				"north": {"uv": [4, 6, 9, 8], "texture": "#0"},
				"east": {"uv": [4, 6, 9, 8], "texture": "#0"},
				"south": {"uv": [4, 6, 9, 8], "texture": "#0"},
				"west": {"uv": [4, 6, 9, 8], "texture": "#0"},
				"up": {"uv": [4, 6, 9, 8], "texture": "#0"},
				"down": {"uv": [4, 6, 9, 8], "texture": "#0"}
			},
			"to": [12.81725, 4.69729, 13.13328],
			"from": [8.97725, 3.41729, 11.85328],
			"rotation": {"angle": 22.5, "axis": "y", "origin": [4.56125, 4.05729, 9.83728]}
		},
		{
			"faces": {
				"north": {"uv": [4, 6, 9, 8], "texture": "#0"},
				"east": {"uv": [4, 6, 9, 8], "texture": "#0"},
				"south": {"uv": [4, 6, 9, 8], "texture": "#0"},
				"west": {"uv": [4, 6, 9, 8], "texture": "#0"},
				"up": {"uv": [4, 6, 9, 8], "texture": "#0"},
				"down": {"uv": [4, 6, 9, 8], "texture": "#0"}
			},
			"to": [3.01137, 4.69729, 10.36661],
			"from": [1.73137, 3.41729, 7.11861],
			"rotation": {"angle": 22.5, "axis": "y", "origin": [0.4247, 4.05729, 8.06261]}
		},
		{
			"faces": {
				"north": {"uv": [4, 6, 9, 8], "texture": "#0"},
				"east": {"uv": [4, 6, 9, 8], "texture": "#0"},
				"south": {"uv": [4, 6, 9, 8], "texture": "#0"},
				"west": {"uv": [4, 6, 9, 8], "texture": "#0"},
				"up": {"uv": [4, 6, 9, 8], "texture": "#0"},
				"down": {"uv": [4, 6, 9, 8], "texture": "#0"}
			},
			"to": [13.29941, 4.69729, 5.37789],
			"from": [12.01941, 3.41729, 2.12989],
			"rotation": {"angle": -22.5, "axis": "y", "origin": [2.48341, 4.05729, 7.94589]}
		},
		{
			"faces": {
				"north": {"uv": [4, 6, 9, 8], "texture": "#0"},
				"east": {"uv": [4, 6, 9, 8], "texture": "#0"},
				"south": {"uv": [4, 6, 9, 8], "texture": "#0"},
				"west": {"uv": [4, 6, 9, 8], "texture": "#0"},
				"up": {"uv": [4, 6, 9, 8], "texture": "#0"},
				"down": {"uv": [4, 6, 9, 8], "texture": "#0"}
			},
			"to": [2.56341, 4.69729, 6.70589],
			"from": [1.28341, 3.41729, 3.45789],
			"rotation": {"angle": 0, "axis": "y", "origin": [2.48341, 4.05729, 7.94589]}
		},
		{
			"faces": {
				"north": {"uv": [4, 6, 9, 8], "texture": "#0"},
				"east": {"uv": [4, 6, 9, 8], "texture": "#0"},
				"south": {"uv": [4, 6, 9, 8], "texture": "#0"},
				"west": {"uv": [4, 6, 9, 8], "texture": "#0"},
				"up": {"uv": [4, 6, 9, 8], "texture": "#0"},
				"down": {"uv": [4, 6, 9, 8], "texture": "#0"}
			},
			"to": [14.70741, 4.69729, 6.70589],
			"from": [13.42741, 3.41729, 3.45789],
			"rotation": {"angle": 0, "axis": "y", "origin": [1.92341, 4.05729, 5.08189]}
		},
		{
			"faces": {
				"north": {"uv": [0, 0, 1, 2], "texture": "#0"},
				"east": {"uv": [0, 0, 1.1, 2], "texture": "#0"},
				"south": {"uv": [0, 0, 1, 2], "texture": "#0"},
				"west": {"uv": [0, 0, 1.1, 2], "texture": "#0"},
				"up": {"uv": [0, 0, 1, 1.1], "texture": "#0"},
				"down": {"uv": [0, 0, 1, 1.1], "texture": "#0"}
			},
			"to": [14.14919, 6.17995, 5.31973],
			"from": [13.76519, 5.41195, 4.89733],
			"rotation": {"angle": 0, "axis": "y", "origin": [10.27719, 5.79595, 7.53733]}
		},
		{
			"faces": {
				"north": {"uv": [3, 1, 4, 3], "texture": "#0"},
				"east": {"uv": [1, 4, 2.1, 6], "texture": "#0"},
				"south": {"uv": [2, 3, 3, 5], "texture": "#0"},
				"west": {"uv": [2, 7, 3.1, 9], "texture": "#0"},
				"up": {"uv": [10, 1, 11, 2.1], "texture": "#0"},
				"down": {"uv": [4, 10, 5, 11.1], "texture": "#0"}
			},
			"to": [8.43719, 5.44395, 10.83333],
			"from": [7.79719, 4.16395, 10.12933],
			"rotation": {"angle": 0, "axis": "y", "origin": [8.00519, 3.41729, 2.908]}
		},
		{
			"faces": {
				"north": {"uv": [3, 1, 4, 3], "texture": "#0"},
				"east": {"uv": [1, 4, 2.1, 6], "texture": "#0"},
				"south": {"uv": [2, 3, 3, 5], "texture": "#0"},
				"west": {"uv": [2, 7, 3.1, 9], "texture": "#0"},
				"up": {"uv": [10, 1, 11, 2.1], "texture": "#0"},
				"down": {"uv": [4, 10, 5, 11.1], "texture": "#0"}
			},
			"to": [10.02119, 5.44395, 10.83333],
			"from": [9.38119, 4.16395, 10.12933],
			"rotation": {"angle": 0, "axis": "y", "origin": [8.00519, 3.41729, 2.908]}
		},
		{
			"faces": {
				"north": {"uv": [3, 1, 4, 3], "texture": "#0"},
				"east": {"uv": [1, 4, 2.1, 6], "texture": "#0"},
				"south": {"uv": [2, 3, 3, 5], "texture": "#0"},
				"west": {"uv": [2, 7, 3.1, 9], "texture": "#0"},
				"up": {"uv": [10, 1, 11, 2.1], "texture": "#0"},
				"down": {"uv": [4, 10, 5, 11.1], "texture": "#0"}
			},
			"to": [14.32519, 5.44395, 5.45733],
			"from": [13.68519, 4.16395, 4.75333],
			"rotation": {"angle": 0, "axis": "y", "origin": [8.00519, 3.41729, 2.908]}
		},
		{
			"faces": {
				"north": {"uv": [3, 1, 4, 3], "texture": "#0"},
				"east": {"uv": [1, 4, 2.1, 6], "texture": "#0"},
				"south": {"uv": [2, 3, 3, 5], "texture": "#0"},
				"west": {"uv": [2, 7, 3.1, 9], "texture": "#0"},
				"up": {"uv": [10, 1, 11, 2.1], "texture": "#0"},
				"down": {"uv": [4, 10, 5, 11.1], "texture": "#0"}
			},
			"to": [2.32519, 5.44395, 5.45733],
			"from": [1.68519, 4.16395, 4.75333],
			"rotation": {"angle": 0, "axis": "y", "origin": [8.00519, 3.41729, 2.908]}
		},
		{
			"faces": {
				"north": {"uv": [3, 1, 4, 3], "texture": "#0"},
				"east": {"uv": [1, 4, 2.1, 6], "texture": "#0"},
				"south": {"uv": [2, 3, 3, 5], "texture": "#0"},
				"west": {"uv": [2, 7, 3.1, 9], "texture": "#0"},
				"up": {"uv": [10, 1, 11, 2.1], "texture": "#0"},
				"down": {"uv": [4, 10, 5, 11.1], "texture": "#0"}
			},
			"to": [11.62119, 5.44395, 10.88133],
			"from": [10.98119, 4.16395, 10.17733],
			"rotation": {"angle": 22.5, "axis": "y", "origin": [9.70119, 4.80395, 10.48133]}
		},
		{
			"faces": {
				"north": {"uv": [3, 1, 4, 3], "texture": "#0"},
				"east": {"uv": [1, 4, 2.1, 6], "texture": "#0"},
				"south": {"uv": [2, 3, 3, 5], "texture": "#0"},
				"west": {"uv": [2, 7, 3.1, 9], "texture": "#0"},
				"up": {"uv": [10, 1, 11, 2.1], "texture": "#0"},
				"down": {"uv": [4, 10, 5, 11.1], "texture": "#0"}
			},
			"to": [13.22745, 5.44395, 9.61023],
			"from": [12.58745, 4.16395, 8.90623],
			"rotation": {"angle": 45, "axis": "y", "origin": [12.77945, 4.80395, 9.25823]}
		},
		{
			"faces": {
				"north": {"uv": [3, 1, 4.1, 3], "texture": "#0"},
				"east": {"uv": [1, 4, 2, 6], "texture": "#0"},
				"south": {"uv": [2, 3, 3.1, 5], "texture": "#0"},
				"west": {"uv": [2, 7, 3, 9], "texture": "#0"},
				"up": {"uv": [10, 1, 11, 2.1], "rotation": 270, "texture": "#0"},
				"down": {"uv": [4, 10, 5, 11.1], "rotation": 90, "texture": "#0"}
			},
			"to": [13.21145, 5.44395, 7.24223],
			"from": [12.50745, 4.16395, 6.60223],
			"rotation": {"angle": -22.5, "axis": "y", "origin": [12.77945, 4.80395, 9.25823]}
		},
		{
			"faces": {
				"north": {"uv": [3, 1, 4, 3], "texture": "#0"},
				"east": {"uv": [1, 4, 2.1, 6], "texture": "#0"},
				"south": {"uv": [2, 3, 3, 5], "texture": "#0"},
				"west": {"uv": [2, 7, 3.1, 9], "texture": "#0"},
				"up": {"uv": [10, 1, 11, 2.1], "texture": "#0"},
				"down": {"uv": [4, 10, 5, 11.1], "texture": "#0"}
			},
			"to": [6.75719, 5.44395, 10.83333],
			"from": [6.11719, 4.16395, 10.12933],
			"rotation": {"angle": 0, "axis": "y", "origin": [8.00519, 3.41729, 2.908]}
		},
		{
			"faces": {
				"north": {"uv": [3, 1, 4, 3], "texture": "#0"},
				"east": {"uv": [1, 4, 2.1, 6], "texture": "#0"},
				"south": {"uv": [2, 3, 3, 5], "texture": "#0"},
				"west": {"uv": [2, 7, 3.1, 9], "texture": "#0"},
				"up": {"uv": [10, 1, 11, 2.1], "texture": "#0"},
				"down": {"uv": [4, 10, 5, 11.1], "texture": "#0"}
			},
			"to": [5.09319, 5.44395, 10.97733],
			"from": [4.45319, 4.16395, 10.27333],
			"rotation": {"angle": -22.5, "axis": "y", "origin": [6.43719, 4.80395, 10.48133]}
		},
		{
			"faces": {
				"north": {"uv": [3, 1, 4, 3], "texture": "#0"},
				"east": {"uv": [1, 4, 2.1, 6], "texture": "#0"},
				"south": {"uv": [2, 3, 3, 5], "texture": "#0"},
				"west": {"uv": [2, 7, 3.1, 9], "texture": "#0"},
				"up": {"uv": [10, 1, 11, 2.1], "texture": "#0"},
				"down": {"uv": [4, 10, 5, 11.1], "texture": "#0"}
			},
			"to": [3.38985, 5.44395, 9.68056],
			"from": [2.74985, 4.16395, 8.97656],
			"rotation": {"angle": -45, "axis": "y", "origin": [3.27785, 4.80395, 9.32856]}
		},
		{
			"faces": {
				"north": {"uv": [3, 1, 4.1, 3], "texture": "#0"},
				"east": {"uv": [1, 4, 2, 6], "texture": "#0"},
				"south": {"uv": [2, 3, 3.1, 5], "texture": "#0"},
				"west": {"uv": [2, 7, 3, 9], "texture": "#0"},
				"up": {"uv": [10, 1, 11, 2.1], "rotation": 90, "texture": "#0"},
				"down": {"uv": [4, 10, 5, 11.1], "rotation": 270, "texture": "#0"}
			},
			"to": [3.36495, 5.44395, 7.38752],
			"from": [2.66095, 4.16395, 6.74752],
			"rotation": {"angle": 22.5, "axis": "y", "origin": [3.33295, 4.80395, 9.19552]}
		},
		{
			"faces": {
				"north": {"uv": [0, 0, 1, 2], "texture": "#0"},
				"east": {"uv": [0, 0, 1.1, 2], "texture": "#0"},
				"south": {"uv": [0, 0, 1, 2], "texture": "#0"},
				"west": {"uv": [0, 0, 1.1, 2], "texture": "#0"},
				"up": {"uv": [0, 0, 1, 1.1], "texture": "#0"},
				"down": {"uv": [0, 0, 1, 1.1], "texture": "#0"}
			},
			"to": [2.16519, 6.17995, 5.35173],
			"from": [1.78119, 5.41195, 4.92933],
			"rotation": {"angle": 0, "axis": "y", "origin": [5.70119, 5.79595, 7.61733]}
		},
		{
			"faces": {
				"north": {"uv": [0, 0, 1.1, 2], "texture": "#0"},
				"east": {"uv": [0, 0, 1, 2], "texture": "#0"},
				"south": {"uv": [0, 0, 1.1, 2], "texture": "#0"},
				"west": {"uv": [0, 0, 1, 2], "texture": "#0"},
				"up": {"uv": [0, 0, 1, 1.1], "rotation": 90, "texture": "#0"},
				"down": {"uv": [0, 0, 1, 1.1], "rotation": 270, "texture": "#0"}
			},
			"to": [2.80849, 6.17995, 6.23701],
			"from": [2.38609, 5.41195, 5.85301],
			"rotation": {"angle": 22.5, "axis": "y", "origin": [5.70119, 5.79595, 7.61733]}
		},
		{
			"faces": {
				"north": {"uv": [0, 0, 1, 2], "texture": "#0"},
				"east": {"uv": [0, 0, 1.1, 2], "texture": "#0"},
				"south": {"uv": [0, 0, 1, 2], "texture": "#0"},
				"west": {"uv": [0, 0, 1.1, 2], "texture": "#0"},
				"up": {"uv": [0, 0, 1, 1.1], "texture": "#0"},
				"down": {"uv": [0, 0, 1, 1.1], "texture": "#0"}
			},
			"to": [4.76609, 6.17995, 11.23751],
			"from": [4.38209, 5.41195, 10.81511],
			"rotation": {"angle": -45, "axis": "y", "origin": [6.05319, 5.79595, 8.36933]}
		},
		{
			"faces": {
				"north": {"uv": [0, 0, 1, 2], "texture": "#0"},
				"east": {"uv": [0, 0, 1.1, 2], "texture": "#0"},
				"south": {"uv": [0, 0, 1, 2], "texture": "#0"},
				"west": {"uv": [0, 0, 1.1, 2], "texture": "#0"},
				"up": {"uv": [0, 0, 1, 1.1], "texture": "#0"},
				"down": {"uv": [0, 0, 1, 1.1], "texture": "#0"}
			},
			"to": [5.6828, 6.17995, 10.80499],
			"from": [5.2988, 5.41195, 10.38259],
			"rotation": {"angle": -22.5, "axis": "y", "origin": [6.74119, 5.79595, 8.65733]}
		},
		{
			"faces": {
				"north": {"uv": [0, 0, 1, 2], "texture": "#0"},
				"east": {"uv": [0, 0, 1.1, 2], "texture": "#0"},
				"south": {"uv": [0, 0, 1, 2], "texture": "#0"},
				"west": {"uv": [0, 0, 1.1, 2], "texture": "#0"},
				"up": {"uv": [0, 0, 1, 1.1], "texture": "#0"},
				"down": {"uv": [0, 0, 1, 1.1], "texture": "#0"}
			},
			"to": [6.61639, 6.17995, 10.70533],
			"from": [6.23239, 5.41195, 10.28293],
			"rotation": {"angle": 0, "axis": "y", "origin": [7.36519, 5.79595, 8.88133]}
		},
		{
			"faces": {
				"north": {"uv": [0, 0, 1, 2], "texture": "#0"},
				"east": {"uv": [0, 0, 1.1, 2], "texture": "#0"},
				"south": {"uv": [0, 0, 1, 2], "texture": "#0"},
				"west": {"uv": [0, 0, 1.1, 2], "texture": "#0"},
				"up": {"uv": [0, 0, 1, 1.1], "texture": "#0"},
				"down": {"uv": [0, 0, 1, 1.1], "texture": "#0"}
			},
			"to": [8.31239, 6.17995, 10.70533],
			"from": [7.92839, 5.41195, 10.28293],
			"rotation": {"angle": 0, "axis": "y", "origin": [8.05319, 5.79595, 8.88133]}
		},
		{
			"faces": {
				"north": {"uv": [0, 0, 1, 2], "texture": "#0"},
				"east": {"uv": [0, 0, 1.1, 2], "texture": "#0"},
				"south": {"uv": [0, 0, 1, 2], "texture": "#0"},
				"west": {"uv": [0, 0, 1.1, 2], "texture": "#0"},
				"up": {"uv": [0, 0, 1, 1.1], "texture": "#0"},
				"down": {"uv": [0, 0, 1, 1.1], "texture": "#0"}
			},
			"to": [9.85479, 6.17995, 10.70533],
			"from": [9.47079, 5.41195, 10.28293],
			"rotation": {"angle": 0, "axis": "y", "origin": [8.64519, 5.79595, 8.88133]}
		},
		{
			"faces": {
				"north": {"uv": [0, 0, 1, 2], "texture": "#0"},
				"east": {"uv": [0, 0, 1.1, 2], "texture": "#0"},
				"south": {"uv": [0, 0, 1, 2], "texture": "#0"},
				"west": {"uv": [0, 0, 1.1, 2], "texture": "#0"},
				"up": {"uv": [0, 0, 1, 1.1], "texture": "#0"},
				"down": {"uv": [0, 0, 1, 1.1], "texture": "#0"}
			},
			"to": [10.77614, 6.17995, 10.74478],
			"from": [10.39214, 5.41195, 10.32238],
			"rotation": {"angle": 22.5, "axis": "y", "origin": [9.30119, 5.79595, 8.62533]}
		},
		{
			"faces": {
				"north": {"uv": [0, 0, 1, 2], "texture": "#0"},
				"east": {"uv": [0, 0, 1.1, 2], "texture": "#0"},
				"south": {"uv": [0, 0, 1, 2], "texture": "#0"},
				"west": {"uv": [0, 0, 1.1, 2], "texture": "#0"},
				"up": {"uv": [0, 0, 1, 1.1], "texture": "#0"},
				"down": {"uv": [0, 0, 1, 1.1], "texture": "#0"}
			},
			"to": [11.63003, 6.17995, 11.16358],
			"from": [11.24603, 5.41195, 10.74118],
			"rotation": {"angle": 45, "axis": "y", "origin": [9.95719, 5.79595, 8.30533]}
		},
		{
			"faces": {
				"north": {"uv": [0, 0, 1.1, 2], "texture": "#0"},
				"east": {"uv": [0, 0, 1, 2], "texture": "#0"},
				"south": {"uv": [0, 0, 1.1, 2], "texture": "#0"},
				"west": {"uv": [0, 0, 1, 2], "texture": "#0"},
				"up": {"uv": [0, 0, 1, 1.1], "rotation": 270, "texture": "#0"},
				"down": {"uv": [0, 0, 1, 1.1], "rotation": 90, "texture": "#0"}
			},
			"to": [13.51925, 6.17995, 6.04355],
			"from": [13.09685, 5.41195, 5.65955],
			"rotation": {"angle": -22.5, "axis": "y", "origin": [10.27719, 5.79595, 7.53733]}
		}
	],
	"display": {
		"head": {
			"translation": [0, 5.6, 0],
			"scale": [4, 4, 4],
			"rotation": [0, 0, 0]
		}
	}
}