{
	"__credit": "Generated using Animated Java (https://animated-java.dev/)",
	"textures": {
		"0": "shield_repo:iron"
	},
	"elements": [
		{
			"faces": {
				"north": {"uv": [4, 6, 9, 8], "texture": "#0"},
				"east": {"uv": [4, 6, 9, 8], "texture": "#0"},
				"south": {"uv": [4, 6, 9, 8], "texture": "#0"},
				"west": {"uv": [4, 6, 9, 8], "texture": "#0"},
				"up": {"uv": [4, 6, 9, 8], "texture": "#0"},
				"down": {"uv": [4, 6, 9, 8], "texture": "#0"}
			},
			"to": [10.33195, 4.63069, 10.9652],
			"from": [5.64715, 3.06909, 9.4036],
			"rotation": {"angle": 0, "axis": "y", "origin": [7.97762, 4.91048, 6.8517]}
		},
		{
			"faces": {
				"north": {"uv": [4, 6, 9, 8], "texture": "#0"},
				"east": {"uv": [4, 6, 9, 8], "texture": "#0"},
				"south": {"uv": [4, 6, 9, 8], "texture": "#0"},
				"west": {"uv": [4, 6, 9, 8], "texture": "#0"},
				"up": {"uv": [4, 6, 9, 8], "texture": "#0"},
				"down": {"uv": [4, 6, 9, 8], "texture": "#0"}
			},
			"to": [7.39405, 4.63069, 11.51677],
			"from": [2.70925, 3.06909, 9.95517],
			"rotation": {"angle": -22.5, "axis": "y", "origin": [7.97762, 4.91048, 6.8517]}
		},
		{
			"faces": {
				"north": {"uv": [4, 6, 9, 8], "texture": "#0"},
				"east": {"uv": [4, 6, 9, 8], "texture": "#0"},
				"south": {"uv": [4, 6, 9, 8], "texture": "#0"},
				"west": {"uv": [4, 6, 9, 8], "texture": "#0"},
				"up": {"uv": [4, 6, 9, 8], "texture": "#0"},
				"down": {"uv": [4, 6, 9, 8], "texture": "#0"}
			},
			"to": [13.23438, 4.63069, 11.55044],
			"from": [8.54958, 3.06909, 9.98884],
			"rotation": {"angle": 22.5, "axis": "y", "origin": [7.97762, 4.91048, 6.8517]}
		},
		{
			"faces": {
				"north": {"uv": [4, 6, 9, 8], "texture": "#0"},
				"east": {"uv": [4, 6, 9, 8], "texture": "#0"},
				"south": {"uv": [4, 6, 9, 8], "texture": "#0"},
				"west": {"uv": [4, 6, 9, 8], "texture": "#0"},
				"up": {"uv": [4, 6, 9, 8], "texture": "#0"},
				"down": {"uv": [4, 6, 9, 8], "texture": "#0"}
			},
			"to": [2.4839, 4.63069, 6.40867],
			"from": [0.9223, 3.06909, 2.44611],
			"rotation": {"angle": 22.5, "axis": "y", "origin": [7.97762, 4.91048, 6.8517]}
		},
		{
			"faces": {
				"north": {"uv": [4, 6, 9, 8], "texture": "#0"},
				"east": {"uv": [4, 6, 9, 8], "texture": "#0"},
				"south": {"uv": [4, 6, 9, 8], "texture": "#0"},
				"west": {"uv": [4, 6, 9, 8], "texture": "#0"},
				"up": {"uv": [4, 6, 9, 8], "texture": "#0"},
				"down": {"uv": [4, 6, 9, 8], "texture": "#0"}
			},
			"to": [15.02214, 4.63069, 6.44125],
			"from": [13.46054, 3.06909, 2.47869],
			"rotation": {"angle": -22.5, "axis": "y", "origin": [7.97762, 4.91048, 6.8517]}
		},
		{
			"faces": {
				"north": {"uv": [4, 6, 9, 8], "texture": "#0"},
				"east": {"uv": [4, 6, 9, 8], "texture": "#0"},
				"south": {"uv": [4, 6, 9, 8], "texture": "#0"},
				"west": {"uv": [4, 6, 9, 8], "texture": "#0"},
				"up": {"uv": [4, 6, 9, 8], "texture": "#0"},
				"down": {"uv": [4, 6, 9, 8], "texture": "#0"}
			},
			"to": [1.35058, 4.63069, 5.50028],
			"from": [-0.21102, 3.06909, 1.53772],
			"rotation": {"angle": 0, "axis": "y", "origin": [7.97762, 4.91048, 6.8517]}
		},
		{
			"faces": {
				"north": {"uv": [5, 6, 7, 8], "texture": "#0"},
				"east": {"uv": [4, 6, 9, 8], "texture": "#0"},
				"south": {"uv": [4, 6, 9, 8], "texture": "#0"},
				"west": {"uv": [4, 6, 9, 8], "texture": "#0"},
				"up": {"uv": [4, 6, 9, 8], "texture": "#0"},
				"down": {"uv": [4, 6, 9, 8], "texture": "#0"}
			},
			"to": [16.16626, 4.63069, 5.50028],
			"from": [14.60466, 3.06909, 1.53772],
			"rotation": {"angle": 0, "axis": "y", "origin": [7.97762, 4.91048, 6.8517]}
		},
		{
			"faces": {
				"north": {"uv": [9, 8, 10, 10], "texture": "#0"},
				"east": {"uv": [9, 8, 10, 10], "texture": "#0"},
				"south": {"uv": [9, 8, 10, 10], "texture": "#0"},
				"west": {"uv": [9, 8, 10, 10], "texture": "#0"},
				"up": {"uv": [9, 8, 10, 10], "texture": "#0"},
				"down": {"uv": [9, 8, 10, 10], "texture": "#0"}
			},
			"to": [14.87128, 6.43954, 3.56814],
			"from": [14.72195, 5.50258, 3.20214],
			"rotation": {"angle": -22.5, "axis": "y", "origin": [7.97762, 4.91048, 6.8517]}
		},
		{
			"faces": {
				"north": {"uv": [9, 8, 10, 10], "texture": "#0"},
				"east": {"uv": [9, 8, 10, 10], "texture": "#0"},
				"south": {"uv": [9, 8, 10, 10], "texture": "#0"},
				"west": {"uv": [9, 8, 10, 10], "texture": "#0"},
				"up": {"uv": [9, 8, 10, 10], "texture": "#0"},
				"down": {"uv": [9, 8, 10, 10], "texture": "#0"}
			},
			"to": [15.98543, 6.43954, 3.68229],
			"from": [15.88295, 5.50258, 3.31336],
			"rotation": {"angle": 0, "axis": "y", "origin": [7.97762, 4.91048, 6.8517]}
		},
		{
			"faces": {
				"north": {"uv": [6, 5, 7.1, 7], "texture": "#0"},
				"east": {"uv": [6, 5, 7.1, 7], "texture": "#0"},
				"south": {"uv": [6, 5, 7.1, 7], "texture": "#0"},
				"west": {"uv": [6, 5, 7.1, 7], "texture": "#0"},
				"up": {"uv": [6, 5, 7.1, 7], "texture": "#0"},
				"down": {"uv": [6, 5, 7.1, 7], "texture": "#0"}
			},
			"to": [8.51659, 5.54162, 11.12868],
			"from": [7.73579, 3.98002, 10.7822],
			"rotation": {"angle": 0, "axis": "y", "origin": [7.97762, 4.91048, 6.8517]}
		},
		{
			"faces": {
				"north": {"uv": [6, 5, 7.1, 7], "texture": "#0"},
				"east": {"uv": [6, 5, 7.1, 7], "texture": "#0"},
				"south": {"uv": [6, 5, 7.1, 7], "texture": "#0"},
				"west": {"uv": [6, 5, 7.1, 7], "texture": "#0"},
				"up": {"uv": [6, 5, 7.1, 7], "texture": "#0"},
				"down": {"uv": [6, 5, 7.1, 7], "texture": "#0"}
			},
			"to": [10.44907, 5.54162, 11.00668],
			"from": [9.66827, 3.98002, 10.6602],
			"rotation": {"angle": 0, "axis": "y", "origin": [7.97762, 4.91048, 6.8517]}
		},
		{
			"faces": {
				"north": {"uv": [6, 5, 7.1, 7], "texture": "#0"},
				"east": {"uv": [6, 5, 7.1, 7], "texture": "#0"},
				"south": {"uv": [6, 5, 7.1, 7], "texture": "#0"},
				"west": {"uv": [6, 5, 7.1, 7], "texture": "#0"},
				"up": {"uv": [6, 5, 7.1, 7], "texture": "#0"},
				"down": {"uv": [6, 5, 7.1, 7], "texture": "#0"}
			},
			"to": [16.20015, 5.54162, 3.85016],
			"from": [15.78535, 3.98002, 3.13768],
			"rotation": {"angle": 0, "axis": "y", "origin": [7.97762, 4.91048, 6.8517]}
		},
		{
			"faces": {
				"north": {"uv": [6, 5, 7.1, 7], "texture": "#0"},
				"east": {"uv": [6, 5, 7.1, 7], "texture": "#0"},
				"south": {"uv": [6, 5, 7.1, 7], "texture": "#0"},
				"west": {"uv": [6, 5, 7.1, 7], "texture": "#0"},
				"up": {"uv": [6, 5, 7.1, 7], "texture": "#0"},
				"down": {"uv": [6, 5, 7.1, 7], "texture": "#0"}
			},
			"to": [0.13275, 5.54162, 3.85016],
			"from": [-0.28205, 3.98002, 3.13768],
			"rotation": {"angle": 0, "axis": "y", "origin": [7.97762, 4.91048, 6.8517]}
		},
		{
			"faces": {
				"north": {"uv": [6, 5, 7.1, 7], "texture": "#0"},
				"east": {"uv": [6, 5, 7.1, 7], "texture": "#0"},
				"south": {"uv": [6, 5, 7.1, 7], "texture": "#0"},
				"west": {"uv": [6, 5, 7.1, 7], "texture": "#0"},
				"up": {"uv": [6, 5, 7.1, 7], "texture": "#0"},
				"down": {"uv": [6, 5, 7.1, 7], "texture": "#0"}
			},
			"to": [10.9897, 5.54162, 11.6124],
			"from": [10.2089, 3.98002, 11.26592],
			"rotation": {"angle": 22.5, "axis": "y", "origin": [7.97762, 4.91048, 6.8517]}
		},
		{
			"faces": {
				"north": {"uv": [6, 5, 7.1, 7], "texture": "#0"},
				"east": {"uv": [6, 5, 7.1, 7], "texture": "#0"},
				"south": {"uv": [6, 5, 7.1, 7], "texture": "#0"},
				"west": {"uv": [6, 5, 7.1, 7], "texture": "#0"},
				"up": {"uv": [6, 5, 7.1, 7], "texture": "#0"},
				"down": {"uv": [6, 5, 7.1, 7], "texture": "#0"}
			},
			"to": [11.39119, 5.54162, 13.18062],
			"from": [10.61039, 3.98002, 12.83414],
			"rotation": {"angle": 45, "axis": "y", "origin": [7.97762, 4.91048, 6.8517]}
		},
		{
			"faces": {
				"north": {"uv": [6, 5, 7.1, 7], "texture": "#0"},
				"east": {"uv": [6, 5, 7.1, 7], "texture": "#0"},
				"south": {"uv": [6, 5, 7.1, 7], "texture": "#0"},
				"west": {"uv": [6, 5, 7.1, 7], "texture": "#0"},
				"up": {"uv": [6, 5, 7.1, 7], "texture": "#0"},
				"down": {"uv": [6, 5, 7.1, 7], "texture": "#0"}
			},
			"to": [15.06683, 5.54162, 3.65855],
			"from": [14.57395, 3.98002, 3.02415],
			"rotation": {"angle": -22.5, "axis": "y", "origin": [7.97762, 4.91048, 6.8517]}
		},
		{
			"faces": {
				"north": {"uv": [6, 5, 7.1, 7], "texture": "#0"},
				"east": {"uv": [6, 5, 7.1, 7], "texture": "#0"},
				"south": {"uv": [6, 5, 7.1, 7], "texture": "#0"},
				"west": {"uv": [6, 5, 7.1, 7], "texture": "#0"},
				"up": {"uv": [6, 5, 7.1, 7], "texture": "#0"},
				"down": {"uv": [6, 5, 7.1, 7], "texture": "#0"}
			},
			"to": [6.46699, 5.54162, 11.06768],
			"from": [5.68619, 3.98002, 10.7212],
			"rotation": {"angle": 0, "axis": "y", "origin": [7.97762, 4.91048, 6.8517]}
		},
		{
			"faces": {
				"north": {"uv": [6, 5, 7.1, 7], "texture": "#0"},
				"east": {"uv": [6, 5, 7.1, 7], "texture": "#0"},
				"south": {"uv": [6, 5, 7.1, 7], "texture": "#0"},
				"west": {"uv": [6, 5, 7.1, 7], "texture": "#0"},
				"up": {"uv": [6, 5, 7.1, 7], "texture": "#0"},
				"down": {"uv": [6, 5, 7.1, 7], "texture": "#0"}
			},
			"to": [5.83457, 5.54162, 11.62403],
			"from": [5.05377, 3.98002, 11.27755],
			"rotation": {"angle": -22.5, "axis": "y", "origin": [7.97762, 4.91048, 6.8517]}
		},
		{
			"faces": {
				"north": {"uv": [6, 5, 7.1, 7], "texture": "#0"},
				"east": {"uv": [6, 5, 7.1, 7], "texture": "#0"},
				"south": {"uv": [6, 5, 7.1, 7], "texture": "#0"},
				"west": {"uv": [6, 5, 7.1, 7], "texture": "#0"},
				"up": {"uv": [6, 5, 7.1, 7], "texture": "#0"},
				"down": {"uv": [6, 5, 7.1, 7], "texture": "#0"}
			},
			"to": [5.36525, 5.54162, 13.22054],
			"from": [4.58445, 3.98002, 12.87406],
			"rotation": {"angle": -45, "axis": "y", "origin": [7.97762, 4.91048, 6.8517]}
		},
		{
			"faces": {
				"north": {"uv": [6, 5, 7.1, 7], "texture": "#0"},
				"east": {"uv": [6, 5, 7.1, 7], "texture": "#0"},
				"south": {"uv": [6, 5, 7.1, 7], "texture": "#0"},
				"west": {"uv": [6, 5, 7.1, 7], "texture": "#0"},
				"up": {"uv": [6, 5, 7.1, 7], "texture": "#0"},
				"down": {"uv": [6, 5, 7.1, 7], "texture": "#0"}
			},
			"to": [1.1694, 5.54162, 3.89839],
			"from": [0.67652, 3.98002, 3.26399],
			"rotation": {"angle": 22.5, "axis": "y", "origin": [7.97762, 4.91048, 6.8517]}
		},
		{
			"faces": {
				"north": {"uv": [9, 8, 10, 10], "texture": "#0"},
				"east": {"uv": [9, 8, 10, 10], "texture": "#0"},
				"south": {"uv": [9, 8, 10, 10], "texture": "#0"},
				"west": {"uv": [9, 8, 10, 10], "texture": "#0"},
				"up": {"uv": [9, 8, 10, 10], "texture": "#0"},
				"down": {"uv": [9, 8, 10, 10], "texture": "#0"}
			},
			"to": [-0.03805, 6.43954, 3.64813],
			"from": [-0.16493, 5.50258, 3.3524],
			"rotation": {"angle": 0, "axis": "y", "origin": [7.97762, 4.91048, 6.8517]}
		},
		{
			"faces": {
				"north": {"uv": [9, 8, 10, 10], "texture": "#0"},
				"east": {"uv": [9, 8, 10, 10], "texture": "#0"},
				"south": {"uv": [9, 8, 10, 10], "texture": "#0"},
				"west": {"uv": [9, 8, 10, 10], "texture": "#0"},
				"up": {"uv": [9, 8, 10, 10], "texture": "#0"},
				"down": {"uv": [9, 8, 10, 10], "texture": "#0"}
			},
			"to": [1.00739, 6.43954, 3.79092],
			"from": [0.85806, 5.50258, 3.42492],
			"rotation": {"angle": 22.5, "axis": "y", "origin": [7.97762, 4.91048, 6.8517]}
		},
		{
			"faces": {
				"north": {"uv": [9, 8, 10, 10], "texture": "#0"},
				"east": {"uv": [9, 8, 10, 10], "texture": "#0"},
				"south": {"uv": [9, 8, 10, 10], "texture": "#0"},
				"west": {"uv": [9, 8, 10, 10], "texture": "#0"},
				"up": {"uv": [9, 8, 10, 10], "texture": "#0"},
				"down": {"uv": [9, 8, 10, 10], "texture": "#0"}
			},
			"to": [5.22506, 6.43954, 13.06859],
			"from": [4.75658, 5.50258, 13.06566],
			"rotation": {"angle": -45, "axis": "y", "origin": [7.97762, 4.91048, 6.8517]}
		},
		{
			"faces": {
				"north": {"uv": [9, 8, 10, 10], "texture": "#0"},
				"east": {"uv": [9, 8, 10, 10], "texture": "#0"},
				"south": {"uv": [9, 8, 10, 10], "texture": "#0"},
				"west": {"uv": [9, 8, 10, 10], "texture": "#0"},
				"up": {"uv": [9, 8, 10, 10], "texture": "#0"},
				"down": {"uv": [9, 8, 10, 10], "texture": "#0"}
			},
			"to": [5.67408, 6.43954, 11.44123],
			"from": [5.2056, 5.50258, 11.43831],
			"rotation": {"angle": -22.5, "axis": "y", "origin": [7.97762, 4.91048, 6.8517]}
		},
		{
			"faces": {
				"north": {"uv": [9, 8, 10, 10], "texture": "#0"},
				"east": {"uv": [9, 8, 10, 10], "texture": "#0"},
				"south": {"uv": [9, 8, 10, 10], "texture": "#0"},
				"west": {"uv": [9, 8, 10, 10], "texture": "#0"},
				"up": {"uv": [9, 8, 10, 10], "texture": "#0"},
				"down": {"uv": [9, 8, 10, 10], "texture": "#0"}
			},
			"to": [6.29521, 6.43954, 10.91152],
			"from": [5.82673, 5.50258, 10.90859],
			"rotation": {"angle": 0, "axis": "y", "origin": [7.97762, 4.91048, 6.8517]}
		},
		{
			"faces": {
				"north": {"uv": [9, 8, 10, 10], "texture": "#0"},
				"east": {"uv": [9, 8, 10, 10], "texture": "#0"},
				"south": {"uv": [9, 8, 10, 10], "texture": "#0"},
				"west": {"uv": [9, 8, 10, 10], "texture": "#0"},
				"up": {"uv": [9, 8, 10, 10], "texture": "#0"},
				"down": {"uv": [9, 8, 10, 10], "texture": "#0"}
			},
			"to": [8.36433, 6.43954, 10.97252],
			"from": [7.89585, 5.50258, 10.96959],
			"rotation": {"angle": 0, "axis": "y", "origin": [7.97762, 4.91048, 6.8517]}
		},
		{
			"faces": {
				"north": {"uv": [9, 8, 10, 10], "texture": "#0"},
				"east": {"uv": [9, 8, 10, 10], "texture": "#0"},
				"south": {"uv": [9, 8, 10, 10], "texture": "#0"},
				"west": {"uv": [9, 8, 10, 10], "texture": "#0"},
				"up": {"uv": [9, 8, 10, 10], "texture": "#0"},
				"down": {"uv": [9, 8, 10, 10], "texture": "#0"}
			},
			"to": [10.24606, 6.43954, 10.85052],
			"from": [9.77758, 5.50258, 10.84759],
			"rotation": {"angle": 0, "axis": "y", "origin": [7.97762, 4.91048, 6.8517]}
		},
		{
			"faces": {
				"north": {"uv": [9, 8, 10, 10], "texture": "#0"},
				"east": {"uv": [9, 8, 10, 10], "texture": "#0"},
				"south": {"uv": [9, 8, 10, 10], "texture": "#0"},
				"west": {"uv": [9, 8, 10, 10], "texture": "#0"},
				"up": {"uv": [9, 8, 10, 10], "texture": "#0"},
				"down": {"uv": [9, 8, 10, 10], "texture": "#0"}
			},
			"to": [10.8624, 6.43954, 11.43142],
			"from": [10.39392, 5.50258, 11.42849],
			"rotation": {"angle": 22.5, "axis": "y", "origin": [7.97762, 4.91048, 6.8517]}
		},
		{
			"faces": {
				"north": {"uv": [9, 8, 10, 10], "texture": "#0"},
				"east": {"uv": [9, 8, 10, 10], "texture": "#0"},
				"south": {"uv": [9, 8, 10, 10], "texture": "#0"},
				"west": {"uv": [9, 8, 10, 10], "texture": "#0"},
				"up": {"uv": [9, 8, 10, 10], "texture": "#0"},
				"down": {"uv": [9, 8, 10, 10], "texture": "#0"}
			},
			"to": [11.27286, 6.43954, 12.98153],
			"from": [10.80438, 5.50258, 12.9786],
			"rotation": {"angle": 45, "axis": "y", "origin": [7.97762, 4.91048, 6.8517]}
		}
	],
	"display": {
		"head": {
			"translation": [0, 5.6, 0],
			"scale": [4, 4, 4],
			"rotation": [0, 0, 0]
		}
	}
}