{
    "__comment": "Made with TheDestruc7i0n's advancements generator: https://advancements.thedestruc7i0n.ca",
    "display": {
        "title": {
            "text": "Soul Eater Shield",
            "color": "white",
            "italic": true
        },
        "description": {
            "text": "<abilities locked> equip bonus: spirit resistance (medium): spiritual attack resistance (medium), SP up. skill \"Second Shield\" special equip effect: soul eat, SP recovery (weak)"
        },
        "icon": {
            "item": "minecraft:shield",
            "nbt": "{CustomModelData:369010}"
        },
        "frame": "challenge",
        "show_toast": true,
        "announce_to_chat": false,
        "hidden": false
    },
    "criteria": {
        "skillone": {
            "trigger": "minecraft:impossible"
        }
    },
    "parent": "amr-shield:shields/viper"
}
