{
    "__comment": "Made with TheDestruc7i0n's advancements generator: https://advancements.thedestruc7i0n.ca",
    "display": {
        "title": {
            "text": "Chimera Viper Shield",
            "color": "dark_green",
            "italic": true
        },
        "description": {
            "text": "<abilities locked> equip bonus: antidote compounding up, poison resistance (medium). skill: \"Change Shield\" special equip effect: snake venom fang (medium), hook"
        },
        "icon": {
            "item": "minecraft:shield",
            "nbt": "{CustomModelData:369008}"
        },
        "frame": "challenge",
        "show_toast": true,
        "announce_to_chat": false,
        "hidden": false
    },
    "criteria": {
        "skillone": {
            "trigger": "minecraft:impossible"
        }
    },
    "parent": "amr-shield:root"
}
