{
	"format_version": "1.8.0",
	"animations": {
		"iron.maiden.animation": {
			"animation_length": 1.79167,
			"bones": {
				"bone": {
					"rotation": [0, 0, 0],
					"position": {
						"1.35": [0, 0, 0],
						"1.4": [1.25, 0, 0],
						"1.45": [-1, 0, 0],
						"1.5": [1, 0, 0],
						"1.55": [-0.75, 0, 0],
						"1.6": [0.75, 0, 0],
						"1.65": [0.5, 0, 0],
						"1.7": [-0.25, 0, 0],
						"1.75": [0.25, 0, 0],
						"1.8": [0, 0, 0]
					}
				},
				"Door1": {
					"rotation": {
						"0.0": [0, 0, 0],
						"0.05": [0, -1, 0],
						"0.1": [0, -3, 0],
						"0.15": [0, -13, 0],
						"0.6": [0, -107, 0],
						"0.65": [0, -113, 0],
						"0.7": [0, -119, 0],
						"0.75": [0, -120, 0],
						"1.05": [0, -120, 0],
						"1.1": [0, -119, 0],
						"1.15": [0, -113, 0],
						"1.2": [0, -107, 0],
						"1.25": [0, -95, 0],
						"1.3": [0, -73, 0],
						"1.35": [0, 0, 0]
					},
					"position": {
						"0.0": [0, 0, 0],
						"1.0": [0, 0, 0]
					}
				},
				"Door2": {
					"rotation": {
						"0.0": [0, 0, 0],
						"0.05": [0, -1, 0],
						"0.1": [0, -3, 0],
						"0.15": [0, -13, 0],
						"0.6": [0, -107, 0],
						"0.65": [0, -113, 0],
						"0.7": [0, -119, 0],
						"0.75": [0, -120, 0],
						"1.05": [0, -120, 0],
						"1.1": [0, -119, 0],
						"1.15": [0, -113, 0],
						"1.2": [0, -107, 0],
						"1.25": [0, -95, 0],
						"1.3": [0, -73, 0],
						"1.35": [0, 0, 0]
					},
					"position": {
						"0.0": [0, 0, 0],
						"1.0": [0, 0, 0]
					}
				}
			}
		}
	}
}