{
	"credit": "Made with Blockbench",
	"textures": {
		"0": "block/glowstone",
		"1": "block/gold_block",
		"2": "block/white_concrete",
		"3": "block/andesite",
		"5": "block/black_concrete",
		"particle": "block/glowstone"
	},
	"elements": [
		{
			"from": [6.25, 9.75, 4],
			"to": [10, 13.75, 5],
			"rotation": {"angle": 0, "axis": "y", "origin": [15.25, 16.75, 12]},
			"faces": {
				"north": {"uv": [11, 9, 12, 13], "texture": "#1"},
				"east": {"uv": [11, 9, 12, 13], "texture": "#1"},
				"south": {"uv": [11, 9, 12, 13], "texture": "#1"},
				"west": {"uv": [11, 9, 12, 13], "texture": "#1"},
				"up": {"uv": [11, 9, 12, 13], "texture": "#1"},
				"down": {"uv": [11, 9, 12, 13], "texture": "#1"}
			}
		},
		{
			"name": "jewel",
			"from": [7, 10.5, 3.75],
			"to": [9.25, 13, 5.25],
			"rotation": {"angle": 0, "axis": "y", "origin": [15.25, 16.5, 12]},
			"faces": {
				"north": {"uv": [3, 4, 5.25, 6.5], "texture": "#0"},
				"east": {"uv": [3, 4, 5.25, 6.5], "texture": "#0"},
				"south": {"uv": [3, 4, 5.25, 6.5], "texture": "#0"},
				"west": {"uv": [3, 4, 5.25, 6.5], "texture": "#0"},
				"up": {"uv": [3, 4, 5.25, 6.5], "texture": "#0"},
				"down": {"uv": [3, 4, 5.25, 6.5], "texture": "#0"}
			}
		},
		{
			"name": "jewel",
			"from": [7.75, 11.25, 1.75],
			"to": [8.5, 12, 21.25],
			"rotation": {"angle": 0, "axis": "y", "origin": [15.25, 16.5, 12]},
			"faces": {
				"north": {"uv": [3, 4, 5.25, 6.5], "texture": "#0"},
				"east": {"uv": [3, 4, 5.25, 6.5], "texture": "#0"},
				"south": {"uv": [3, 4, 5.25, 6.5], "texture": "#0"},
				"west": {"uv": [3, 4, 5.25, 6.5], "texture": "#0"},
				"up": {"uv": [3, 4, 5.25, 6.5], "texture": "#0"},
				"down": {"uv": [3, 4, 5.25, 6.5], "texture": "#0"}
			}
		},
		{
			"name": "top",
			"from": [7.25, 13.75, 4.25],
			"to": [9, 18.25, 5.25],
			"rotation": {"angle": 0, "axis": "y", "origin": [15.25, 19.75, 12.25]},
			"faces": {
				"north": {"uv": [0, 0, 1.75, 4.5], "texture": "#1"},
				"east": {"uv": [0, 0, 1, 4.5], "texture": "#1"},
				"south": {"uv": [0, 0, 1.75, 4.5], "texture": "#1"},
				"west": {"uv": [0, 0, 1, 4.5], "texture": "#1"},
				"up": {"uv": [0, 0, 1.75, 1], "texture": "#1"},
				"down": {"uv": [0, 0, 1.75, 1], "texture": "#1"}
			}
		},
		{
			"name": "top",
			"from": [7.25, 17.25, 6.5],
			"to": [9, 18.75, 7.5],
			"rotation": {"angle": 0, "axis": "y", "origin": [15.25, 20.25, 14.5]},
			"faces": {
				"north": {"uv": [0, 0, 1.75, 1.5], "texture": "#2"},
				"east": {"uv": [0, 0, 1, 1.5], "texture": "#2"},
				"south": {"uv": [0, 0, 1.75, 1.5], "texture": "#2"},
				"west": {"uv": [0, 0, 1, 1.5], "texture": "#2"},
				"up": {"uv": [0, 0, 1.75, 1], "texture": "#2"},
				"down": {"uv": [0, 0, 1.75, 1], "texture": "#2"}
			}
		},
		{
			"name": "top",
			"from": [7.25, 4.5, 6.5],
			"to": [9, 6, 7.5],
			"rotation": {"angle": 0, "axis": "y", "origin": [15.25, 7.5, 14.5]},
			"faces": {
				"north": {"uv": [0, 0, 1.75, 1.5], "texture": "#2"},
				"east": {"uv": [0, 0, 1, 1.5], "texture": "#2"},
				"south": {"uv": [0, 0, 1.75, 1.5], "texture": "#2"},
				"west": {"uv": [0, 0, 1, 1.5], "texture": "#2"},
				"up": {"uv": [0, 0, 1.75, 1], "texture": "#2"},
				"down": {"uv": [0, 0, 1.75, 1], "texture": "#2"}
			}
		},
		{
			"name": "top",
			"from": [7.25, 17, 7.5],
			"to": [9, 18, 8.25],
			"rotation": {"angle": 0, "axis": "y", "origin": [15.25, 19.5, 15.5]},
			"faces": {
				"north": {"uv": [0, 0, 1.75, 1], "texture": "#2"},
				"east": {"uv": [0, 0, 0.75, 1], "texture": "#2"},
				"south": {"uv": [0, 0, 1.75, 1], "texture": "#2"},
				"west": {"uv": [0, 0, 0.75, 1], "texture": "#2"},
				"up": {"uv": [0, 0, 1.75, 0.75], "texture": "#2"},
				"down": {"uv": [0, 0, 1.75, 0.75], "texture": "#2"}
			}
		},
		{
			"name": "top",
			"from": [7.25, 5.5, 7.5],
			"to": [9, 6.5, 8.25],
			"rotation": {"angle": 0, "axis": "y", "origin": [15.25, 8, 15.5]},
			"faces": {
				"north": {"uv": [0, 0, 1.75, 1], "texture": "#2"},
				"east": {"uv": [0, 0, 0.75, 1], "texture": "#2"},
				"south": {"uv": [0, 0, 1.75, 1], "texture": "#2"},
				"west": {"uv": [0, 0, 0.75, 1], "texture": "#2"},
				"up": {"uv": [0, 0, 1.75, 0.75], "texture": "#2"},
				"down": {"uv": [0, 0, 1.75, 0.75], "texture": "#2"}
			}
		},
		{
			"name": "top",
			"from": [7.25, 15.5, 8.25],
			"to": [9, 17, 9.25],
			"rotation": {"angle": 0, "axis": "y", "origin": [15.25, 18.5, 16.25]},
			"faces": {
				"north": {"uv": [0, 0, 1.75, 1.5], "texture": "#2"},
				"east": {"uv": [0, 0, 1, 1.5], "texture": "#2"},
				"south": {"uv": [0, 0, 1.75, 1.5], "texture": "#2"},
				"west": {"uv": [0, 0, 1, 1.5], "texture": "#2"},
				"up": {"uv": [0, 0, 1.75, 1], "texture": "#2"},
				"down": {"uv": [0, 0, 1.75, 1], "texture": "#2"}
			}
		},
		{
			"name": "top",
			"from": [7.25, 6.5, 8.25],
			"to": [9, 8, 9.25],
			"rotation": {"angle": 0, "axis": "y", "origin": [15.25, 9.5, 16.25]},
			"faces": {
				"north": {"uv": [0, 0, 1.75, 1.5], "texture": "#2"},
				"east": {"uv": [0, 0, 1, 1.5], "texture": "#2"},
				"south": {"uv": [0, 0, 1.75, 1.5], "texture": "#2"},
				"west": {"uv": [0, 0, 1, 1.5], "texture": "#2"},
				"up": {"uv": [0, 0, 1.75, 1], "texture": "#2"},
				"down": {"uv": [0, 0, 1.75, 1], "texture": "#2"}
			}
		},
		{
			"name": "top",
			"from": [7.5, 7.75, 9.25],
			"to": [8.75, 15.75, 10.25],
			"rotation": {"angle": 0, "axis": "y", "origin": [15.25, 10.75, 17.25]},
			"faces": {
				"north": {"uv": [0, 0, 1.25, 8], "texture": "#3"},
				"east": {"uv": [0, 0, 1, 8], "texture": "#3"},
				"south": {"uv": [0, 0, 1.25, 8], "texture": "#3"},
				"west": {"uv": [0, 0, 1, 8], "texture": "#3"},
				"up": {"uv": [0, 0, 1.25, 1], "texture": "#3"},
				"down": {"uv": [0, 0, 1.25, 1], "texture": "#3"}
			}
		},
		{
			"name": "bottom",
			"from": [7.25, 5.25, 4.25],
			"to": [9, 9.75, 5.25],
			"rotation": {"angle": 0, "axis": "y", "origin": [15.25, 11.25, 12.25]},
			"faces": {
				"north": {"uv": [0, 0, 1.75, 4.5], "texture": "#1"},
				"east": {"uv": [0, 0, 1, 4.5], "texture": "#1"},
				"south": {"uv": [0, 0, 1.75, 4.5], "texture": "#1"},
				"west": {"uv": [0, 0, 1, 4.5], "texture": "#1"},
				"up": {"uv": [0, 0, 1.75, 1], "texture": "#1"},
				"down": {"uv": [0, 0, 1.75, 1], "texture": "#1"}
			}
		},
		{
			"name": "large",
			"from": [6.75, 14, 8],
			"to": [9.5, 17, 10.5],
			"rotation": {"angle": 22.5, "axis": "x", "origin": [13.25, 26.75, 17]},
			"faces": {
				"north": {"uv": [0, 0, 2.75, 3], "texture": "#2"},
				"east": {"uv": [0, 0, 2.5, 3], "texture": "#2"},
				"south": {"uv": [0, 0, 2.75, 3], "texture": "#2"},
				"west": {"uv": [0, 0, 2.5, 3], "texture": "#2"},
				"up": {"uv": [0, 0, 2.75, 2.5], "texture": "#2"},
				"down": {"uv": [0, 0, 2.75, 2.5], "texture": "#2"}
			}
		},
		{
			"name": "large",
			"from": [6.75, 17, 8.75],
			"to": [9.5, 20, 10.75],
			"rotation": {"angle": 22.5, "axis": "x", "origin": [13.25, 26.75, 17]},
			"faces": {
				"north": {"uv": [0, 0, 2.75, 3], "texture": "#2"},
				"east": {"uv": [0, 0, 2, 3], "texture": "#2"},
				"south": {"uv": [0, 0, 2.75, 3], "texture": "#2"},
				"west": {"uv": [0, 0, 2, 3], "texture": "#2"},
				"up": {"uv": [0, 0, 2.75, 2], "texture": "#2"},
				"down": {"uv": [0, 0, 2.75, 2], "texture": "#2"}
			}
		},
		{
			"name": "large",
			"from": [7.5, 20, 10],
			"to": [8.75, 22.75, 11.25],
			"rotation": {"angle": 22.5, "axis": "x", "origin": [13.25, 26.75, 17]},
			"faces": {
				"north": {"uv": [0, 0, 1.25, 2.75], "texture": "#2"},
				"east": {"uv": [0, 0, 1.25, 2.75], "texture": "#2"},
				"south": {"uv": [0, 0, 1.25, 2.75], "texture": "#2"},
				"west": {"uv": [0, 0, 1.25, 2.75], "texture": "#2"},
				"up": {"uv": [0, 0, 1.25, 1.25], "texture": "#2"},
				"down": {"uv": [0, 0, 1.25, 1.25], "texture": "#2"}
			}
		},
		{
			"name": "large",
			"from": [7.5, 22.75, 11],
			"to": [8.75, 24.5, 12.25],
			"rotation": {"angle": 22.5, "axis": "x", "origin": [13.25, 26.75, 17]},
			"faces": {
				"north": {"uv": [0, 0, 1.25, 1.75], "texture": "#2"},
				"east": {"uv": [0, 0, 1.25, 1.75], "texture": "#2"},
				"south": {"uv": [0, 0, 1.25, 1.75], "texture": "#2"},
				"west": {"uv": [0, 0, 1.25, 1.75], "texture": "#2"},
				"up": {"uv": [0, 0, 1.25, 1.25], "texture": "#2"},
				"down": {"uv": [0, 0, 1.25, 1.25], "texture": "#2"}
			}
		},
		{
			"name": "large",
			"from": [7.5, 24, 12.25],
			"to": [8.75, 25.25, 14],
			"rotation": {"angle": 22.5, "axis": "x", "origin": [13.25, 26.75, 17]},
			"faces": {
				"north": {"uv": [0, 0, 1.25, 1.25], "texture": "#2"},
				"east": {"uv": [0, 0, 1.75, 1.25], "texture": "#2"},
				"south": {"uv": [0, 0, 1.25, 1.25], "texture": "#2"},
				"west": {"uv": [0, 0, 1.75, 1.25], "texture": "#2"},
				"up": {"uv": [0, 0, 1.25, 1.75], "texture": "#2"},
				"down": {"uv": [0, 0, 1.25, 1.75], "texture": "#2"}
			}
		},
		{
			"name": "large",
			"from": [7.5, 25.5, 15.25],
			"to": [8.75, 27.25, 16.5],
			"rotation": {"angle": 22.5, "axis": "x", "origin": [13.25, 26.75, 17]},
			"faces": {
				"north": {"uv": [0, 0, 1.25, 1.75], "texture": "#1"},
				"east": {"uv": [0, 0, 1.25, 1.75], "texture": "#1"},
				"south": {"uv": [0, 0, 1.25, 1.75], "texture": "#1"},
				"west": {"uv": [0, 0, 1.25, 1.75], "texture": "#1"},
				"up": {"uv": [0, 0, 1.25, 1.25], "texture": "#1"},
				"down": {"uv": [0, 0, 1.25, 1.25], "texture": "#1"}
			}
		},
		{
			"name": "large",
			"from": [7.25, 24.75, 14],
			"to": [9, 26.5, 15.25],
			"rotation": {"angle": 22.5, "axis": "x", "origin": [13.25, 26.75, 17]},
			"faces": {
				"north": {"uv": [0, 0, 1.75, 1.75], "texture": "#1"},
				"east": {"uv": [0, 0, 1.25, 1.75], "texture": "#1"},
				"south": {"uv": [0, 0, 1.75, 1.75], "texture": "#1"},
				"west": {"uv": [0, 0, 1.25, 1.75], "texture": "#1"},
				"up": {"uv": [0, 0, 1.75, 1.25], "texture": "#1"},
				"down": {"uv": [0, 0, 1.75, 1.25], "texture": "#1"}
			}
		},
		{
			"name": "blacklines",
			"from": [6.5, 16.5, 9.75],
			"to": [6.75, 20, 10],
			"rotation": {"angle": 22.5, "axis": "x", "origin": [13.25, 26.75, 17]},
			"faces": {
				"north": {"uv": [0, 0, 0.25, 3.5], "texture": "#5"},
				"east": {"uv": [0, 0, 0.25, 3.5], "texture": "#5"},
				"south": {"uv": [0, 0, 0.25, 3.5], "texture": "#5"},
				"west": {"uv": [0, 0, 0.25, 3.5], "texture": "#5"},
				"up": {"uv": [0, 0, 0.25, 0.25], "texture": "#5"},
				"down": {"uv": [0, 0, 0.25, 0.25], "texture": "#5"}
			}
		},
		{
			"name": "blacklines",
			"from": [6.5, 19.75, 9.75],
			"to": [9.75, 20.25, 10],
			"rotation": {"angle": 22.5, "axis": "x", "origin": [13.25, 26.75, 17]},
			"faces": {
				"north": {"uv": [0, 0, 3.25, 0.5], "texture": "#5"},
				"east": {"uv": [0, 0, 0.25, 0.5], "texture": "#5"},
				"south": {"uv": [0, 0, 3.25, 0.5], "texture": "#5"},
				"west": {"uv": [0, 0, 0.25, 0.5], "texture": "#5"},
				"up": {"uv": [0, 0, 3.25, 0.25], "texture": "#5"},
				"down": {"uv": [0, 0, 3.25, 0.25], "texture": "#5"}
			}
		},
		{
			"name": "blacklines",
			"from": [9.5, 14, 9.5],
			"to": [9.75, 16.75, 9.75],
			"rotation": {"angle": 22.5, "axis": "x", "origin": [13.25, 26.75, 17]},
			"faces": {
				"north": {"uv": [0, 0, 0.25, 2.75], "texture": "#5"},
				"east": {"uv": [0, 0, 0.25, 2.75], "texture": "#5"},
				"south": {"uv": [0, 0, 0.25, 2.75], "texture": "#5"},
				"west": {"uv": [0, 0, 0.25, 2.75], "texture": "#5"},
				"up": {"uv": [0, 0, 0.25, 0.25], "texture": "#5"},
				"down": {"uv": [0, 0, 0.25, 0.25], "texture": "#5"}
			}
		},
		{
			"name": "blacklines",
			"from": [6.5, 14, 9.5],
			"to": [6.75, 16.75, 9.75],
			"rotation": {"angle": 22.5, "axis": "x", "origin": [13.25, 26.75, 17]},
			"faces": {
				"north": {"uv": [0, 0, 0.25, 2.75], "texture": "#5"},
				"east": {"uv": [0, 0, 0.25, 2.75], "texture": "#5"},
				"south": {"uv": [0, 0, 0.25, 2.75], "texture": "#5"},
				"west": {"uv": [0, 0, 0.25, 2.75], "texture": "#5"},
				"up": {"uv": [0, 0, 0.25, 0.25], "texture": "#5"},
				"down": {"uv": [0, 0, 0.25, 0.25], "texture": "#5"}
			}
		},
		{
			"name": "blacklines",
			"from": [9.5, 16.5, 9.75],
			"to": [9.75, 20, 10],
			"rotation": {"angle": 22.5, "axis": "x", "origin": [13.25, 26.75, 17]},
			"faces": {
				"north": {"uv": [0, 0, 0.25, 3.5], "texture": "#5"},
				"east": {"uv": [0, 0, 0.25, 3.5], "texture": "#5"},
				"south": {"uv": [0, 0, 0.25, 3.5], "texture": "#5"},
				"west": {"uv": [0, 0, 0.25, 3.5], "texture": "#5"},
				"up": {"uv": [0, 0, 0.25, 0.25], "texture": "#5"},
				"down": {"uv": [0, 0, 0.25, 0.25], "texture": "#5"}
			}
		},
		{
			"name": "large",
			"from": [6.75, 5, 2.25],
			"to": [9.5, 8, 4.75],
			"rotation": {"angle": -22.5, "axis": "x", "origin": [15.25, 11, 10.25]},
			"faces": {
				"north": {"uv": [0, 0, 2.75, 3], "texture": "#2"},
				"east": {"uv": [0, 0, 2.5, 3], "texture": "#2"},
				"south": {"uv": [0, 0, 2.75, 3], "texture": "#2"},
				"west": {"uv": [0, 0, 2.5, 3], "texture": "#2"},
				"up": {"uv": [0, 0, 2.75, 2.5], "texture": "#2"},
				"down": {"uv": [0, 0, 2.75, 2.5], "texture": "#2"}
			}
		},
		{
			"name": "large",
			"from": [6.75, 2, 3],
			"to": [9.5, 5, 5],
			"rotation": {"angle": -22.5, "axis": "x", "origin": [15.25, 11, 10.25]},
			"faces": {
				"north": {"uv": [0, 0, 2.75, 3], "texture": "#2"},
				"east": {"uv": [0, 0, 2, 3], "texture": "#2"},
				"south": {"uv": [0, 0, 2.75, 3], "texture": "#2"},
				"west": {"uv": [0, 0, 2, 3], "texture": "#2"},
				"up": {"uv": [0, 0, 2.75, 2], "texture": "#2"},
				"down": {"uv": [0, 0, 2.75, 2], "texture": "#2"}
			}
		},
		{
			"name": "large",
			"from": [7.5, -0.5, 4.25],
			"to": [8.75, 2, 5.5],
			"rotation": {"angle": -22.5, "axis": "x", "origin": [15.25, 11, 10.25]},
			"faces": {
				"north": {"uv": [0, 0, 1.25, 2.5], "texture": "#2"},
				"east": {"uv": [0, 0, 1.25, 2.5], "texture": "#2"},
				"south": {"uv": [0, 0, 1.25, 2.5], "texture": "#2"},
				"west": {"uv": [0, 0, 1.25, 2.5], "texture": "#2"},
				"up": {"uv": [0, 0, 1.25, 1.25], "texture": "#2"},
				"down": {"uv": [0, 0, 1.25, 1.25], "texture": "#2"}
			}
		},
		{
			"name": "large",
			"from": [7.25, -4.5, 8.25],
			"to": [9, -2.75, 9.5],
			"rotation": {"angle": -22.5, "axis": "x", "origin": [15.25, 11, 10.25]},
			"faces": {
				"north": {"uv": [0, 0, 1.75, 1.75], "texture": "#1"},
				"east": {"uv": [0, 0, 1.25, 1.75], "texture": "#1"},
				"south": {"uv": [0, 0, 1.75, 1.75], "texture": "#1"},
				"west": {"uv": [0, 0, 1.25, 1.75], "texture": "#1"},
				"up": {"uv": [0, 0, 1.75, 1.25], "texture": "#1"},
				"down": {"uv": [0, 0, 1.75, 1.25], "texture": "#1"}
			}
		},
		{
			"name": "large",
			"from": [7.5, -5.25, 9.5],
			"to": [8.75, -3.5, 10.75],
			"rotation": {"angle": -22.5, "axis": "x", "origin": [15.25, 11, 10.25]},
			"faces": {
				"north": {"uv": [0, 0, 1.25, 1.75], "texture": "#1"},
				"east": {"uv": [0, 0, 1.25, 1.75], "texture": "#1"},
				"south": {"uv": [0, 0, 1.25, 1.75], "texture": "#1"},
				"west": {"uv": [0, 0, 1.25, 1.75], "texture": "#1"},
				"up": {"uv": [0, 0, 1.25, 1.25], "texture": "#1"},
				"down": {"uv": [0, 0, 1.25, 1.25], "texture": "#1"}
			}
		},
		{
			"name": "large",
			"from": [7.5, -3.25, 6.5],
			"to": [8.75, -2, 8.25],
			"rotation": {"angle": -22.5, "axis": "x", "origin": [15.25, 11, 10.25]},
			"faces": {
				"north": {"uv": [0, 0, 1.25, 1.25], "texture": "#2"},
				"east": {"uv": [0, 0, 1.75, 1.25], "texture": "#2"},
				"south": {"uv": [0, 0, 1.25, 1.25], "texture": "#2"},
				"west": {"uv": [0, 0, 1.75, 1.25], "texture": "#2"},
				"up": {"uv": [0, 0, 1.25, 1.75], "texture": "#2"},
				"down": {"uv": [0, 0, 1.25, 1.75], "texture": "#2"}
			}
		},
		{
			"name": "blacklines",
			"from": [6.5, 1.75, 4],
			"to": [9.75, 2.25, 4.25],
			"rotation": {"angle": -22.5, "axis": "x", "origin": [15.25, 11, 10.25]},
			"faces": {
				"north": {"uv": [0, 0, 3.25, 0.5], "texture": "#5"},
				"east": {"uv": [0, 0, 0.25, 0.5], "texture": "#5"},
				"south": {"uv": [0, 0, 3.25, 0.5], "texture": "#5"},
				"west": {"uv": [0, 0, 0.25, 0.5], "texture": "#5"},
				"up": {"uv": [0, 0, 3.25, 0.25], "texture": "#5"},
				"down": {"uv": [0, 0, 3.25, 0.25], "texture": "#5"}
			}
		},
		{
			"name": "blacklines",
			"from": [9.5, 4.75, 3.5],
			"to": [9.75, 8, 3.75],
			"rotation": {"angle": -22.5, "axis": "x", "origin": [15.25, 11, 10.25]},
			"faces": {
				"north": {"uv": [0, 0, 0.25, 3.25], "texture": "#5"},
				"east": {"uv": [0, 0, 0.25, 3.25], "texture": "#5"},
				"south": {"uv": [0, 0, 0.25, 3.25], "texture": "#5"},
				"west": {"uv": [0, 0, 0.25, 3.25], "texture": "#5"},
				"up": {"uv": [0, 0, 0.25, 0.25], "texture": "#5"},
				"down": {"uv": [0, 0, 0.25, 0.25], "texture": "#5"}
			}
		},
		{
			"name": "blacklines",
			"from": [6.5, 4.75, 3.5],
			"to": [6.75, 8, 3.75],
			"rotation": {"angle": -22.5, "axis": "x", "origin": [15.25, 11, 10.25]},
			"faces": {
				"north": {"uv": [0, 0, 0.25, 3.25], "texture": "#5"},
				"east": {"uv": [0, 0, 0.25, 3.25], "texture": "#5"},
				"south": {"uv": [0, 0, 0.25, 3.25], "texture": "#5"},
				"west": {"uv": [0, 0, 0.25, 3.25], "texture": "#5"},
				"up": {"uv": [0, 0, 0.25, 0.25], "texture": "#5"},
				"down": {"uv": [0, 0, 0.25, 0.25], "texture": "#5"}
			}
		},
		{
			"name": "blacklines",
			"from": [9.5, 2.25, 3.75],
			"to": [9.75, 5, 4],
			"rotation": {"angle": -22.5, "axis": "x", "origin": [15.25, 11, 10.25]},
			"faces": {
				"north": {"uv": [0, 0, 0.25, 2.75], "texture": "#5"},
				"east": {"uv": [0, 0, 0.25, 2.75], "texture": "#5"},
				"south": {"uv": [0, 0, 0.25, 2.75], "texture": "#5"},
				"west": {"uv": [0, 0, 0.25, 2.75], "texture": "#5"},
				"up": {"uv": [0, 0, 0.25, 0.25], "texture": "#5"},
				"down": {"uv": [0, 0, 0.25, 0.25], "texture": "#5"}
			}
		},
		{
			"name": "blacklines",
			"from": [6.5, 2.25, 3.75],
			"to": [6.75, 5, 4],
			"rotation": {"angle": -22.5, "axis": "x", "origin": [15.25, 11, 10.25]},
			"faces": {
				"north": {"uv": [0, 0, 0.25, 2.75], "texture": "#5"},
				"east": {"uv": [0, 0, 0.25, 2.75], "texture": "#5"},
				"south": {"uv": [0, 0, 0.25, 2.75], "texture": "#5"},
				"west": {"uv": [0, 0, 0.25, 2.75], "texture": "#5"},
				"up": {"uv": [0, 0, 0.25, 0.25], "texture": "#5"},
				"down": {"uv": [0, 0, 0.25, 0.25], "texture": "#5"}
			}
		},
		{
			"name": "large",
			"from": [7.5, -2.25, 5.25],
			"to": [8.75, -0.5, 6.5],
			"rotation": {"angle": -22.5, "axis": "x", "origin": [15.25, 11, 10.25]},
			"faces": {
				"north": {"uv": [0, 0, 1.25, 1.75], "texture": "#2"},
				"east": {"uv": [0, 0, 1.25, 1.75], "texture": "#2"},
				"south": {"uv": [0, 0, 1.25, 1.75], "texture": "#2"},
				"west": {"uv": [0, 0, 1.25, 1.75], "texture": "#2"},
				"up": {"uv": [0, 0, 1.25, 1.25], "texture": "#2"},
				"down": {"uv": [0, 0, 1.25, 1.25], "texture": "#2"}
			}
		},
		{
			"name": "large",
			"from": [8, 13, 14],
			"to": [8.25, 29, 14.25],
			"rotation": {"angle": -22.5, "axis": "x", "origin": [14.75, 30, 21.25]},
			"faces": {
				"north": {"uv": [0, 0, 0.25, 16], "texture": "#3"},
				"east": {"uv": [0, 0, 0.25, 16], "texture": "#3"},
				"south": {"uv": [0, 0, 0.25, 16], "texture": "#3"},
				"west": {"uv": [0, 0, 0.25, 16], "texture": "#3"},
				"up": {"uv": [0, 0, 0.25, 0.25], "texture": "#3"},
				"down": {"uv": [0, 0, 0.25, 0.25], "texture": "#3"}
			}
		},
		{
			"name": "large",
			"from": [8, -7, 21],
			"to": [8.25, 8.75, 21.25],
			"rotation": {"angle": 22.5, "axis": "x", "origin": [14.75, 10, 28.25]},
			"faces": {
				"north": {"uv": [0, 0, 0.25, 15.75], "texture": "#3"},
				"east": {"uv": [0, 0, 0.25, 15.75], "texture": "#3"},
				"south": {"uv": [0, 0, 0.25, 15.75], "texture": "#3"},
				"west": {"uv": [0, 0, 0.25, 15.75], "texture": "#3"},
				"up": {"uv": [0, 0, 0.25, 0.25], "texture": "#3"},
				"down": {"uv": [0, 0, 0.25, 0.25], "texture": "#3"}
			}
		}
	],
	"display": {
		"thirdperson_righthand": {
			"translation": [0, -4.5, -1],
			"scale": [0.66, 0.66, 0.66]
		},
		"thirdperson_lefthand": {
			"translation": [0, -4, -0.75],
			"scale": [0.66, 0.66, 0.66]
		},
		"firstperson_righthand": {
			"rotation": [22, 2, 18],
			"translation": [2, 0, 0]
		},
		"firstperson_lefthand": {
			"rotation": [21, 0, 18],
			"translation": [4, 0, 0]
		},
		"ground": {
			"rotation": [-45, 0, 0],
			"translation": [0, 5.25, 0],
			"scale": [0.64, 0.64, 0.64]
		},
		"gui": {
			"rotation": [90, -45, 90],
			"translation": [2.25, -0.25, 0],
			"scale": [0.48, 0.48, 0.48]
		}
	},
	"groups": [
		{
			"name": "grip",
			"origin": [8, 8, 8],
			"children": [0, 1, 2, 3, 4, 5, 6, 7, 8, 9, 10, 11]
		},
		{
			"name": "top",
			"origin": [8, 8, 8],
			"children": [12, 13, 14, 15, 16, 17, 18, 19, 20, 21, 22, 23]
		},
		{
			"name": "bottom",
			"origin": [8, 8, 8],
			"children": [24, 25, 26, 27, 28, 29, 30, 31, 32, 33, 34, 35]
		},
		{
			"name": "string",
			"origin": [8, 8, 8],
			"children": [36]
		},
		{
			"name": "stringbottom",
			"origin": [8, 8, 8],
			"children": [37]
		}
	]
}