{
	"credit": "Made with Blockbench",
	"textures": {
		"0": "block/black_concrete",
		"1": "item/heart_of_the_sea",
		"5": "block/conduit",
		"particle": "block/black_concrete"
	},
	"elements": [
		{
			"name": "Pom",
			"from": [7.5, 0, 7.5],
			"to": [8.5, 1.25, 8.5],
			"rotation": {"angle": 0, "axis": "y", "origin": [15.5, 8, 15.5]},
			"faces": {
				"north": {"uv": [5, 9, 7, 11.25], "texture": "#5"},
				"east": {"uv": [5, 9, 7, 11.25], "texture": "#5"},
				"south": {"uv": [5, 9, 7, 11.25], "texture": "#5"},
				"west": {"uv": [5, 9, 7, 11.25], "texture": "#5"},
				"up": {"uv": [5, 9, 7, 11.25], "texture": "#5"},
				"down": {"uv": [5, 9, 7, 11.25], "texture": "#5"}
			}
		},
		{
			"name": "handle",
			"from": [7.5, 1.5, 7.5],
			"to": [8.5, 5.25, 8.5],
			"rotation": {"angle": 0, "axis": "y", "origin": [15.5, 9.5, 15.5]},
			"faces": {
				"north": {"uv": [0, 0, 1, 3.75], "texture": "#0"},
				"east": {"uv": [0, 0, 1, 3.75], "texture": "#0"},
				"south": {"uv": [0, 0, 1, 3.75], "texture": "#0"},
				"west": {"uv": [0, 0, 1, 3.75], "texture": "#0"},
				"up": {"uv": [0, 0, 1, 1], "texture": "#0"},
				"down": {"uv": [0, 0, 1, 1], "texture": "#0"}
			}
		},
		{
			"name": "handle",
			"from": [7.5, 8, 7.5],
			"to": [8.5, 13.5, 8.5],
			"rotation": {"angle": 0, "axis": "y", "origin": [15.5, 16, 15.5]},
			"faces": {
				"north": {"uv": [5, 9, 7, 11.25], "texture": "#5"},
				"east": {"uv": [5, 9, 7, 11.25], "texture": "#5"},
				"south": {"uv": [5, 9, 7, 11.25], "texture": "#5"},
				"west": {"uv": [5, 9, 7, 11.25], "texture": "#5"},
				"up": {"uv": [5, 9, 7, 11.25], "texture": "#5"},
				"down": {"uv": [5, 9, 7, 11.25], "texture": "#5"}
			}
		},
		{
			"name": "handle",
			"from": [7.5, 13.75, 7.5],
			"to": [8.5, 19.25, 8.5],
			"rotation": {"angle": 0, "axis": "y", "origin": [15.5, 21.75, 15.5]},
			"faces": {
				"north": {"uv": [0, 0, 1, 5.5], "texture": "#0"},
				"east": {"uv": [0, 0, 1, 5.5], "texture": "#0"},
				"south": {"uv": [0, 0, 1, 5.5], "texture": "#0"},
				"west": {"uv": [0, 0, 1, 5.5], "texture": "#0"},
				"up": {"uv": [0, 0, 1, 1], "texture": "#0"},
				"down": {"uv": [0, 0, 1, 1], "texture": "#0"}
			}
		},
		{
			"name": "reel",
			"from": [7.5, 6.5, 5.25],
			"to": [8.5, 8.75, 7.5],
			"rotation": {"angle": 0, "axis": "y", "origin": [15.5, 15, 14.5]},
			"faces": {
				"north": {"uv": [5, 9, 7, 11.25], "texture": "#5"},
				"east": {"uv": [5, 9, 7, 11.25], "texture": "#5"},
				"south": {"uv": [5, 9, 7, 11.25], "texture": "#5"},
				"west": {"uv": [5, 9, 7, 11.25], "texture": "#5"},
				"up": {"uv": [5, 9, 7, 11.25], "texture": "#5"},
				"down": {"uv": [5, 9, 7, 11.25], "texture": "#5"}
			}
		},
		{
			"name": "jewel",
			"from": [7.25, 7, 5.75],
			"to": [8.75, 8.25, 7],
			"rotation": {"angle": 0, "axis": "y", "origin": [15.5, 15, 14.5]},
			"faces": {
				"north": {"uv": [7, 5, 10.5, 8.25], "texture": "#1"},
				"east": {"uv": [7, 5, 10.5, 8.25], "texture": "#1"},
				"south": {"uv": [7, 5, 10.5, 8.25], "texture": "#1"},
				"west": {"uv": [7, 5, 10.5, 8.25], "texture": "#1"},
				"up": {"uv": [7, 5, 10.5, 8.25], "texture": "#1"},
				"down": {"uv": [7, 5, 10.5, 8.25], "texture": "#1"}
			}
		},
		{
			"name": "handle",
			"from": [7.5, 8, 8.5],
			"to": [8.5, 9.25, 9.5],
			"rotation": {"angle": 0, "axis": "y", "origin": [15.5, 16, 16.5]},
			"faces": {
				"north": {"uv": [5, 9, 7, 11.25], "texture": "#5"},
				"east": {"uv": [5, 9, 7, 11.25], "texture": "#5"},
				"south": {"uv": [5, 9, 7, 11.25], "texture": "#5"},
				"west": {"uv": [5, 9, 7, 11.25], "texture": "#5"},
				"up": {"uv": [5, 9, 7, 11.25], "texture": "#5"},
				"down": {"uv": [5, 9, 7, 11.25], "texture": "#5"}
			}
		},
		{
			"name": "handle",
			"from": [7.5, 7, 9.5],
			"to": [8.5, 8.75, 10.25],
			"rotation": {"angle": 0, "axis": "y", "origin": [15.5, 15.75, 17.5]},
			"faces": {
				"north": {"uv": [5, 9, 7, 11.25], "texture": "#5"},
				"east": {"uv": [5, 9, 7, 11.25], "texture": "#5"},
				"south": {"uv": [5, 9, 7, 11.25], "texture": "#5"},
				"west": {"uv": [5, 9, 7, 11.25], "texture": "#5"},
				"up": {"uv": [5, 9, 7, 11.25], "texture": "#5"},
				"down": {"uv": [5, 9, 7, 11.25], "texture": "#5"}
			}
		},
		{
			"name": "handleblack",
			"from": [7.75, 7, 9.75],
			"to": [8.25, 9.75, 10.5],
			"rotation": {"angle": 0, "axis": "y", "origin": [15.5, 15.75, 18.25]},
			"faces": {
				"north": {"uv": [0, 0, 0.5, 2.75], "texture": "#0"},
				"east": {"uv": [0, 0, 0.75, 2.75], "texture": "#0"},
				"south": {"uv": [0, 0, 0.5, 2.75], "texture": "#0"},
				"west": {"uv": [0, 0, 0.75, 2.75], "texture": "#0"},
				"up": {"uv": [0, 0, 0.5, 0.75], "texture": "#0"},
				"down": {"uv": [0, 0, 0.5, 0.75], "texture": "#0"}
			}
		},
		{
			"name": "handleblack",
			"from": [7.75, 8.75, 8.5],
			"to": [8.25, 9.5, 9.75],
			"rotation": {"angle": 0, "axis": "y", "origin": [15.5, 17.5, 18.25]},
			"faces": {
				"north": {"uv": [0, 0, 0.5, 0.75], "texture": "#0"},
				"east": {"uv": [0, 0, 1.25, 0.75], "texture": "#0"},
				"south": {"uv": [0, 0, 0.5, 0.75], "texture": "#0"},
				"west": {"uv": [0, 0, 1.25, 0.75], "texture": "#0"},
				"up": {"uv": [0, 0, 0.5, 1.25], "texture": "#0"},
				"down": {"uv": [0, 0, 0.5, 1.25], "texture": "#0"}
			}
		},
		{
			"name": "handleblack",
			"from": [7.75, 9.5, 8.5],
			"to": [8.25, 13.25, 9.75],
			"rotation": {"angle": 0, "axis": "y", "origin": [15.5, 18.25, 18.25]},
			"faces": {
				"north": {"uv": [0, 0, 0.5, 3.75], "texture": "#0"},
				"east": {"uv": [0, 0, 1.25, 3.75], "texture": "#0"},
				"south": {"uv": [0, 0, 0.5, 3.75], "texture": "#0"},
				"west": {"uv": [0, 0, 1.25, 3.75], "texture": "#0"},
				"up": {"uv": [0, 0, 0.5, 1.25], "texture": "#0"},
				"down": {"uv": [0, 0, 0.5, 1.25], "texture": "#0"}
			}
		},
		{
			"name": "handle",
			"from": [7.75, 5.25, 7.75],
			"to": [8.25, 14.25, 8.25],
			"rotation": {"angle": 0, "axis": "y", "origin": [15.5, 13.25, 15.5]},
			"faces": {
				"north": {"uv": [0, 0, 0.5, 2.75], "texture": "#0"},
				"east": {"uv": [0, 0, 0.5, 2.75], "texture": "#0"},
				"south": {"uv": [0, 0, 0.5, 2.75], "texture": "#0"},
				"west": {"uv": [0, 0, 0.5, 2.75], "texture": "#0"},
				"up": {"uv": [0, 0, 0.5, 0.5], "texture": "#0"},
				"down": {"uv": [0, 0, 0.5, 0.5], "texture": "#0"}
			}
		},
		{
			"name": "handle",
			"from": [7.75, 19.25, 7.75],
			"to": [8.25, 24.5, 8.25],
			"rotation": {"angle": 0, "axis": "y", "origin": [15.5, 27.25, 15.5]},
			"faces": {
				"north": {"uv": [0, 0, 0.5, 5.25], "texture": "#0"},
				"east": {"uv": [0, 0, 0.5, 5.25], "texture": "#0"},
				"south": {"uv": [0, 0, 0.5, 5.25], "texture": "#0"},
				"west": {"uv": [0, 0, 0.5, 5.25], "texture": "#0"},
				"up": {"uv": [0, 0, 0.5, 0.5], "texture": "#0"},
				"down": {"uv": [0, 0, 0.5, 0.5], "texture": "#0"}
			}
		},
		{
			"name": "handle",
			"from": [8, 24.5, 7.75],
			"to": [8.25, 28.75, 8.25],
			"rotation": {"angle": 0, "axis": "y", "origin": [15.75, 32.5, 15.5]},
			"faces": {
				"north": {"uv": [0, 0, 0.25, 4.25], "texture": "#0"},
				"east": {"uv": [0, 0, 0.5, 4.25], "texture": "#0"},
				"south": {"uv": [0, 0, 0.25, 4.25], "texture": "#0"},
				"west": {"uv": [0, 0, 0.5, 4.25], "texture": "#0"},
				"up": {"uv": [0, 0, 0.25, 0.5], "texture": "#0"},
				"down": {"uv": [0, 0, 0.25, 0.5], "texture": "#0"}
			}
		},
		{
			"name": "handle",
			"from": [8, 28.75, 8],
			"to": [8.25, 29.5, 8.25],
			"rotation": {"angle": 0, "axis": "y", "origin": [15.75, 35.75, 15.5]},
			"faces": {
				"north": {"uv": [5, 9, 7, 11.25], "texture": "#5"},
				"east": {"uv": [5, 9, 7, 11.25], "texture": "#5"},
				"south": {"uv": [5, 9, 7, 11.25], "texture": "#5"},
				"west": {"uv": [5, 9, 7, 11.25], "texture": "#5"},
				"up": {"uv": [5, 9, 7, 11.25], "texture": "#5"},
				"down": {"uv": [5, 9, 7, 11.25], "texture": "#5"}
			}
		},
		{
			"name": "Pom2",
			"from": [7.25, 1.25, 7.25],
			"to": [8.75, 1.5, 8.75],
			"rotation": {"angle": 0, "axis": "y", "origin": [15.5, 9.25, 15.5]},
			"faces": {
				"north": {"uv": [5, 9, 7, 11.25], "texture": "#5"},
				"east": {"uv": [5, 9, 7, 11.25], "texture": "#5"},
				"south": {"uv": [5, 9, 7, 11.25], "texture": "#5"},
				"west": {"uv": [5, 9, 7, 11.25], "texture": "#5"},
				"up": {"uv": [5, 9, 7, 11.25], "texture": "#5"},
				"down": {"uv": [5, 9, 7, 11.25], "texture": "#5"}
			}
		},
		{
			"name": "Pom3",
			"from": [7.25, 5.25, 7.25],
			"to": [8.75, 5.5, 8.75],
			"rotation": {"angle": 0, "axis": "y", "origin": [15.5, 13.25, 15.5]},
			"faces": {
				"north": {"uv": [5, 9, 7, 11.25], "texture": "#5"},
				"east": {"uv": [5, 9, 7, 11.25], "texture": "#5"},
				"south": {"uv": [5, 9, 7, 11.25], "texture": "#5"},
				"west": {"uv": [5, 9, 7, 11.25], "texture": "#5"},
				"up": {"uv": [5, 9, 7, 11.25], "texture": "#5"},
				"down": {"uv": [5, 9, 7, 11.25], "texture": "#5"}
			}
		},
		{
			"name": "Pom4",
			"from": [7.25, 16.5, 7.25],
			"to": [8.75, 16.75, 8.75],
			"rotation": {"angle": 0, "axis": "y", "origin": [15.5, 24.5, 15.5]},
			"faces": {
				"north": {"uv": [5, 9, 6.5, 9.25], "texture": "#5"},
				"east": {"uv": [5, 9, 6.5, 9.25], "texture": "#5"},
				"south": {"uv": [5, 9, 6.5, 9.25], "texture": "#5"},
				"west": {"uv": [5, 9, 6.5, 9.25], "texture": "#5"},
				"up": {"uv": [5, 9, 6.5, 10.5], "texture": "#5"},
				"down": {"uv": [5, 9, 6.5, 10.5], "texture": "#5"}
			}
		},
		{
			"name": "Pom5",
			"from": [7.5, 20.75, 7.25],
			"to": [8.5, 21, 8],
			"rotation": {"angle": 0, "axis": "y", "origin": [15.5, 28.75, 15.25]},
			"faces": {
				"north": {"uv": [5, 9, 6, 9.25], "texture": "#5"},
				"east": {"uv": [5, 9, 5.75, 9.25], "texture": "#5"},
				"south": {"uv": [5, 9, 6, 9.25], "texture": "#5"},
				"west": {"uv": [5, 9, 5.75, 9.25], "texture": "#5"},
				"up": {"uv": [5, 9, 6, 9.75], "texture": "#5"},
				"down": {"uv": [5, 9, 6, 9.75], "texture": "#5"}
			}
		},
		{
			"name": "Pom6",
			"from": [7.75, 26, 7.5],
			"to": [8.5, 26.25, 8],
			"rotation": {"angle": 0, "axis": "y", "origin": [15.5, 34, 15.5]},
			"faces": {
				"north": {"uv": [5, 9, 7, 11.25], "texture": "#5"},
				"east": {"uv": [5, 9, 7, 11.25], "texture": "#5"},
				"south": {"uv": [5, 9, 7, 11.25], "texture": "#5"},
				"west": {"uv": [5, 9, 7, 11.25], "texture": "#5"},
				"up": {"uv": [5, 9, 7, 11.25], "texture": "#5"},
				"down": {"uv": [5, 9, 7, 11.25], "texture": "#5"}
			}
		}
	],
	"display": {
		"thirdperson_righthand": {
			"translation": [0, 2.5, 1.5]
		},
		"thirdperson_lefthand": {
			"translation": [0, 1.75, 1]
		},
		"firstperson_righthand": {
			"translation": [2.5, 0, 0]
		},
		"firstperson_lefthand": {
			"translation": [3.25, 0, 0]
		},
		"ground": {
			"rotation": [-45, 0, 0],
			"translation": [0, 4.5, 0]
		},
		"gui": {
			"rotation": [90, -136, 90],
			"translation": [-2, -2.75, 0],
			"scale": [0.57, 0.57, 0.57]
		}
	}
}