{
	"credit": "Made with Blockbench",
	"textures": {
		"0": "block/glowstone",
		"1": "block/gold_block",
		"2": "block/white_concrete",
		"3": "block/andesite",
		"5": "block/black_concrete",
		"particle": "block/glowstone"
	},
	"elements": [
		{
			"from": [6.25, 9.75, 4],
			"to": [10, 13.75, 5],
			"rotation": {"angle": 0, "axis": "y", "origin": [15.25, 16.75, 12]},
			"faces": {
				"north": {"uv": [11, 9, 12, 13], "texture": "#1"},
				"east": {"uv": [11, 9, 12, 13], "texture": "#1"},
				"south": {"uv": [11, 9, 12, 13], "texture": "#1"},
				"west": {"uv": [11, 9, 12, 13], "texture": "#1"},
				"up": {"uv": [11, 9, 12, 13], "texture": "#1"},
				"down": {"uv": [11, 9, 12, 13], "texture": "#1"}
			}
		},
		{
			"name": "jewel",
			"from": [7, 10.5, 3.75],
			"to": [9.25, 13, 5.25],
			"rotation": {"angle": 0, "axis": "y", "origin": [15.25, 16.5, 12]},
			"faces": {
				"north": {"uv": [3, 4, 5.25, 6.5], "texture": "#0"},
				"east": {"uv": [3, 4, 5.25, 6.5], "texture": "#0"},
				"south": {"uv": [3, 4, 5.25, 6.5], "texture": "#0"},
				"west": {"uv": [3, 4, 5.25, 6.5], "texture": "#0"},
				"up": {"uv": [3, 4, 5.25, 6.5], "texture": "#0"},
				"down": {"uv": [3, 4, 5.25, 6.5], "texture": "#0"}
			}
		},
		{
			"name": "top",
			"from": [7.25, 13.75, 4.25],
			"to": [9, 18.25, 5.25],
			"rotation": {"angle": 0, "axis": "y", "origin": [15.25, 19.75, 12.25]},
			"faces": {
				"north": {"uv": [0, 0, 1.75, 4.5], "texture": "#1"},
				"east": {"uv": [0, 0, 1, 4.5], "texture": "#1"},
				"south": {"uv": [0, 0, 1.75, 4.5], "texture": "#1"},
				"west": {"uv": [0, 0, 1, 4.5], "texture": "#1"},
				"up": {"uv": [0, 0, 1.75, 1], "texture": "#1"},
				"down": {"uv": [0, 0, 1.75, 1], "texture": "#1"}
			}
		},
		{
			"name": "top",
			"from": [7.25, 17.25, 6.5],
			"to": [9, 18.75, 7.5],
			"rotation": {"angle": 0, "axis": "y", "origin": [15.25, 20.25, 14.5]},
			"faces": {
				"north": {"uv": [0, 0, 1.75, 1.5], "texture": "#2"},
				"east": {"uv": [0, 0, 1, 1.5], "texture": "#2"},
				"south": {"uv": [0, 0, 1.75, 1.5], "texture": "#2"},
				"west": {"uv": [0, 0, 1, 1.5], "texture": "#2"},
				"up": {"uv": [0, 0, 1.75, 1], "texture": "#2"},
				"down": {"uv": [0, 0, 1.75, 1], "texture": "#2"}
			}
		},
		{
			"name": "top",
			"from": [7.25, 4.5, 6.5],
			"to": [9, 6, 7.5],
			"rotation": {"angle": 0, "axis": "y", "origin": [15.25, 7.5, 14.5]},
			"faces": {
				"north": {"uv": [0, 0, 1.75, 1.5], "texture": "#2"},
				"east": {"uv": [0, 0, 1, 1.5], "texture": "#2"},
				"south": {"uv": [0, 0, 1.75, 1.5], "texture": "#2"},
				"west": {"uv": [0, 0, 1, 1.5], "texture": "#2"},
				"up": {"uv": [0, 0, 1.75, 1], "texture": "#2"},
				"down": {"uv": [0, 0, 1.75, 1], "texture": "#2"}
			}
		},
		{
			"name": "top",
			"from": [7.25, 17, 7.5],
			"to": [9, 18, 8.25],
			"rotation": {"angle": 0, "axis": "y", "origin": [15.25, 19.5, 15.5]},
			"faces": {
				"north": {"uv": [0, 0, 1.75, 1], "texture": "#2"},
				"east": {"uv": [0, 0, 0.75, 1], "texture": "#2"},
				"south": {"uv": [0, 0, 1.75, 1], "texture": "#2"},
				"west": {"uv": [0, 0, 0.75, 1], "texture": "#2"},
				"up": {"uv": [0, 0, 1.75, 0.75], "texture": "#2"},
				"down": {"uv": [0, 0, 1.75, 0.75], "texture": "#2"}
			}
		},
		{
			"name": "top",
			"from": [7.25, 5.5, 7.5],
			"to": [9, 6.5, 8.25],
			"rotation": {"angle": 0, "axis": "y", "origin": [15.25, 8, 15.5]},
			"faces": {
				"north": {"uv": [0, 0, 1.75, 1], "texture": "#2"},
				"east": {"uv": [0, 0, 0.75, 1], "texture": "#2"},
				"south": {"uv": [0, 0, 1.75, 1], "texture": "#2"},
				"west": {"uv": [0, 0, 0.75, 1], "texture": "#2"},
				"up": {"uv": [0, 0, 1.75, 0.75], "texture": "#2"},
				"down": {"uv": [0, 0, 1.75, 0.75], "texture": "#2"}
			}
		},
		{
			"name": "top",
			"from": [7.25, 15.5, 8.25],
			"to": [9, 17, 9.25],
			"rotation": {"angle": 0, "axis": "y", "origin": [15.25, 18.5, 16.25]},
			"faces": {
				"north": {"uv": [0, 0, 1.75, 1.5], "texture": "#2"},
				"east": {"uv": [0, 0, 1, 1.5], "texture": "#2"},
				"south": {"uv": [0, 0, 1.75, 1.5], "texture": "#2"},
				"west": {"uv": [0, 0, 1, 1.5], "texture": "#2"},
				"up": {"uv": [0, 0, 1.75, 1], "texture": "#2"},
				"down": {"uv": [0, 0, 1.75, 1], "texture": "#2"}
			}
		},
		{
			"name": "top",
			"from": [7.25, 6.5, 8.25],
			"to": [9, 8, 9.25],
			"rotation": {"angle": 0, "axis": "y", "origin": [15.25, 9.5, 16.25]},
			"faces": {
				"north": {"uv": [0, 0, 1.75, 1.5], "texture": "#2"},
				"east": {"uv": [0, 0, 1, 1.5], "texture": "#2"},
				"south": {"uv": [0, 0, 1.75, 1.5], "texture": "#2"},
				"west": {"uv": [0, 0, 1, 1.5], "texture": "#2"},
				"up": {"uv": [0, 0, 1.75, 1], "texture": "#2"},
				"down": {"uv": [0, 0, 1.75, 1], "texture": "#2"}
			}
		},
		{
			"name": "top",
			"from": [7.5, 7.75, 9.25],
			"to": [8.75, 15.75, 10.25],
			"rotation": {"angle": 0, "axis": "y", "origin": [15.25, 10.75, 17.25]},
			"faces": {
				"north": {"uv": [0, 0, 1.25, 8], "texture": "#3"},
				"east": {"uv": [0, 0, 1, 8], "texture": "#3"},
				"south": {"uv": [0, 0, 1.25, 8], "texture": "#3"},
				"west": {"uv": [0, 0, 1, 8], "texture": "#3"},
				"up": {"uv": [0, 0, 1.25, 1], "texture": "#3"},
				"down": {"uv": [0, 0, 1.25, 1], "texture": "#3"}
			}
		},
		{
			"name": "bottom",
			"from": [7.25, 5.25, 4.25],
			"to": [9, 9.75, 5.25],
			"rotation": {"angle": 0, "axis": "y", "origin": [15.25, 11.25, 12.25]},
			"faces": {
				"north": {"uv": [0, 0, 1.75, 4.5], "texture": "#1"},
				"east": {"uv": [0, 0, 1, 4.5], "texture": "#1"},
				"south": {"uv": [0, 0, 1.75, 4.5], "texture": "#1"},
				"west": {"uv": [0, 0, 1, 4.5], "texture": "#1"},
				"up": {"uv": [0, 0, 1.75, 1], "texture": "#1"},
				"down": {"uv": [0, 0, 1.75, 1], "texture": "#1"}
			}
		},
		{
			"name": "large",
			"from": [6.75, 18.25, 4],
			"to": [9.5, 21.25, 6.5],
			"rotation": {"angle": 0, "axis": "y", "origin": [15.25, 24.25, 12]},
			"faces": {
				"north": {"uv": [0, 0, 2.75, 3], "texture": "#2"},
				"east": {"uv": [0, 0, 2.5, 3], "texture": "#2"},
				"south": {"uv": [0, 0, 2.75, 3], "texture": "#2"},
				"west": {"uv": [0, 0, 2.5, 3], "texture": "#2"},
				"up": {"uv": [0, 0, 2.75, 2.5], "texture": "#2"},
				"down": {"uv": [0, 0, 2.75, 2.5], "texture": "#2"}
			}
		},
		{
			"name": "large",
			"from": [6.75, 21.25, 4.75],
			"to": [9.5, 24.25, 6.75],
			"rotation": {"angle": 0, "axis": "y", "origin": [15.25, 27.25, 12.75]},
			"faces": {
				"north": {"uv": [0, 0, 2.75, 3], "texture": "#2"},
				"east": {"uv": [0, 0, 2, 3], "texture": "#2"},
				"south": {"uv": [0, 0, 2.75, 3], "texture": "#2"},
				"west": {"uv": [0, 0, 2, 3], "texture": "#2"},
				"up": {"uv": [0, 0, 2.75, 2], "texture": "#2"},
				"down": {"uv": [0, 0, 2.75, 2], "texture": "#2"}
			}
		},
		{
			"name": "large",
			"from": [7.5, 24.25, 6],
			"to": [8.75, 27, 7.25],
			"rotation": {"angle": 0, "axis": "y", "origin": [15.25, 30.25, 13.25]},
			"faces": {
				"north": {"uv": [0, 0, 1.25, 2.75], "texture": "#2"},
				"east": {"uv": [0, 0, 1.25, 2.75], "texture": "#2"},
				"south": {"uv": [0, 0, 1.25, 2.75], "texture": "#2"},
				"west": {"uv": [0, 0, 1.25, 2.75], "texture": "#2"},
				"up": {"uv": [0, 0, 1.25, 1.25], "texture": "#2"},
				"down": {"uv": [0, 0, 1.25, 1.25], "texture": "#2"}
			}
		},
		{
			"name": "large",
			"from": [7.5, 27, 7],
			"to": [8.75, 28.75, 8.25],
			"rotation": {"angle": 0, "axis": "y", "origin": [15.25, 33, 14.25]},
			"faces": {
				"north": {"uv": [0, 0, 1.25, 1.75], "texture": "#2"},
				"east": {"uv": [0, 0, 1.25, 1.75], "texture": "#2"},
				"south": {"uv": [0, 0, 1.25, 1.75], "texture": "#2"},
				"west": {"uv": [0, 0, 1.25, 1.75], "texture": "#2"},
				"up": {"uv": [0, 0, 1.25, 1.25], "texture": "#2"},
				"down": {"uv": [0, 0, 1.25, 1.25], "texture": "#2"}
			}
		},
		{
			"name": "large",
			"from": [7.5, 28.25, 8.25],
			"to": [8.75, 29.5, 10],
			"rotation": {"angle": 0, "axis": "y", "origin": [15.25, 34.25, 15.5]},
			"faces": {
				"north": {"uv": [0, 0, 1.25, 1.25], "texture": "#2"},
				"east": {"uv": [0, 0, 1.75, 1.25], "texture": "#2"},
				"south": {"uv": [0, 0, 1.25, 1.25], "texture": "#2"},
				"west": {"uv": [0, 0, 1.75, 1.25], "texture": "#2"},
				"up": {"uv": [0, 0, 1.25, 1.75], "texture": "#2"},
				"down": {"uv": [0, 0, 1.25, 1.75], "texture": "#2"}
			}
		},
		{
			"name": "large",
			"from": [7.5, -5, 7],
			"to": [8.75, -3.25, 8.25],
			"rotation": {"angle": 0, "axis": "y", "origin": [15.25, 1, 14.25]},
			"faces": {
				"north": {"uv": [0, 0, 1.25, 1.75], "texture": "#2"},
				"east": {"uv": [0, 0, 1.25, 1.75], "texture": "#2"},
				"south": {"uv": [0, 0, 1.25, 1.75], "texture": "#2"},
				"west": {"uv": [0, 0, 1.25, 1.75], "texture": "#2"},
				"up": {"uv": [0, 0, 1.25, 1.25], "texture": "#2"},
				"down": {"uv": [0, 0, 1.25, 1.25], "texture": "#2"}
			}
		},
		{
			"name": "large",
			"from": [7.5, 29.75, 11.25],
			"to": [8.75, 31.5, 12.5],
			"rotation": {"angle": 0, "axis": "y", "origin": [15.25, 32.5, 18.5]},
			"faces": {
				"north": {"uv": [0, 0, 1.25, 1.75], "texture": "#1"},
				"east": {"uv": [0, 0, 1.25, 1.75], "texture": "#1"},
				"south": {"uv": [0, 0, 1.25, 1.75], "texture": "#1"},
				"west": {"uv": [0, 0, 1.25, 1.75], "texture": "#1"},
				"up": {"uv": [0, 0, 1.25, 1.25], "texture": "#1"},
				"down": {"uv": [0, 0, 1.25, 1.25], "texture": "#1"}
			}
		},
		{
			"name": "large",
			"from": [7.25, 29, 10],
			"to": [9, 30.75, 11.25],
			"rotation": {"angle": 0, "axis": "y", "origin": [15.25, 32.25, 17.25]},
			"faces": {
				"north": {"uv": [0, 0, 1.75, 1.75], "texture": "#1"},
				"east": {"uv": [0, 0, 1.25, 1.75], "texture": "#1"},
				"south": {"uv": [0, 0, 1.75, 1.75], "texture": "#1"},
				"west": {"uv": [0, 0, 1.25, 1.75], "texture": "#1"},
				"up": {"uv": [0, 0, 1.75, 1.25], "texture": "#1"},
				"down": {"uv": [0, 0, 1.75, 1.25], "texture": "#1"}
			}
		},
		{
			"name": "large",
			"from": [6.75, 2.25, 4],
			"to": [9.5, 5.25, 6.5],
			"rotation": {"angle": 0, "axis": "y", "origin": [15.25, 8.25, 12]},
			"faces": {
				"north": {"uv": [0, 0, 2.75, 3], "texture": "#2"},
				"east": {"uv": [0, 0, 2.5, 3], "texture": "#2"},
				"south": {"uv": [0, 0, 2.75, 3], "texture": "#2"},
				"west": {"uv": [0, 0, 2.5, 3], "texture": "#2"},
				"up": {"uv": [0, 0, 2.75, 2.5], "texture": "#2"},
				"down": {"uv": [0, 0, 2.75, 2.5], "texture": "#2"}
			}
		},
		{
			"name": "large",
			"from": [6.75, -0.75, 4.75],
			"to": [9.5, 2.25, 6.75],
			"rotation": {"angle": 0, "axis": "y", "origin": [15.25, 5.25, 12.75]},
			"faces": {
				"north": {"uv": [0, 0, 2.75, 3], "texture": "#2"},
				"east": {"uv": [0, 0, 2, 3], "texture": "#2"},
				"south": {"uv": [0, 0, 2.75, 3], "texture": "#2"},
				"west": {"uv": [0, 0, 2, 3], "texture": "#2"},
				"up": {"uv": [0, 0, 2.75, 2], "texture": "#2"},
				"down": {"uv": [0, 0, 2.75, 2], "texture": "#2"}
			}
		},
		{
			"name": "large",
			"from": [7.5, -3.25, 6],
			"to": [8.75, -0.75, 7.25],
			"rotation": {"angle": 0, "axis": "y", "origin": [15.25, 0, 13.25]},
			"faces": {
				"north": {"uv": [0, 0, 1.25, 2.5], "texture": "#2"},
				"east": {"uv": [0, 0, 1.25, 2.5], "texture": "#2"},
				"south": {"uv": [0, 0, 1.25, 2.5], "texture": "#2"},
				"west": {"uv": [0, 0, 1.25, 2.5], "texture": "#2"},
				"up": {"uv": [0, 0, 1.25, 1.25], "texture": "#2"},
				"down": {"uv": [0, 0, 1.25, 1.25], "texture": "#2"}
			}
		},
		{
			"name": "large",
			"from": [7.25, -7.25, 10],
			"to": [9, -5.5, 11.25],
			"rotation": {"angle": 0, "axis": "y", "origin": [15.25, -4, 17.25]},
			"faces": {
				"north": {"uv": [0, 0, 1.75, 1.75], "texture": "#1"},
				"east": {"uv": [0, 0, 1.25, 1.75], "texture": "#1"},
				"south": {"uv": [0, 0, 1.75, 1.75], "texture": "#1"},
				"west": {"uv": [0, 0, 1.25, 1.75], "texture": "#1"},
				"up": {"uv": [0, 0, 1.75, 1.25], "texture": "#1"},
				"down": {"uv": [0, 0, 1.75, 1.25], "texture": "#1"}
			}
		},
		{
			"name": "large",
			"from": [7.5, -8, 11.25],
			"to": [8.75, -6.25, 12.5],
			"rotation": {"angle": 0, "axis": "y", "origin": [15.25, -5.25, 18.5]},
			"faces": {
				"north": {"uv": [0, 0, 1.25, 1.75], "texture": "#1"},
				"east": {"uv": [0, 0, 1.25, 1.75], "texture": "#1"},
				"south": {"uv": [0, 0, 1.25, 1.75], "texture": "#1"},
				"west": {"uv": [0, 0, 1.25, 1.75], "texture": "#1"},
				"up": {"uv": [0, 0, 1.25, 1.25], "texture": "#1"},
				"down": {"uv": [0, 0, 1.25, 1.25], "texture": "#1"}
			}
		},
		{
			"name": "large",
			"from": [7.5, -6, 8.25],
			"to": [8.75, -4.75, 10],
			"rotation": {"angle": 0, "axis": "y", "origin": [15.25, 0, 15.5]},
			"faces": {
				"north": {"uv": [0, 0, 1.25, 1.25], "texture": "#2"},
				"east": {"uv": [0, 0, 1.75, 1.25], "texture": "#2"},
				"south": {"uv": [0, 0, 1.25, 1.25], "texture": "#2"},
				"west": {"uv": [0, 0, 1.75, 1.25], "texture": "#2"},
				"up": {"uv": [0, 0, 1.25, 1.75], "texture": "#2"},
				"down": {"uv": [0, 0, 1.25, 1.75], "texture": "#2"}
			}
		},
		{
			"name": "blacklines",
			"from": [6.5, 20.75, 5.75],
			"to": [6.75, 24.25, 6],
			"rotation": {"angle": 0, "axis": "y", "origin": [13.25, 31, 13]},
			"faces": {
				"north": {"uv": [0, 0, 0.25, 3.5], "texture": "#5"},
				"east": {"uv": [0, 0, 0.25, 3.5], "texture": "#5"},
				"south": {"uv": [0, 0, 0.25, 3.5], "texture": "#5"},
				"west": {"uv": [0, 0, 0.25, 3.5], "texture": "#5"},
				"up": {"uv": [0, 0, 0.25, 0.25], "texture": "#5"},
				"down": {"uv": [0, 0, 0.25, 0.25], "texture": "#5"}
			}
		},
		{
			"name": "blacklines",
			"from": [6.5, 24, 5.75],
			"to": [9.75, 24.5, 6],
			"rotation": {"angle": 0, "axis": "y", "origin": [13.25, 31.25, 13]},
			"faces": {
				"north": {"uv": [0, 0, 3.25, 0.5], "texture": "#5"},
				"east": {"uv": [0, 0, 0.25, 0.5], "texture": "#5"},
				"south": {"uv": [0, 0, 3.25, 0.5], "texture": "#5"},
				"west": {"uv": [0, 0, 0.25, 0.5], "texture": "#5"},
				"up": {"uv": [0, 0, 3.25, 0.25], "texture": "#5"},
				"down": {"uv": [0, 0, 3.25, 0.25], "texture": "#5"}
			}
		},
		{
			"name": "blacklines",
			"from": [6.5, -1, 5.75],
			"to": [9.75, -0.5, 6],
			"rotation": {"angle": 0, "axis": "y", "origin": [13.25, 6.25, 13]},
			"faces": {
				"north": {"uv": [0, 0, 3.25, 0.5], "texture": "#5"},
				"east": {"uv": [0, 0, 0.25, 0.5], "texture": "#5"},
				"south": {"uv": [0, 0, 3.25, 0.5], "texture": "#5"},
				"west": {"uv": [0, 0, 0.25, 0.5], "texture": "#5"},
				"up": {"uv": [0, 0, 3.25, 0.25], "texture": "#5"},
				"down": {"uv": [0, 0, 3.25, 0.25], "texture": "#5"}
			}
		},
		{
			"name": "blacklines",
			"from": [9.5, 20.75, 5.75],
			"to": [9.75, 24.25, 6],
			"rotation": {"angle": 0, "axis": "y", "origin": [16.25, 31, 13]},
			"faces": {
				"north": {"uv": [0, 0, 0.25, 3.5], "texture": "#5"},
				"east": {"uv": [0, 0, 0.25, 3.5], "texture": "#5"},
				"south": {"uv": [0, 0, 0.25, 3.5], "texture": "#5"},
				"west": {"uv": [0, 0, 0.25, 3.5], "texture": "#5"},
				"up": {"uv": [0, 0, 0.25, 0.25], "texture": "#5"},
				"down": {"uv": [0, 0, 0.25, 0.25], "texture": "#5"}
			}
		},
		{
			"name": "blacklines",
			"from": [9.5, 2, 5.25],
			"to": [9.75, 5.25, 5.5],
			"rotation": {"angle": 0, "axis": "y", "origin": [16.25, 12.25, 12.5]},
			"faces": {
				"north": {"uv": [0, 0, 0.25, 3.25], "texture": "#5"},
				"east": {"uv": [0, 0, 0.25, 3.25], "texture": "#5"},
				"south": {"uv": [0, 0, 0.25, 3.25], "texture": "#5"},
				"west": {"uv": [0, 0, 0.25, 3.25], "texture": "#5"},
				"up": {"uv": [0, 0, 0.25, 0.25], "texture": "#5"},
				"down": {"uv": [0, 0, 0.25, 0.25], "texture": "#5"}
			}
		},
		{
			"name": "blacklines",
			"from": [6.5, 2, 5.25],
			"to": [6.75, 5.25, 5.5],
			"rotation": {"angle": 0, "axis": "y", "origin": [13.25, 12.25, 12.5]},
			"faces": {
				"north": {"uv": [0, 0, 0.25, 3.25], "texture": "#5"},
				"east": {"uv": [0, 0, 0.25, 3.25], "texture": "#5"},
				"south": {"uv": [0, 0, 0.25, 3.25], "texture": "#5"},
				"west": {"uv": [0, 0, 0.25, 3.25], "texture": "#5"},
				"up": {"uv": [0, 0, 0.25, 0.25], "texture": "#5"},
				"down": {"uv": [0, 0, 0.25, 0.25], "texture": "#5"}
			}
		},
		{
			"name": "blacklines",
			"from": [6.5, 18.25, 5.5],
			"to": [6.75, 21, 5.75],
			"rotation": {"angle": 0, "axis": "y", "origin": [13.25, 28.5, 12.75]},
			"faces": {
				"north": {"uv": [0, 0, 0.25, 2.75], "texture": "#5"},
				"east": {"uv": [0, 0, 0.25, 2.75], "texture": "#5"},
				"south": {"uv": [0, 0, 0.25, 2.75], "texture": "#5"},
				"west": {"uv": [0, 0, 0.25, 2.75], "texture": "#5"},
				"up": {"uv": [0, 0, 0.25, 0.25], "texture": "#5"},
				"down": {"uv": [0, 0, 0.25, 0.25], "texture": "#5"}
			}
		},
		{
			"name": "blacklines",
			"from": [9.5, 18.25, 5.5],
			"to": [9.75, 21, 5.75],
			"rotation": {"angle": 0, "axis": "y", "origin": [16.25, 28.5, 12.75]},
			"faces": {
				"north": {"uv": [0, 0, 0.25, 2.75], "texture": "#5"},
				"east": {"uv": [0, 0, 0.25, 2.75], "texture": "#5"},
				"south": {"uv": [0, 0, 0.25, 2.75], "texture": "#5"},
				"west": {"uv": [0, 0, 0.25, 2.75], "texture": "#5"},
				"up": {"uv": [0, 0, 0.25, 0.25], "texture": "#5"},
				"down": {"uv": [0, 0, 0.25, 0.25], "texture": "#5"}
			}
		},
		{
			"name": "blacklines",
			"from": [9.5, -0.5, 5.5],
			"to": [9.75, 2.25, 5.75],
			"rotation": {"angle": 0, "axis": "y", "origin": [16.25, 9.75, 12.75]},
			"faces": {
				"north": {"uv": [0, 0, 0.25, 2.75], "texture": "#5"},
				"east": {"uv": [0, 0, 0.25, 2.75], "texture": "#5"},
				"south": {"uv": [0, 0, 0.25, 2.75], "texture": "#5"},
				"west": {"uv": [0, 0, 0.25, 2.75], "texture": "#5"},
				"up": {"uv": [0, 0, 0.25, 0.25], "texture": "#5"},
				"down": {"uv": [0, 0, 0.25, 0.25], "texture": "#5"}
			}
		},
		{
			"name": "blacklines",
			"from": [6.5, -0.5, 5.5],
			"to": [6.75, 2.25, 5.75],
			"rotation": {"angle": 0, "axis": "y", "origin": [13.25, 9.75, 12.75]},
			"faces": {
				"north": {"uv": [0, 0, 0.25, 2.75], "texture": "#5"},
				"east": {"uv": [0, 0, 0.25, 2.75], "texture": "#5"},
				"south": {"uv": [0, 0, 0.25, 2.75], "texture": "#5"},
				"west": {"uv": [0, 0, 0.25, 2.75], "texture": "#5"},
				"up": {"uv": [0, 0, 0.25, 0.25], "texture": "#5"},
				"down": {"uv": [0, 0, 0.25, 0.25], "texture": "#5"}
			}
		},
		{
			"name": "large",
			"from": [8, 11.75, 11.75],
			"to": [8.25, 30, 12],
			"rotation": {"angle": 0, "axis": "y", "origin": [14.75, 31, 19]},
			"faces": {
				"north": {"uv": [0, 0, 0.25, 16], "texture": "#3"},
				"east": {"uv": [0, 0, 0.25, 16], "texture": "#3"},
				"south": {"uv": [0, 0, 0.25, 16], "texture": "#3"},
				"west": {"uv": [0, 0, 0.25, 16], "texture": "#3"},
				"up": {"uv": [0, 0, 0.25, 0.25], "texture": "#3"},
				"down": {"uv": [0, 0, 0.25, 0.25], "texture": "#3"}
			}
		},
		{
			"name": "large",
			"from": [8, -6.5, 11.75],
			"to": [8.25, 11.75, 12],
			"rotation": {"angle": 0, "axis": "y", "origin": [14.75, 12.75, 19]},
			"faces": {
				"north": {"uv": [0, 0, 0.25, 16], "texture": "#3"},
				"east": {"uv": [0, 0, 0.25, 16], "texture": "#3"},
				"south": {"uv": [0, 0, 0.25, 16], "texture": "#3"},
				"west": {"uv": [0, 0, 0.25, 16], "texture": "#3"},
				"up": {"uv": [0, 0, 0.25, 0.25], "texture": "#3"},
				"down": {"uv": [0, 0, 0.25, 0.25], "texture": "#3"}
			}
		}
	],
	"display": {
		"thirdperson_righthand": {
			"translation": [0, -5.75, 0],
			"scale": [0.66, 0.66, 0.66]
		},
		"thirdperson_lefthand": {
			"translation": [0, -4, 0],
			"scale": [0.66, 0.66, 0.66]
		},
		"firstperson_righthand": {
			"translation": [5.25, 0, 0]
		},
		"firstperson_lefthand": {
			"translation": [4, 0, 0]
		},
		"ground": {
			"rotation": [-45, 0, 0],
			"translation": [0, 5.25, 0],
			"scale": [0.64, 0.64, 0.64]
		},
		"gui": {
			"rotation": [90, -45, 90],
			"translation": [2.25, -0.25, 0],
			"scale": [0.48, 0.48, 0.48]
		}
	},
	"groups": [
		{
			"name": "grip",
			"origin": [8, 8, 8],
			"children": [0, 1, 2, 3, 4, 5, 6, 7, 8, 9, 10]
		},
		{
			"name": "top",
			"origin": [8, 8, 8],
			"children": [11, 12, 13, 14, 15, 16, 17, 18]
		},
		{
			"name": "bottom",
			"origin": [8, 8, 8],
			"children": [19, 20, 21, 22, 23, 24, 25, 26, 27, 28, 29, 30, 31, 32, 33, 34]
		},
		{
			"name": "string",
			"origin": [8, 8, 8],
			"children": [35]
		},
		{
			"name": "stringbottom",
			"origin": [8, 8, 8],
			"children": [36]
		}
	]
}