{
	"credit": "Made with Blockbench",
	"textures": {
		"0": "block/redstone_block",
		"1": "block/black_concrete_powder",
		"2": "block/black_concrete",
		"3": "block/andesite",
		"particle": "block/redstone_block"
	},
	"elements": [
		{
			"from": [6.66667, 19.33333, -10.66667],
			"to": [9.33333, 20.33333, -5.16667],
			"rotation": {"angle": 0, "axis": "y", "origin": [0, 5.5, -10.83333]},
			"faces": {
				"north": {"uv": [0, 0, 2.66667, 1], "texture": "#2"},
				"east": {"uv": [0, 0, 5.5, 1], "texture": "#2"},
				"south": {"uv": [0, 0, 2.66667, 1], "texture": "#2"},
				"west": {"uv": [0, 0, 5.5, 1], "texture": "#2"},
				"up": {"uv": [0, 0, 2.66667, 5.5], "texture": "#2"},
				"down": {"uv": [0, 0, 2.66667, 5.5], "texture": "#2"}
			}
		},
		{
			"from": [6.91667, 17.73333, -10.21667],
			"to": [9.08333, 18.55833, -6.26667],
			"rotation": {"angle": 0, "axis": "y", "origin": [0, 5.5, -10.83333]},
			"faces": {
				"north": {"uv": [0, 0, 2.16667, 0.825], "texture": "#2"},
				"east": {"uv": [0, 0, 3.95, 0.825], "texture": "#2"},
				"south": {"uv": [0, 0, 2.16667, 0.825], "texture": "#2"},
				"west": {"uv": [0, 0, 3.95, 0.825], "texture": "#2"},
				"up": {"uv": [0, 0, 2.16667, 3.95], "texture": "#2"},
				"down": {"uv": [0, 0, 2.16667, 3.95], "texture": "#2"}
			}
		},
		{
			"from": [6.66667, 17.75833, -6.26667],
			"to": [9.33333, 19.43333, -5.16667],
			"rotation": {"angle": 0, "axis": "y", "origin": [0, 5.5, -10.83333]},
			"faces": {
				"north": {"uv": [0, 0, 2.66667, 1.675], "texture": "#2"},
				"east": {"uv": [0, 0, 1.1, 1.675], "texture": "#2"},
				"south": {"uv": [0, 0, 2.66667, 1.675], "texture": "#2"},
				"west": {"uv": [0, 0, 1.1, 1.675], "texture": "#2"},
				"up": {"uv": [0, 0, 2.66667, 1.1], "texture": "#2"},
				"down": {"uv": [0, 0, 2.66667, 1.1], "texture": "#2"}
			}
		},
		{
			"from": [6.66667, 20.33333, -8.66667],
			"to": [9.33333, 21.33333, -5.16667],
			"rotation": {"angle": 0, "axis": "y", "origin": [0, 5.5, -10.83333]},
			"faces": {
				"north": {"uv": [0, 0, 2.66667, 1], "texture": "#2"},
				"east": {"uv": [0, 0, 3.5, 1], "texture": "#2"},
				"south": {"uv": [0, 0, 2.66667, 1], "texture": "#2"},
				"west": {"uv": [0, 0, 3.5, 1], "texture": "#2"},
				"up": {"uv": [0, 0, 2.66667, 3.5], "texture": "#2"},
				"down": {"uv": [0, 0, 2.66667, 3.5], "texture": "#2"}
			}
		},
		{
			"from": [6.39167, 17.58333, -5.19167],
			"to": [9.60833, 22.18333, -4.09167],
			"rotation": {"angle": 0, "axis": "y", "origin": [0, 5.5, -10.83333]},
			"faces": {
				"north": {"uv": [0, 0, 3.21667, 4.6], "texture": "#2"},
				"east": {"uv": [0, 0, 1.1, 4.6], "texture": "#2"},
				"south": {"uv": [0, 0, 3.21667, 4.6], "texture": "#2"},
				"west": {"uv": [0, 0, 1.1, 4.6], "texture": "#2"},
				"up": {"uv": [0, 0, 3.21667, 1.1], "texture": "#2"},
				"down": {"uv": [0, 0, 3.21667, 1.1], "texture": "#2"}
			}
		},
		{
			"from": [6.39167, 17.00833, -4.11667],
			"to": [9.60833, 21.60833, -2.16667],
			"rotation": {"angle": 0, "axis": "y", "origin": [0, 5.5, -10.83333]},
			"faces": {
				"north": {"uv": [0, 0, 3.21667, 4.6], "texture": "#2"},
				"east": {"uv": [0, 0, 1.95, 4.6], "texture": "#2"},
				"south": {"uv": [0, 0, 3.21667, 4.6], "texture": "#2"},
				"west": {"uv": [0, 0, 1.95, 4.6], "texture": "#2"},
				"up": {"uv": [0, 0, 3.21667, 1.95], "texture": "#2"},
				"down": {"uv": [0, 0, 3.21667, 1.95], "texture": "#2"}
			}
		},
		{
			"from": [6.39167, 14.93333, -2.99167],
			"to": [9.60833, 19.53333, -1.04167],
			"rotation": {"angle": 0, "axis": "y", "origin": [0, 5.5, -10.83333]},
			"faces": {
				"north": {"uv": [0, 0, 3.21667, 4.6], "texture": "#2"},
				"east": {"uv": [0, 0, 1.95, 4.6], "texture": "#2"},
				"south": {"uv": [0, 0, 3.21667, 4.6], "texture": "#2"},
				"west": {"uv": [0, 0, 1.95, 4.6], "texture": "#2"},
				"up": {"uv": [0, 0, 3.21667, 1.95], "texture": "#2"},
				"down": {"uv": [0, 0, 3.21667, 1.95], "texture": "#2"}
			}
		},
		{
			"from": [7.36667, 19.70833, -11.05],
			"to": [8.63333, 20.70833, -10.225],
			"rotation": {"angle": 0, "axis": "y", "origin": [0, 5.5, -10.83333]},
			"faces": {
				"north": {"uv": [0, 0, 1.26667, 1], "texture": "#2"},
				"east": {"uv": [0, 0, 0.825, 1], "texture": "#2"},
				"south": {"uv": [0, 0, 1.26667, 1], "texture": "#2"},
				"west": {"uv": [0, 0, 0.825, 1], "texture": "#2"},
				"up": {"uv": [0, 0, 1.26667, 0.825], "texture": "#2"},
				"down": {"uv": [0, 0, 1.26667, 0.825], "texture": "#2"}
			}
		},
		{
			"from": [6.54167, 20.33333, -6.55],
			"to": [9.45833, 21.33333, -5.725],
			"rotation": {"angle": 0, "axis": "y", "origin": [0, 5.5, -10.83333]},
			"faces": {
				"north": {"uv": [0, 0, 2.91667, 1], "texture": "#0"},
				"east": {"uv": [0, 0, 0.825, 1], "texture": "#0"},
				"south": {"uv": [0, 0, 2.91667, 1], "texture": "#0"},
				"west": {"uv": [0, 0, 0.825, 1], "texture": "#0"},
				"up": {"uv": [0, 0, 2.91667, 0.825], "texture": "#0"},
				"down": {"uv": [0, 0, 2.91667, 0.825], "texture": "#0"}
			}
		},
		{
			"from": [6.01667, 21.55833, -5.1],
			"to": [6.78333, 23.60833, -4.275],
			"rotation": {"angle": 0, "axis": "y", "origin": [0, 5.5, -10.83333]},
			"faces": {
				"north": {"uv": [0, 0, 0.76667, 2.05], "texture": "#2"},
				"east": {"uv": [0, 0, 0.825, 2.05], "texture": "#2"},
				"south": {"uv": [0, 0, 0.76667, 2.05], "texture": "#2"},
				"west": {"uv": [0, 0, 0.825, 2.05], "texture": "#2"},
				"up": {"uv": [0, 0, 0.76667, 0.825], "texture": "#2"},
				"down": {"uv": [0, 0, 0.76667, 0.825], "texture": "#2"}
			}
		},
		{
			"from": [6.04167, 23.60833, -4.85],
			"to": [6.75833, 24.45833, -4.525],
			"rotation": {"angle": 0, "axis": "y", "origin": [0, 5.5, -10.83333]},
			"faces": {
				"north": {"uv": [0, 0, 0.71667, 0.85], "texture": "#2"},
				"east": {"uv": [0, 0, 0.325, 0.85], "texture": "#2"},
				"south": {"uv": [0, 0, 0.71667, 0.85], "texture": "#2"},
				"west": {"uv": [0, 0, 0.325, 0.85], "texture": "#2"},
				"up": {"uv": [0, 0, 0.71667, 0.325], "texture": "#2"},
				"down": {"uv": [0, 0, 0.71667, 0.325], "texture": "#2"}
			}
		},
		{
			"from": [6.89167, 18.93333, -10.45],
			"to": [6.95833, 19.43333, -10.125],
			"rotation": {"angle": 0, "axis": "y", "origin": [0, 5.5, -10.83333]},
			"faces": {
				"north": {"uv": [0, 0, 0.06667, 0.5], "texture": "#3"},
				"east": {"uv": [0, 0, 0.325, 0.5], "texture": "#3"},
				"south": {"uv": [0, 0, 0.06667, 0.5], "texture": "#3"},
				"west": {"uv": [0, 0, 0.325, 0.5], "texture": "#3"},
				"up": {"uv": [0, 0, 0.06667, 0.325], "texture": "#3"},
				"down": {"uv": [0, 0, 0.06667, 0.325], "texture": "#3"}
			}
		},
		{
			"from": [6.89167, 18.70833, -10.325],
			"to": [6.95833, 18.93333, -10.125],
			"rotation": {"angle": 0, "axis": "y", "origin": [0, 5.5, -10.83333]},
			"faces": {
				"north": {"uv": [0, 0, 0.06667, 0.225], "texture": "#3"},
				"east": {"uv": [0, 0, 0.2, 0.225], "texture": "#3"},
				"south": {"uv": [0, 0, 0.06667, 0.225], "texture": "#3"},
				"west": {"uv": [0, 0, 0.2, 0.225], "texture": "#3"},
				"up": {"uv": [0, 0, 0.06667, 0.2], "texture": "#3"},
				"down": {"uv": [0, 0, 0.06667, 0.2], "texture": "#3"}
			}
		},
		{
			"from": [9.04167, 18.70833, -10.325],
			"to": [9.10833, 18.93333, -10.125],
			"rotation": {"angle": 0, "axis": "y", "origin": [0, 5.5, -10.83333]},
			"faces": {
				"north": {"uv": [0, 0, 0.06667, 0.225], "texture": "#3"},
				"east": {"uv": [0, 0, 0.2, 0.225], "texture": "#3"},
				"south": {"uv": [0, 0, 0.06667, 0.225], "texture": "#3"},
				"west": {"uv": [0, 0, 0.2, 0.225], "texture": "#3"},
				"up": {"uv": [0, 0, 0.06667, 0.2], "texture": "#3"},
				"down": {"uv": [0, 0, 0.06667, 0.2], "texture": "#3"}
			}
		},
		{
			"from": [9.04167, 18.93333, -10.45],
			"to": [9.10833, 19.43333, -10.125],
			"rotation": {"angle": 0, "axis": "y", "origin": [0, 5.5, -10.83333]},
			"faces": {
				"north": {"uv": [0, 0, 0.06667, 0.5], "texture": "#3"},
				"east": {"uv": [0, 0, 0.325, 0.5], "texture": "#3"},
				"south": {"uv": [0, 0, 0.06667, 0.5], "texture": "#3"},
				"west": {"uv": [0, 0, 0.325, 0.5], "texture": "#3"},
				"up": {"uv": [0, 0, 0.06667, 0.325], "texture": "#3"},
				"down": {"uv": [0, 0, 0.06667, 0.325], "texture": "#3"}
			}
		},
		{
			"from": [9.19167, 23.60833, -4.85],
			"to": [9.90833, 24.45833, -4.525],
			"rotation": {"angle": 0, "axis": "y", "origin": [0, 5.5, -10.83333]},
			"faces": {
				"north": {"uv": [0, 0, 0.71667, 0.85], "texture": "#2"},
				"east": {"uv": [0, 0, 0.325, 0.85], "texture": "#2"},
				"south": {"uv": [0, 0, 0.71667, 0.85], "texture": "#2"},
				"west": {"uv": [0, 0, 0.325, 0.85], "texture": "#2"},
				"up": {"uv": [0, 0, 0.71667, 0.325], "texture": "#2"},
				"down": {"uv": [0, 0, 0.71667, 0.325], "texture": "#2"}
			}
		},
		{
			"from": [9.19167, 21.55833, -5.1],
			"to": [9.95833, 23.60833, -4.275],
			"rotation": {"angle": 0, "axis": "y", "origin": [0, 5.5, -10.83333]},
			"faces": {
				"north": {"uv": [0, 0, 0.76667, 2.05], "texture": "#2"},
				"east": {"uv": [0, 0, 0.825, 2.05], "texture": "#2"},
				"south": {"uv": [0, 0, 0.76667, 2.05], "texture": "#2"},
				"west": {"uv": [0, 0, 0.825, 2.05], "texture": "#2"},
				"up": {"uv": [0, 0, 0.76667, 0.825], "texture": "#2"},
				"down": {"uv": [0, 0, 0.76667, 0.825], "texture": "#2"}
			}
		},
		{
			"from": [6.33333, 21.33333, -7.66667],
			"to": [9.66667, 21.93333, -5.16667],
			"rotation": {"angle": 0, "axis": "y", "origin": [0, 5.5, -10.83333]},
			"faces": {
				"north": {"uv": [0, 0, 3.33333, 0.6], "texture": "#2"},
				"east": {"uv": [0, 0, 2.5, 0.6], "texture": "#2"},
				"south": {"uv": [0, 0, 3.33333, 0.6], "texture": "#2"},
				"west": {"uv": [0, 0, 2.5, 0.6], "texture": "#2"},
				"up": {"uv": [0, 0, 3.33333, 2.5], "texture": "#2"},
				"down": {"uv": [0, 0, 3.33333, 2.5], "texture": "#2"}
			}
		},
		{
			"from": [6.30833, 19.33333, -7.89167],
			"to": [6.66667, 20.33333, -5.16667],
			"rotation": {"angle": 0, "axis": "y", "origin": [0, 5.5, -10.83333]},
			"faces": {
				"north": {"uv": [0, 0, 0.35833, 1], "texture": "#2"},
				"east": {"uv": [0, 0, 2.725, 1], "texture": "#2"},
				"south": {"uv": [0, 0, 0.35833, 1], "texture": "#2"},
				"west": {"uv": [0, 0, 2.725, 1], "texture": "#2"},
				"up": {"uv": [0, 0, 0.35833, 2.725], "texture": "#2"},
				"down": {"uv": [0, 0, 0.35833, 2.725], "texture": "#2"}
			}
		},
		{
			"from": [9.30833, 19.33333, -7.89167],
			"to": [9.66667, 20.33333, -5.16667],
			"rotation": {"angle": 0, "axis": "y", "origin": [0, 5.5, -10.83333]},
			"faces": {
				"north": {"uv": [0, 0, 0.35833, 1], "texture": "#2"},
				"east": {"uv": [0, 0, 2.725, 1], "texture": "#2"},
				"south": {"uv": [0, 0, 0.35833, 1], "texture": "#2"},
				"west": {"uv": [0, 0, 2.725, 1], "texture": "#2"},
				"up": {"uv": [0, 0, 0.35833, 2.725], "texture": "#2"},
				"down": {"uv": [0, 0, 0.35833, 2.725], "texture": "#2"}
			}
		},
		{
			"from": [-0.55833, 18.20833, -8.96667],
			"to": [2.10833, 19.20833, -3.46667],
			"rotation": {"angle": 22.5, "axis": "y", "origin": [0, 5.5, -10.83333]},
			"faces": {
				"north": {"uv": [0, 0, 2.66667, 1], "texture": "#2"},
				"east": {"uv": [0, 0, 5.5, 1], "texture": "#2"},
				"south": {"uv": [0, 0, 2.66667, 1], "texture": "#2"},
				"west": {"uv": [0, 0, 5.5, 1], "texture": "#2"},
				"up": {"uv": [0, 0, 2.66667, 5.5], "texture": "#2"},
				"down": {"uv": [0, 0, 2.66667, 5.5], "texture": "#2"}
			}
		},
		{
			"from": [-0.30833, 16.60833, -8.51667],
			"to": [1.85833, 17.43333, -4.56667],
			"rotation": {"angle": 22.5, "axis": "y", "origin": [0, 5.5, -10.83333]},
			"faces": {
				"north": {"uv": [0, 0, 2.16667, 0.825], "texture": "#2"},
				"east": {"uv": [0, 0, 3.95, 0.825], "texture": "#2"},
				"south": {"uv": [0, 0, 2.16667, 0.825], "texture": "#2"},
				"west": {"uv": [0, 0, 3.95, 0.825], "texture": "#2"},
				"up": {"uv": [0, 0, 2.16667, 3.95], "texture": "#2"},
				"down": {"uv": [0, 0, 2.16667, 3.95], "texture": "#2"}
			}
		},
		{
			"from": [-0.55833, 16.63333, -4.56667],
			"to": [2.10833, 18.30833, -3.46667],
			"rotation": {"angle": 22.5, "axis": "y", "origin": [0, 5.5, -10.83333]},
			"faces": {
				"north": {"uv": [0, 0, 2.66667, 1.675], "texture": "#2"},
				"east": {"uv": [0, 0, 1.1, 1.675], "texture": "#2"},
				"south": {"uv": [0, 0, 2.66667, 1.675], "texture": "#2"},
				"west": {"uv": [0, 0, 1.1, 1.675], "texture": "#2"},
				"up": {"uv": [0, 0, 2.66667, 1.1], "texture": "#2"},
				"down": {"uv": [0, 0, 2.66667, 1.1], "texture": "#2"}
			}
		},
		{
			"from": [-0.55833, 19.20833, -6.96667],
			"to": [2.10833, 20.20833, -3.46667],
			"rotation": {"angle": 22.5, "axis": "y", "origin": [0, 5.5, -10.83333]},
			"faces": {
				"north": {"uv": [0, 0, 2.66667, 1], "texture": "#2"},
				"east": {"uv": [0, 0, 3.5, 1], "texture": "#2"},
				"south": {"uv": [0, 0, 2.66667, 1], "texture": "#2"},
				"west": {"uv": [0, 0, 3.5, 1], "texture": "#2"},
				"up": {"uv": [0, 0, 2.66667, 3.5], "texture": "#2"},
				"down": {"uv": [0, 0, 2.66667, 3.5], "texture": "#2"}
			}
		},
		{
			"from": [-0.83333, 16.45833, -3.49167],
			"to": [2.38333, 21.05833, -2.39167],
			"rotation": {"angle": 22.5, "axis": "y", "origin": [0, 5.5, -10.83333]},
			"faces": {
				"north": {"uv": [0, 0, 3.21667, 4.6], "texture": "#2"},
				"east": {"uv": [0, 0, 1.1, 4.6], "texture": "#2"},
				"south": {"uv": [0, 0, 3.21667, 4.6], "texture": "#2"},
				"west": {"uv": [0, 0, 1.1, 4.6], "texture": "#2"},
				"up": {"uv": [0, 0, 3.21667, 1.1], "texture": "#2"},
				"down": {"uv": [0, 0, 3.21667, 1.1], "texture": "#2"}
			}
		},
		{
			"from": [-0.83333, 15.88333, -2.41667],
			"to": [2.38333, 20.48333, -0.46667],
			"rotation": {"angle": 22.5, "axis": "y", "origin": [0, 5.5, -10.83333]},
			"faces": {
				"north": {"uv": [0, 0, 3.21667, 4.6], "texture": "#2"},
				"east": {"uv": [0, 0, 1.95, 4.6], "texture": "#2"},
				"south": {"uv": [0, 0, 3.21667, 4.6], "texture": "#2"},
				"west": {"uv": [0, 0, 1.95, 4.6], "texture": "#2"},
				"up": {"uv": [0, 0, 3.21667, 1.95], "texture": "#2"},
				"down": {"uv": [0, 0, 3.21667, 1.95], "texture": "#2"}
			}
		},
		{
			"from": [-0.83333, 13.80833, -1.29167],
			"to": [2.38333, 18.40833, 0.65833],
			"rotation": {"angle": 22.5, "axis": "y", "origin": [0, 5.5, -10.83333]},
			"faces": {
				"north": {"uv": [0, 0, 3.21667, 4.6], "texture": "#2"},
				"east": {"uv": [0, 0, 1.95, 4.6], "texture": "#2"},
				"south": {"uv": [0, 0, 3.21667, 4.6], "texture": "#2"},
				"west": {"uv": [0, 0, 1.95, 4.6], "texture": "#2"},
				"up": {"uv": [0, 0, 3.21667, 1.95], "texture": "#2"},
				"down": {"uv": [0, 0, 3.21667, 1.95], "texture": "#2"}
			}
		},
		{
			"from": [0.14167, 18.58333, -9.35],
			"to": [1.40833, 19.58333, -8.525],
			"rotation": {"angle": 22.5, "axis": "y", "origin": [0, 5.5, -10.83333]},
			"faces": {
				"north": {"uv": [0, 0, 1.26667, 1], "texture": "#2"},
				"east": {"uv": [0, 0, 0.825, 1], "texture": "#2"},
				"south": {"uv": [0, 0, 1.26667, 1], "texture": "#2"},
				"west": {"uv": [0, 0, 0.825, 1], "texture": "#2"},
				"up": {"uv": [0, 0, 1.26667, 0.825], "texture": "#2"},
				"down": {"uv": [0, 0, 1.26667, 0.825], "texture": "#2"}
			}
		},
		{
			"from": [-0.68333, 19.20833, -4.85],
			"to": [2.23333, 20.20833, -4.025],
			"rotation": {"angle": 22.5, "axis": "y", "origin": [0, 5.5, -10.83333]},
			"faces": {
				"north": {"uv": [0, 0, 2.91667, 1], "texture": "#0"},
				"east": {"uv": [0, 0, 0.825, 1], "texture": "#0"},
				"south": {"uv": [0, 0, 2.91667, 1], "texture": "#0"},
				"west": {"uv": [0, 0, 0.825, 1], "texture": "#0"},
				"up": {"uv": [0, 0, 2.91667, 0.825], "texture": "#0"},
				"down": {"uv": [0, 0, 2.91667, 0.825], "texture": "#0"}
			}
		},
		{
			"from": [-1.20833, 20.43333, -3.4],
			"to": [-0.44167, 22.48333, -2.575],
			"rotation": {"angle": 22.5, "axis": "y", "origin": [0, 5.5, -10.83333]},
			"faces": {
				"north": {"uv": [0, 0, 0.76667, 2.05], "texture": "#2"},
				"east": {"uv": [0, 0, 0.825, 2.05], "texture": "#2"},
				"south": {"uv": [0, 0, 0.76667, 2.05], "texture": "#2"},
				"west": {"uv": [0, 0, 0.825, 2.05], "texture": "#2"},
				"up": {"uv": [0, 0, 0.76667, 0.825], "texture": "#2"},
				"down": {"uv": [0, 0, 0.76667, 0.825], "texture": "#2"}
			}
		},
		{
			"from": [-1.18333, 22.48333, -3.15],
			"to": [-0.46667, 23.33333, -2.825],
			"rotation": {"angle": 22.5, "axis": "y", "origin": [0, 5.5, -10.83333]},
			"faces": {
				"north": {"uv": [0, 0, 0.71667, 0.85], "texture": "#2"},
				"east": {"uv": [0, 0, 0.325, 0.85], "texture": "#2"},
				"south": {"uv": [0, 0, 0.71667, 0.85], "texture": "#2"},
				"west": {"uv": [0, 0, 0.325, 0.85], "texture": "#2"},
				"up": {"uv": [0, 0, 0.71667, 0.325], "texture": "#2"},
				"down": {"uv": [0, 0, 0.71667, 0.325], "texture": "#2"}
			}
		},
		{
			"from": [-0.33333, 17.80833, -8.75],
			"to": [-0.26667, 18.30833, -8.425],
			"rotation": {"angle": 22.5, "axis": "y", "origin": [0, 5.5, -10.83333]},
			"faces": {
				"north": {"uv": [0, 0, 0.06667, 0.5], "texture": "#3"},
				"east": {"uv": [0, 0, 0.325, 0.5], "texture": "#3"},
				"south": {"uv": [0, 0, 0.06667, 0.5], "texture": "#3"},
				"west": {"uv": [0, 0, 0.325, 0.5], "texture": "#3"},
				"up": {"uv": [0, 0, 0.06667, 0.325], "texture": "#3"},
				"down": {"uv": [0, 0, 0.06667, 0.325], "texture": "#3"}
			}
		},
		{
			"from": [-0.33333, 17.58333, -8.625],
			"to": [-0.26667, 17.80833, -8.425],
			"rotation": {"angle": 22.5, "axis": "y", "origin": [0, 5.5, -10.83333]},
			"faces": {
				"north": {"uv": [0, 0, 0.06667, 0.225], "texture": "#3"},
				"east": {"uv": [0, 0, 0.2, 0.225], "texture": "#3"},
				"south": {"uv": [0, 0, 0.06667, 0.225], "texture": "#3"},
				"west": {"uv": [0, 0, 0.2, 0.225], "texture": "#3"},
				"up": {"uv": [0, 0, 0.06667, 0.2], "texture": "#3"},
				"down": {"uv": [0, 0, 0.06667, 0.2], "texture": "#3"}
			}
		},
		{
			"from": [1.81667, 17.58333, -8.625],
			"to": [1.88333, 17.80833, -8.425],
			"rotation": {"angle": 22.5, "axis": "y", "origin": [0, 5.5, -10.83333]},
			"faces": {
				"north": {"uv": [0, 0, 0.06667, 0.225], "texture": "#3"},
				"east": {"uv": [0, 0, 0.2, 0.225], "texture": "#3"},
				"south": {"uv": [0, 0, 0.06667, 0.225], "texture": "#3"},
				"west": {"uv": [0, 0, 0.2, 0.225], "texture": "#3"},
				"up": {"uv": [0, 0, 0.06667, 0.2], "texture": "#3"},
				"down": {"uv": [0, 0, 0.06667, 0.2], "texture": "#3"}
			}
		},
		{
			"from": [1.81667, 17.80833, -8.75],
			"to": [1.88333, 18.30833, -8.425],
			"rotation": {"angle": 22.5, "axis": "y", "origin": [0, 5.5, -10.83333]},
			"faces": {
				"north": {"uv": [0, 0, 0.06667, 0.5], "texture": "#3"},
				"east": {"uv": [0, 0, 0.325, 0.5], "texture": "#3"},
				"south": {"uv": [0, 0, 0.06667, 0.5], "texture": "#3"},
				"west": {"uv": [0, 0, 0.325, 0.5], "texture": "#3"},
				"up": {"uv": [0, 0, 0.06667, 0.325], "texture": "#3"},
				"down": {"uv": [0, 0, 0.06667, 0.325], "texture": "#3"}
			}
		},
		{
			"from": [1.96667, 22.48333, -3.15],
			"to": [2.68333, 23.33333, -2.825],
			"rotation": {"angle": 22.5, "axis": "y", "origin": [0, 5.5, -10.83333]},
			"faces": {
				"north": {"uv": [0, 0, 0.71667, 0.85], "texture": "#2"},
				"east": {"uv": [0, 0, 0.325, 0.85], "texture": "#2"},
				"south": {"uv": [0, 0, 0.71667, 0.85], "texture": "#2"},
				"west": {"uv": [0, 0, 0.325, 0.85], "texture": "#2"},
				"up": {"uv": [0, 0, 0.71667, 0.325], "texture": "#2"},
				"down": {"uv": [0, 0, 0.71667, 0.325], "texture": "#2"}
			}
		},
		{
			"from": [1.96667, 20.43333, -3.4],
			"to": [2.73333, 22.48333, -2.575],
			"rotation": {"angle": 22.5, "axis": "y", "origin": [0, 5.5, -10.83333]},
			"faces": {
				"north": {"uv": [0, 0, 0.76667, 2.05], "texture": "#2"},
				"east": {"uv": [0, 0, 0.825, 2.05], "texture": "#2"},
				"south": {"uv": [0, 0, 0.76667, 2.05], "texture": "#2"},
				"west": {"uv": [0, 0, 0.825, 2.05], "texture": "#2"},
				"up": {"uv": [0, 0, 0.76667, 0.825], "texture": "#2"},
				"down": {"uv": [0, 0, 0.76667, 0.825], "texture": "#2"}
			}
		},
		{
			"from": [-0.89167, 20.20833, -5.96667],
			"to": [2.44167, 20.80833, -3.46667],
			"rotation": {"angle": 22.5, "axis": "y", "origin": [0, 5.5, -10.83333]},
			"faces": {
				"north": {"uv": [0, 0, 3.33333, 0.6], "texture": "#2"},
				"east": {"uv": [0, 0, 2.5, 0.6], "texture": "#2"},
				"south": {"uv": [0, 0, 3.33333, 0.6], "texture": "#2"},
				"west": {"uv": [0, 0, 2.5, 0.6], "texture": "#2"},
				"up": {"uv": [0, 0, 3.33333, 2.5], "texture": "#2"},
				"down": {"uv": [0, 0, 3.33333, 2.5], "texture": "#2"}
			}
		},
		{
			"from": [-0.91667, 18.20833, -6.19167],
			"to": [-0.55833, 19.20833, -3.46667],
			"rotation": {"angle": 22.5, "axis": "y", "origin": [0, 5.5, -10.83333]},
			"faces": {
				"north": {"uv": [0, 0, 0.35833, 1], "texture": "#2"},
				"east": {"uv": [0, 0, 2.725, 1], "texture": "#2"},
				"south": {"uv": [0, 0, 0.35833, 1], "texture": "#2"},
				"west": {"uv": [0, 0, 2.725, 1], "texture": "#2"},
				"up": {"uv": [0, 0, 0.35833, 2.725], "texture": "#2"},
				"down": {"uv": [0, 0, 0.35833, 2.725], "texture": "#2"}
			}
		},
		{
			"from": [2.08333, 18.20833, -6.19167],
			"to": [2.44167, 19.20833, -3.46667],
			"rotation": {"angle": 22.5, "axis": "y", "origin": [0, 5.5, -10.83333]},
			"faces": {
				"north": {"uv": [0, 0, 0.35833, 1], "texture": "#2"},
				"east": {"uv": [0, 0, 2.725, 1], "texture": "#2"},
				"south": {"uv": [0, 0, 0.35833, 1], "texture": "#2"},
				"west": {"uv": [0, 0, 2.725, 1], "texture": "#2"},
				"up": {"uv": [0, 0, 0.35833, 2.725], "texture": "#2"},
				"down": {"uv": [0, 0, 0.35833, 2.725], "texture": "#2"}
			}
		},
		{
			"from": [11.81667, 18.13333, -11.74167],
			"to": [14.48333, 19.13333, -6.24167],
			"rotation": {"angle": -22.5, "axis": "y", "origin": [7.995, 20.27083, -6.73083]},
			"faces": {
				"north": {"uv": [0, 0, 2.66667, 1], "texture": "#2"},
				"east": {"uv": [0, 0, 5.5, 1], "texture": "#2"},
				"south": {"uv": [0, 0, 2.66667, 1], "texture": "#2"},
				"west": {"uv": [0, 0, 5.5, 1], "texture": "#2"},
				"up": {"uv": [0, 0, 2.66667, 5.5], "texture": "#2"},
				"down": {"uv": [0, 0, 2.66667, 5.5], "texture": "#2"}
			}
		},
		{
			"from": [12.06667, 16.53333, -11.29167],
			"to": [14.23333, 17.35833, -7.34167],
			"rotation": {"angle": -22.5, "axis": "y", "origin": [7.995, 20.27083, -6.73083]},
			"faces": {
				"north": {"uv": [0, 0, 2.16667, 0.825], "texture": "#2"},
				"east": {"uv": [0, 0, 3.95, 0.825], "texture": "#2"},
				"south": {"uv": [0, 0, 2.16667, 0.825], "texture": "#2"},
				"west": {"uv": [0, 0, 3.95, 0.825], "texture": "#2"},
				"up": {"uv": [0, 0, 2.16667, 3.95], "texture": "#2"},
				"down": {"uv": [0, 0, 2.16667, 3.95], "texture": "#2"}
			}
		},
		{
			"from": [11.81667, 16.55833, -7.34167],
			"to": [14.48333, 18.23333, -6.24167],
			"rotation": {"angle": -22.5, "axis": "y", "origin": [7.995, 20.27083, -6.73083]},
			"faces": {
				"north": {"uv": [0, 0, 2.66667, 1.675], "texture": "#2"},
				"east": {"uv": [0, 0, 1.1, 1.675], "texture": "#2"},
				"south": {"uv": [0, 0, 2.66667, 1.675], "texture": "#2"},
				"west": {"uv": [0, 0, 1.1, 1.675], "texture": "#2"},
				"up": {"uv": [0, 0, 2.66667, 1.1], "texture": "#2"},
				"down": {"uv": [0, 0, 2.66667, 1.1], "texture": "#2"}
			}
		},
		{
			"from": [11.81667, 19.13333, -9.74167],
			"to": [14.48333, 20.13333, -6.24167],
			"rotation": {"angle": -22.5, "axis": "y", "origin": [7.995, 20.27083, -6.73083]},
			"faces": {
				"north": {"uv": [0, 0, 2.66667, 1], "texture": "#2"},
				"east": {"uv": [0, 0, 3.5, 1], "texture": "#2"},
				"south": {"uv": [0, 0, 2.66667, 1], "texture": "#2"},
				"west": {"uv": [0, 0, 3.5, 1], "texture": "#2"},
				"up": {"uv": [0, 0, 2.66667, 3.5], "texture": "#2"},
				"down": {"uv": [0, 0, 2.66667, 3.5], "texture": "#2"}
			}
		},
		{
			"from": [11.54167, 16.38333, -6.26667],
			"to": [14.75833, 20.98333, -5.16667],
			"rotation": {"angle": -22.5, "axis": "y", "origin": [7.995, 20.27083, -6.73083]},
			"faces": {
				"north": {"uv": [0, 0, 3.21667, 4.6], "texture": "#2"},
				"east": {"uv": [0, 0, 1.1, 4.6], "texture": "#2"},
				"south": {"uv": [0, 0, 3.21667, 4.6], "texture": "#2"},
				"west": {"uv": [0, 0, 1.1, 4.6], "texture": "#2"},
				"up": {"uv": [0, 0, 3.21667, 1.1], "texture": "#2"},
				"down": {"uv": [0, 0, 3.21667, 1.1], "texture": "#2"}
			}
		},
		{
			"from": [11.54167, 15.80833, -5.19167],
			"to": [14.75833, 20.40833, -3.24167],
			"rotation": {"angle": -22.5, "axis": "y", "origin": [7.995, 20.27083, -6.73083]},
			"faces": {
				"north": {"uv": [0, 0, 3.21667, 4.6], "texture": "#2"},
				"east": {"uv": [0, 0, 1.95, 4.6], "texture": "#2"},
				"south": {"uv": [0, 0, 3.21667, 4.6], "texture": "#2"},
				"west": {"uv": [0, 0, 1.95, 4.6], "texture": "#2"},
				"up": {"uv": [0, 0, 3.21667, 1.95], "texture": "#2"},
				"down": {"uv": [0, 0, 3.21667, 1.95], "texture": "#2"}
			}
		},
		{
			"from": [11.54167, 13.73333, -4.06667],
			"to": [14.75833, 18.33333, -2.11667],
			"rotation": {"angle": -22.5, "axis": "y", "origin": [7.995, 20.27083, -6.73083]},
			"faces": {
				"north": {"uv": [0, 0, 3.21667, 4.6], "texture": "#2"},
				"east": {"uv": [0, 0, 1.95, 4.6], "texture": "#2"},
				"south": {"uv": [0, 0, 3.21667, 4.6], "texture": "#2"},
				"west": {"uv": [0, 0, 1.95, 4.6], "texture": "#2"},
				"up": {"uv": [0, 0, 3.21667, 1.95], "texture": "#2"},
				"down": {"uv": [0, 0, 3.21667, 1.95], "texture": "#2"}
			}
		},
		{
			"from": [12.51667, 18.50833, -12.125],
			"to": [13.78333, 19.50833, -11.3],
			"rotation": {"angle": -22.5, "axis": "y", "origin": [7.995, 20.27083, -6.73083]},
			"faces": {
				"north": {"uv": [0, 0, 1.26667, 1], "texture": "#2"},
				"east": {"uv": [0, 0, 0.825, 1], "texture": "#2"},
				"south": {"uv": [0, 0, 1.26667, 1], "texture": "#2"},
				"west": {"uv": [0, 0, 0.825, 1], "texture": "#2"},
				"up": {"uv": [0, 0, 1.26667, 0.825], "texture": "#2"},
				"down": {"uv": [0, 0, 1.26667, 0.825], "texture": "#2"}
			}
		},
		{
			"from": [11.69167, 19.13333, -7.625],
			"to": [14.60833, 20.13333, -6.8],
			"rotation": {"angle": -22.5, "axis": "y", "origin": [7.995, 20.27083, -6.73083]},
			"faces": {
				"north": {"uv": [0, 0, 2.91667, 1], "texture": "#0"},
				"east": {"uv": [0, 0, 0.825, 1], "texture": "#0"},
				"south": {"uv": [0, 0, 2.91667, 1], "texture": "#0"},
				"west": {"uv": [0, 0, 0.825, 1], "texture": "#0"},
				"up": {"uv": [0, 0, 2.91667, 0.825], "texture": "#0"},
				"down": {"uv": [0, 0, 2.91667, 0.825], "texture": "#0"}
			}
		},
		{
			"from": [11.16667, 20.35833, -6.175],
			"to": [11.93333, 22.40833, -5.35],
			"rotation": {"angle": -22.5, "axis": "y", "origin": [7.995, 20.27083, -6.73083]},
			"faces": {
				"north": {"uv": [0, 0, 0.76667, 2.05], "texture": "#2"},
				"east": {"uv": [0, 0, 0.825, 2.05], "texture": "#2"},
				"south": {"uv": [0, 0, 0.76667, 2.05], "texture": "#2"},
				"west": {"uv": [0, 0, 0.825, 2.05], "texture": "#2"},
				"up": {"uv": [0, 0, 0.76667, 0.825], "texture": "#2"},
				"down": {"uv": [0, 0, 0.76667, 0.825], "texture": "#2"}
			}
		},
		{
			"from": [11.19167, 22.40833, -5.925],
			"to": [11.90833, 23.25833, -5.6],
			"rotation": {"angle": -22.5, "axis": "y", "origin": [7.995, 20.27083, -6.73083]},
			"faces": {
				"north": {"uv": [0, 0, 0.71667, 0.85], "texture": "#2"},
				"east": {"uv": [0, 0, 0.325, 0.85], "texture": "#2"},
				"south": {"uv": [0, 0, 0.71667, 0.85], "texture": "#2"},
				"west": {"uv": [0, 0, 0.325, 0.85], "texture": "#2"},
				"up": {"uv": [0, 0, 0.71667, 0.325], "texture": "#2"},
				"down": {"uv": [0, 0, 0.71667, 0.325], "texture": "#2"}
			}
		},
		{
			"from": [12.04167, 17.73333, -11.525],
			"to": [12.10833, 18.23333, -11.2],
			"rotation": {"angle": -22.5, "axis": "y", "origin": [7.995, 20.27083, -6.73083]},
			"faces": {
				"north": {"uv": [0, 0, 0.06667, 0.5], "texture": "#3"},
				"east": {"uv": [0, 0, 0.325, 0.5], "texture": "#3"},
				"south": {"uv": [0, 0, 0.06667, 0.5], "texture": "#3"},
				"west": {"uv": [0, 0, 0.325, 0.5], "texture": "#3"},
				"up": {"uv": [0, 0, 0.06667, 0.325], "texture": "#3"},
				"down": {"uv": [0, 0, 0.06667, 0.325], "texture": "#3"}
			}
		},
		{
			"from": [12.04167, 17.50833, -11.4],
			"to": [12.10833, 17.73333, -11.2],
			"rotation": {"angle": -22.5, "axis": "y", "origin": [7.995, 20.27083, -6.73083]},
			"faces": {
				"north": {"uv": [0, 0, 0.06667, 0.225], "texture": "#3"},
				"east": {"uv": [0, 0, 0.2, 0.225], "texture": "#3"},
				"south": {"uv": [0, 0, 0.06667, 0.225], "texture": "#3"},
				"west": {"uv": [0, 0, 0.2, 0.225], "texture": "#3"},
				"up": {"uv": [0, 0, 0.06667, 0.2], "texture": "#3"},
				"down": {"uv": [0, 0, 0.06667, 0.2], "texture": "#3"}
			}
		},
		{
			"from": [14.19167, 17.50833, -11.4],
			"to": [14.25833, 17.73333, -11.2],
			"rotation": {"angle": -22.5, "axis": "y", "origin": [7.995, 20.27083, -6.73083]},
			"faces": {
				"north": {"uv": [0, 0, 0.06667, 0.225], "texture": "#3"},
				"east": {"uv": [0, 0, 0.2, 0.225], "texture": "#3"},
				"south": {"uv": [0, 0, 0.06667, 0.225], "texture": "#3"},
				"west": {"uv": [0, 0, 0.2, 0.225], "texture": "#3"},
				"up": {"uv": [0, 0, 0.06667, 0.2], "texture": "#3"},
				"down": {"uv": [0, 0, 0.06667, 0.2], "texture": "#3"}
			}
		},
		{
			"from": [14.19167, 17.73333, -11.525],
			"to": [14.25833, 18.23333, -11.2],
			"rotation": {"angle": -22.5, "axis": "y", "origin": [7.995, 20.27083, -6.73083]},
			"faces": {
				"north": {"uv": [0, 0, 0.06667, 0.5], "texture": "#3"},
				"east": {"uv": [0, 0, 0.325, 0.5], "texture": "#3"},
				"south": {"uv": [0, 0, 0.06667, 0.5], "texture": "#3"},
				"west": {"uv": [0, 0, 0.325, 0.5], "texture": "#3"},
				"up": {"uv": [0, 0, 0.06667, 0.325], "texture": "#3"},
				"down": {"uv": [0, 0, 0.06667, 0.325], "texture": "#3"}
			}
		},
		{
			"from": [14.34167, 22.40833, -5.925],
			"to": [15.05833, 23.25833, -5.6],
			"rotation": {"angle": -22.5, "axis": "y", "origin": [7.995, 20.27083, -6.73083]},
			"faces": {
				"north": {"uv": [0, 0, 0.71667, 0.85], "texture": "#2"},
				"east": {"uv": [0, 0, 0.325, 0.85], "texture": "#2"},
				"south": {"uv": [0, 0, 0.71667, 0.85], "texture": "#2"},
				"west": {"uv": [0, 0, 0.325, 0.85], "texture": "#2"},
				"up": {"uv": [0, 0, 0.71667, 0.325], "texture": "#2"},
				"down": {"uv": [0, 0, 0.71667, 0.325], "texture": "#2"}
			}
		},
		{
			"from": [14.34167, 20.35833, -6.175],
			"to": [15.10833, 22.40833, -5.35],
			"rotation": {"angle": -22.5, "axis": "y", "origin": [7.995, 20.27083, -6.73083]},
			"faces": {
				"north": {"uv": [0, 0, 0.76667, 2.05], "texture": "#2"},
				"east": {"uv": [0, 0, 0.825, 2.05], "texture": "#2"},
				"south": {"uv": [0, 0, 0.76667, 2.05], "texture": "#2"},
				"west": {"uv": [0, 0, 0.825, 2.05], "texture": "#2"},
				"up": {"uv": [0, 0, 0.76667, 0.825], "texture": "#2"},
				"down": {"uv": [0, 0, 0.76667, 0.825], "texture": "#2"}
			}
		},
		{
			"from": [11.48333, 20.13333, -8.74167],
			"to": [14.81667, 20.73333, -6.24167],
			"rotation": {"angle": -22.5, "axis": "y", "origin": [7.995, 20.27083, -6.73083]},
			"faces": {
				"north": {"uv": [0, 0, 3.33333, 0.6], "texture": "#2"},
				"east": {"uv": [0, 0, 2.5, 0.6], "texture": "#2"},
				"south": {"uv": [0, 0, 3.33333, 0.6], "texture": "#2"},
				"west": {"uv": [0, 0, 2.5, 0.6], "texture": "#2"},
				"up": {"uv": [0, 0, 3.33333, 2.5], "texture": "#2"},
				"down": {"uv": [0, 0, 3.33333, 2.5], "texture": "#2"}
			}
		},
		{
			"from": [11.45833, 18.13333, -8.96667],
			"to": [11.81667, 19.13333, -6.24167],
			"rotation": {"angle": -22.5, "axis": "y", "origin": [7.995, 20.27083, -6.73083]},
			"faces": {
				"north": {"uv": [0, 0, 0.35833, 1], "texture": "#2"},
				"east": {"uv": [0, 0, 2.725, 1], "texture": "#2"},
				"south": {"uv": [0, 0, 0.35833, 1], "texture": "#2"},
				"west": {"uv": [0, 0, 2.725, 1], "texture": "#2"},
				"up": {"uv": [0, 0, 0.35833, 2.725], "texture": "#2"},
				"down": {"uv": [0, 0, 0.35833, 2.725], "texture": "#2"}
			}
		},
		{
			"from": [14.45833, 18.13333, -8.96667],
			"to": [14.81667, 19.13333, -6.24167],
			"rotation": {"angle": -22.5, "axis": "y", "origin": [7.995, 20.27083, -6.73083]},
			"faces": {
				"north": {"uv": [0, 0, 0.35833, 1], "texture": "#2"},
				"east": {"uv": [0, 0, 2.725, 1], "texture": "#2"},
				"south": {"uv": [0, 0, 0.35833, 1], "texture": "#2"},
				"west": {"uv": [0, 0, 2.725, 1], "texture": "#2"},
				"up": {"uv": [0, 0, 0.35833, 2.725], "texture": "#2"},
				"down": {"uv": [0, 0, 0.35833, 2.725], "texture": "#2"}
			}
		},
		{
			"from": [4.9, 8.7, -0.71667],
			"to": [11.1, 16.725, 4.38333],
			"faces": {
				"north": {"uv": [0, 0, 6.2, 8.025], "texture": "#2"},
				"east": {"uv": [0, 0, 5.1, 8.025], "texture": "#2"},
				"south": {"uv": [0, 0, 6.2, 8.025], "texture": "#2"},
				"west": {"uv": [0, 0, 5.1, 8.025], "texture": "#2"},
				"up": {"uv": [0, 0, 6.2, 5.1], "texture": "#2"},
				"down": {"uv": [0, 0, 6.2, 5.1], "texture": "#2"}
			}
		},
		{
			"from": [4.9, 9.8, 4.30833],
			"to": [11.1, 15.45, 9.55833],
			"faces": {
				"north": {"uv": [0, 0, 6.2, 5.65], "texture": "#2"},
				"east": {"uv": [0, 0, 5.25, 5.65], "texture": "#2"},
				"south": {"uv": [0, 0, 6.2, 5.65], "texture": "#2"},
				"west": {"uv": [0, 0, 5.25, 5.65], "texture": "#2"},
				"up": {"uv": [0, 0, 6.2, 5.25], "texture": "#2"},
				"down": {"uv": [0, 0, 6.2, 5.25], "texture": "#2"}
			}
		},
		{
			"from": [6.225, 7.775, 4.30833],
			"to": [9.775, 10.95, 10.93333],
			"faces": {
				"north": {"uv": [0, 0, 3.55, 3.175], "texture": "#2"},
				"east": {"uv": [0, 0, 6.625, 3.175], "texture": "#2"},
				"south": {"uv": [0, 0, 3.55, 3.175], "texture": "#2"},
				"west": {"uv": [0, 0, 6.625, 3.175], "texture": "#2"},
				"up": {"uv": [0, 0, 3.55, 6.625], "texture": "#2"},
				"down": {"uv": [0, 0, 3.55, 6.625], "texture": "#2"}
			}
		},
		{
			"from": [5.875, 7.3, -0.11667],
			"to": [10.125, 10.15, 7.50833],
			"faces": {
				"north": {"uv": [0, 0, 4.25, 2.85], "texture": "#2"},
				"east": {"uv": [0, 0, 7.625, 2.85], "texture": "#2"},
				"south": {"uv": [0, 0, 4.25, 2.85], "texture": "#2"},
				"west": {"uv": [0, 0, 7.625, 2.85], "texture": "#2"},
				"up": {"uv": [0, 0, 4.25, 7.625], "texture": "#2"},
				"down": {"uv": [0, 0, 4.25, 7.625], "texture": "#2"}
			}
		},
		{
			"from": [5.55, 10.55, 9.63333],
			"to": [10.45, 14.7, 13.53333],
			"faces": {
				"north": {"uv": [0, 0, 4.9, 4.15], "texture": "#2"},
				"east": {"uv": [0, 0, 3.9, 4.15], "texture": "#2"},
				"south": {"uv": [0, 0, 4.9, 4.15], "texture": "#2"},
				"west": {"uv": [0, 0, 3.9, 4.15], "texture": "#2"},
				"up": {"uv": [0, 0, 4.9, 3.9], "texture": "#2"},
				"down": {"uv": [0, 0, 4.9, 3.9], "texture": "#2"}
			}
		},
		{
			"from": [6.25, 11.075, 13.65833],
			"to": [9.75, 15.225, 17.40833],
			"faces": {
				"north": {"uv": [0, 0, 3.5, 4.15], "texture": "#2"},
				"east": {"uv": [0, 0, 3.75, 4.15], "texture": "#2"},
				"south": {"uv": [0, 0, 3.5, 4.15], "texture": "#2"},
				"west": {"uv": [0, 0, 3.75, 4.15], "texture": "#2"},
				"up": {"uv": [0, 0, 3.5, 3.75], "texture": "#2"},
				"down": {"uv": [0, 0, 3.5, 3.75], "texture": "#2"}
			}
		},
		{
			"from": [3.875, 7.25, 0],
			"to": [5.25, 12.025, 3.325],
			"faces": {
				"north": {"uv": [0, 0, 1.375, 4.775], "texture": "#2"},
				"east": {"uv": [0, 0, 3.325, 4.775], "texture": "#2"},
				"south": {"uv": [0, 0, 1.375, 4.775], "texture": "#2"},
				"west": {"uv": [0, 0, 3.325, 4.775], "texture": "#2"},
				"up": {"uv": [0, 0, 1.375, 3.325], "texture": "#2"},
				"down": {"uv": [0, 0, 1.375, 3.325], "texture": "#2"}
			}
		},
		{
			"from": [3.5, 7.75, 0.725],
			"to": [3.85, 11.525, 2.6],
			"faces": {
				"north": {"uv": [0, 0, 0.35, 3.775], "texture": "#2"},
				"east": {"uv": [0, 0, 1.875, 3.775], "texture": "#2"},
				"south": {"uv": [0, 0, 0.35, 3.775], "texture": "#2"},
				"west": {"uv": [0, 0, 1.875, 3.775], "texture": "#2"},
				"up": {"uv": [0, 0, 0.35, 1.875], "texture": "#2"},
				"down": {"uv": [0, 0, 0.35, 1.875], "texture": "#2"}
			}
		},
		{
			"from": [4.2, 11.775, 0.725],
			"to": [4.9, 12.975, 2.6],
			"faces": {
				"north": {"uv": [0, 0, 0.7, 1.2], "texture": "#2"},
				"east": {"uv": [0, 0, 1.875, 1.2], "texture": "#2"},
				"south": {"uv": [0, 0, 0.7, 1.2], "texture": "#2"},
				"west": {"uv": [0, 0, 1.875, 1.2], "texture": "#2"},
				"up": {"uv": [0, 0, 0.7, 1.875], "texture": "#2"},
				"down": {"uv": [0, 0, 0.7, 1.875], "texture": "#2"}
			}
		},
		{
			"from": [3.6, 1.35, 0],
			"to": [3.95, 6.625, 1.175],
			"rotation": {"angle": 22.5, "axis": "x", "origin": [3.625, 4.7375, 1.6625]},
			"faces": {
				"north": {"uv": [0, 0, 0.35, 5.275], "texture": "#1"},
				"east": {"uv": [0, 0, 1.175, 5.275], "texture": "#1"},
				"south": {"uv": [0, 0, 0.35, 5.275], "texture": "#1"},
				"west": {"uv": [0, 0, 1.175, 5.275], "texture": "#1"},
				"up": {"uv": [0, 0, 0.35, 1.175], "texture": "#1"},
				"down": {"uv": [0, 0, 0.35, 1.175], "texture": "#1"}
			}
		},
		{
			"from": [3.925, 0.4, 0.025],
			"to": [4.925, 7.3, 1.9],
			"rotation": {"angle": 22.5, "axis": "x", "origin": [3.625, 5.4125, 1.6625]},
			"faces": {
				"north": {"uv": [0, 0, 1, 6.9], "texture": "#1"},
				"east": {"uv": [0, 0, 1.875, 6.9], "texture": "#1"},
				"south": {"uv": [0, 0, 1, 6.9], "texture": "#1"},
				"west": {"uv": [0, 0, 1.875, 6.9], "texture": "#1"},
				"up": {"uv": [0, 0, 1, 1.875], "texture": "#1"},
				"down": {"uv": [0, 0, 1, 1.875], "texture": "#1"}
			}
		},
		{
			"from": [3.2, 0.65, -2.175],
			"to": [5.375, 1.775, -0.025],
			"rotation": {"angle": 0, "axis": "x", "origin": [3.625, 5.4125, 1.6625]},
			"faces": {
				"north": {"uv": [0, 0, 2.175, 1.125], "texture": "#2"},
				"east": {"uv": [0, 0, 2.15, 1.125], "texture": "#2"},
				"south": {"uv": [0, 0, 2.175, 1.125], "texture": "#2"},
				"west": {"uv": [0, 0, 2.15, 1.125], "texture": "#2"},
				"up": {"uv": [0, 0, 2.175, 2.15], "texture": "#2"},
				"down": {"uv": [0, 0, 2.175, 2.15], "texture": "#2"}
			}
		},
		{
			"from": [3.2, 0.65, -2.175],
			"to": [5.375, 1.475, -0.025],
			"rotation": {"angle": 0, "axis": "x", "origin": [3.625, 5.4125, 1.6625]},
			"faces": {
				"north": {"uv": [0, 0, 2.175, 0.825], "texture": "#2"},
				"east": {"uv": [0, 0, 2.15, 0.825], "texture": "#2"},
				"south": {"uv": [0, 0, 2.175, 0.825], "texture": "#2"},
				"west": {"uv": [0, 0, 2.15, 0.825], "texture": "#2"},
				"up": {"uv": [0, 0, 2.175, 2.15], "texture": "#2"},
				"down": {"uv": [0, 0, 2.175, 2.15], "texture": "#2"}
			}
		},
		{
			"from": [3.475, 0.65, -2.9],
			"to": [5.2, 1.7, -2.025],
			"rotation": {"angle": 0, "axis": "x", "origin": [3.625, 5.4125, 1.6625]},
			"faces": {
				"north": {"uv": [0, 0, 1.725, 1.05], "texture": "#2"},
				"east": {"uv": [0, 0, 0.875, 1.05], "texture": "#2"},
				"south": {"uv": [0, 0, 1.725, 1.05], "texture": "#2"},
				"west": {"uv": [0, 0, 0.875, 1.05], "texture": "#2"},
				"up": {"uv": [0, 0, 1.725, 0.875], "texture": "#2"},
				"down": {"uv": [0, 0, 1.725, 0.875], "texture": "#2"}
			}
		},
		{
			"from": [2.55, 0.575, -3.175],
			"to": [3.5, 1.55, -1.75],
			"rotation": {"angle": 0, "axis": "x", "origin": [3.625, 5.4125, 1.6625]},
			"faces": {
				"north": {"uv": [0, 0, 0.95, 0.975], "texture": "#2"},
				"east": {"uv": [0, 0, 1.425, 0.975], "texture": "#2"},
				"south": {"uv": [0, 0, 0.95, 0.975], "texture": "#2"},
				"west": {"uv": [0, 0, 1.425, 0.975], "texture": "#2"},
				"up": {"uv": [0, 0, 0.95, 1.425], "texture": "#2"},
				"down": {"uv": [0, 0, 0.95, 1.425], "texture": "#2"}
			}
		},
		{
			"from": [4.925, 0.575, -3.175],
			"to": [5.875, 1.55, -1.75],
			"rotation": {"angle": 0, "axis": "x", "origin": [3.625, 5.4125, 1.6625]},
			"faces": {
				"north": {"uv": [0, 0, 0.95, 0.975], "texture": "#2"},
				"east": {"uv": [0, 0, 1.425, 0.975], "texture": "#2"},
				"south": {"uv": [0, 0, 0.95, 0.975], "texture": "#2"},
				"west": {"uv": [0, 0, 1.425, 0.975], "texture": "#2"},
				"up": {"uv": [0, 0, 0.95, 1.425], "texture": "#2"},
				"down": {"uv": [0, 0, 0.95, 1.425], "texture": "#2"}
			}
		},
		{
			"from": [4.125, 0.575, -4.25],
			"to": [5.075, 1.7, -2.825],
			"rotation": {"angle": 0, "axis": "x", "origin": [3.625, 5.4125, 1.6625]},
			"faces": {
				"north": {"uv": [0, 0, 0.95, 1.125], "texture": "#2"},
				"east": {"uv": [0, 0, 1.425, 1.125], "texture": "#2"},
				"south": {"uv": [0, 0, 0.95, 1.125], "texture": "#2"},
				"west": {"uv": [0, 0, 1.425, 1.125], "texture": "#2"},
				"up": {"uv": [0, 0, 0.95, 1.425], "texture": "#2"},
				"down": {"uv": [0, 0, 0.95, 1.425], "texture": "#2"}
			}
		},
		{
			"from": [3.2, 0.575, -4.25],
			"to": [4.15, 1.5, -2.825],
			"rotation": {"angle": 0, "axis": "x", "origin": [3.625, 5.4125, 1.6625]},
			"faces": {
				"north": {"uv": [0, 0, 0.95, 0.925], "texture": "#2"},
				"east": {"uv": [0, 0, 1.425, 0.925], "texture": "#2"},
				"south": {"uv": [0, 0, 0.95, 0.925], "texture": "#2"},
				"west": {"uv": [0, 0, 1.425, 0.925], "texture": "#2"},
				"up": {"uv": [0, 0, 0.95, 1.425], "texture": "#2"},
				"down": {"uv": [0, 0, 0.95, 1.425], "texture": "#2"}
			}
		},
		{
			"from": [10.75, 7.25, 0],
			"to": [12.125, 12.025, 3.325],
			"rotation": {"angle": 0, "axis": "y", "origin": [16, 0, 0]},
			"faces": {
				"north": {"uv": [1.375, 0, 0, 4.775], "texture": "#2"},
				"east": {"uv": [3.325, 0, 0, 4.775], "texture": "#2"},
				"south": {"uv": [1.375, 0, 0, 4.775], "texture": "#2"},
				"west": {"uv": [3.325, 0, 0, 4.775], "texture": "#2"},
				"up": {"uv": [1.375, 0, 0, 3.325], "texture": "#2"},
				"down": {"uv": [1.375, 0, 0, 3.325], "texture": "#2"}
			}
		},
		{
			"from": [12.05, 7.75, 0.725],
			"to": [12.4, 11.525, 2.6],
			"rotation": {"angle": 0, "axis": "y", "origin": [16, 0, 0]},
			"faces": {
				"north": {"uv": [0.35, 0, 0.7, 3.775], "texture": "#2"},
				"east": {"uv": [1.875, 0, 3.75, 3.775], "texture": "#2"},
				"south": {"uv": [0.35, 0, 0.7, 3.775], "texture": "#2"},
				"west": {"uv": [1.875, 0, 3.75, 3.775], "texture": "#2"},
				"up": {"uv": [0.35, 0, 0.7, 1.875], "texture": "#2"},
				"down": {"uv": [0.35, 0, 0.7, 1.875], "texture": "#2"}
			}
		},
		{
			"from": [11.1, 11.775, 0.725],
			"to": [11.8, 12.975, 2.6],
			"rotation": {"angle": 0, "axis": "y", "origin": [16, 0, 0]},
			"faces": {
				"north": {"uv": [0.7, 0, 0, 1.2], "texture": "#2"},
				"east": {"uv": [1.875, 0, 0, 1.2], "texture": "#2"},
				"south": {"uv": [0.7, 0, 0, 1.2], "texture": "#2"},
				"west": {"uv": [1.875, 0, 0, 1.2], "texture": "#2"},
				"up": {"uv": [0.7, 0, 0, 1.875], "texture": "#2"},
				"down": {"uv": [0.7, 0, 0, 1.875], "texture": "#2"}
			}
		},
		{
			"from": [12.075, 1.35, 0],
			"to": [12.425, 6.625, 1.175],
			"rotation": {"angle": 22.5, "axis": "x", "origin": [12.375, 4.7375, 1.6625]},
			"faces": {
				"north": {"uv": [0.35, 0, 0.7, 5.275], "texture": "#1"},
				"east": {"uv": [1.175, 0, 2.35, 5.275], "texture": "#1"},
				"south": {"uv": [0.35, 0, 0.7, 5.275], "texture": "#1"},
				"west": {"uv": [1.175, 0, 2.35, 5.275], "texture": "#1"},
				"up": {"uv": [0.35, 0, 0.7, 1.175], "texture": "#1"},
				"down": {"uv": [0.35, 0, 0.7, 1.175], "texture": "#1"}
			}
		},
		{
			"from": [11.075, 0.4, 0.025],
			"to": [12.075, 7.3, 1.9],
			"rotation": {"angle": 22.5, "axis": "x", "origin": [12.375, 5.4125, 1.6625]},
			"faces": {
				"north": {"uv": [1, 0, 0, 6.9], "texture": "#1"},
				"east": {"uv": [1.875, 0, 0, 6.9], "texture": "#1"},
				"south": {"uv": [1, 0, 0, 6.9], "texture": "#1"},
				"west": {"uv": [1.875, 0, 0, 6.9], "texture": "#1"},
				"up": {"uv": [1, 0, 0, 1.875], "texture": "#1"},
				"down": {"uv": [1, 0, 0, 1.875], "texture": "#1"}
			}
		},
		{
			"from": [10.625, 0.65, -2.175],
			"to": [12.8, 1.775, -0.025],
			"rotation": {"angle": 0, "axis": "x", "origin": [12.375, 5.4125, 1.6625]},
			"faces": {
				"north": {"uv": [2.175, 0, 0, 1.125], "texture": "#2"},
				"east": {"uv": [2.15, 0, 0, 1.125], "texture": "#2"},
				"south": {"uv": [2.175, 0, 0, 1.125], "texture": "#2"},
				"west": {"uv": [2.15, 0, 0, 1.125], "texture": "#2"},
				"up": {"uv": [2.175, 0, 0, 2.15], "texture": "#2"},
				"down": {"uv": [2.175, 0, 0, 2.15], "texture": "#2"}
			}
		},
		{
			"from": [10.625, 0.65, -2.175],
			"to": [12.8, 1.475, -0.025],
			"rotation": {"angle": 0, "axis": "x", "origin": [12.375, 5.4125, 1.6625]},
			"faces": {
				"north": {"uv": [2.175, 0, 0, 0.825], "texture": "#2"},
				"east": {"uv": [2.15, 0, 0, 0.825], "texture": "#2"},
				"south": {"uv": [2.175, 0, 0, 0.825], "texture": "#2"},
				"west": {"uv": [2.15, 0, 0, 0.825], "texture": "#2"},
				"up": {"uv": [2.175, 0, 0, 2.15], "texture": "#2"},
				"down": {"uv": [2.175, 0, 0, 2.15], "texture": "#2"}
			}
		},
		{
			"from": [10.8, 0.65, -2.9],
			"to": [12.525, 1.7, -2.025],
			"rotation": {"angle": 0, "axis": "x", "origin": [12.375, 5.4125, 1.6625]},
			"faces": {
				"north": {"uv": [1.725, 0, 0, 1.05], "texture": "#2"},
				"east": {"uv": [0.875, 0, 0, 1.05], "texture": "#2"},
				"south": {"uv": [1.725, 0, 0, 1.05], "texture": "#2"},
				"west": {"uv": [0.875, 0, 0, 1.05], "texture": "#2"},
				"up": {"uv": [1.725, 0, 0, 0.875], "texture": "#2"},
				"down": {"uv": [1.725, 0, 0, 0.875], "texture": "#2"}
			}
		},
		{
			"from": [12.5, 0.575, -3.175],
			"to": [13.45, 1.55, -1.75],
			"rotation": {"angle": 0, "axis": "x", "origin": [12.375, 5.4125, 1.6625]},
			"faces": {
				"north": {"uv": [0.95, 0, 0, 0.975], "texture": "#2"},
				"east": {"uv": [1.425, 0, 0, 0.975], "texture": "#2"},
				"south": {"uv": [0.95, 0, 0, 0.975], "texture": "#2"},
				"west": {"uv": [1.425, 0, 0, 0.975], "texture": "#2"},
				"up": {"uv": [0.95, 0, 0, 1.425], "texture": "#2"},
				"down": {"uv": [0.95, 0, 0, 1.425], "texture": "#2"}
			}
		},
		{
			"from": [10.125, 0.575, -3.175],
			"to": [11.075, 1.55, -1.75],
			"rotation": {"angle": 0, "axis": "x", "origin": [12.375, 5.4125, 1.6625]},
			"faces": {
				"north": {"uv": [0.95, 0, 0, 0.975], "texture": "#2"},
				"east": {"uv": [1.425, 0, 0, 0.975], "texture": "#2"},
				"south": {"uv": [0.95, 0, 0, 0.975], "texture": "#2"},
				"west": {"uv": [1.425, 0, 0, 0.975], "texture": "#2"},
				"up": {"uv": [0.95, 0, 0, 1.425], "texture": "#2"},
				"down": {"uv": [0.95, 0, 0, 1.425], "texture": "#2"}
			}
		},
		{
			"from": [10.925, 0.575, -4.25],
			"to": [11.875, 1.7, -2.825],
			"rotation": {"angle": 0, "axis": "x", "origin": [12.375, 5.4125, 1.6625]},
			"faces": {
				"north": {"uv": [0.95, 0, 0, 1.125], "texture": "#2"},
				"east": {"uv": [1.425, 0, 0, 1.125], "texture": "#2"},
				"south": {"uv": [0.95, 0, 0, 1.125], "texture": "#2"},
				"west": {"uv": [1.425, 0, 0, 1.125], "texture": "#2"},
				"up": {"uv": [0.95, 0, 0, 1.425], "texture": "#2"},
				"down": {"uv": [0.95, 0, 0, 1.425], "texture": "#2"}
			}
		},
		{
			"from": [11.85, 0.575, -4.25],
			"to": [12.8, 1.5, -2.825],
			"rotation": {"angle": 0, "axis": "x", "origin": [12.375, 5.4125, 1.6625]},
			"faces": {
				"north": {"uv": [0.95, 0, 0, 0.925], "texture": "#2"},
				"east": {"uv": [1.425, 0, 0, 0.925], "texture": "#2"},
				"south": {"uv": [0.95, 0, 0, 0.925], "texture": "#2"},
				"west": {"uv": [1.425, 0, 0, 0.925], "texture": "#2"},
				"up": {"uv": [0.95, 0, 0, 1.425], "texture": "#2"},
				"down": {"uv": [0.95, 0, 0, 1.425], "texture": "#2"}
			}
		},
		{
			"from": [4.95, 7.25, 12.89167],
			"to": [6.325, 13.125, 16.64167],
			"rotation": {"angle": 22.5, "axis": "x", "origin": [5.6375, 10.1875, 14.55417]},
			"faces": {
				"north": {"uv": [0, 0, 1.375, 5.875], "texture": "#2"},
				"east": {"uv": [0, 0, 3.75, 5.875], "texture": "#2"},
				"south": {"uv": [0, 0, 1.375, 5.875], "texture": "#2"},
				"west": {"uv": [0, 0, 3.75, 5.875], "texture": "#2"},
				"up": {"uv": [0, 0, 1.375, 3.75], "texture": "#2"},
				"down": {"uv": [0, 0, 1.375, 3.75], "texture": "#2"}
			}
		},
		{
			"from": [4.275, 7.825, 13.34167],
			"to": [5.65, 12.15, 15.76667],
			"rotation": {"angle": 22.5, "axis": "x", "origin": [5.6375, 10.1875, 14.55417]},
			"faces": {
				"north": {"uv": [0, 0, 1.375, 4.325], "texture": "#2"},
				"east": {"uv": [0, 0, 2.425, 4.325], "texture": "#2"},
				"south": {"uv": [0, 0, 1.375, 4.325], "texture": "#2"},
				"west": {"uv": [0, 0, 2.425, 4.325], "texture": "#2"},
				"up": {"uv": [0, 0, 1.375, 2.425], "texture": "#2"},
				"down": {"uv": [0, 0, 1.375, 2.425], "texture": "#2"}
			}
		},
		{
			"from": [4.525, 3.15751, 13.16868],
			"to": [5.9, 8.33251, 14.81868],
			"rotation": {"angle": -22.5, "axis": "x", "origin": [4.9625, 5.54501, 12.63118]},
			"faces": {
				"north": {"uv": [0, 0, 1.375, 5.175], "texture": "#2"},
				"east": {"uv": [0, 0, 1.65, 5.175], "texture": "#2"},
				"south": {"uv": [0, 0, 1.375, 5.175], "texture": "#2"},
				"west": {"uv": [0, 0, 1.65, 5.175], "texture": "#2"},
				"up": {"uv": [0, 0, 1.375, 1.65], "texture": "#2"},
				"down": {"uv": [0, 0, 1.375, 1.65], "texture": "#2"}
			}
		},
		{
			"from": [4.525, 0.30077, 13.5351],
			"to": [5.9, 4.02577, 15.1851],
			"rotation": {"angle": 22.5, "axis": "x", "origin": [5.2125, 1.43827, 15.8476]},
			"faces": {
				"north": {"uv": [0, 0, 1.375, 3.725], "texture": "#1"},
				"east": {"uv": [0, 0, 1.65, 3.725], "texture": "#1"},
				"south": {"uv": [0, 0, 1.375, 3.725], "texture": "#1"},
				"west": {"uv": [0, 0, 1.65, 3.725], "texture": "#1"},
				"up": {"uv": [0, 0, 1.375, 1.65], "texture": "#1"},
				"down": {"uv": [0, 0, 1.375, 1.65], "texture": "#1"}
			}
		},
		{
			"from": [4, 0.65, 12.35],
			"to": [6.175, 1.775, 14.5],
			"rotation": {"angle": 0, "axis": "x", "origin": [3.625, 5.4125, 1.6625]},
			"faces": {
				"north": {"uv": [0, 0, 2.175, 1.125], "texture": "#2"},
				"east": {"uv": [0, 0, 2.15, 1.125], "texture": "#2"},
				"south": {"uv": [0, 0, 2.175, 1.125], "texture": "#2"},
				"west": {"uv": [0, 0, 2.15, 1.125], "texture": "#2"},
				"up": {"uv": [0, 0, 2.175, 2.15], "texture": "#2"},
				"down": {"uv": [0, 0, 2.175, 2.15], "texture": "#2"}
			}
		},
		{
			"from": [5.35, 0.65, 11.25],
			"to": [6.625, 1.925, 12.6],
			"rotation": {"angle": 0, "axis": "x", "origin": [3.625, 5.4125, 1.6625]},
			"faces": {
				"north": {"uv": [0, 0, 1.275, 1.275], "texture": "#2"},
				"east": {"uv": [0, 0, 1.35, 1.275], "texture": "#2"},
				"south": {"uv": [0, 0, 1.275, 1.275], "texture": "#2"},
				"west": {"uv": [0, 0, 1.35, 1.275], "texture": "#2"},
				"up": {"uv": [0, 0, 1.275, 1.35], "texture": "#2"},
				"down": {"uv": [0, 0, 1.275, 1.35], "texture": "#2"}
			}
		},
		{
			"from": [3.05, 0.65, 11.25],
			"to": [4.325, 1.925, 12.6],
			"rotation": {"angle": 0, "axis": "x", "origin": [3.625, 5.4125, 1.6625]},
			"faces": {
				"north": {"uv": [0, 0, 1.275, 1.275], "texture": "#2"},
				"east": {"uv": [0, 0, 1.35, 1.275], "texture": "#2"},
				"south": {"uv": [0, 0, 1.275, 1.275], "texture": "#2"},
				"west": {"uv": [0, 0, 1.35, 1.275], "texture": "#2"},
				"up": {"uv": [0, 0, 1.275, 1.35], "texture": "#2"},
				"down": {"uv": [0, 0, 1.275, 1.35], "texture": "#2"}
			}
		},
		{
			"from": [4.25, 0.65, 10.3],
			"to": [5.525, 2.1, 12.175],
			"rotation": {"angle": 0, "axis": "x", "origin": [3.625, 5.4125, 1.6625]},
			"faces": {
				"north": {"uv": [0, 0, 1.275, 1.45], "texture": "#2"},
				"east": {"uv": [0, 0, 1.875, 1.45], "texture": "#2"},
				"south": {"uv": [0, 0, 1.275, 1.45], "texture": "#2"},
				"west": {"uv": [0, 0, 1.875, 1.45], "texture": "#2"},
				"up": {"uv": [0, 0, 1.275, 1.875], "texture": "#2"},
				"down": {"uv": [0, 0, 1.275, 1.875], "texture": "#2"}
			}
		},
		{
			"from": [9.675, 7.25, 12.89167],
			"to": [11.05, 13.125, 16.64167],
			"rotation": {"angle": 22.5, "axis": "x", "origin": [10.3625, 10.1875, 14.55417]},
			"faces": {
				"north": {"uv": [1.375, 0, 0, 5.875], "texture": "#2"},
				"east": {"uv": [3.75, 0, 0, 5.875], "texture": "#2"},
				"south": {"uv": [1.375, 0, 0, 5.875], "texture": "#2"},
				"west": {"uv": [3.75, 0, 0, 5.875], "texture": "#2"},
				"up": {"uv": [1.375, 0, 0, 3.75], "texture": "#2"},
				"down": {"uv": [1.375, 0, 0, 3.75], "texture": "#2"}
			}
		},
		{
			"from": [10.35, 7.825, 13.34167],
			"to": [11.725, 12.15, 15.76667],
			"rotation": {"angle": 22.5, "axis": "x", "origin": [10.3625, 10.1875, 14.55417]},
			"faces": {
				"north": {"uv": [1.375, 0, 0, 4.325], "texture": "#2"},
				"east": {"uv": [2.425, 0, 0, 4.325], "texture": "#2"},
				"south": {"uv": [1.375, 0, 0, 4.325], "texture": "#2"},
				"west": {"uv": [2.425, 0, 0, 4.325], "texture": "#2"},
				"up": {"uv": [1.375, 0, 0, 2.425], "texture": "#2"},
				"down": {"uv": [1.375, 0, 0, 2.425], "texture": "#2"}
			}
		},
		{
			"from": [10.1, 3.15751, 13.16868],
			"to": [11.475, 8.33251, 14.81868],
			"rotation": {"angle": -22.5, "axis": "x", "origin": [11.0375, 5.54501, 12.63118]},
			"faces": {
				"north": {"uv": [1.375, 0, 0, 5.175], "texture": "#2"},
				"east": {"uv": [1.65, 0, 0, 5.175], "texture": "#2"},
				"south": {"uv": [1.375, 0, 0, 5.175], "texture": "#2"},
				"west": {"uv": [1.65, 0, 0, 5.175], "texture": "#2"},
				"up": {"uv": [1.375, 0, 0, 1.65], "texture": "#2"},
				"down": {"uv": [1.375, 0, 0, 1.65], "texture": "#2"}
			}
		},
		{
			"from": [10.1, 0.30077, 13.5351],
			"to": [11.475, 4.02577, 15.1851],
			"rotation": {"angle": 22.5, "axis": "x", "origin": [10.7875, 1.43827, 15.8476]},
			"faces": {
				"north": {"uv": [1.375, 0, 0, 3.725], "texture": "#1"},
				"east": {"uv": [1.65, 0, 0, 3.725], "texture": "#1"},
				"south": {"uv": [1.375, 0, 0, 3.725], "texture": "#1"},
				"west": {"uv": [1.65, 0, 0, 3.725], "texture": "#1"},
				"up": {"uv": [1.375, 0, 0, 1.65], "texture": "#1"},
				"down": {"uv": [1.375, 0, 0, 1.65], "texture": "#1"}
			}
		},
		{
			"from": [9.825, 0.65, 12.35],
			"to": [12, 1.775, 14.5],
			"rotation": {"angle": 0, "axis": "x", "origin": [12.375, 5.4125, 1.6625]},
			"faces": {
				"north": {"uv": [2.175, 0, 0, 1.125], "texture": "#2"},
				"east": {"uv": [2.15, 0, 0, 1.125], "texture": "#2"},
				"south": {"uv": [2.175, 0, 0, 1.125], "texture": "#2"},
				"west": {"uv": [2.15, 0, 0, 1.125], "texture": "#2"},
				"up": {"uv": [2.175, 0, 0, 2.15], "texture": "#2"},
				"down": {"uv": [2.175, 0, 0, 2.15], "texture": "#2"}
			}
		},
		{
			"from": [9.375, 0.65, 11.25],
			"to": [10.65, 1.925, 12.6],
			"rotation": {"angle": 0, "axis": "x", "origin": [12.375, 5.4125, 1.6625]},
			"faces": {
				"north": {"uv": [1.275, 0, 0, 1.275], "texture": "#2"},
				"east": {"uv": [1.35, 0, 0, 1.275], "texture": "#2"},
				"south": {"uv": [1.275, 0, 0, 1.275], "texture": "#2"},
				"west": {"uv": [1.35, 0, 0, 1.275], "texture": "#2"},
				"up": {"uv": [1.275, 0, 0, 1.35], "texture": "#2"},
				"down": {"uv": [1.275, 0, 0, 1.35], "texture": "#2"}
			}
		},
		{
			"from": [11.675, 0.65, 11.25],
			"to": [12.95, 1.925, 12.6],
			"rotation": {"angle": 0, "axis": "x", "origin": [12.375, 5.4125, 1.6625]},
			"faces": {
				"north": {"uv": [1.275, 0, 0, 1.275], "texture": "#2"},
				"east": {"uv": [1.35, 0, 0, 1.275], "texture": "#2"},
				"south": {"uv": [1.275, 0, 0, 1.275], "texture": "#2"},
				"west": {"uv": [1.35, 0, 0, 1.275], "texture": "#2"},
				"up": {"uv": [1.275, 0, 0, 1.35], "texture": "#2"},
				"down": {"uv": [1.275, 0, 0, 1.35], "texture": "#2"}
			}
		},
		{
			"from": [10.475, 0.65, 10.3],
			"to": [11.75, 2.1, 12.175],
			"rotation": {"angle": 0, "axis": "x", "origin": [12.375, 5.4125, 1.6625]},
			"faces": {
				"north": {"uv": [1.275, 0, 0, 1.45], "texture": "#2"},
				"east": {"uv": [1.875, 0, 0, 1.45], "texture": "#2"},
				"south": {"uv": [1.275, 0, 0, 1.45], "texture": "#2"},
				"west": {"uv": [1.875, 0, 0, 1.45], "texture": "#2"},
				"up": {"uv": [1.275, 0, 0, 1.875], "texture": "#2"},
				"down": {"uv": [1.275, 0, 0, 1.875], "texture": "#2"}
			}
		},
		{
			"from": [6.95, 9.375, 16.3],
			"to": [8.775, 14.975, 18.3],
			"faces": {
				"north": {"uv": [0, 0, 1.825, 5.6], "texture": "#2"},
				"east": {"uv": [0, 0, 2, 5.6], "texture": "#2"},
				"south": {"uv": [0, 0, 1.825, 5.6], "texture": "#2"},
				"west": {"uv": [0, 0, 2, 5.6], "texture": "#2"},
				"up": {"uv": [0, 0, 1.825, 2], "texture": "#2"},
				"down": {"uv": [0, 0, 1.825, 2], "texture": "#2"}
			}
		},
		{
			"from": [7.375, 5.25, 17.325],
			"to": [8.35, 10.85, 19.325],
			"rotation": {"angle": -22.5, "axis": "x", "origin": [7.8625, 8.05, 17.3]},
			"faces": {
				"north": {"uv": [0, 0, 0.975, 5.6], "texture": "#1"},
				"east": {"uv": [0, 0, 2, 5.6], "texture": "#1"},
				"south": {"uv": [0, 0, 0.975, 5.6], "texture": "#1"},
				"west": {"uv": [0, 0, 2, 5.6], "texture": "#1"},
				"up": {"uv": [0, 0, 0.975, 2], "texture": "#1"},
				"down": {"uv": [0, 0, 0.975, 2], "texture": "#1"}
			}
		}
	],
	"display": {
		"head": {
			"translation": [0, -16.25, 25.25],
			"scale": [4, 4, 4]
		}
	},
	"groups": [
		{
			"name": "head",
			"origin": [8, 8, 8],
			"color": 0,
			"children": [0, 1, 2, 3, 4, 5, 6, 7, 8, 9, 10, 11, 12, 13, 14, 15, 16, 17, 18, 19]
		},
		{
			"name": "head",
			"origin": [8, 8, 8],
			"color": 0,
			"children": [20, 21, 22, 23, 24, 25, 26, 27, 28, 29, 30, 31, 32, 33, 34, 35, 36, 37, 38, 39]
		},
		{
			"name": "head",
			"origin": [8, 8, 8],
			"color": 0,
			"children": [40, 41, 42, 43, 44, 45, 46, 47, 48, 49, 50, 51, 52, 53, 54, 55, 56, 57, 58, 59]
		},
		{
			"name": "body",
			"origin": [8, 8, 8],
			"color": 0,
			"children": [60, 61, 62, 63, 64, 65]
		},
		{
			"name": "lfl",
			"origin": [8, 8, 8],
			"color": 0,
			"children": [66, 67, 68, 69, 70, 71, 72, 73, 74, 75, 76, 77]
		},
		{
			"name": "rfl",
			"origin": [8, 8, 8],
			"color": 0,
			"children": [78, 79, 80, 81, 82, 83, 84, 85, 86, 87, 88, 89]
		},
		{
			"name": "bll",
			"origin": [8, 8, 8],
			"color": 0,
			"children": [90, 91, 92, 93, 94, 95, 96, 97]
		},
		{
			"name": "brl",
			"origin": [8, 8, 8],
			"color": 0,
			"children": [98, 99, 100, 101, 102, 103, 104, 105]
		},
		{
			"name": "tail",
			"origin": [8, 8, 8],
			"color": 0,
			"children": [106, 107]
		}
	]
}