{
	"credit": "Made with Blockbench",
	"texture_size": [64, 64],
	"textures": {
		"1": "shield_repo:wood",
		"particle": "shield_repo:wood"
	},
	"elements": [
		{
			"from": [2.75, 4, 7.45],
			"to": [13.3, 4.525, 8.875],
			"faces": {
				"north": {"uv": [3.5, 6, 6.25, 6.25], "texture": "#1"},
				"east": {"uv": [5, 7, 5.25, 7.25], "texture": "#1"},
				"south": {"uv": [3.5, 6.25, 6.25, 6.5], "texture": "#1"},
				"west": {"uv": [5.25, 7, 5.5, 7.25], "texture": "#1"},
				"up": {"uv": [9, 6.25, 6.25, 6], "texture": "#1"},
				"down": {"uv": [9, 6.25, 6.25, 6.5], "texture": "#1"}
			}
		},
		{
			"from": [3.075, 0.85, 7.45],
			"to": [5.75, 24.4, 9.075],
			"faces": {
				"north": {"uv": [1.5, 0, 2.25, 6], "texture": "#1"},
				"east": {"uv": [0.5, 6, 1, 12], "texture": "#1"},
				"south": {"uv": [2.25, 0, 3, 6], "texture": "#1"},
				"west": {"uv": [1, 6, 1.5, 12], "texture": "#1"},
				"up": {"uv": [7.25, 2.5, 6.5, 2], "texture": "#1"},
				"down": {"uv": [7.25, 2.5, 6.5, 3], "texture": "#1"}
			}
		},
		{
			"from": [10.275, 0.85, 7.45],
			"to": [12.95, 24.4, 9.075],
			"faces": {
				"north": {"uv": [3, 0, 3.75, 6], "texture": "#1"},
				"east": {"uv": [1.5, 6, 2, 12], "texture": "#1"},
				"south": {"uv": [3.75, 0, 4.5, 6], "texture": "#1"},
				"west": {"uv": [2, 6, 2.5, 12], "texture": "#1"},
				"up": {"uv": [7.25, 3.5, 6.5, 3], "texture": "#1"},
				"down": {"uv": [4.25, 6.5, 3.5, 7], "texture": "#1"}
			}
		},
		{
			"from": [2.75, 4, 5.55],
			"to": [13.3, 4.525, 7],
			"faces": {
				"north": {"uv": [6.5, 0, 9.25, 0.25], "texture": "#1"},
				"east": {"uv": [5.5, 7, 5.75, 7.25], "texture": "#1"},
				"south": {"uv": [6.5, 0.25, 9.25, 0.5], "texture": "#1"},
				"west": {"uv": [5.75, 7, 6, 7.25], "texture": "#1"},
				"up": {"uv": [9.25, 0.75, 6.5, 0.5], "texture": "#1"},
				"down": {"uv": [9.25, 0.75, 6.5, 1], "texture": "#1"}
			}
		},
		{
			"from": [3.075, 0.85, 5.375],
			"to": [5.75, 24.4, 7],
			"faces": {
				"north": {"uv": [0, 0, 0.75, 6], "texture": "#1"},
				"east": {"uv": [0, 6, 0.5, 12], "texture": "#1"},
				"south": {"uv": [0.75, 0, 1.5, 6], "texture": "#1"},
				"west": {"uv": [6, 0, 6.5, 6], "texture": "#1"},
				"up": {"uv": [7.25, 1.5, 6.5, 1], "texture": "#1"},
				"down": {"uv": [7.25, 1.5, 6.5, 2], "texture": "#1"}
			}
		},
		{
			"from": [4.1, 4.525, 5.75],
			"to": [6.775, 5.725, 6.925],
			"faces": {
				"north": {"uv": [4.25, 6.5, 5, 6.75], "texture": "#1"},
				"east": {"uv": [6, 7, 6.25, 7.25], "texture": "#1"},
				"south": {"uv": [6.5, 4.5, 7.25, 4.75], "texture": "#1"},
				"west": {"uv": [6.25, 7, 6.5, 7.25], "texture": "#1"},
				"up": {"uv": [7.25, 5, 6.5, 4.75], "texture": "#1"},
				"down": {"uv": [5.75, 6.5, 5, 6.75], "texture": "#1"}
			}
		},
		{
			"from": [4.1, 4.525, 7.6],
			"to": [6.775, 5.725, 8.775],
			"faces": {
				"north": {"uv": [6.5, 5, 7.25, 5.25], "texture": "#1"},
				"east": {"uv": [6.5, 7, 6.75, 7.25], "texture": "#1"},
				"south": {"uv": [6.5, 5.25, 7.25, 5.5], "texture": "#1"},
				"west": {"uv": [6.75, 7, 7, 7.25], "texture": "#1"},
				"up": {"uv": [7.25, 5.75, 6.5, 5.5], "texture": "#1"},
				"down": {"uv": [6.5, 6.5, 5.75, 6.75], "texture": "#1"}
			}
		},
		{
			"from": [9.325, 4.525, 7.6],
			"to": [12, 5.725, 8.775],
			"faces": {
				"north": {"uv": [5.75, 6.75, 6.5, 7], "texture": "#1"},
				"east": {"uv": [7.25, 1.25, 7.5, 1.5], "texture": "#1"},
				"south": {"uv": [6.5, 6.75, 7.25, 7], "texture": "#1"},
				"west": {"uv": [7.25, 1.5, 7.5, 1.75], "texture": "#1"},
				"up": {"uv": [4.25, 7.25, 3.5, 7], "texture": "#1"},
				"down": {"uv": [5, 7, 4.25, 7.25], "texture": "#1"}
			}
		},
		{
			"from": [9.325, 4.525, 5.75],
			"to": [12, 5.725, 6.925],
			"faces": {
				"north": {"uv": [6.5, 5.75, 7.25, 6], "texture": "#1"},
				"east": {"uv": [7, 7, 7.25, 7.25], "texture": "#1"},
				"south": {"uv": [6.5, 6.5, 7.25, 6.75], "texture": "#1"},
				"west": {"uv": [7.25, 1, 7.5, 1.25], "texture": "#1"},
				"up": {"uv": [5, 7, 4.25, 6.75], "texture": "#1"},
				"down": {"uv": [5.75, 6.75, 5, 7], "texture": "#1"}
			}
		},
		{
			"from": [10.275, 0.85, 5.375],
			"to": [12.95, 24.4, 7],
			"faces": {
				"north": {"uv": [4.5, 0, 5.25, 6], "texture": "#1"},
				"east": {"uv": [2.5, 6, 3, 12], "texture": "#1"},
				"south": {"uv": [5.25, 0, 6, 6], "texture": "#1"},
				"west": {"uv": [3, 6, 3.5, 12], "texture": "#1"},
				"up": {"uv": [7.25, 4, 6.5, 3.5], "texture": "#1"},
				"down": {"uv": [7.25, 4, 6.5, 4.5], "texture": "#1"}
			}
		}
	],
	"display": {
		"gui": {
			"rotation": [-55, -180, 46],
			"translation": [-2.5, -2, 0],
			"scale": [0.68, 0.68, 0.68]
		},
		"head": {
			"translation": [0, -17.5, 3.25],
			"scale": [4, 4, 4]
		}
	},
	"groups": [
		{
			"name": "Base",
			"origin": [8, 8, 8],
			"color": 0,
			"children": [0, 1, 2]
		},
		{
			"name": "Base",
			"origin": [8, 8, 8],
			"color": 0,
			"children": [3, 4, 5, 6, 7, 8, 9]
		}
	]
}