{
	"credit": "Made with Blockbench",
	"texture_size": [32, 32],
	"textures": {
		"0": "shield_repo:guillo_steel",
		"particle": "shield_repo:guillo_steel"
	},
	"elements": [
		{
			"from": [3.675, 3.16667, 7.66667],
			"to": [12.675, 4.16667, 8],
			"faces": {
				"north": {"uv": [9.5, 0, 14, 0.5], "texture": "#0"},
				"east": {"uv": [8, 13, 8.5, 13.5], "texture": "#0"},
				"south": {"uv": [9.5, 0.5, 14, 1], "texture": "#0"},
				"west": {"uv": [4, 13.5, 4.5, 14], "texture": "#0"},
				"up": {"uv": [14, 1.5, 9.5, 1], "texture": "#0"},
				"down": {"uv": [14, 1.5, 9.5, 2], "texture": "#0"}
			}
		},
		{
			"from": [20.3, 6.61667, 7.66667],
			"to": [20.975, 13.29167, 8],
			"faces": {
				"north": {"uv": [8.5, 12, 9, 15.5], "texture": "#0"},
				"east": {"uv": [12, 8.5, 12.5, 12], "texture": "#0"},
				"south": {"uv": [9, 12, 9.5, 15.5], "texture": "#0"},
				"west": {"uv": [12, 12, 12.5, 15.5], "texture": "#0"},
				"up": {"uv": [8.5, 14, 8, 13.5], "texture": "#0"},
				"down": {"uv": [14, 10.5, 13.5, 11], "texture": "#0"}
			}
		},
		{
			"from": [3.675, 3.96667, 7.56667],
			"to": [12.675, 13.29167, 8.1],
			"faces": {
				"north": {"uv": [0, 0, 4.5, 4.5], "texture": "#0"},
				"east": {"uv": [1, 9, 1.5, 13.5], "texture": "#0"},
				"south": {"uv": [0, 4.5, 4.5, 9], "texture": "#0"},
				"west": {"uv": [1.5, 9, 2, 13.5], "texture": "#0"},
				"up": {"uv": [14, 2.5, 9.5, 2], "texture": "#0"},
				"down": {"uv": [14, 2.5, 9.5, 3], "texture": "#0"}
			}
		},
		{
			"from": [12.65, 4.08333, 7.56667],
			"to": [14.5, 12.43333, 8.1],
			"faces": {
				"north": {"uv": [4.5, 0, 5.5, 4], "texture": "#0"},
				"east": {"uv": [2, 9, 2.5, 13], "texture": "#0"},
				"south": {"uv": [4.5, 4, 5.5, 8], "texture": "#0"},
				"west": {"uv": [2.5, 9, 3, 13], "texture": "#0"},
				"up": {"uv": [8, 13, 7, 12.5], "texture": "#0"},
				"down": {"uv": [13.5, 10.5, 12.5, 11], "texture": "#0"}
			}
		},
		{
			"from": [14.5, 4.98333, 7.56667],
			"to": [16.45, 13.35833, 8.1],
			"faces": {
				"north": {"uv": [5.5, 0, 6.5, 4], "texture": "#0"},
				"east": {"uv": [3, 9, 3.5, 13], "texture": "#0"},
				"south": {"uv": [5.5, 4, 6.5, 8], "texture": "#0"},
				"west": {"uv": [3.5, 9, 4, 13], "texture": "#0"},
				"up": {"uv": [13.5, 11.5, 12.5, 11], "texture": "#0"},
				"down": {"uv": [13.5, 11.5, 12.5, 12], "texture": "#0"}
			}
		},
		{
			"from": [9.7125, 13.42083, 7.56667],
			"to": [17.0375, 14.39583, 8.1],
			"rotation": {"angle": 22.5, "axis": "z", "origin": [16, 18.07083, 7.83333]},
			"faces": {
				"north": {"uv": [5, 12, 8.5, 12.5], "texture": "#0"},
				"east": {"uv": [8, 12.5, 8.5, 13], "texture": "#0"},
				"south": {"uv": [12, 7, 15.5, 7.5], "texture": "#0"},
				"west": {"uv": [4, 13, 4.5, 13.5], "texture": "#0"},
				"up": {"uv": [15.5, 8, 12, 7.5], "texture": "#0"},
				"down": {"uv": [15.5, 8, 12, 8.5], "texture": "#0"}
			}
		},
		{
			"from": [16.425, 5.78333, 7.56667],
			"to": [18.375, 14.15833, 8.1],
			"faces": {
				"north": {"uv": [6.5, 0, 7.5, 4], "texture": "#0"},
				"east": {"uv": [4, 9, 4.5, 13], "texture": "#0"},
				"south": {"uv": [6.5, 4, 7.5, 8], "texture": "#0"},
				"west": {"uv": [9.5, 7, 10, 11], "texture": "#0"},
				"up": {"uv": [13.5, 12.5, 12.5, 12], "texture": "#0"},
				"down": {"uv": [13.5, 12.5, 12.5, 13], "texture": "#0"}
			}
		},
		{
			"from": [18.35, 6.63333, 7.56667],
			"to": [20.3, 15.08333, 8.1],
			"faces": {
				"north": {"uv": [7.5, 0, 8.5, 4], "texture": "#0"},
				"east": {"uv": [10, 7, 10.5, 11], "texture": "#0"},
				"south": {"uv": [7.5, 4, 8.5, 8], "texture": "#0"},
				"west": {"uv": [10.5, 7, 11, 11], "texture": "#0"},
				"up": {"uv": [1, 13.5, 0, 13], "texture": "#0"},
				"down": {"uv": [3, 13, 2, 13.5], "texture": "#0"}
			}
		},
		{
			"from": [1.81667, 4.08333, 7.53333],
			"to": [3.66667, 12.43333, 8.06667],
			"rotation": {"angle": 0, "axis": "y", "origin": [7.55, 9, 0.3]},
			"faces": {
				"north": {"uv": [4.5, 8, 5.5, 12], "texture": "#0"},
				"east": {"uv": [11, 7, 11.5, 11], "texture": "#0"},
				"south": {"uv": [5.5, 8, 6.5, 12], "texture": "#0"},
				"west": {"uv": [9.5, 11, 10, 15], "texture": "#0"},
				"up": {"uv": [4, 13.5, 3, 13], "texture": "#0"},
				"down": {"uv": [8, 13, 7, 13.5], "texture": "#0"}
			}
		},
		{
			"from": [-0.13333, 4.98333, 7.53333],
			"to": [1.81667, 13.35833, 8.06667],
			"rotation": {"angle": 0, "axis": "y", "origin": [7.55, 9, 0.3]},
			"faces": {
				"north": {"uv": [6.5, 8, 7.5, 12], "texture": "#0"},
				"east": {"uv": [10, 11, 10.5, 15], "texture": "#0"},
				"south": {"uv": [7.5, 8, 8.5, 12], "texture": "#0"},
				"west": {"uv": [10.5, 11, 11, 15], "texture": "#0"},
				"up": {"uv": [13.5, 13.5, 12.5, 13], "texture": "#0"},
				"down": {"uv": [1, 13.5, 0, 14], "texture": "#0"}
			}
		},
		{
			"from": [-0.54583, 13.54583, 7.53333],
			"to": [5.70417, 14.44583, 8.06667],
			"rotation": {"angle": -22.5, "axis": "z", "origin": [0.26667, 18.54583, 7.8]},
			"faces": {
				"north": {"uv": [12.5, 8.5, 15.5, 9], "texture": "#0"},
				"east": {"uv": [13.5, 11, 14, 11.5], "texture": "#0"},
				"south": {"uv": [12.5, 9, 15.5, 9.5], "texture": "#0"},
				"west": {"uv": [13.5, 11.5, 14, 12], "texture": "#0"},
				"up": {"uv": [15.5, 10, 12.5, 9.5], "texture": "#0"},
				"down": {"uv": [15.5, 10, 12.5, 10.5], "texture": "#0"}
			}
		},
		{
			"from": [-2.05833, 5.78333, 7.53333],
			"to": [-0.10833, 14.15833, 8.06667],
			"rotation": {"angle": 0, "axis": "y", "origin": [7.55, 9, 0.3]},
			"faces": {
				"north": {"uv": [8.5, 0, 9.5, 4], "texture": "#0"},
				"east": {"uv": [11, 11, 11.5, 15], "texture": "#0"},
				"south": {"uv": [8.5, 4, 9.5, 8], "texture": "#0"},
				"west": {"uv": [11.5, 7, 12, 11], "texture": "#0"},
				"up": {"uv": [2, 14, 1, 13.5], "texture": "#0"},
				"down": {"uv": [3, 13.5, 2, 14], "texture": "#0"}
			}
		},
		{
			"from": [-3.98333, 6.63333, 7.53333],
			"to": [-2.03333, 15.08333, 8.06667],
			"rotation": {"angle": 0, "axis": "y", "origin": [7.55, 9, 0.3]},
			"faces": {
				"north": {"uv": [8.5, 8, 9.5, 12], "texture": "#0"},
				"east": {"uv": [11.5, 11, 12, 15], "texture": "#0"},
				"south": {"uv": [0, 9, 1, 13], "texture": "#0"},
				"west": {"uv": [4.5, 12, 5, 16], "texture": "#0"},
				"up": {"uv": [4, 14, 3, 13.5], "texture": "#0"},
				"down": {"uv": [8, 13.5, 7, 14], "texture": "#0"}
			}
		},
		{
			"from": [-4.65833, 6.61667, 7.63333],
			"to": [-3.98333, 13.29167, 7.96667],
			"rotation": {"angle": 0, "axis": "y", "origin": [7.55, 9, 0.3]},
			"faces": {
				"north": {"uv": [5, 12.5, 5.5, 16], "texture": "#0"},
				"east": {"uv": [5.5, 12.5, 6, 16], "texture": "#0"},
				"south": {"uv": [6, 12.5, 6.5, 16], "texture": "#0"},
				"west": {"uv": [6.5, 12.5, 7, 16], "texture": "#0"},
				"up": {"uv": [14, 12.5, 13.5, 12], "texture": "#0"},
				"down": {"uv": [13, 13.5, 12.5, 14], "texture": "#0"}
			}
		},
		{
			"from": [-5.325, 4.39167, 7.66667],
			"to": [3.675, 5.39167, 8],
			"rotation": {"angle": -22.5, "axis": "z", "origin": [0.675, 3.66667, 7.83333]},
			"faces": {
				"north": {"uv": [9.5, 3, 14, 3.5], "texture": "#0"},
				"east": {"uv": [13.5, 12.5, 14, 13], "texture": "#0"},
				"south": {"uv": [9.5, 3.5, 14, 4], "texture": "#0"},
				"west": {"uv": [13, 13.5, 13.5, 14], "texture": "#0"},
				"up": {"uv": [14, 4.5, 9.5, 4], "texture": "#0"},
				"down": {"uv": [14, 4.5, 9.5, 5], "texture": "#0"}
			}
		},
		{
			"from": [10.85797, -1.60256, 7.66667],
			"to": [19.85797, -0.60256, 8],
			"rotation": {"angle": 22.5, "axis": "z", "origin": [-0.24203, 5.37244, 7.83333]},
			"faces": {
				"north": {"uv": [9.5, 5, 14, 5.5], "texture": "#0"},
				"east": {"uv": [13.5, 13, 14, 13.5], "texture": "#0"},
				"south": {"uv": [9.5, 5.5, 14, 6], "texture": "#0"},
				"west": {"uv": [13.5, 13.5, 14, 14], "texture": "#0"},
				"up": {"uv": [14, 6.5, 9.5, 6], "texture": "#0"},
				"down": {"uv": [14, 6.5, 9.5, 7], "texture": "#0"}
			}
		}
	],
	"display": {
		"head": {
			"translation": [0, -28.5, 0],
			"scale": [1.82, 1.82, 1.82]
		}
	},
	"groups": [
		{
			"name": "Blade",
			"origin": [8, 8, 8],
			"color": 0,
			"children": [0, 1, 2, 3, 4, 5, 6, 7, 8, 9, 10, 11, 12, 13, 14, 15]
		}
	]
}
