{
	"credit": "Made with Blockbench",
	"textures": {
		"0": "shield_repo:iron",
		"particle": "shield_repo:iron"
	},
	"elements": [
		{
			"name": "Jewel1",
			"from": [7.5, 15, 7.5],
			"to": [8.5, 15.2, 8.5],
			"rotation": {"angle": 0, "axis": "x", "origin": [8, 15.1, 8]},
			"faces": {
				"north": {"uv": [9, 8, 10, 9], "texture": "#0"},
				"east": {"uv": [9, 9, 10, 10], "texture": "#0"},
				"south": {"uv": [10, 0, 11, 1], "texture": "#0"},
				"west": {"uv": [10, 1, 11, 2], "texture": "#0"},
				"up": {"uv": [5, 11, 4, 10], "texture": "#0"},
				"down": {"uv": [6, 10, 5, 11], "texture": "#0"}
			}
		},
		{
			"name": "Jewel2",
			"from": [7.5, 15, 7.5],
			"to": [8.5, 15.2, 8.5],
			"rotation": {"angle": -22.5, "axis": "x", "origin": [8, 15.1, 8]},
			"faces": {
				"north": {"uv": [9, 8, 10, 9], "texture": "#0"},
				"east": {"uv": [9, 9, 10, 10], "texture": "#0"},
				"south": {"uv": [10, 0, 11, 1], "texture": "#0"},
				"west": {"uv": [10, 1, 11, 2], "texture": "#0"},
				"up": {"uv": [5, 11, 4, 10], "texture": "#0"},
				"down": {"uv": [6, 10, 5, 11], "texture": "#0"}
			}
		},
		{
			"name": "Jewel3",
			"from": [7.5, 15, 7.5],
			"to": [8.5, 15.2, 8.5],
			"rotation": {"angle": -45, "axis": "x", "origin": [8, 15.1, 8]},
			"faces": {
				"north": {"uv": [9, 8, 10, 9], "texture": "#0"},
				"east": {"uv": [9, 9, 10, 10], "texture": "#0"},
				"south": {"uv": [10, 0, 11, 1], "texture": "#0"},
				"west": {"uv": [10, 1, 11, 2], "texture": "#0"},
				"up": {"uv": [5, 11, 4, 10], "texture": "#0"},
				"down": {"uv": [6, 10, 5, 11], "texture": "#0"}
			}
		},
		{
			"name": "Jewel4",
			"from": [7.5, 14.6, 7.9],
			"to": [8.5, 15.6, 8.1],
			"rotation": {"angle": 22.5, "axis": "x", "origin": [8, 15.1, 8]},
			"faces": {
				"north": {"uv": [5, 11, 4, 10], "rotation": 180, "texture": "#0"},
				"east": {"uv": [9, 9, 10, 10], "rotation": 90, "texture": "#0"},
				"south": {"uv": [6, 10, 5, 11], "texture": "#0"},
				"west": {"uv": [10, 1, 11, 2], "rotation": 270, "texture": "#0"},
				"up": {"uv": [10, 0, 11, 1], "texture": "#0"},
				"down": {"uv": [9, 8, 10, 9], "rotation": 180, "texture": "#0"}
			}
		},
		{
			"name": "Jewel5",
			"from": [7.5, 14.6, 7.9],
			"to": [8.5, 15.6, 8.1],
			"rotation": {"angle": 0, "axis": "x", "origin": [8, 15.1, 8]},
			"faces": {
				"north": {"uv": [5, 11, 4, 10], "rotation": 180, "texture": "#0"},
				"east": {"uv": [9, 9, 10, 10], "rotation": 90, "texture": "#0"},
				"south": {"uv": [6, 10, 5, 11], "texture": "#0"},
				"west": {"uv": [10, 1, 11, 2], "rotation": 270, "texture": "#0"},
				"up": {"uv": [10, 0, 11, 1], "texture": "#0"},
				"down": {"uv": [9, 8, 10, 9], "rotation": 180, "texture": "#0"}
			}
		},
		{
			"name": "Jewel6",
			"from": [7.5, 14.6, 7.9],
			"to": [8.5, 15.6, 8.1],
			"rotation": {"angle": -22.5, "axis": "x", "origin": [8, 15.1, 8]},
			"faces": {
				"north": {"uv": [5, 11, 4, 10], "rotation": 180, "texture": "#0"},
				"east": {"uv": [9, 9, 10, 10], "rotation": 90, "texture": "#0"},
				"south": {"uv": [6, 10, 5, 11], "texture": "#0"},
				"west": {"uv": [10, 1, 11, 2], "rotation": 270, "texture": "#0"},
				"up": {"uv": [10, 0, 11, 1], "texture": "#0"},
				"down": {"uv": [9, 8, 10, 9], "rotation": 180, "texture": "#0"}
			}
		},
		{
			"name": "Jewel7",
			"from": [7.5, 14.6, 7.9],
			"to": [8.5, 15.6, 8.1],
			"rotation": {"angle": -45, "axis": "x", "origin": [8, 15.1, 8]},
			"faces": {
				"north": {"uv": [5, 11, 4, 10], "rotation": 180, "texture": "#0"},
				"east": {"uv": [9, 9, 10, 10], "rotation": 90, "texture": "#0"},
				"south": {"uv": [6, 10, 5, 11], "texture": "#0"},
				"west": {"uv": [10, 1, 11, 2], "rotation": 270, "texture": "#0"},
				"up": {"uv": [10, 0, 11, 1], "texture": "#0"},
				"down": {"uv": [9, 8, 10, 9], "rotation": 180, "texture": "#0"}
			}
		},
		{
			"name": "Jewel8",
			"from": [7.5, 15, 7.5],
			"to": [8.5, 15.2, 8.5],
			"rotation": {"angle": 22.5, "axis": "x", "origin": [8, 15.1, 8]},
			"faces": {
				"north": {"uv": [10, 0, 11, 1], "rotation": 180, "texture": "#0"},
				"east": {"uv": [9, 9, 10, 10], "rotation": 180, "texture": "#0"},
				"south": {"uv": [9, 8, 10, 9], "rotation": 180, "texture": "#0"},
				"west": {"uv": [10, 1, 11, 2], "rotation": 180, "texture": "#0"},
				"up": {"uv": [6, 10, 5, 11], "texture": "#0"},
				"down": {"uv": [5, 11, 4, 10], "texture": "#0"}
			}
		},
		{
			"name": "Body",
			"from": [7.5, -1, 7.9],
			"to": [8.5, 13.25, 8.1],
			"rotation": {"angle": 0, "axis": "y", "origin": [8, 6.125, 8]},
			"faces": {
				"north": {"uv": [0, 0, 1, 13], "texture": "#0"},
				"east": {"uv": [1, 0, 2, 13], "texture": "#0"},
				"south": {"uv": [2, 0, 3, 13], "texture": "#0"},
				"west": {"uv": [3, 0, 4, 13], "texture": "#0"},
				"up": {"uv": [7, 11, 6, 10], "texture": "#0"},
				"down": {"uv": [8, 10, 7, 11], "texture": "#0"}
			}
		},
		{
			"name": "Body",
			"from": [7.5, -1, 7.9],
			"to": [8.5, 13.25, 8.1],
			"rotation": {"angle": -22.5, "axis": "y", "origin": [8, 6.125, 8]},
			"faces": {
				"north": {"uv": [0, 0, 1, 13], "texture": "#0"},
				"east": {"uv": [1, 0, 2, 13], "texture": "#0"},
				"south": {"uv": [2, 0, 3, 13], "texture": "#0"},
				"west": {"uv": [3, 0, 4, 13], "texture": "#0"},
				"up": {"uv": [7, 11, 6, 10], "texture": "#0"},
				"down": {"uv": [8, 10, 7, 11], "texture": "#0"}
			}
		},
		{
			"name": "Body",
			"from": [7.5, -1, 7.9],
			"to": [8.5, 13.25, 8.1],
			"rotation": {"angle": -45, "axis": "y", "origin": [8, 6.125, 8]},
			"faces": {
				"north": {"uv": [0, 0, 1, 13], "texture": "#0"},
				"east": {"uv": [1, 0, 2, 13], "texture": "#0"},
				"south": {"uv": [2, 0, 3, 13], "texture": "#0"},
				"west": {"uv": [3, 0, 4, 13], "texture": "#0"},
				"up": {"uv": [7, 11, 6, 10], "texture": "#0"},
				"down": {"uv": [8, 10, 7, 11], "texture": "#0"}
			}
		},
		{
			"name": "Body",
			"from": [7.9, -1, 7.5],
			"to": [8.1, 13.25, 8.5],
			"rotation": {"angle": 22.5, "axis": "y", "origin": [8, 6.125, 8]},
			"faces": {
				"north": {"uv": [3, 0, 4, 13], "texture": "#0"},
				"east": {"uv": [0, 0, 1, 13], "texture": "#0"},
				"south": {"uv": [1, 0, 2, 13], "texture": "#0"},
				"west": {"uv": [2, 0, 3, 13], "texture": "#0"},
				"up": {"uv": [7, 11, 6, 10], "rotation": 90, "texture": "#0"},
				"down": {"uv": [8, 10, 7, 11], "rotation": 270, "texture": "#0"}
			}
		},
		{
			"name": "Body",
			"from": [7.9, -1, 7.5],
			"to": [8.1, 13.25, 8.5],
			"rotation": {"angle": 0, "axis": "y", "origin": [8, 6.125, 8]},
			"faces": {
				"north": {"uv": [3, 0, 4, 13], "texture": "#0"},
				"east": {"uv": [0, 0, 1, 13], "texture": "#0"},
				"south": {"uv": [1, 0, 2, 13], "texture": "#0"},
				"west": {"uv": [2, 0, 3, 13], "texture": "#0"},
				"up": {"uv": [7, 11, 6, 10], "rotation": 90, "texture": "#0"},
				"down": {"uv": [8, 10, 7, 11], "rotation": 270, "texture": "#0"}
			}
		},
		{
			"name": "Body",
			"from": [7.9, -1, 7.5],
			"to": [8.1, 13.25, 8.5],
			"rotation": {"angle": -22.5, "axis": "y", "origin": [8, 6.125, 8]},
			"faces": {
				"north": {"uv": [3, 0, 4, 13], "texture": "#0"},
				"east": {"uv": [0, 0, 1, 13], "texture": "#0"},
				"south": {"uv": [1, 0, 2, 13], "texture": "#0"},
				"west": {"uv": [2, 0, 3, 13], "texture": "#0"},
				"up": {"uv": [7, 11, 6, 10], "rotation": 90, "texture": "#0"},
				"down": {"uv": [8, 10, 7, 11], "rotation": 270, "texture": "#0"}
			}
		},
		{
			"name": "Body",
			"from": [7.9, -1, 7.5],
			"to": [8.1, 13.25, 8.5],
			"rotation": {"angle": -45, "axis": "y", "origin": [8, 6.125, 8]},
			"faces": {
				"north": {"uv": [3, 0, 4, 13], "texture": "#0"},
				"east": {"uv": [0, 0, 1, 13], "texture": "#0"},
				"south": {"uv": [1, 0, 2, 13], "texture": "#0"},
				"west": {"uv": [2, 0, 3, 13], "texture": "#0"},
				"up": {"uv": [7, 11, 6, 10], "rotation": 90, "texture": "#0"},
				"down": {"uv": [8, 10, 7, 11], "rotation": 270, "texture": "#0"}
			}
		},
		{
			"name": "Body",
			"from": [7.5, -1, 7.9],
			"to": [8.5, 13.25, 8.1],
			"rotation": {"angle": 22.5, "axis": "y", "origin": [8, 6.125, 8]},
			"faces": {
				"north": {"uv": [2, 0, 3, 13], "texture": "#0"},
				"east": {"uv": [3, 0, 4, 13], "texture": "#0"},
				"south": {"uv": [0, 0, 1, 13], "texture": "#0"},
				"west": {"uv": [1, 0, 2, 13], "texture": "#0"},
				"up": {"uv": [7, 11, 6, 10], "rotation": 180, "texture": "#0"},
				"down": {"uv": [8, 10, 7, 11], "rotation": 180, "texture": "#0"}
			}
		},
		{
			"name": "Body",
			"from": [7.57, 12.73533, 7.914],
			"to": [8.43, 15.051, 8.086],
			"rotation": {"angle": 0, "axis": "y", "origin": [8, 9.625, 8]},
			"faces": {
				"north": {"uv": [0, 0, 1, 13], "texture": "#0"},
				"east": {"uv": [1, 0, 2, 13], "texture": "#0"},
				"south": {"uv": [2, 0, 3, 13], "texture": "#0"},
				"west": {"uv": [3, 0, 4, 13], "texture": "#0"},
				"up": {"uv": [7, 11, 6, 10], "texture": "#0"},
				"down": {"uv": [8, 10, 7, 11], "texture": "#0"}
			}
		},
		{
			"name": "Body",
			"from": [7.57, 12.73533, 7.914],
			"to": [8.43, 15.051, 8.086],
			"rotation": {"angle": -22.5, "axis": "y", "origin": [8, 9.625, 8]},
			"faces": {
				"north": {"uv": [0, 0, 1, 13], "texture": "#0"},
				"east": {"uv": [1, 0, 2, 13], "texture": "#0"},
				"south": {"uv": [2, 0, 3, 13], "texture": "#0"},
				"west": {"uv": [3, 0, 4, 13], "texture": "#0"},
				"up": {"uv": [7, 11, 6, 10], "texture": "#0"},
				"down": {"uv": [8, 10, 7, 11], "texture": "#0"}
			}
		},
		{
			"name": "Body",
			"from": [7.57, 12.73533, 7.914],
			"to": [8.43, 15.051, 8.086],
			"rotation": {"angle": -45, "axis": "y", "origin": [8, 9.625, 8]},
			"faces": {
				"north": {"uv": [0, 0, 1, 13], "texture": "#0"},
				"east": {"uv": [1, 0, 2, 13], "texture": "#0"},
				"south": {"uv": [2, 0, 3, 13], "texture": "#0"},
				"west": {"uv": [3, 0, 4, 13], "texture": "#0"},
				"up": {"uv": [7, 11, 6, 10], "texture": "#0"},
				"down": {"uv": [8, 10, 7, 11], "texture": "#0"}
			}
		},
		{
			"name": "Body",
			"from": [7.914, 12.73533, 7.57],
			"to": [8.086, 15.051, 8.43],
			"rotation": {"angle": 22.5, "axis": "y", "origin": [8, 9.625, 8]},
			"faces": {
				"north": {"uv": [3, 0, 4, 13], "texture": "#0"},
				"east": {"uv": [0, 0, 1, 13], "texture": "#0"},
				"south": {"uv": [1, 0, 2, 13], "texture": "#0"},
				"west": {"uv": [2, 0, 3, 13], "texture": "#0"},
				"up": {"uv": [7, 11, 6, 10], "rotation": 90, "texture": "#0"},
				"down": {"uv": [8, 10, 7, 11], "rotation": 270, "texture": "#0"}
			}
		},
		{
			"name": "Body",
			"from": [7.914, 12.73533, 7.57],
			"to": [8.086, 15.051, 8.43],
			"rotation": {"angle": 0, "axis": "y", "origin": [8, 9.625, 8]},
			"faces": {
				"north": {"uv": [3, 0, 4, 13], "texture": "#0"},
				"east": {"uv": [0, 0, 1, 13], "texture": "#0"},
				"south": {"uv": [1, 0, 2, 13], "texture": "#0"},
				"west": {"uv": [2, 0, 3, 13], "texture": "#0"},
				"up": {"uv": [7, 11, 6, 10], "rotation": 90, "texture": "#0"},
				"down": {"uv": [8, 10, 7, 11], "rotation": 270, "texture": "#0"}
			}
		},
		{
			"name": "Body",
			"from": [7.914, 12.73533, 7.57],
			"to": [8.086, 15.051, 8.43],
			"rotation": {"angle": -22.5, "axis": "y", "origin": [8, 9.625, 8]},
			"faces": {
				"north": {"uv": [3, 0, 4, 13], "texture": "#0"},
				"east": {"uv": [0, 0, 1, 13], "texture": "#0"},
				"south": {"uv": [1, 0, 2, 13], "texture": "#0"},
				"west": {"uv": [2, 0, 3, 13], "texture": "#0"},
				"up": {"uv": [7, 11, 6, 10], "rotation": 90, "texture": "#0"},
				"down": {"uv": [8, 10, 7, 11], "rotation": 270, "texture": "#0"}
			}
		},
		{
			"name": "Body",
			"from": [7.914, 12.73533, 7.57],
			"to": [8.086, 15.051, 8.43],
			"rotation": {"angle": -45, "axis": "y", "origin": [8, 9.625, 8]},
			"faces": {
				"north": {"uv": [3, 0, 4, 13], "texture": "#0"},
				"east": {"uv": [0, 0, 1, 13], "texture": "#0"},
				"south": {"uv": [1, 0, 2, 13], "texture": "#0"},
				"west": {"uv": [2, 0, 3, 13], "texture": "#0"},
				"up": {"uv": [7, 11, 6, 10], "rotation": 90, "texture": "#0"},
				"down": {"uv": [8, 10, 7, 11], "rotation": 270, "texture": "#0"}
			}
		},
		{
			"name": "Body",
			"from": [7.57, 12.73533, 7.914],
			"to": [8.43, 15.051, 8.086],
			"rotation": {"angle": 22.5, "axis": "y", "origin": [8, 9.625, 8]},
			"faces": {
				"north": {"uv": [2, 0, 3, 13], "texture": "#0"},
				"east": {"uv": [3, 0, 4, 13], "texture": "#0"},
				"south": {"uv": [0, 0, 1, 13], "texture": "#0"},
				"west": {"uv": [1, 0, 2, 13], "texture": "#0"},
				"up": {"uv": [7, 11, 6, 10], "rotation": 180, "texture": "#0"},
				"down": {"uv": [8, 10, 7, 11], "rotation": 180, "texture": "#0"}
			}
		},
		{
			"name": "Gold1",
			"from": [7.75, 15, 7.75],
			"to": [8.25, 16, 8.25],
			"faces": {
				"north": {"uv": [11, 1, 12, 2], "texture": "#0"},
				"east": {"uv": [11, 2, 12, 3], "texture": "#0"},
				"south": {"uv": [11, 3, 12, 4], "texture": "#0"},
				"west": {"uv": [4, 11, 5, 12], "texture": "#0"},
				"up": {"uv": [12, 5, 11, 4], "texture": "#0"},
				"down": {"uv": [6, 11, 5, 12], "texture": "#0"}
			}
		},
		{
			"name": "Gold2",
			"from": [7.725, 17.33333, 7.825],
			"to": [8.275, 18.33333, 8.125],
			"faces": {
				"north": {"uv": [11, 1, 12, 2], "texture": "#0"},
				"east": {"uv": [11, 2, 12, 3], "texture": "#0"},
				"south": {"uv": [11, 3, 12, 4], "texture": "#0"},
				"west": {"uv": [4, 11, 5, 12], "texture": "#0"},
				"up": {"uv": [12, 5, 11, 4], "texture": "#0"},
				"down": {"uv": [6, 11, 5, 12], "texture": "#0"}
			}
		},
		{
			"name": "Gold6",
			"from": [8.1, 16.75, 6.75],
			"to": [8.35, 17.5, 7.25],
			"rotation": {"angle": 0, "axis": "y", "origin": [8, 8, 6.75]},
			"faces": {
				"north": {"uv": [11, 5, 12, 6], "texture": "#0"},
				"east": {"uv": [6, 11, 7, 12], "texture": "#0"},
				"south": {"uv": [11, 6, 12, 7], "texture": "#0"},
				"west": {"uv": [7, 11, 8, 12], "texture": "#0"},
				"up": {"uv": [12, 8, 11, 7], "texture": "#0"},
				"down": {"uv": [9, 11, 8, 12], "texture": "#0"}
			}
		},
		{
			"name": "Gold7",
			"from": [8.1, 16.75, 8.75],
			"to": [8.35, 17.5, 9.25],
			"rotation": {"angle": 0, "axis": "y", "origin": [8, 8, 8.75]},
			"faces": {
				"north": {"uv": [11, 8, 12, 9], "texture": "#0"},
				"east": {"uv": [9, 11, 10, 12], "texture": "#0"},
				"south": {"uv": [11, 9, 12, 10], "texture": "#0"},
				"west": {"uv": [10, 11, 11, 12], "texture": "#0"},
				"up": {"uv": [12, 11, 11, 10], "texture": "#0"},
				"down": {"uv": [12, 11, 11, 12], "texture": "#0"}
			}
		},
		{
			"name": "Gold8",
			"from": [7.85, 16.5, 9.25],
			"to": [8.1, 18.25, 9.75],
			"rotation": {"angle": 0, "axis": "y", "origin": [7.75, 7.75, 9.25]},
			"faces": {
				"north": {"uv": [4, 6, 5, 8], "texture": "#0"},
				"east": {"uv": [6, 4, 7, 6], "texture": "#0"},
				"south": {"uv": [5, 6, 6, 8], "texture": "#0"},
				"west": {"uv": [6, 6, 7, 8], "texture": "#0"},
				"up": {"uv": [13, 1, 12, 0], "texture": "#0"},
				"down": {"uv": [13, 1, 12, 2], "texture": "#0"}
			}
		},
		{
			"name": "Gold9",
			"from": [7.85, 16.5, 6.25],
			"to": [8.1, 18.25, 6.75],
			"rotation": {"angle": 0, "axis": "y", "origin": [7.75, 7.75, 6.25]},
			"faces": {
				"north": {"uv": [7, 4, 8, 6], "texture": "#0"},
				"east": {"uv": [7, 6, 8, 8], "texture": "#0"},
				"south": {"uv": [8, 0, 9, 2], "texture": "#0"},
				"west": {"uv": [8, 2, 9, 4], "texture": "#0"},
				"up": {"uv": [13, 3, 12, 2], "texture": "#0"},
				"down": {"uv": [13, 3, 12, 4], "texture": "#0"}
			}
		},
		{
			"name": "Metal3",
			"from": [8, 19.5, 7.75],
			"to": [8, 20.33333, 8.25],
			"rotation": {"angle": 0, "axis": "y", "origin": [8, 8, 7.75]},
			"faces": {
				"north": {"uv": [0, 0, 0, 1], "texture": "#0"},
				"east": {"uv": [4, 12, 5, 13], "texture": "#0"},
				"south": {"uv": [0, 0, 0, 1], "texture": "#0"},
				"west": {"uv": [12, 4, 13, 5], "texture": "#0"},
				"up": {"uv": [0, 1, 0, 0], "texture": "#0"},
				"down": {"uv": [0, 0, 0, 1], "texture": "#0"}
			}
		},
		{
			"name": "Metal4",
			"from": [8, 20.625, 7.8],
			"to": [8, 20.83333, 8.225],
			"rotation": {"angle": 0, "axis": "y", "origin": [8, 8, 7.75]},
			"faces": {
				"north": {"uv": [0, 0, 0, 1], "texture": "#0"},
				"east": {"uv": [4, 12, 5, 13], "texture": "#0"},
				"south": {"uv": [0, 0, 0, 1], "texture": "#0"},
				"west": {"uv": [12, 4, 13, 5], "texture": "#0"},
				"up": {"uv": [0, 1, 0, 0], "texture": "#0"},
				"down": {"uv": [0, 0, 0, 1], "texture": "#0"}
			}
		},
		{
			"name": "Metal5",
			"from": [8, 18.25833, 9.575],
			"to": [8, 19.60833, 9.78333],
			"rotation": {"angle": 22.5, "axis": "x", "origin": [8, 19.02917, 9.34583]},
			"faces": {
				"north": {"uv": [0, 1, 0, 0], "rotation": 180, "texture": "#0"},
				"east": {"uv": [4, 12, 5, 13], "rotation": 90, "texture": "#0"},
				"south": {"uv": [0, 0, 0, 1], "texture": "#0"},
				"west": {"uv": [12, 4, 13, 5], "rotation": 270, "texture": "#0"},
				"up": {"uv": [0, 0, 0, 1], "texture": "#0"},
				"down": {"uv": [0, 0, 0, 1], "rotation": 180, "texture": "#0"}
			}
		},
		{
			"name": "Metal6",
			"from": [8, 18.24701, 5.79169],
			"to": [8, 19.64701, 6.00002],
			"rotation": {"angle": -22.5, "axis": "x", "origin": [8, 20.08868, 6.53752]},
			"faces": {
				"north": {"uv": [0, 1, 0, 0], "rotation": 180, "texture": "#0"},
				"east": {"uv": [4, 12, 5, 13], "rotation": 90, "texture": "#0"},
				"south": {"uv": [0, 0, 0, 1], "texture": "#0"},
				"west": {"uv": [12, 4, 13, 5], "rotation": 270, "texture": "#0"},
				"up": {"uv": [0, 0, 0, 1], "texture": "#0"},
				"down": {"uv": [0, 0, 0, 1], "rotation": 180, "texture": "#0"}
			}
		},
		{
			"name": "Metal4",
			"from": [8, 19.25, 7.5],
			"to": [8, 20.7, 8],
			"rotation": {"angle": 22.5, "axis": "x", "origin": [8, 20, 8]},
			"faces": {
				"north": {"uv": [0, 0, 0, 1], "texture": "#0"},
				"east": {"uv": [4, 12, 5, 13], "texture": "#0"},
				"south": {"uv": [0, 0, 0, 1], "texture": "#0"},
				"west": {"uv": [12, 4, 13, 5], "texture": "#0"},
				"up": {"uv": [0, 1, 0, 0], "texture": "#0"},
				"down": {"uv": [0, 0, 0, 1], "texture": "#0"}
			}
		},
		{
			"name": "Metal5",
			"from": [8, 19.25, 8],
			"to": [8, 20.7, 8.5],
			"rotation": {"angle": -22.5, "axis": "x", "origin": [8, 20, 8]},
			"faces": {
				"north": {"uv": [0, 0, 0, 1], "texture": "#0"},
				"east": {"uv": [4, 12, 5, 13], "texture": "#0"},
				"south": {"uv": [0, 0, 0, 1], "texture": "#0"},
				"west": {"uv": [12, 4, 13, 5], "texture": "#0"},
				"up": {"uv": [0, 1, 0, 0], "texture": "#0"},
				"down": {"uv": [0, 0, 0, 1], "texture": "#0"}
			}
		},
		{
			"name": "Metal2",
			"from": [8, 16.25, 7.25],
			"to": [8, 19.5, 8.75],
			"rotation": {"angle": 0, "axis": "y", "origin": [8, 6.75, 8]},
			"faces": {
				"north": {"uv": [0, 0, 0, 3], "texture": "#0"},
				"east": {"uv": [4, 0, 6, 3], "texture": "#0"},
				"south": {"uv": [0, 0, 0, 3], "texture": "#0"},
				"west": {"uv": [4, 3, 6, 6], "texture": "#0"},
				"up": {"uv": [0, 2, 0, 0], "texture": "#0"},
				"down": {"uv": [0, 0, 0, 2], "texture": "#0"}
			}
		},
		{
			"name": "Metal3",
			"from": [8, 16.75, 6],
			"to": [8, 18.75, 6.5],
			"rotation": {"angle": 0, "axis": "x", "origin": [8, 7.25, 5.75]},
			"faces": {
				"north": {"uv": [0, 0, 0, 2], "texture": "#0"},
				"east": {"uv": [4, 8, 5, 10], "texture": "#0"},
				"south": {"uv": [0, 0, 0, 2], "texture": "#0"},
				"west": {"uv": [8, 4, 9, 6], "texture": "#0"},
				"up": {"uv": [0, 1, 0, 0], "texture": "#0"},
				"down": {"uv": [0, 0, 0, 1], "texture": "#0"}
			}
		},
		{
			"name": "Metal4",
			"from": [8, 16.75, 9.5],
			"to": [8, 18.75, 10],
			"rotation": {"angle": 0, "axis": "x", "origin": [8, 7.25, 9.25]},
			"faces": {
				"north": {"uv": [0, 0, 0, 2], "texture": "#0"},
				"east": {"uv": [5, 8, 6, 10], "texture": "#0"},
				"south": {"uv": [0, 0, 0, 2], "texture": "#0"},
				"west": {"uv": [6, 8, 7, 10], "texture": "#0"},
				"up": {"uv": [0, 1, 0, 0], "texture": "#0"},
				"down": {"uv": [0, 0, 0, 1], "texture": "#0"}
			}
		},
		{
			"name": "Metal5",
			"from": [8, 18.725, 9.675],
			"to": [8, 19.175, 10],
			"rotation": {"angle": 0, "axis": "x", "origin": [8, 7.25, 9.25]},
			"faces": {
				"north": {"uv": [0, 0, 0, 2], "texture": "#0"},
				"east": {"uv": [5, 8, 6, 10], "texture": "#0"},
				"south": {"uv": [0, 0, 0, 2], "texture": "#0"},
				"west": {"uv": [6, 8, 7, 10], "texture": "#0"},
				"up": {"uv": [0, 1, 0, 0], "texture": "#0"},
				"down": {"uv": [0, 0, 0, 1], "texture": "#0"}
			}
		},
		{
			"name": "Metal6",
			"from": [8, 18.725, 6.00833],
			"to": [8, 19.175, 6.33333],
			"rotation": {"angle": 0, "axis": "x", "origin": [8, 7.25, 9.25]},
			"faces": {
				"north": {"uv": [0, 0, 0, 2], "texture": "#0"},
				"east": {"uv": [5, 8, 6, 10], "texture": "#0"},
				"south": {"uv": [0, 0, 0, 2], "texture": "#0"},
				"west": {"uv": [6, 8, 7, 10], "texture": "#0"},
				"up": {"uv": [0, 1, 0, 0], "texture": "#0"},
				"down": {"uv": [0, 0, 0, 1], "texture": "#0"}
			}
		},
		{
			"name": "Metal6",
			"from": [8, 19.025, 9.8],
			"to": [8, 19.475, 10],
			"rotation": {"angle": 0, "axis": "x", "origin": [8, 7.25, 9.25]},
			"faces": {
				"north": {"uv": [0, 0, 0, 2], "texture": "#0"},
				"east": {"uv": [5, 8, 6, 10], "texture": "#0"},
				"south": {"uv": [0, 0, 0, 2], "texture": "#0"},
				"west": {"uv": [6, 8, 7, 10], "texture": "#0"},
				"up": {"uv": [0, 1, 0, 0], "texture": "#0"},
				"down": {"uv": [0, 0, 0, 1], "texture": "#0"}
			}
		},
		{
			"name": "Metal7",
			"from": [8, 19.025, 6],
			"to": [8, 19.475, 6.2],
			"rotation": {"angle": 0, "axis": "x", "origin": [8, 7.25, 9.25]},
			"faces": {
				"north": {"uv": [0, 0, 0, 2], "texture": "#0"},
				"east": {"uv": [5, 8, 6, 10], "texture": "#0"},
				"south": {"uv": [0, 0, 0, 2], "texture": "#0"},
				"west": {"uv": [6, 8, 7, 10], "texture": "#0"},
				"up": {"uv": [0, 1, 0, 0], "texture": "#0"},
				"down": {"uv": [0, 0, 0, 1], "texture": "#0"}
			}
		},
		{
			"name": "Black1",
			"from": [7.75, 16, 7.5],
			"to": [8.25, 16.5, 8.5],
			"faces": {
				"north": {"uv": [5, 12, 6, 13], "texture": "#0"},
				"east": {"uv": [12, 5, 13, 6], "texture": "#0"},
				"south": {"uv": [6, 12, 7, 13], "texture": "#0"},
				"west": {"uv": [12, 6, 13, 7], "texture": "#0"},
				"up": {"uv": [8, 13, 7, 12], "texture": "#0"},
				"down": {"uv": [13, 7, 12, 8], "texture": "#0"}
			}
		},
		{
			"name": "Black2",
			"from": [7.5, 16.75, 8.5],
			"to": [8.5, 17.25, 8.75],
			"faces": {
				"north": {"uv": [8, 12, 9, 13], "texture": "#0"},
				"east": {"uv": [12, 8, 13, 9], "texture": "#0"},
				"south": {"uv": [9, 12, 10, 13], "texture": "#0"},
				"west": {"uv": [12, 9, 13, 10], "texture": "#0"},
				"up": {"uv": [11, 13, 10, 12], "texture": "#0"},
				"down": {"uv": [13, 10, 12, 11], "texture": "#0"}
			}
		},
		{
			"name": "Black3",
			"from": [7.5, 16.75, 7.25],
			"to": [8.5, 17.25, 7.5],
			"faces": {
				"north": {"uv": [11, 12, 12, 13], "texture": "#0"},
				"east": {"uv": [12, 11, 13, 12], "texture": "#0"},
				"south": {"uv": [12, 12, 13, 13], "texture": "#0"},
				"west": {"uv": [0, 13, 1, 14], "texture": "#0"},
				"up": {"uv": [14, 1, 13, 0], "texture": "#0"},
				"down": {"uv": [2, 13, 1, 14], "texture": "#0"}
			}
		},
		{
			"name": "Black4",
			"from": [7.5, 16.5, 7.5],
			"to": [8.5, 16.75, 8.5],
			"faces": {
				"north": {"uv": [13, 1, 14, 2], "texture": "#0"},
				"east": {"uv": [2, 13, 3, 14], "texture": "#0"},
				"south": {"uv": [13, 2, 14, 3], "texture": "#0"},
				"west": {"uv": [3, 13, 4, 14], "texture": "#0"},
				"up": {"uv": [14, 4, 13, 3], "texture": "#0"},
				"down": {"uv": [5, 13, 4, 14], "texture": "#0"}
			}
		},
		{
			"name": "Black5",
			"from": [7.75, 16.75, 7.5],
			"to": [8.25, 18.75, 8.5],
			"faces": {
				"north": {"uv": [8, 6, 9, 8], "texture": "#0"},
				"east": {"uv": [7, 8, 8, 10], "texture": "#0"},
				"south": {"uv": [8, 8, 9, 10], "texture": "#0"},
				"west": {"uv": [9, 0, 10, 2], "texture": "#0"},
				"up": {"uv": [14, 5, 13, 4], "texture": "#0"},
				"down": {"uv": [6, 13, 5, 14], "texture": "#0"}
			}
		},
		{
			"name": "Black6",
			"from": [8, 14.5, 7.25],
			"to": [8, 15.75, 8.75],
			"rotation": {"angle": 0, "axis": "y", "origin": [7.75, 5, 8]},
			"faces": {
				"north": {"uv": [0, 0, 0, 1], "texture": "#0"},
				"east": {"uv": [9, 2, 11, 3], "texture": "#0"},
				"south": {"uv": [0, 0, 0, 1], "texture": "#0"},
				"west": {"uv": [9, 3, 11, 4], "texture": "#0"},
				"up": {"uv": [0, 2, 0, 0], "texture": "#0"},
				"down": {"uv": [0, 0, 0, 2], "texture": "#0"}
			}
		},
		{
			"name": "Black7",
			"from": [7.75, 15, 8.5],
			"to": [8.25, 16.25, 9.5],
			"rotation": {"angle": 0, "axis": "y", "origin": [8, 5.5, 9]},
			"faces": {
				"north": {"uv": [13, 5, 14, 6], "texture": "#0"},
				"east": {"uv": [6, 13, 7, 14], "texture": "#0"},
				"south": {"uv": [13, 6, 14, 7], "texture": "#0"},
				"west": {"uv": [7, 13, 8, 14], "texture": "#0"},
				"up": {"uv": [14, 8, 13, 7], "texture": "#0"},
				"down": {"uv": [9, 13, 8, 14], "texture": "#0"}
			}
		},
		{
			"name": "Black8",
			"from": [7.75, 15, 6.5],
			"to": [8.25, 16.25, 7.5],
			"rotation": {"angle": 0, "axis": "y", "origin": [8, 5.5, 7]},
			"faces": {
				"north": {"uv": [13, 8, 14, 9], "texture": "#0"},
				"east": {"uv": [9, 13, 10, 14], "texture": "#0"},
				"south": {"uv": [13, 9, 14, 10], "texture": "#0"},
				"west": {"uv": [10, 13, 11, 14], "texture": "#0"},
				"up": {"uv": [14, 11, 13, 10], "texture": "#0"},
				"down": {"uv": [12, 13, 11, 14], "texture": "#0"}
			}
		},
		{
			"name": "Black9",
			"from": [7.75, 13.75, 5.75],
			"to": [8.25, 15, 7],
			"rotation": {"angle": 0, "axis": "y", "origin": [8.25, 4.25, 6.5]},
			"faces": {
				"north": {"uv": [13, 11, 14, 12], "texture": "#0"},
				"east": {"uv": [12, 13, 13, 14], "texture": "#0"},
				"south": {"uv": [13, 12, 14, 13], "texture": "#0"},
				"west": {"uv": [13, 13, 14, 14], "texture": "#0"},
				"up": {"uv": [1, 15, 0, 14], "texture": "#0"},
				"down": {"uv": [15, 0, 14, 1], "texture": "#0"}
			}
		},
		{
			"name": "Black10",
			"from": [7.75, 13.75, 9],
			"to": [8.25, 15, 10.25],
			"rotation": {"angle": 0, "axis": "y", "origin": [8.25, 4.25, 9.5]},
			"faces": {
				"north": {"uv": [1, 14, 2, 15], "texture": "#0"},
				"east": {"uv": [14, 1, 15, 2], "texture": "#0"},
				"south": {"uv": [2, 14, 3, 15], "texture": "#0"},
				"west": {"uv": [14, 2, 15, 3], "texture": "#0"},
				"up": {"uv": [4, 15, 3, 14], "texture": "#0"},
				"down": {"uv": [15, 3, 14, 4], "texture": "#0"}
			}
		},
		{
			"name": "Black11",
			"from": [7.75, 13.5, 1.5],
			"to": [8.25, 14.5, 2.75],
			"rotation": {"angle": 22.5, "axis": "x", "origin": [8.25, 4, 2.25]},
			"faces": {
				"north": {"uv": [4, 14, 5, 15], "texture": "#0"},
				"east": {"uv": [14, 4, 15, 5], "texture": "#0"},
				"south": {"uv": [5, 14, 6, 15], "texture": "#0"},
				"west": {"uv": [14, 5, 15, 6], "texture": "#0"},
				"up": {"uv": [7, 15, 6, 14], "texture": "#0"},
				"down": {"uv": [15, 6, 14, 7], "texture": "#0"}
			}
		},
		{
			"name": "Black12",
			"from": [7.75, 13.5, 13.25],
			"to": [8.25, 14.5, 14.5],
			"rotation": {"angle": -22.5, "axis": "x", "origin": [8.25, 4, 13.75]},
			"faces": {
				"north": {"uv": [7, 14, 8, 15], "texture": "#0"},
				"east": {"uv": [14, 7, 15, 8], "texture": "#0"},
				"south": {"uv": [8, 14, 9, 15], "texture": "#0"},
				"west": {"uv": [14, 8, 15, 9], "texture": "#0"},
				"up": {"uv": [10, 15, 9, 14], "texture": "#0"},
				"down": {"uv": [15, 9, 14, 10], "texture": "#0"}
			}
		},
		{
			"name": "Black6",
			"from": [7.75, 18.75, 7.75],
			"to": [8.25, 19.25, 8.25],
			"faces": {
				"north": {"uv": [10, 14, 11, 15], "texture": "#0"},
				"east": {"uv": [14, 10, 15, 11], "texture": "#0"},
				"south": {"uv": [11, 14, 12, 15], "texture": "#0"},
				"west": {"uv": [14, 11, 15, 12], "texture": "#0"},
				"up": {"uv": [13, 15, 12, 14], "texture": "#0"},
				"down": {"uv": [15, 12, 14, 13], "texture": "#0"}
			}
		},
		{
			"name": "Spike",
			"from": [7.75, -3, 7.75],
			"to": [8.25, -2, 8.25],
			"rotation": {"angle": 0, "axis": "y", "origin": [8, 8.75, 8]},
			"faces": {
				"north": {"uv": [13, 14, 14, 15], "texture": "#0"},
				"east": {"uv": [14, 13, 15, 14], "texture": "#0"},
				"south": {"uv": [14, 14, 15, 15], "texture": "#0"},
				"west": {"uv": [0, 15, 1, 16], "texture": "#0"},
				"up": {"uv": [16, 1, 15, 0], "texture": "#0"},
				"down": {"uv": [2, 15, 1, 16], "texture": "#0"}
			}
		},
		{
			"name": "Spike",
			"from": [7.25, -0.66667, 7.86667],
			"to": [8.75, -0.33333, 8.15833],
			"rotation": {"angle": 0, "axis": "y", "origin": [8, -0.5, 8.0125]},
			"faces": {
				"north": {"uv": [9, 4, 11, 5], "texture": "#0"},
				"east": {"uv": [9, 5, 11, 6], "texture": "#0"},
				"south": {"uv": [9, 6, 11, 7], "texture": "#0"},
				"west": {"uv": [9, 7, 11, 8], "texture": "#0"},
				"up": {"uv": [8, 2, 6, 0], "texture": "#0"},
				"down": {"uv": [8, 2, 6, 4], "texture": "#0"}
			}
		},
		{
			"name": "Spike",
			"from": [7.25, -0.66667, 7.86667],
			"to": [8.75, -0.33333, 8.15833],
			"rotation": {"angle": -22.5, "axis": "y", "origin": [8, -0.5, 8.0125]},
			"faces": {
				"north": {"uv": [9, 4, 11, 5], "texture": "#0"},
				"east": {"uv": [9, 5, 11, 6], "texture": "#0"},
				"south": {"uv": [9, 6, 11, 7], "texture": "#0"},
				"west": {"uv": [9, 7, 11, 8], "texture": "#0"},
				"up": {"uv": [8, 2, 6, 0], "texture": "#0"},
				"down": {"uv": [8, 2, 6, 4], "texture": "#0"}
			}
		},
		{
			"name": "Spike",
			"from": [7.25, -0.66667, 7.86667],
			"to": [8.75, -0.33333, 8.15833],
			"rotation": {"angle": -45, "axis": "y", "origin": [8, -0.5, 8.0125]},
			"faces": {
				"north": {"uv": [9, 4, 11, 5], "texture": "#0"},
				"east": {"uv": [9, 5, 11, 6], "texture": "#0"},
				"south": {"uv": [9, 6, 11, 7], "texture": "#0"},
				"west": {"uv": [9, 7, 11, 8], "texture": "#0"},
				"up": {"uv": [8, 2, 6, 0], "texture": "#0"},
				"down": {"uv": [8, 2, 6, 4], "texture": "#0"}
			}
		},
		{
			"name": "Spike",
			"from": [7.85417, -0.66667, 7.2625],
			"to": [8.14583, -0.33333, 8.7625],
			"rotation": {"angle": 22.5, "axis": "y", "origin": [8, -0.5, 8.0125]},
			"faces": {
				"north": {"uv": [9, 7, 11, 8], "texture": "#0"},
				"east": {"uv": [9, 4, 11, 5], "texture": "#0"},
				"south": {"uv": [9, 5, 11, 6], "texture": "#0"},
				"west": {"uv": [9, 6, 11, 7], "texture": "#0"},
				"up": {"uv": [8, 2, 6, 0], "rotation": 90, "texture": "#0"},
				"down": {"uv": [8, 2, 6, 4], "rotation": 270, "texture": "#0"}
			}
		},
		{
			"name": "Spike",
			"from": [7.85417, -0.66667, 7.2625],
			"to": [8.14583, -0.33333, 8.7625],
			"rotation": {"angle": 0, "axis": "y", "origin": [8, -0.5, 8.0125]},
			"faces": {
				"north": {"uv": [9, 7, 11, 8], "texture": "#0"},
				"east": {"uv": [9, 4, 11, 5], "texture": "#0"},
				"south": {"uv": [9, 5, 11, 6], "texture": "#0"},
				"west": {"uv": [9, 6, 11, 7], "texture": "#0"},
				"up": {"uv": [8, 2, 6, 0], "rotation": 90, "texture": "#0"},
				"down": {"uv": [8, 2, 6, 4], "rotation": 270, "texture": "#0"}
			}
		},
		{
			"name": "Spike",
			"from": [7.85417, -0.66667, 7.2625],
			"to": [8.14583, -0.33333, 8.7625],
			"rotation": {"angle": -22.5, "axis": "y", "origin": [8, -0.5, 8.0125]},
			"faces": {
				"north": {"uv": [9, 7, 11, 8], "texture": "#0"},
				"east": {"uv": [9, 4, 11, 5], "texture": "#0"},
				"south": {"uv": [9, 5, 11, 6], "texture": "#0"},
				"west": {"uv": [9, 6, 11, 7], "texture": "#0"},
				"up": {"uv": [8, 2, 6, 0], "rotation": 90, "texture": "#0"},
				"down": {"uv": [8, 2, 6, 4], "rotation": 270, "texture": "#0"}
			}
		},
		{
			"name": "Spike",
			"from": [7.85417, -0.66667, 7.2625],
			"to": [8.14583, -0.33333, 8.7625],
			"rotation": {"angle": -45, "axis": "y", "origin": [8, -0.5, 8.0125]},
			"faces": {
				"north": {"uv": [9, 7, 11, 8], "texture": "#0"},
				"east": {"uv": [9, 4, 11, 5], "texture": "#0"},
				"south": {"uv": [9, 5, 11, 6], "texture": "#0"},
				"west": {"uv": [9, 6, 11, 7], "texture": "#0"},
				"up": {"uv": [8, 2, 6, 0], "rotation": 90, "texture": "#0"},
				"down": {"uv": [8, 2, 6, 4], "rotation": 270, "texture": "#0"}
			}
		},
		{
			"name": "Spike",
			"from": [7.25, -0.66667, 7.86667],
			"to": [8.75, -0.33333, 8.15833],
			"rotation": {"angle": 22.5, "axis": "y", "origin": [8, -0.5, 8.0125]},
			"faces": {
				"north": {"uv": [9, 6, 11, 7], "texture": "#0"},
				"east": {"uv": [9, 7, 11, 8], "texture": "#0"},
				"south": {"uv": [9, 4, 11, 5], "texture": "#0"},
				"west": {"uv": [9, 5, 11, 6], "texture": "#0"},
				"up": {"uv": [8, 2, 6, 0], "rotation": 180, "texture": "#0"},
				"down": {"uv": [8, 2, 6, 4], "rotation": 180, "texture": "#0"}
			}
		},
		{
			"name": "Spike",
			"from": [7.25, 14.16667, 7.86667],
			"to": [8.75, 14.5, 8.15833],
			"rotation": {"angle": 0, "axis": "y", "origin": [8, 14.33333, 8.0125]},
			"faces": {
				"north": {"uv": [9, 4, 11, 5], "texture": "#0"},
				"east": {"uv": [9, 5, 11, 6], "texture": "#0"},
				"south": {"uv": [9, 6, 11, 7], "texture": "#0"},
				"west": {"uv": [9, 7, 11, 8], "texture": "#0"},
				"up": {"uv": [8, 2, 6, 0], "texture": "#0"},
				"down": {"uv": [8, 2, 6, 4], "texture": "#0"}
			}
		},
		{
			"name": "Spike",
			"from": [7.25, 14.16667, 7.86667],
			"to": [8.75, 14.5, 8.15833],
			"rotation": {"angle": -22.5, "axis": "y", "origin": [8, 14.33333, 8.0125]},
			"faces": {
				"north": {"uv": [9, 4, 11, 5], "texture": "#0"},
				"east": {"uv": [9, 5, 11, 6], "texture": "#0"},
				"south": {"uv": [9, 6, 11, 7], "texture": "#0"},
				"west": {"uv": [9, 7, 11, 8], "texture": "#0"},
				"up": {"uv": [8, 2, 6, 0], "texture": "#0"},
				"down": {"uv": [8, 2, 6, 4], "texture": "#0"}
			}
		},
		{
			"name": "Spike",
			"from": [7.25, 14.16667, 7.86667],
			"to": [8.75, 14.5, 8.15833],
			"rotation": {"angle": -45, "axis": "y", "origin": [8, 14.33333, 8.0125]},
			"faces": {
				"north": {"uv": [9, 4, 11, 5], "texture": "#0"},
				"east": {"uv": [9, 5, 11, 6], "texture": "#0"},
				"south": {"uv": [9, 6, 11, 7], "texture": "#0"},
				"west": {"uv": [9, 7, 11, 8], "texture": "#0"},
				"up": {"uv": [8, 2, 6, 0], "texture": "#0"},
				"down": {"uv": [8, 2, 6, 4], "texture": "#0"}
			}
		},
		{
			"name": "Spike",
			"from": [7.85417, 14.16667, 7.2625],
			"to": [8.14583, 14.5, 8.7625],
			"rotation": {"angle": 22.5, "axis": "y", "origin": [8, 14.33333, 8.0125]},
			"faces": {
				"north": {"uv": [9, 7, 11, 8], "texture": "#0"},
				"east": {"uv": [9, 4, 11, 5], "texture": "#0"},
				"south": {"uv": [9, 5, 11, 6], "texture": "#0"},
				"west": {"uv": [9, 6, 11, 7], "texture": "#0"},
				"up": {"uv": [8, 2, 6, 0], "rotation": 90, "texture": "#0"},
				"down": {"uv": [8, 2, 6, 4], "rotation": 270, "texture": "#0"}
			}
		},
		{
			"name": "Spike",
			"from": [7.85417, 14.16667, 7.2625],
			"to": [8.14583, 14.5, 8.7625],
			"rotation": {"angle": 0, "axis": "y", "origin": [8, 14.33333, 8.0125]},
			"faces": {
				"north": {"uv": [9, 7, 11, 8], "texture": "#0"},
				"east": {"uv": [9, 4, 11, 5], "texture": "#0"},
				"south": {"uv": [9, 5, 11, 6], "texture": "#0"},
				"west": {"uv": [9, 6, 11, 7], "texture": "#0"},
				"up": {"uv": [8, 2, 6, 0], "rotation": 90, "texture": "#0"},
				"down": {"uv": [8, 2, 6, 4], "rotation": 270, "texture": "#0"}
			}
		},
		{
			"name": "Spike",
			"from": [7.85417, 14.16667, 7.2625],
			"to": [8.14583, 14.5, 8.7625],
			"rotation": {"angle": -22.5, "axis": "y", "origin": [8, 14.33333, 8.0125]},
			"faces": {
				"north": {"uv": [9, 7, 11, 8], "texture": "#0"},
				"east": {"uv": [9, 4, 11, 5], "texture": "#0"},
				"south": {"uv": [9, 5, 11, 6], "texture": "#0"},
				"west": {"uv": [9, 6, 11, 7], "texture": "#0"},
				"up": {"uv": [8, 2, 6, 0], "rotation": 90, "texture": "#0"},
				"down": {"uv": [8, 2, 6, 4], "rotation": 270, "texture": "#0"}
			}
		},
		{
			"name": "Spike",
			"from": [7.85417, 14.16667, 7.2625],
			"to": [8.14583, 14.5, 8.7625],
			"rotation": {"angle": -45, "axis": "y", "origin": [8, 14.33333, 8.0125]},
			"faces": {
				"north": {"uv": [9, 7, 11, 8], "texture": "#0"},
				"east": {"uv": [9, 4, 11, 5], "texture": "#0"},
				"south": {"uv": [9, 5, 11, 6], "texture": "#0"},
				"west": {"uv": [9, 6, 11, 7], "texture": "#0"},
				"up": {"uv": [8, 2, 6, 0], "rotation": 90, "texture": "#0"},
				"down": {"uv": [8, 2, 6, 4], "rotation": 270, "texture": "#0"}
			}
		},
		{
			"name": "Spike",
			"from": [7.25, 14.16667, 7.86667],
			"to": [8.75, 14.5, 8.15833],
			"rotation": {"angle": 22.5, "axis": "y", "origin": [8, 14.33333, 8.0125]},
			"faces": {
				"north": {"uv": [9, 6, 11, 7], "texture": "#0"},
				"east": {"uv": [9, 7, 11, 8], "texture": "#0"},
				"south": {"uv": [9, 4, 11, 5], "texture": "#0"},
				"west": {"uv": [9, 5, 11, 6], "texture": "#0"},
				"up": {"uv": [8, 2, 6, 0], "rotation": 180, "texture": "#0"},
				"down": {"uv": [8, 2, 6, 4], "rotation": 180, "texture": "#0"}
			}
		},
		{
			"name": "Spike",
			"from": [7.25, -1.98333, 7.86667],
			"to": [8.75, -0.975, 8.15833],
			"rotation": {"angle": 0, "axis": "y", "origin": [8, -1.14167, 8.0125]},
			"faces": {
				"north": {"uv": [9, 4, 11, 5], "texture": "#0"},
				"east": {"uv": [9, 5, 11, 6], "texture": "#0"},
				"south": {"uv": [9, 6, 11, 7], "texture": "#0"},
				"west": {"uv": [9, 7, 11, 8], "texture": "#0"},
				"up": {"uv": [8, 2, 6, 0], "texture": "#0"},
				"down": {"uv": [8, 2, 6, 4], "texture": "#0"}
			}
		},
		{
			"name": "Spike",
			"from": [7.25, -1.98333, 7.86667],
			"to": [8.75, -0.975, 8.15833],
			"rotation": {"angle": -22.5, "axis": "y", "origin": [8, -1.14167, 8.0125]},
			"faces": {
				"north": {"uv": [9, 4, 11, 5], "texture": "#0"},
				"east": {"uv": [9, 5, 11, 6], "texture": "#0"},
				"south": {"uv": [9, 6, 11, 7], "texture": "#0"},
				"west": {"uv": [9, 7, 11, 8], "texture": "#0"},
				"up": {"uv": [8, 2, 6, 0], "texture": "#0"},
				"down": {"uv": [8, 2, 6, 4], "texture": "#0"}
			}
		},
		{
			"name": "Spike",
			"from": [7.25, -1.98333, 7.86667],
			"to": [8.75, -0.975, 8.15833],
			"rotation": {"angle": -45, "axis": "y", "origin": [8, -1.14167, 8.0125]},
			"faces": {
				"north": {"uv": [9, 4, 11, 5], "texture": "#0"},
				"east": {"uv": [9, 5, 11, 6], "texture": "#0"},
				"south": {"uv": [9, 6, 11, 7], "texture": "#0"},
				"west": {"uv": [9, 7, 11, 8], "texture": "#0"},
				"up": {"uv": [8, 2, 6, 0], "texture": "#0"},
				"down": {"uv": [8, 2, 6, 4], "texture": "#0"}
			}
		},
		{
			"name": "Spike",
			"from": [7.85417, -1.98333, 7.2625],
			"to": [8.14583, -0.975, 8.7625],
			"rotation": {"angle": 22.5, "axis": "y", "origin": [8, -1.14167, 8.0125]},
			"faces": {
				"north": {"uv": [9, 7, 11, 8], "texture": "#0"},
				"east": {"uv": [9, 4, 11, 5], "texture": "#0"},
				"south": {"uv": [9, 5, 11, 6], "texture": "#0"},
				"west": {"uv": [9, 6, 11, 7], "texture": "#0"},
				"up": {"uv": [8, 2, 6, 0], "rotation": 90, "texture": "#0"},
				"down": {"uv": [8, 2, 6, 4], "rotation": 270, "texture": "#0"}
			}
		},
		{
			"name": "Spike",
			"from": [7.85417, -1.98333, 7.2625],
			"to": [8.14583, -0.975, 8.7625],
			"rotation": {"angle": 0, "axis": "y", "origin": [8, -1.14167, 8.0125]},
			"faces": {
				"north": {"uv": [9, 7, 11, 8], "texture": "#0"},
				"east": {"uv": [9, 4, 11, 5], "texture": "#0"},
				"south": {"uv": [9, 5, 11, 6], "texture": "#0"},
				"west": {"uv": [9, 6, 11, 7], "texture": "#0"},
				"up": {"uv": [8, 2, 6, 0], "rotation": 90, "texture": "#0"},
				"down": {"uv": [8, 2, 6, 4], "rotation": 270, "texture": "#0"}
			}
		},
		{
			"name": "Spike",
			"from": [7.85417, -1.98333, 7.2625],
			"to": [8.14583, -0.975, 8.7625],
			"rotation": {"angle": -22.5, "axis": "y", "origin": [8, -1.14167, 8.0125]},
			"faces": {
				"north": {"uv": [9, 7, 11, 8], "texture": "#0"},
				"east": {"uv": [9, 4, 11, 5], "texture": "#0"},
				"south": {"uv": [9, 5, 11, 6], "texture": "#0"},
				"west": {"uv": [9, 6, 11, 7], "texture": "#0"},
				"up": {"uv": [8, 2, 6, 0], "rotation": 90, "texture": "#0"},
				"down": {"uv": [8, 2, 6, 4], "rotation": 270, "texture": "#0"}
			}
		},
		{
			"name": "Spike",
			"from": [7.85417, -1.98333, 7.2625],
			"to": [8.14583, -0.975, 8.7625],
			"rotation": {"angle": -45, "axis": "y", "origin": [8, -1.14167, 8.0125]},
			"faces": {
				"north": {"uv": [9, 7, 11, 8], "texture": "#0"},
				"east": {"uv": [9, 4, 11, 5], "texture": "#0"},
				"south": {"uv": [9, 5, 11, 6], "texture": "#0"},
				"west": {"uv": [9, 6, 11, 7], "texture": "#0"},
				"up": {"uv": [8, 2, 6, 0], "rotation": 90, "texture": "#0"},
				"down": {"uv": [8, 2, 6, 4], "rotation": 270, "texture": "#0"}
			}
		},
		{
			"name": "Spike",
			"from": [7.25, -1.98333, 7.86667],
			"to": [8.75, -0.975, 8.15833],
			"rotation": {"angle": 22.5, "axis": "y", "origin": [8, -1.14167, 8.0125]},
			"faces": {
				"north": {"uv": [9, 6, 11, 7], "texture": "#0"},
				"east": {"uv": [9, 7, 11, 8], "texture": "#0"},
				"south": {"uv": [9, 4, 11, 5], "texture": "#0"},
				"west": {"uv": [9, 5, 11, 6], "texture": "#0"},
				"up": {"uv": [8, 2, 6, 0], "rotation": 180, "texture": "#0"},
				"down": {"uv": [8, 2, 6, 4], "rotation": 180, "texture": "#0"}
			}
		}
	],
	"display": {
		"thirdperson_righthand": {
			"translation": [0, 0.25, 0.75],
			"scale": [1, 1.81, 1]
		},
		"thirdperson_lefthand": {
			"translation": [0, 0, 1],
			"scale": [1, 1.81, 1]
		},
		"firstperson_righthand": {
			"translation": [0, -0.75, 0],
			"scale": [1, 1.81, 1]
		},
		"firstperson_lefthand": {
			"scale": [1, 1.81, 1]
		},
		"ground": {
			"rotation": [-45, 0, 0],
			"translation": [0, 12, 0],
			"scale": [1, 1.81, 1]
		},
		"gui": {
			"rotation": [0, -90, 0],
			"translation": [0, -0.25, 0],
			"scale": [0.34, 0.65, 0.34]
		},
		"head": {
			"rotation": [-89, 0, 0],
			"scale": [2, 2.81, 2]
		}
	},
	"groups": [0, 1, 2, 3, 4, 5, 6, 7,
		{
			"name": "Body",
			"origin": [8, 8, 8],
			"color": 0,
			"children": [
				{
					"name": "Rounded2",
					"origin": [8, 6.125, 8.4],
					"color": 0,
					"children": [8, 9, 10, 11, 12, 13, 14, 15]
				},
				{
					"name": "Rounded3",
					"origin": [8, 6.125, 8.4],
					"color": 0,
					"children": [16, 17, 18, 19, 20, 21, 22, 23]
				}
			]
		},
		{
			"name": "Gold",
			"origin": [8, 8, 8],
			"color": 0,
			"children": [24, 25, 26, 27, 28, 29]
		},
		{
			"name": "Metal",
			"origin": [8, 8, 8],
			"color": 0,
			"children": [30, 31, 32, 33, 34, 35, 36, 37, 38, 39, 40, 41, 42]
		},
		{
			"name": "Black",
			"origin": [8, 8, 8],
			"color": 0,
			"children": [43, 44, 45, 46, 47, 48, 49, 50, 51, 52, 53, 54, 55, 56,
				{
					"name": "Round1",
					"origin": [8, 0.33333, 8.60417],
					"color": 0,
					"children": [57, 58, 59, 60, 61, 62, 63, 64]
				},
				{
					"name": "Round6",
					"origin": [8, 0.33333, 8.60417],
					"color": 0,
					"children": [65, 66, 67, 68, 69, 70, 71, 72]
				},
				{
					"name": "Round4",
					"origin": [8, 0.33333, 8.60417],
					"color": 0,
					"children": [73, 74, 75, 76, 77, 78, 79, 80]
				}
			]
		}
	]
}