{
	"credit": "Made with Blockbench",
	"textures": {
		"1": "block/anvil",
		"2": "block/red_glazed_terracotta",
		"6": "block/hopper_outside",
		"particle": "block/andesite"
	},
	"elements": [
		{
			"from": [-0.25, -1.75, -0.5],
			"to": [9.5, 0.25, 9.75],
			"rotation": {"angle": 0, "axis": "y", "origin": [8, 6.25, 8]},
			"faces": {
				"north": {"uv": [0, 0, 9.75, 2], "texture": "#6"},
				"east": {"uv": [0, 0, 10.25, 2], "texture": "#6"},
				"south": {"uv": [0, 0, 9.75, 2], "texture": "#6"},
				"west": {"uv": [0, 0, 10.25, 2], "texture": "#6"},
				"up": {"uv": [0, 0, 9.75, 10.25], "texture": "#6"},
				"down": {"uv": [0, 0, 9.75, 10.25], "texture": "#6"}
			}
		},
		{
			"from": [0, 0, 0],
			"to": [0.5, 18, 9.25],
			"faces": {
				"north": {"uv": [0, 0, 0.5, 16], "texture": "#6"},
				"east": {"uv": [0, 0, 9.25, 16], "texture": "#6"},
				"south": {"uv": [0, 0, 0.5, 16], "texture": "#6"},
				"west": {"uv": [0, 0, 9.25, 16], "texture": "#6"},
				"up": {"uv": [0, 0, 0.5, 9.25], "texture": "#6"},
				"down": {"uv": [0, 0, 0.5, 9.25], "texture": "#6"}
			}
		},
		{
			"from": [-0.25, 0, -0.75],
			"to": [4.5, 18, -0.25],
			"rotation": {"angle": 0, "axis": "y", "origin": [1, 8, 7.25]},
			"faces": {
				"north": {"uv": [0, 0, 4.75, 16], "texture": "#6"},
				"east": {"uv": [0, 0, 0.5, 16], "texture": "#6"},
				"south": {"uv": [0, 0, 4.75, 16], "texture": "#6"},
				"west": {"uv": [0, 0, 0.5, 16], "texture": "#6"},
				"up": {"uv": [0, 0, 0.5, 4.75], "rotation": 90, "texture": "#6"},
				"down": {"uv": [0, 0, 0.5, 4.75], "rotation": 270, "texture": "#6"}
			}
		},
		{
			"from": [8.75, 0, 0],
			"to": [9.25, 18, 9.25],
			"rotation": {"angle": 0, "axis": "y", "origin": [16.75, 8, 8]},
			"faces": {
				"north": {"uv": [0, 0, 0.5, 16], "texture": "#6"},
				"east": {"uv": [0, 0, 9.25, 16], "texture": "#6"},
				"south": {"uv": [0, 0, 0.5, 16], "texture": "#6"},
				"west": {"uv": [0, 0, 9.25, 16], "texture": "#6"},
				"up": {"uv": [0, 0, 0.5, 9.25], "texture": "#6"},
				"down": {"uv": [0, 0, 0.5, 9.25], "texture": "#6"}
			}
		},
		{
			"from": [4.5, 0, -0.75],
			"to": [9.25, 18, -0.25],
			"rotation": {"angle": 0, "axis": "y", "origin": [8.25, 8, -8.25]},
			"faces": {
				"north": {"uv": [0, 0, 4.75, 16], "texture": "#6"},
				"east": {"uv": [0, 0, 0.5, 16], "texture": "#6"},
				"south": {"uv": [0, 0, 4.75, 16], "texture": "#6"},
				"west": {"uv": [0, 0, 0.5, 16], "texture": "#6"},
				"up": {"uv": [0, 0, 0.5, 4.75], "rotation": 270, "texture": "#6"},
				"down": {"uv": [0, 0, 0.5, 4.75], "rotation": 90, "texture": "#6"}
			}
		},
		{
			"from": [-0.25, 18, -0.5],
			"to": [9.5, 20, 9.75],
			"rotation": {"angle": 0, "axis": "y", "origin": [8, 26, 8]},
			"faces": {
				"north": {"uv": [0, 0, 9.75, 2], "texture": "#6"},
				"east": {"uv": [0, 0, 10.25, 2], "texture": "#6"},
				"south": {"uv": [0, 0, 9.75, 2], "texture": "#6"},
				"west": {"uv": [0, 0, 10.25, 2], "texture": "#6"},
				"up": {"uv": [0, 0, 9.75, 10.25], "texture": "#6"},
				"down": {"uv": [0, 0, 9.75, 10.25], "texture": "#6"}
			}
		},
		{
			"from": [2, 20, 2.25],
			"to": [7.5, 22, 7.25],
			"rotation": {"angle": 0, "axis": "y", "origin": [8, 28, 8]},
			"faces": {
				"north": {"uv": [0, 0, 5.5, 2], "texture": "#6"},
				"east": {"uv": [0, 0, 5, 2], "texture": "#6"},
				"south": {"uv": [0, 0, 5.5, 2], "texture": "#6"},
				"west": {"uv": [0, 0, 5, 2], "texture": "#6"},
				"up": {"uv": [0, 0, 5.5, 5], "texture": "#6"},
				"down": {"uv": [0, 0, 5.5, 5], "texture": "#6"}
			}
		},
		{
			"from": [9.25, 18.25, 4],
			"to": [11.75, 19.5, 5.25],
			"rotation": {"angle": 0, "axis": "y", "origin": [12.25, 29, 5.25]},
			"faces": {
				"north": {"uv": [0, 0, 2.5, 1.25], "texture": "#6"},
				"east": {"uv": [0, 0, 1.25, 1.25], "texture": "#6"},
				"south": {"uv": [0, 0, 2.5, 1.25], "texture": "#6"},
				"west": {"uv": [0, 0, 1.25, 1.25], "texture": "#6"},
				"up": {"uv": [0, 0, 2.5, 1.25], "texture": "#6"},
				"down": {"uv": [0, 0, 2.5, 1.25], "texture": "#6"}
			}
		},
		{
			"from": [4, 18.25, -2.25],
			"to": [5.25, 19.5, 0.25],
			"rotation": {"angle": 0, "axis": "y", "origin": [5.25, 29, -2.75]},
			"faces": {
				"north": {"uv": [0, 0, 1.25, 1.25], "texture": "#6"},
				"east": {"uv": [0, 0, 2.5, 1.25], "texture": "#6"},
				"south": {"uv": [0, 0, 1.25, 1.25], "texture": "#6"},
				"west": {"uv": [0, 0, 2.5, 1.25], "texture": "#6"},
				"up": {"uv": [0, 0, 2.5, 1.25], "rotation": 270, "texture": "#6"},
				"down": {"uv": [0, 0, 2.5, 1.25], "rotation": 90, "texture": "#6"}
			}
		},
		{
			"from": [4.25, 18.25, 9.5],
			"to": [5.5, 19.5, 12],
			"rotation": {"angle": 0, "axis": "y", "origin": [4.25, 29, 12.5]},
			"faces": {
				"north": {"uv": [0, 0, 1.25, 1.25], "texture": "#6"},
				"east": {"uv": [0, 0, 2.5, 1.25], "texture": "#6"},
				"south": {"uv": [0, 0, 1.25, 1.25], "texture": "#6"},
				"west": {"uv": [0, 0, 2.5, 1.25], "texture": "#6"},
				"up": {"uv": [0, 0, 2.5, 1.25], "rotation": 90, "texture": "#6"},
				"down": {"uv": [0, 0, 2.5, 1.25], "rotation": 270, "texture": "#6"}
			}
		},
		{
			"from": [-2.5, 17.75, 4],
			"to": [0, 19, 5.25],
			"rotation": {"angle": 0, "axis": "z", "origin": [-4.5, 28.5, 5.5]},
			"faces": {
				"north": {"uv": [0, 0, 2.5, 1.25], "rotation": 180, "texture": "#6"},
				"east": {"uv": [0, 0, 1.25, 1.25], "rotation": 180, "texture": "#6"},
				"south": {"uv": [0, 0, 2.5, 1.25], "rotation": 180, "texture": "#6"},
				"west": {"uv": [0, 0, 1.25, 1.25], "rotation": 180, "texture": "#6"},
				"up": {"uv": [0, 0, 2.5, 1.25], "rotation": 180, "texture": "#6"},
				"down": {"uv": [0, 0, 2.5, 1.25], "rotation": 180, "texture": "#6"}
			}
		},
		{
			"from": [1.75, 22, 2],
			"to": [7.75, 27, 7.5],
			"rotation": {"angle": 0, "axis": "y", "origin": [8, 30, 8]},
			"faces": {
				"north": {"uv": [0, 0, 6, 5], "texture": "#6"},
				"east": {"uv": [0, 0, 5.5, 5], "texture": "#6"},
				"south": {"uv": [0, 0, 6, 5], "texture": "#6"},
				"west": {"uv": [0, 0, 5.5, 5], "texture": "#6"},
				"up": {"uv": [0, 0, 6, 5.5], "texture": "#6"},
				"down": {"uv": [0, 0, 6, 5.5], "texture": "#6"}
			}
		},
		{
			"from": [0.75, 22, 4.75],
			"to": [9, 28.25, 5.5],
			"rotation": {"angle": 0, "axis": "y", "origin": [8, 30, 8]},
			"faces": {
				"north": {"uv": [0, 0, 8.25, 6.25], "texture": "#6"},
				"east": {"uv": [0, 0, 0.75, 6.25], "texture": "#6"},
				"south": {"uv": [0, 0, 8.25, 6.25], "texture": "#6"},
				"west": {"uv": [0, 0, 0.75, 6.25], "texture": "#6"},
				"up": {"uv": [0, 0, 8.25, 0.75], "texture": "#6"},
				"down": {"uv": [0, 0, 8.25, 0.75], "texture": "#6"}
			}
		},
		{
			"from": [0.5, 0, 8.75],
			"to": [8.75, 18, 9.25],
			"rotation": {"angle": 0, "axis": "y", "origin": [16.75, 8, 8]},
			"faces": {
				"north": {"uv": [0, 0, 8.25, 16], "texture": "#6"},
				"east": {"uv": [0, 0, 0.5, 16], "texture": "#6"},
				"south": {"uv": [0, 0, 15.25, 16], "texture": "#6"},
				"west": {"uv": [0, 0, 0.5, 16], "texture": "#6"},
				"up": {"uv": [0, 0, 8.25, 0.5], "texture": "#6"},
				"down": {"uv": [0, 0, 8.25, 0.5], "texture": "#6"}
			}
		},
		{
			"from": [10.75, 18.5, 4.5],
			"to": [13.5, 19, 4.75],
			"rotation": {"angle": 0, "axis": "y", "origin": [13.75, 28.5, 5.5]},
			"faces": {
				"north": {"uv": [0, 0, 2.75, 0.5], "texture": "#1"},
				"east": {"uv": [0, 0, 0.25, 0.5], "texture": "#1"},
				"south": {"uv": [0, 0, 2.75, 0.5], "texture": "#1"},
				"west": {"uv": [0, 0, 0.25, 0.5], "texture": "#1"},
				"up": {"uv": [0, 0, 2.75, 0.25], "texture": "#1"},
				"down": {"uv": [0, 0, 2.75, 0.25], "texture": "#1"}
			}
		},
		{
			"from": [4.5, 18.5, -4],
			"to": [4.75, 19, -1.25],
			"rotation": {"angle": 0, "axis": "y", "origin": [5.25, 29, -2.75]},
			"faces": {
				"north": {"uv": [0, 0, 0.25, 0.5], "texture": "#1"},
				"east": {"uv": [0, 0, 2.75, 0.5], "texture": "#1"},
				"south": {"uv": [0, 0, 0.25, 0.5], "texture": "#1"},
				"west": {"uv": [0, 0, 2.75, 0.5], "texture": "#1"},
				"up": {"uv": [0, 0, 2.75, 0.25], "rotation": 270, "texture": "#1"},
				"down": {"uv": [0, 0, 2.75, 0.25], "rotation": 90, "texture": "#1"}
			}
		},
		{
			"from": [4.75, 18.5, 11],
			"to": [5, 19, 13.75],
			"rotation": {"angle": 0, "axis": "y", "origin": [4.25, 29, 12.5]},
			"faces": {
				"north": {"uv": [0, 0, 0.25, 0.5], "texture": "#1"},
				"east": {"uv": [0, 0, 2.75, 0.5], "texture": "#1"},
				"south": {"uv": [0, 0, 0.25, 0.5], "texture": "#1"},
				"west": {"uv": [0, 0, 2.75, 0.5], "texture": "#1"},
				"up": {"uv": [0, 0, 2.75, 0.25], "rotation": 90, "texture": "#1"},
				"down": {"uv": [0, 0, 2.75, 0.25], "rotation": 270, "texture": "#1"}
			}
		},
		{
			"from": [-4.25, 18, 4.5],
			"to": [-1.5, 18.5, 4.75],
			"rotation": {"angle": 0, "axis": "z", "origin": [-4.5, -1, 5.5]},
			"faces": {
				"north": {"uv": [0, 0, 2.75, 0.5], "rotation": 180, "texture": "#1"},
				"east": {"uv": [0, 0, 0.25, 0.5], "rotation": 180, "texture": "#1"},
				"south": {"uv": [0, 0, 2.75, 0.5], "rotation": 180, "texture": "#1"},
				"west": {"uv": [0, 0, 0.25, 0.5], "rotation": 180, "texture": "#1"},
				"up": {"uv": [0, 0, 2.75, 0.25], "rotation": 180, "texture": "#1"},
				"down": {"uv": [0, 0, 2.75, 0.25], "rotation": 180, "texture": "#1"}
			}
		},
		{
			"from": [4.5, 14.25, 3.5],
			"to": [5, 18.25, 3.75],
			"rotation": {"angle": 0, "axis": "y", "origin": [5.5, 24.25, 4.5]},
			"faces": {
				"north": {"uv": [0, 0, 0.5, 4], "texture": "#1"},
				"east": {"uv": [0, 0, 0.25, 4], "texture": "#1"},
				"south": {"uv": [0, 0, 0.5, 4], "texture": "#1"},
				"west": {"uv": [0, 0, 0.25, 4], "texture": "#1"},
				"up": {"uv": [0, 0, 0.5, 0.25], "texture": "#1"},
				"down": {"uv": [0, 0, 0.5, 0.25], "texture": "#1"}
			}
		},
		{
			"from": [0.5, 14.25, 4.75],
			"to": [3, 14.75, 5],
			"rotation": {"angle": 0, "axis": "y", "origin": [3.5, 24.25, 5.75]},
			"faces": {
				"north": {"uv": [0, 0, 2.5, 0.5], "texture": "#1"},
				"east": {"uv": [0, 0, 0.25, 0.5], "texture": "#1"},
				"south": {"uv": [0, 0, 2.5, 0.5], "texture": "#1"},
				"west": {"uv": [0, 0, 0.25, 0.5], "texture": "#1"},
				"up": {"uv": [0, 0, 2.5, 0.25], "texture": "#1"},
				"down": {"uv": [0, 0, 2.5, 0.25], "texture": "#1"}
			}
		},
		{
			"from": [0.5, 10.25, 1.75],
			"to": [3, 10.75, 2],
			"rotation": {"angle": 0, "axis": "y", "origin": [3.5, 20.25, 2.75]},
			"faces": {
				"north": {"uv": [0, 0, 2.5, 0.5], "texture": "#1"},
				"east": {"uv": [0, 0, 0.25, 0.5], "texture": "#1"},
				"south": {"uv": [0, 0, 2.5, 0.5], "texture": "#1"},
				"west": {"uv": [0, 0, 0.25, 0.5], "texture": "#1"},
				"up": {"uv": [0, 0, 2.5, 0.25], "texture": "#1"},
				"down": {"uv": [0, 0, 2.5, 0.25], "texture": "#1"}
			}
		},
		{
			"from": [0.5, 5, 4.75],
			"to": [3, 5.5, 5],
			"rotation": {"angle": 0, "axis": "y", "origin": [3.5, 15, 5.75]},
			"faces": {
				"north": {"uv": [0, 0, 2.5, 0.5], "texture": "#1"},
				"east": {"uv": [0, 0, 0.25, 0.5], "texture": "#1"},
				"south": {"uv": [0, 0, 2.5, 0.5], "texture": "#1"},
				"west": {"uv": [0, 0, 0.25, 0.5], "texture": "#1"},
				"up": {"uv": [0, 0, 2.5, 0.25], "texture": "#1"},
				"down": {"uv": [0, 0, 2.5, 0.25], "texture": "#1"}
			}
		},
		{
			"from": [4.5, 0.25, 3.5],
			"to": [5, 4.25, 3.75],
			"rotation": {"angle": 0, "axis": "y", "origin": [5.5, 10.25, 4.5]},
			"faces": {
				"north": {"uv": [0, 0, 0.5, 4], "texture": "#1"},
				"east": {"uv": [0, 0, 0.25, 4], "texture": "#1"},
				"south": {"uv": [0, 0, 0.5, 4], "texture": "#1"},
				"west": {"uv": [0, 0, 0.25, 4], "texture": "#1"},
				"up": {"uv": [0, 0, 0.5, 0.25], "texture": "#1"},
				"down": {"uv": [0, 0, 0.5, 0.25], "texture": "#1"}
			}
		},
		{
			"from": [6.25, 5, 4.75],
			"to": [8.75, 5.5, 5],
			"rotation": {"angle": 0, "axis": "y", "origin": [9.25, 15, 5.75]},
			"faces": {
				"north": {"uv": [0, 0, 2.5, 0.5], "texture": "#1"},
				"east": {"uv": [0, 0, 0.25, 0.5], "texture": "#1"},
				"south": {"uv": [0, 0, 2.5, 0.5], "texture": "#1"},
				"west": {"uv": [0, 0, 0.25, 0.5], "texture": "#1"},
				"up": {"uv": [0, 0, 2.5, 0.25], "texture": "#1"},
				"down": {"uv": [0, 0, 2.5, 0.25], "texture": "#1"}
			}
		},
		{
			"from": [6.25, 14.25, 4.75],
			"to": [8.75, 14.75, 5],
			"rotation": {"angle": 0, "axis": "y", "origin": [9.25, 24.25, 5.75]},
			"faces": {
				"north": {"uv": [0, 0, 2.5, 0.5], "texture": "#1"},
				"east": {"uv": [0, 0, 0.25, 0.5], "texture": "#1"},
				"south": {"uv": [0, 0, 2.5, 0.5], "texture": "#1"},
				"west": {"uv": [0, 0, 0.25, 0.5], "texture": "#1"},
				"up": {"uv": [0, 0, 2.5, 0.25], "texture": "#1"},
				"down": {"uv": [0, 0, 2.5, 0.25], "texture": "#1"}
			}
		},
		{
			"from": [6.25, 10.25, 1.75],
			"to": [8.75, 10.75, 2],
			"rotation": {"angle": 0, "axis": "y", "origin": [9.25, 20.25, 2.75]},
			"faces": {
				"north": {"uv": [0, 0, 2.5, 0.5], "texture": "#1"},
				"east": {"uv": [0, 0, 0.25, 0.5], "texture": "#1"},
				"south": {"uv": [0, 0, 2.5, 0.5], "texture": "#1"},
				"west": {"uv": [0, 0, 0.25, 0.5], "texture": "#1"},
				"up": {"uv": [0, 0, 2.5, 0.25], "texture": "#1"},
				"down": {"uv": [0, 0, 2.5, 0.25], "texture": "#1"}
			}
		},
		{
			"from": [4.25, 23, 1.75],
			"to": [5, 24, 2.5],
			"rotation": {"angle": 0, "axis": "y", "origin": [4, 31, 5]},
			"faces": {
				"north": {"uv": [0, 0, 0.75, 1], "texture": "#1"},
				"east": {"uv": [0, 0, 0.75, 1], "texture": "#1"},
				"south": {"uv": [0, 0, 0.75, 1], "texture": "#1"},
				"west": {"uv": [0, 0, 0.75, 1], "texture": "#1"},
				"up": {"uv": [0, 0, 0.75, 0.75], "texture": "#1"},
				"down": {"uv": [0, 0, 0.75, 0.75], "texture": "#1"}
			}
		},
		{
			"from": [5.5, 24.5, 1.75],
			"to": [6.25, 24.75, 2.5],
			"rotation": {"angle": 0, "axis": "y", "origin": [5.25, 32.5, 5]},
			"faces": {
				"north": {"uv": [0, 0, 0.75, 0.25], "texture": "#2"},
				"east": {"uv": [0, 0, 0.75, 0.25], "texture": "#2"},
				"south": {"uv": [0, 0, 0.75, 0.25], "texture": "#2"},
				"west": {"uv": [0, 0, 0.75, 0.25], "texture": "#2"},
				"up": {"uv": [0, 0, 0.75, 0.75], "texture": "#2"},
				"down": {"uv": [0, 0, 0.75, 0.75], "texture": "#2"}
			}
		},
		{
			"from": [3, 24.5, 1.75],
			"to": [3.75, 24.75, 2.5],
			"rotation": {"angle": 0, "axis": "y", "origin": [2.75, 32.5, 5]},
			"faces": {
				"north": {"uv": [0, 0, 0.75, 0.25], "texture": "#2"},
				"east": {"uv": [0, 0, 0.75, 0.25], "texture": "#2"},
				"south": {"uv": [0, 0, 0.75, 0.25], "texture": "#2"},
				"west": {"uv": [0, 0, 0.75, 0.25], "texture": "#2"},
				"up": {"uv": [0, 0, 0.75, 0.75], "texture": "#2"},
				"down": {"uv": [0, 0, 0.75, 0.75], "texture": "#2"}
			}
		}
	],
	"display": {
		"head": {
			"translation": [13, -20.25, 12.25],
			"scale": [4, 4, 4]
		}
	},
	"groups": [
		{
			"name": "body",
			"origin": [16.75, 8, 8],
			"children": [0, 1, 2, 3, 4, 5, 6, 7, 8, 9, 10, 11, 12, 13]
		},
		{
			"name": "spikes",
			"origin": [16.75, 8, 8],
			"children": [14, 15, 16, 17, 18, 19, 20, 21, 22, 23, 24, 25, 26]
		},
		{
			"name": "eyes",
			"origin": [8, 8, 8],
			"children": [27, 28]
		}
	]
}