{
	"credit": "Made with Blockbench",
	"textures": {
		"0": "shield_repo:Reprise_Spear_Handle",
		"particle": "shield_repo:Reprise_Spear_Handle"
	},
	"elements": [
		{
			"name": "Yellow",
			"from": [8.16339, -6.28661, 7.65],
			"to": [8.36339, -6.08661, 8.35],
			"rotation": {"angle": 45, "axis": "z", "origin": [7.994, -6.448, 8]},
			"color": 0,
			"faces": {
				"north": {"uv": [0, 0, 1, 1], "rotation": 180, "texture": "#missing"},
				"east": {"uv": [0, 0, 1, 1], "rotation": 180, "texture": "#missing"},
				"south": {"uv": [0, 0, 1, 1], "rotation": 180, "texture": "#missing"},
				"west": {"uv": [0, 0, 1, 1], "rotation": 180, "texture": "#missing"},
				"up": {"uv": [0, 0, 1, 1], "rotation": 180, "texture": "#missing"},
				"down": {"uv": [0, 0, 1, 1], "rotation": 180, "texture": "#missing"}
			}
		},
		{
			"name": "Yellow",
			"from": [7.858, -6.072, 7.65],
			"to": [7.933, -5.897, 8.35],
			"rotation": {"angle": -22.5, "axis": "z", "origin": [7.858, -6.072, 8]},
			"color": 0,
			"faces": {
				"north": {"uv": [0, 0, 1, 1], "rotation": 270, "texture": "#missing"},
				"east": {"uv": [0, 0, 1, 1], "rotation": 90, "texture": "#missing"},
				"south": {"uv": [0, 0, 1, 1], "rotation": 90, "texture": "#missing"},
				"west": {"uv": [0, 0, 1, 1], "rotation": 90, "texture": "#missing"},
				"up": {"uv": [0, 0, 1, 1], "rotation": 90, "texture": "#missing"},
				"down": {"uv": [0, 0, 1, 1], "rotation": 90, "texture": "#missing"}
			}
		},
		{
			"name": "Yellow",
			"from": [8.05558, -6.1294, 7.65],
			"to": [8.13058, -5.9544, 8.35],
			"rotation": {"angle": 22.5, "axis": "z", "origin": [7.992, -6.072, 8]},
			"color": 6,
			"faces": {
				"north": {"uv": [0, 0, 1, 1], "rotation": 90, "texture": "#missing"},
				"east": {"uv": [0, 0, 1, 1], "rotation": 90, "texture": "#missing"},
				"south": {"uv": [0, 0, 1, 1], "rotation": 270, "texture": "#missing"},
				"west": {"uv": [0, 0, 1, 1], "rotation": 90, "texture": "#missing"},
				"up": {"uv": [0, 0, 1, 1], "rotation": 270, "texture": "#missing"},
				"down": {"uv": [0, 0, 1, 1], "rotation": 270, "texture": "#missing"}
			}
		},
		{
			"name": "Yellow",
			"from": [8.21339, -6.08661, 7.65],
			"to": [8.31839, -5.98161, 8.35],
			"rotation": {"angle": 45, "axis": "z", "origin": [7.984, -6.295, 8]},
			"color": 6,
			"faces": {
				"north": {"uv": [0, 0, 1, 1], "rotation": 180, "texture": "#missing"},
				"east": {"uv": [0, 0, 1, 1], "rotation": 180, "texture": "#missing"},
				"south": {"uv": [0, 0, 1, 1], "rotation": 180, "texture": "#missing"},
				"west": {"uv": [0, 0, 1, 1], "rotation": 180, "texture": "#missing"},
				"up": {"uv": [0, 0, 1, 1], "rotation": 180, "texture": "#missing"},
				"down": {"uv": [0, 0, 1, 1], "rotation": 180, "texture": "#missing"}
			}
		},
		{
			"name": "Yellow",
			"from": [8.21339, -5.93661, 7.65],
			"to": [8.34339, -5.80661, 8.35],
			"rotation": {"angle": 45, "axis": "z", "origin": [7.984, -6.145, 8]},
			"color": 0,
			"faces": {
				"north": {"uv": [0, 0, 1, 1], "rotation": 180, "texture": "#missing"},
				"east": {"uv": [0, 0, 1, 1], "rotation": 180, "texture": "#missing"},
				"south": {"uv": [0, 0, 1, 1], "rotation": 180, "texture": "#missing"},
				"west": {"uv": [0, 0, 1, 1], "rotation": 180, "texture": "#missing"},
				"up": {"uv": [0, 0, 1, 1], "rotation": 180, "texture": "#missing"},
				"down": {"uv": [0, 0, 1, 1], "rotation": 180, "texture": "#missing"}
			}
		},
		{
			"name": "Yellow",
			"from": [8.33839, -5.78661, 7.65],
			"to": [8.43839, -5.68661, 8.35],
			"rotation": {"angle": 45, "axis": "z", "origin": [7.984, -6.12, 8]},
			"color": 7,
			"faces": {
				"north": {"uv": [0, 0, 1, 1], "rotation": 180, "texture": "#missing"},
				"east": {"uv": [0, 0, 1, 1], "rotation": 180, "texture": "#missing"},
				"south": {"uv": [0, 0, 1, 1], "rotation": 180, "texture": "#missing"},
				"west": {"uv": [0, 0, 1, 1], "rotation": 180, "texture": "#missing"},
				"up": {"uv": [0, 0, 1, 1], "rotation": 180, "texture": "#missing"},
				"down": {"uv": [0, 0, 1, 1], "rotation": 180, "texture": "#missing"}
			}
		},
		{
			"name": "Yellow",
			"from": [8.33839, -5.63661, 7.65],
			"to": [8.40839, -5.56661, 8.35],
			"rotation": {"angle": 45, "axis": "z", "origin": [7.984, -5.97, 8]},
			"color": 0,
			"faces": {
				"north": {"uv": [0, 0, 1, 1], "rotation": 180, "texture": "#missing"},
				"east": {"uv": [0, 0, 1, 1], "rotation": 180, "texture": "#missing"},
				"south": {"uv": [0, 0, 1, 1], "rotation": 180, "texture": "#missing"},
				"west": {"uv": [0, 0, 1, 1], "rotation": 180, "texture": "#missing"},
				"up": {"uv": [0, 0, 1, 1], "rotation": 180, "texture": "#missing"},
				"down": {"uv": [0, 0, 1, 1], "rotation": 180, "texture": "#missing"}
			}
		},
		{
			"name": "hexadecagon",
			"from": [7.8, -6.3, 7.75],
			"to": [8.2, -6, 8.25],
			"rotation": {"angle": 0, "axis": "z", "origin": [8, 8, 8]},
			"faces": {
				"north": {"uv": [3.4361, 6.47167, 0, 9.19104], "texture": "#0"},
				"east": {"uv": [3.4361, 6.47167, 0, 9.19104], "texture": "#0"},
				"south": {"uv": [3.4361, 6.47167, 0, 9.19104], "texture": "#0"},
				"west": {"uv": [3.4361, 6.47167, 0, 9.19104], "texture": "#0"},
				"up": {"uv": [3.4361, 6.47167, 0, 9.19104], "texture": "#0"},
				"down": {"uv": [3.4361, 6.47167, 0, 9.19104], "texture": "#0"}
			}
		},
		{
			"name": "hexadecagon",
			"from": [7.85, -6.65, 7.9],
			"to": [8.15, -6.225, 8.1],
			"rotation": {"angle": 0, "axis": "z", "origin": [8, -6.45, 8]},
			"faces": {
				"north": {"uv": [3.4361, 6.47167, 0, 9.19104], "texture": "#0"},
				"east": {"uv": [3.4361, 6.47167, 0, 9.19104], "texture": "#0"},
				"south": {"uv": [3.4361, 6.47167, 0, 9.19104], "texture": "#0"},
				"west": {"uv": [3.4361, 6.47167, 0, 9.19104], "texture": "#0"},
				"up": {"uv": [3.4361, 6.47167, 0, 9.19104], "texture": "#0"},
				"down": {"uv": [3.4361, 6.47167, 0, 9.19104], "texture": "#0"}
			}
		},
		{
			"name": "hexadecagon",
			"from": [7.85, -6.825, 7.9],
			"to": [8.15, -6.525, 8.1],
			"rotation": {"angle": -22.5, "axis": "z", "origin": [8, -6.525, 8]},
			"faces": {
				"north": {"uv": [3.4361, 6.47167, 0, 9.19104], "texture": "#0"},
				"east": {"uv": [3.4361, 6.47167, 0, 9.19104], "texture": "#0"},
				"south": {"uv": [3.4361, 6.47167, 0, 9.19104], "texture": "#0"},
				"west": {"uv": [3.4361, 6.47167, 0, 9.19104], "texture": "#0"},
				"up": {"uv": [3.4361, 6.47167, 0, 9.19104], "texture": "#0"},
				"down": {"uv": [3.4361, 6.47167, 0, 9.19104], "texture": "#0"}
			}
		},
		{
			"name": "hexadecagon",
			"from": [7.85, -6.825, 7.9],
			"to": [8.15, -6.525, 8.1],
			"rotation": {"angle": 22.5, "axis": "z", "origin": [8, -6.525, 8]},
			"faces": {
				"north": {"uv": [3.4361, 6.47167, 0, 9.19104], "texture": "#0"},
				"east": {"uv": [3.4361, 6.47167, 0, 9.19104], "texture": "#0"},
				"south": {"uv": [3.4361, 6.47167, 0, 9.19104], "texture": "#0"},
				"west": {"uv": [3.4361, 6.47167, 0, 9.19104], "texture": "#0"},
				"up": {"uv": [3.4361, 6.47167, 0, 9.19104], "texture": "#0"},
				"down": {"uv": [3.4361, 6.47167, 0, 9.19104], "texture": "#0"}
			}
		},
		{
			"name": "hexadecagon",
			"from": [7.85, -7.1, 7.85],
			"to": [8.15, -6.675, 8.15],
			"rotation": {"angle": 0, "axis": "z", "origin": [8, -7.425, 8]},
			"faces": {
				"north": {"uv": [3.4361, 6.47167, 0, 9.19104], "texture": "#0"},
				"east": {"uv": [3.4361, 6.47167, 0, 9.19104], "texture": "#0"},
				"south": {"uv": [3.4361, 6.47167, 0, 9.19104], "texture": "#0"},
				"west": {"uv": [3.4361, 6.47167, 0, 9.19104], "texture": "#0"},
				"up": {"uv": [3.4361, 6.47167, 0, 9.19104], "texture": "#0"},
				"down": {"uv": [3.4361, 6.47167, 0, 9.19104], "texture": "#0"}
			}
		},
		{
			"name": "hexadecagon",
			"from": [7.65, -7.8, 7.86],
			"to": [8.35, -7.025, 8.14],
			"rotation": {"angle": 0, "axis": "z", "origin": [8, -7.425, 8]},
			"color": 4,
			"faces": {
				"north": {"uv": [0, 0, 1, 1], "rotation": 180, "texture": "#missing"},
				"east": {"uv": [0, 0, 1, 1], "rotation": 180, "texture": "#missing"},
				"south": {"uv": [0, 0, 1, 1], "rotation": 180, "texture": "#missing"},
				"west": {"uv": [0, 0, 1, 1], "rotation": 180, "texture": "#missing"},
				"up": {"uv": [0, 0, 1, 1], "rotation": 180, "texture": "#missing"},
				"down": {"uv": [0, 0, 1, 1], "rotation": 180, "texture": "#missing"}
			}
		},
		{
			"name": "hexadecagon",
			"from": [7.85, -7.1, 7.85],
			"to": [8.15, -6.675, 8.15],
			"rotation": {"angle": 22.5, "axis": "z", "origin": [8, -7.425, 8]},
			"faces": {
				"north": {"uv": [3.4361, 6.47167, 0, 9.19104], "texture": "#0"},
				"east": {"uv": [3.4361, 6.47167, 0, 9.19104], "texture": "#0"},
				"south": {"uv": [3.4361, 6.47167, 0, 9.19104], "texture": "#0"},
				"west": {"uv": [3.4361, 6.47167, 0, 9.19104], "texture": "#0"},
				"up": {"uv": [3.4361, 6.47167, 0, 9.19104], "texture": "#0"},
				"down": {"uv": [3.4361, 6.47167, 0, 9.19104], "texture": "#0"}
			}
		},
		{
			"name": "hexadecagon",
			"from": [7.85, -7.1, 7.85],
			"to": [8.15, -6.675, 8.15],
			"rotation": {"angle": 45, "axis": "z", "origin": [8, -7.425, 8]},
			"faces": {
				"north": {"uv": [3.4361, 6.47167, 0, 9.19104], "texture": "#0"},
				"east": {"uv": [3.4361, 6.47167, 0, 9.19104], "texture": "#0"},
				"south": {"uv": [3.4361, 6.47167, 0, 9.19104], "texture": "#0"},
				"west": {"uv": [3.4361, 6.47167, 0, 9.19104], "texture": "#0"},
				"up": {"uv": [3.4361, 6.47167, 0, 9.19104], "texture": "#0"},
				"down": {"uv": [3.4361, 6.47167, 0, 9.19104], "texture": "#0"}
			}
		},
		{
			"name": "hexadecagon",
			"from": [7.25, -7.575, 7.85],
			"to": [7.675, -7.275, 8.15],
			"rotation": {"angle": -22.5, "axis": "z", "origin": [8, -7.425, 8]},
			"faces": {
				"north": {"uv": [3.4361, 6.47167, 0, 9.19104], "texture": "#0"},
				"east": {"uv": [3.4361, 6.47167, 0, 9.19104], "texture": "#0"},
				"south": {"uv": [3.4361, 6.47167, 0, 9.19104], "texture": "#0"},
				"west": {"uv": [3.4361, 6.47167, 0, 9.19104], "texture": "#0"},
				"up": {"uv": [3.4361, 6.47167, 0, 9.19104], "texture": "#0"},
				"down": {"uv": [3.4361, 6.47167, 0, 9.19104], "texture": "#0"}
			}
		},
		{
			"name": "hexadecagon",
			"from": [7.25, -7.575, 7.85],
			"to": [7.675, -7.275, 8.15],
			"rotation": {"angle": 0, "axis": "z", "origin": [8, -7.425, 8]},
			"faces": {
				"north": {"uv": [3.4361, 6.47167, 0, 9.19104], "texture": "#0"},
				"east": {"uv": [3.4361, 6.47167, 0, 9.19104], "texture": "#0"},
				"south": {"uv": [3.4361, 6.47167, 0, 9.19104], "texture": "#0"},
				"west": {"uv": [3.4361, 6.47167, 0, 9.19104], "texture": "#0"},
				"up": {"uv": [3.4361, 6.47167, 0, 9.19104], "texture": "#0"},
				"down": {"uv": [3.4361, 6.47167, 0, 9.19104], "texture": "#0"}
			}
		},
		{
			"name": "hexadecagon",
			"from": [7.25, -7.575, 7.85],
			"to": [7.675, -7.275, 8.15],
			"rotation": {"angle": 22.5, "axis": "z", "origin": [8, -7.425, 8]},
			"faces": {
				"north": {"uv": [3.4361, 6.47167, 0, 9.19104], "texture": "#0"},
				"east": {"uv": [3.4361, 6.47167, 0, 9.19104], "texture": "#0"},
				"south": {"uv": [3.4361, 6.47167, 0, 9.19104], "texture": "#0"},
				"west": {"uv": [3.4361, 6.47167, 0, 9.19104], "texture": "#0"},
				"up": {"uv": [3.4361, 6.47167, 0, 9.19104], "texture": "#0"},
				"down": {"uv": [3.4361, 6.47167, 0, 9.19104], "texture": "#0"}
			}
		},
		{
			"name": "hexadecagon",
			"from": [7.25, -7.575, 7.85],
			"to": [7.675, -7.275, 8.15],
			"rotation": {"angle": 45, "axis": "z", "origin": [8, -7.425, 8]},
			"faces": {
				"north": {"uv": [3.4361, 6.47167, 0, 9.19104], "texture": "#0"},
				"east": {"uv": [3.4361, 6.47167, 0, 9.19104], "texture": "#0"},
				"south": {"uv": [3.4361, 6.47167, 0, 9.19104], "texture": "#0"},
				"west": {"uv": [3.4361, 6.47167, 0, 9.19104], "texture": "#0"},
				"up": {"uv": [3.4361, 6.47167, 0, 9.19104], "texture": "#0"},
				"down": {"uv": [3.4361, 6.47167, 0, 9.19104], "texture": "#0"}
			}
		},
		{
			"name": "hexadecagon",
			"from": [7.85, -8.175, 7.85],
			"to": [8.15, -7.75, 8.15],
			"rotation": {"angle": -22.5, "axis": "z", "origin": [8, -7.425, 8]},
			"faces": {
				"north": {"uv": [3.4361, 6.47167, 0, 9.19104], "texture": "#0"},
				"east": {"uv": [3.4361, 6.47167, 0, 9.19104], "texture": "#0"},
				"south": {"uv": [3.4361, 6.47167, 0, 9.19104], "texture": "#0"},
				"west": {"uv": [3.4361, 6.47167, 0, 9.19104], "texture": "#0"},
				"up": {"uv": [3.4361, 6.47167, 0, 9.19104], "texture": "#0"},
				"down": {"uv": [3.4361, 6.47167, 0, 9.19104], "texture": "#0"}
			}
		},
		{
			"name": "hexadecagon",
			"from": [7.85, -8.175, 7.85],
			"to": [8.15, -7.75, 8.15],
			"rotation": {"angle": 0, "axis": "z", "origin": [8, -7.425, 8]},
			"faces": {
				"north": {"uv": [3.4361, 6.47167, 0, 9.19104], "texture": "#0"},
				"east": {"uv": [3.4361, 6.47167, 0, 9.19104], "texture": "#0"},
				"south": {"uv": [3.4361, 6.47167, 0, 9.19104], "texture": "#0"},
				"west": {"uv": [3.4361, 6.47167, 0, 9.19104], "texture": "#0"},
				"up": {"uv": [3.4361, 6.47167, 0, 9.19104], "texture": "#0"},
				"down": {"uv": [3.4361, 6.47167, 0, 9.19104], "texture": "#0"}
			}
		},
		{
			"name": "hexadecagon",
			"from": [7.85, -8.175, 7.85],
			"to": [8.15, -7.75, 8.15],
			"rotation": {"angle": 22.5, "axis": "z", "origin": [8, -7.425, 8]},
			"faces": {
				"north": {"uv": [3.4361, 6.47167, 0, 9.19104], "texture": "#0"},
				"east": {"uv": [3.4361, 6.47167, 0, 9.19104], "texture": "#0"},
				"south": {"uv": [3.4361, 6.47167, 0, 9.19104], "texture": "#0"},
				"west": {"uv": [3.4361, 6.47167, 0, 9.19104], "texture": "#0"},
				"up": {"uv": [3.4361, 6.47167, 0, 9.19104], "texture": "#0"},
				"down": {"uv": [3.4361, 6.47167, 0, 9.19104], "texture": "#0"}
			}
		},
		{
			"name": "hexadecagon",
			"from": [7.85, -8.175, 7.85],
			"to": [8.15, -7.75, 8.15],
			"rotation": {"angle": 45, "axis": "z", "origin": [8, -7.425, 8]},
			"faces": {
				"north": {"uv": [3.4361, 6.47167, 0, 9.19104], "texture": "#0"},
				"east": {"uv": [3.4361, 6.47167, 0, 9.19104], "texture": "#0"},
				"south": {"uv": [3.4361, 6.47167, 0, 9.19104], "texture": "#0"},
				"west": {"uv": [3.4361, 6.47167, 0, 9.19104], "texture": "#0"},
				"up": {"uv": [3.4361, 6.47167, 0, 9.19104], "texture": "#0"},
				"down": {"uv": [3.4361, 6.47167, 0, 9.19104], "texture": "#0"}
			}
		},
		{
			"name": "hexadecagon",
			"from": [8.325, -7.575, 7.85],
			"to": [8.75, -7.275, 8.15],
			"rotation": {"angle": -22.5, "axis": "z", "origin": [8, -7.425, 8]},
			"faces": {
				"north": {"uv": [3.4361, 6.47167, 0, 9.19104], "texture": "#0"},
				"east": {"uv": [3.4361, 6.47167, 0, 9.19104], "texture": "#0"},
				"south": {"uv": [3.4361, 6.47167, 0, 9.19104], "texture": "#0"},
				"west": {"uv": [3.4361, 6.47167, 0, 9.19104], "texture": "#0"},
				"up": {"uv": [3.4361, 6.47167, 0, 9.19104], "texture": "#0"},
				"down": {"uv": [3.4361, 6.47167, 0, 9.19104], "texture": "#0"}
			}
		},
		{
			"name": "hexadecagon",
			"from": [8.325, -7.575, 7.85],
			"to": [8.75, -7.275, 8.15],
			"rotation": {"angle": 0, "axis": "z", "origin": [8, -7.425, 8]},
			"faces": {
				"north": {"uv": [3.4361, 6.47167, 0, 9.19104], "texture": "#0"},
				"east": {"uv": [3.4361, 6.47167, 0, 9.19104], "texture": "#0"},
				"south": {"uv": [3.4361, 6.47167, 0, 9.19104], "texture": "#0"},
				"west": {"uv": [3.4361, 6.47167, 0, 9.19104], "texture": "#0"},
				"up": {"uv": [3.4361, 6.47167, 0, 9.19104], "texture": "#0"},
				"down": {"uv": [3.4361, 6.47167, 0, 9.19104], "texture": "#0"}
			}
		},
		{
			"name": "hexadecagon",
			"from": [8.325, -7.575, 7.85],
			"to": [8.75, -7.275, 8.15],
			"rotation": {"angle": 22.5, "axis": "z", "origin": [8, -7.425, 8]},
			"faces": {
				"north": {"uv": [3.4361, 6.47167, 0, 9.19104], "texture": "#0"},
				"east": {"uv": [3.4361, 6.47167, 0, 9.19104], "texture": "#0"},
				"south": {"uv": [3.4361, 6.47167, 0, 9.19104], "texture": "#0"},
				"west": {"uv": [3.4361, 6.47167, 0, 9.19104], "texture": "#0"},
				"up": {"uv": [3.4361, 6.47167, 0, 9.19104], "texture": "#0"},
				"down": {"uv": [3.4361, 6.47167, 0, 9.19104], "texture": "#0"}
			}
		},
		{
			"name": "hexadecagon",
			"from": [8.325, -7.575, 7.85],
			"to": [8.75, -7.275, 8.15],
			"rotation": {"angle": 45, "axis": "z", "origin": [8, -7.425, 8]},
			"faces": {
				"north": {"uv": [3.4361, 6.47167, 0, 9.19104], "texture": "#0"},
				"east": {"uv": [3.4361, 6.47167, 0, 9.19104], "texture": "#0"},
				"south": {"uv": [3.4361, 6.47167, 0, 9.19104], "texture": "#0"},
				"west": {"uv": [3.4361, 6.47167, 0, 9.19104], "texture": "#0"},
				"up": {"uv": [3.4361, 6.47167, 0, 9.19104], "texture": "#0"},
				"down": {"uv": [3.4361, 6.47167, 0, 9.19104], "texture": "#0"}
			}
		},
		{
			"name": "hexadecagon",
			"from": [7.85, -7.1, 7.85],
			"to": [8.15, -6.675, 8.15],
			"rotation": {"angle": -22.5, "axis": "z", "origin": [8, -7.425, 8]},
			"faces": {
				"north": {"uv": [3.4361, 6.47167, 0, 9.19104], "texture": "#0"},
				"east": {"uv": [3.4361, 6.47167, 0, 9.19104], "texture": "#0"},
				"south": {"uv": [3.4361, 6.47167, 0, 9.19104], "texture": "#0"},
				"west": {"uv": [3.4361, 6.47167, 0, 9.19104], "texture": "#0"},
				"up": {"uv": [3.4361, 6.47167, 0, 9.19104], "texture": "#0"},
				"down": {"uv": [3.4361, 6.47167, 0, 9.19104], "texture": "#0"}
			}
		},
		{
			"name": "hexadecagon",
			"from": [7.85, -8.475, 7.9],
			"to": [8.15, -8, 8.1],
			"rotation": {"angle": 0, "axis": "z", "origin": [8, -8.425, 8]},
			"faces": {
				"north": {"uv": [3.4361, 6.47167, 0, 9.19104], "texture": "#0"},
				"east": {"uv": [3.4361, 6.47167, 0, 9.19104], "texture": "#0"},
				"south": {"uv": [3.4361, 6.47167, 0, 9.19104], "texture": "#0"},
				"west": {"uv": [3.4361, 6.47167, 0, 9.19104], "texture": "#0"},
				"up": {"uv": [3.4361, 6.47167, 0, 9.19104], "texture": "#0"},
				"down": {"uv": [3.4361, 6.47167, 0, 9.19104], "texture": "#0"}
			}
		},
		{
			"name": "hexadecagon",
			"from": [7.575, -8.525, 7.9],
			"to": [8, -8.275, 8.1],
			"rotation": {"angle": 45, "axis": "z", "origin": [8, -8.425, 8]},
			"faces": {
				"north": {"uv": [3.4361, 6.47167, 0, 9.19104], "texture": "#0"},
				"east": {"uv": [3.4361, 6.47167, 0, 9.19104], "texture": "#0"},
				"south": {"uv": [3.4361, 6.47167, 0, 9.19104], "texture": "#0"},
				"west": {"uv": [3.4361, 6.47167, 0, 9.19104], "texture": "#0"},
				"up": {"uv": [3.4361, 6.47167, 0, 9.19104], "texture": "#0"},
				"down": {"uv": [3.4361, 6.47167, 0, 9.19104], "texture": "#0"}
			}
		},
		{
			"name": "hexadecagon",
			"from": [7.9, -8.85, 7.9],
			"to": [8.15, -8.425, 8.1],
			"rotation": {"angle": 45, "axis": "z", "origin": [8, -8.425, 8]},
			"faces": {
				"north": {"uv": [3.4361, 6.47167, 0, 9.19104], "texture": "#0"},
				"east": {"uv": [3.4361, 6.47167, 0, 9.19104], "texture": "#0"},
				"south": {"uv": [3.4361, 6.47167, 0, 9.19104], "texture": "#0"},
				"west": {"uv": [3.4361, 6.47167, 0, 9.19104], "texture": "#0"},
				"up": {"uv": [3.4361, 6.47167, 0, 9.19104], "texture": "#0"},
				"down": {"uv": [3.4361, 6.47167, 0, 9.19104], "texture": "#0"}
			}
		},
		{
			"name": "hexadecagon",
			"from": [8.1565, -9.3695, 7.9],
			"to": [8.4065, -8.6195, 8.1],
			"rotation": {"angle": -22.5, "axis": "z", "origin": [8.4065, -8.62, 8]},
			"faces": {
				"north": {"uv": [3.4361, 6.47167, 0, 9.19104], "texture": "#0"},
				"east": {"uv": [3.4361, 6.47167, 0, 9.19104], "texture": "#0"},
				"south": {"uv": [3.4361, 6.47167, 0, 9.19104], "texture": "#0"},
				"west": {"uv": [3.4361, 6.47167, 0, 9.19104], "texture": "#0"},
				"up": {"uv": [3.4361, 6.47167, 0, 9.19104], "texture": "#0"},
				"down": {"uv": [3.4361, 6.47167, 0, 9.19104], "texture": "#0"}
			}
		},
		{
			"name": "hexadecagon",
			"from": [7.5935, -9.3695, 7.9],
			"to": [7.8435, -8.6195, 8.1],
			"rotation": {"angle": 22.5, "axis": "z", "origin": [7.5935, -8.62, 8]},
			"faces": {
				"north": {"uv": [3.4361, 6.47167, 0, 9.19104], "texture": "#0"},
				"east": {"uv": [3.4361, 6.47167, 0, 9.19104], "texture": "#0"},
				"south": {"uv": [3.4361, 6.47167, 0, 9.19104], "texture": "#0"},
				"west": {"uv": [3.4361, 6.47167, 0, 9.19104], "texture": "#0"},
				"up": {"uv": [3.4361, 6.47167, 0, 9.19104], "texture": "#0"},
				"down": {"uv": [3.4361, 6.47167, 0, 9.19104], "texture": "#0"}
			}
		},
		{
			"name": "hexadecagon",
			"from": [7.90303, -9.39697, 7.9],
			"to": [8.07203, -9.22797, 8.1],
			"rotation": {"angle": 45, "axis": "z", "origin": [7.994, -9.298, 8]},
			"faces": {
				"north": {"uv": [3.4361, 6.47167, 0, 9.19104], "texture": "#0"},
				"east": {"uv": [3.4361, 6.47167, 0, 9.19104], "texture": "#0"},
				"south": {"uv": [3.4361, 6.47167, 0, 9.19104], "texture": "#0"},
				"west": {"uv": [3.4361, 6.47167, 0, 9.19104], "texture": "#0"},
				"up": {"uv": [3.4361, 6.47167, 0, 9.19104], "texture": "#0"},
				"down": {"uv": [3.4361, 6.47167, 0, 9.19104], "texture": "#0"}
			}
		},
		{
			"name": "hexadecagon",
			"from": [7.85, -8.975, 7.901],
			"to": [8.15, -8.5, 8.099],
			"rotation": {"angle": 0, "axis": "z", "origin": [8, -8.425, 8]},
			"color": 5,
			"faces": {
				"north": {"uv": [0, 0, 1, 1], "rotation": 180, "texture": "#missing"},
				"east": {"uv": [0, 0, 1, 1], "rotation": 180, "texture": "#missing"},
				"south": {"uv": [0, 0, 1, 1], "rotation": 180, "texture": "#missing"},
				"west": {"uv": [0, 0, 1, 1], "rotation": 180, "texture": "#missing"},
				"up": {"uv": [0, 0, 1, 1], "rotation": 180, "texture": "#missing"},
				"down": {"uv": [0, 0, 1, 1], "rotation": 180, "texture": "#missing"}
			}
		},
		{
			"name": "hexadecagon",
			"from": [7.93436, -6, 7.67],
			"to": [8.06564, 22, 8.33],
			"rotation": {"angle": -45, "axis": "y", "origin": [8, 8, 8]},
			"faces": {
				"north": {"uv": [0.90646, 0, 0, 16], "texture": "#0"},
				"east": {"uv": [0.90646, 0, 0, 16], "texture": "#0"},
				"south": {"uv": [0.90646, 0, 0, 16], "texture": "#0"},
				"west": {"uv": [0.90646, 0, 0, 16], "texture": "#0"},
				"up": {"uv": [0.90646, 0, 0, 16], "texture": "#0"},
				"down": {"uv": [0.90646, 0, 0, 16], "texture": "#0"}
			}
		},
		{
			"name": "hexadecagon",
			"from": [7.93436, -6, 7.67],
			"to": [8.06564, 22, 8.33],
			"rotation": {"angle": -22.5, "axis": "y", "origin": [8, 8, 8]},
			"faces": {
				"north": {"uv": [0.90646, 0, 0, 16], "texture": "#0"},
				"east": {"uv": [0.90646, 0, 0, 16], "texture": "#0"},
				"south": {"uv": [0.90646, 0, 0, 16], "texture": "#0"},
				"west": {"uv": [0.90646, 0, 0, 16], "texture": "#0"},
				"up": {"uv": [0.90646, 0, 0, 16], "texture": "#0"},
				"down": {"uv": [0.90646, 0, 0, 16], "texture": "#0"}
			}
		},
		{
			"name": "hexadecagon",
			"from": [7.93436, -6, 7.67],
			"to": [8.06564, 22, 8.33],
			"rotation": {"angle": 0, "axis": "y", "origin": [8, 8, 8]},
			"faces": {
				"north": {"uv": [0.90646, 0, 0, 16], "texture": "#0"},
				"east": {"uv": [0.90646, 0, 0, 16], "texture": "#0"},
				"south": {"uv": [0.90646, 0, 0, 16], "texture": "#0"},
				"west": {"uv": [0.90646, 0, 0, 16], "texture": "#0"},
				"up": {"uv": [0.90646, 0, 0, 16], "texture": "#0"},
				"down": {"uv": [0.90646, 0, 0, 16], "texture": "#0"}
			}
		},
		{
			"name": "hexadecagon",
			"from": [7.93436, -6, 7.67],
			"to": [8.06564, 22, 8.33],
			"rotation": {"angle": 22.5, "axis": "y", "origin": [8, 8, 8]},
			"faces": {
				"north": {"uv": [0.90646, 0, 0, 16], "texture": "#0"},
				"east": {"uv": [0.90646, 0, 0, 16], "texture": "#0"},
				"south": {"uv": [0.90646, 0, 0, 16], "texture": "#0"},
				"west": {"uv": [0.90646, 0, 0, 16], "texture": "#0"},
				"up": {"uv": [0.90646, 0, 0, 16], "texture": "#0"},
				"down": {"uv": [0.90646, 0, 0, 16], "texture": "#0"}
			}
		},
		{
			"name": "hexadecagon",
			"from": [7.93436, -6, 7.67],
			"to": [8.06564, 22, 8.33],
			"rotation": {"angle": 45, "axis": "y", "origin": [8, 8, 8]},
			"faces": {
				"north": {"uv": [0.90646, 0, 0, 16], "texture": "#0"},
				"east": {"uv": [0.90646, 0, 0, 16], "texture": "#0"},
				"south": {"uv": [0.90646, 0, 0, 16], "texture": "#0"},
				"west": {"uv": [0.90646, 0, 0, 16], "texture": "#0"},
				"up": {"uv": [0.90646, 0, 0, 16], "texture": "#0"},
				"down": {"uv": [0.90646, 0, 0, 16], "texture": "#0"}
			}
		},
		{
			"name": "hexadecagon",
			"from": [7.67, -6, 7.93436],
			"to": [8.33, 22, 8.06564],
			"rotation": {"angle": -22.5, "axis": "y", "origin": [8, 8, 8]},
			"faces": {
				"north": {"uv": [0.90646, 0, 0, 16], "texture": "#0"},
				"east": {"uv": [0.90646, 0, 0, 16], "texture": "#0"},
				"south": {"uv": [0.90646, 0, 0, 16], "texture": "#0"},
				"west": {"uv": [0.90646, 0, 0, 16], "texture": "#0"},
				"up": {"uv": [0.90646, 0, 0, 16], "texture": "#0"},
				"down": {"uv": [0.90646, 0, 0, 16], "texture": "#0"}
			}
		},
		{
			"name": "hexadecagon",
			"from": [7.67, -6, 7.93436],
			"to": [8.33, 22, 8.06564],
			"rotation": {"angle": 0, "axis": "y", "origin": [8, 8, 8]},
			"faces": {
				"north": {"uv": [0.90646, 0, 0, 16], "texture": "#0"},
				"east": {"uv": [0.90646, 0, 0, 16], "texture": "#0"},
				"south": {"uv": [0.90646, 0, 0, 16], "texture": "#0"},
				"west": {"uv": [0.90646, 0, 0, 16], "texture": "#0"},
				"up": {"uv": [0.90646, 0, 0, 16], "texture": "#0"},
				"down": {"uv": [0.90646, 0, 0, 16], "texture": "#0"}
			}
		},
		{
			"name": "hexadecagon",
			"from": [7.67, -6, 7.93436],
			"to": [8.33, 22, 8.06564],
			"rotation": {"angle": 22.5, "axis": "y", "origin": [8, 8, 8]},
			"faces": {
				"north": {"uv": [0.90646, 0, 0, 16], "texture": "#0"},
				"east": {"uv": [0.90646, 0, 0, 16], "texture": "#0"},
				"south": {"uv": [0.90646, 0, 0, 16], "texture": "#0"},
				"west": {"uv": [0.90646, 0, 0, 16], "texture": "#0"},
				"up": {"uv": [0.90646, 0, 0, 16], "texture": "#0"},
				"down": {"uv": [0.90646, 0, 0, 16], "texture": "#0"}
			}
		},
		{
			"name": "hexadecagon",
			"from": [7.761, 21, 7.8],
			"to": [8.239, 22.2, 8.2],
			"rotation": {"angle": 0, "axis": "y", "origin": [8, 21, 8]},
			"faces": {
				"north": {"uv": [6.10408, 0, 9.90777, 0], "rotation": 180, "texture": "#0"},
				"east": {"uv": [0, 0, 0, 0], "rotation": 180, "texture": "#missing"},
				"south": {"uv": [0, 0, 0, 0], "rotation": 180, "texture": "#missing"},
				"west": {"uv": [0, 0, 0, 0], "rotation": 180, "texture": "#missing"},
				"up": {"uv": [0, 0, 0, 0], "rotation": 180, "texture": "#missing"},
				"down": {"uv": [0, 0, 0, 0], "rotation": 180, "texture": "#missing"}
			}
		},
		{
			"name": "hexadecagon",
			"from": [7.761, 21, 7.8],
			"to": [8.239, 22.2, 8.2],
			"rotation": {"angle": -22.5, "axis": "z", "origin": [8, 21, 8]},
			"faces": {
				"north": {"uv": [6.10408, 0, 9.90777, 0], "rotation": 180, "texture": "#0"},
				"east": {"uv": [0, 0, 0, 0], "rotation": 180, "texture": "#missing"},
				"south": {"uv": [0, 0, 0, 0], "rotation": 180, "texture": "#missing"},
				"west": {"uv": [0, 0, 0, 0], "rotation": 180, "texture": "#missing"},
				"up": {"uv": [0, 0, 0, 0], "rotation": 180, "texture": "#missing"},
				"down": {"uv": [0, 0, 0, 0], "rotation": 180, "texture": "#missing"}
			}
		},
		{
			"name": "hexadecagon",
			"from": [7.761, 21, 7.8],
			"to": [8.239, 22.2, 8.2],
			"rotation": {"angle": 22.5, "axis": "z", "origin": [8, 21, 8]},
			"faces": {
				"north": {"uv": [6.10408, 0, 9.90777, 0], "rotation": 180, "texture": "#0"},
				"east": {"uv": [0, 0, 0, 0], "rotation": 180, "texture": "#missing"},
				"south": {"uv": [0, 0, 0, 0], "rotation": 180, "texture": "#missing"},
				"west": {"uv": [0, 0, 0, 0], "rotation": 180, "texture": "#missing"},
				"up": {"uv": [0, 0, 0, 0], "rotation": 180, "texture": "#missing"},
				"down": {"uv": [0, 0, 0, 0], "rotation": 180, "texture": "#missing"}
			}
		},
		{
			"name": "hexadecagon",
			"from": [7.761, -6.2, 7.8],
			"to": [8.239, -5, 8.2],
			"rotation": {"angle": 0, "axis": "z", "origin": [8, -5, 8]},
			"faces": {
				"north": {"uv": [14.70487, 0, 16, 16], "rotation": 180, "texture": "#0"},
				"east": {"uv": [0, 0, 1, 1], "rotation": 180, "texture": "#missing"},
				"south": {"uv": [0, 0, 1, 1], "rotation": 180, "texture": "#missing"},
				"west": {"uv": [0, 0, 1, 1], "rotation": 180, "texture": "#missing"},
				"up": {"uv": [0, 0, 1, 1], "rotation": 180, "texture": "#missing"},
				"down": {"uv": [0, 0, 1, 1], "rotation": 180, "texture": "#missing"}
			}
		},
		{
			"name": "hexadecagon",
			"from": [7.761, -6.2, 7.8],
			"to": [8.239, -5, 8.2],
			"rotation": {"angle": -22.5, "axis": "z", "origin": [8, -5, 8]},
			"faces": {
				"north": {"uv": [14.70487, 0, 9.90777, 0.16864], "rotation": 180, "texture": "#0"},
				"east": {"uv": [0, 0, 1, 1], "rotation": 180, "texture": "#missing"},
				"south": {"uv": [0, 0, 1, 1], "rotation": 180, "texture": "#missing"},
				"west": {"uv": [0, 0, 1, 1], "rotation": 180, "texture": "#missing"},
				"up": {"uv": [0, 0, 1, 1], "rotation": 180, "texture": "#missing"},
				"down": {"uv": [0, 0, 1, 1], "rotation": 180, "texture": "#missing"}
			}
		},
		{
			"name": "hexadecagon",
			"from": [7.761, -6.2, 7.8],
			"to": [8.239, -5, 8.2],
			"rotation": {"angle": 22.5, "axis": "z", "origin": [8, -5, 8]},
			"faces": {
				"north": {"uv": [6.10408, 0, 9.90777, 0], "rotation": 180, "texture": "#0"},
				"east": {"uv": [0, 0, 0, 0], "rotation": 180, "texture": "#missing"},
				"south": {"uv": [0, 0, 0, 0], "rotation": 180, "texture": "#missing"},
				"west": {"uv": [0, 0, 0, 0], "rotation": 180, "texture": "#missing"},
				"up": {"uv": [0, 0, 0, 0], "rotation": 180, "texture": "#missing"},
				"down": {"uv": [0, 0, 0, 0], "rotation": 180, "texture": "#missing"}
			}
		},
		{
			"name": "Yellow",
			"from": [7.62461, 22.09061, 7.65],
			"to": [7.82461, 22.29061, 8.35],
			"rotation": {"angle": 45, "axis": "z", "origin": [7.994, 22.452, 8]},
			"color": 5,
			"faces": {
				"north": {"uv": [0, 0, 1, 1], "texture": "#missing"},
				"east": {"uv": [0, 0, 1, 1], "texture": "#missing"},
				"south": {"uv": [0, 0, 1, 1], "texture": "#missing"},
				"west": {"uv": [0, 0, 1, 1], "texture": "#missing"},
				"up": {"uv": [0, 0, 1, 1], "texture": "#missing"},
				"down": {"uv": [0, 0, 1, 1], "texture": "#missing"}
			}
		},
		{
			"name": "Yellow",
			"from": [8.18854, 21.98167, 7.65],
			"to": [8.26354, 22.15667, 8.35],
			"rotation": {"angle": -22.5, "axis": "z", "origin": [7.994, 22.452, 8]},
			"color": 4,
			"faces": {
				"north": {"uv": [0, 0, 1, 1], "rotation": 90, "texture": "#missing"},
				"east": {"uv": [0, 0, 1, 1], "rotation": 270, "texture": "#missing"},
				"south": {"uv": [0, 0, 1, 1], "rotation": 270, "texture": "#missing"},
				"west": {"uv": [0, 0, 1, 1], "rotation": 270, "texture": "#missing"},
				"up": {"uv": [0, 0, 1, 1], "rotation": 270, "texture": "#missing"},
				"down": {"uv": [0, 0, 1, 1], "rotation": 270, "texture": "#missing"}
			}
		},
		{
			"name": "Yellow",
			"from": [7.71338, 21.98626, 7.65],
			"to": [7.78838, 22.16126, 8.35],
			"rotation": {"angle": 22.5, "axis": "z", "origin": [7.994, 22.452, 8]},
			"color": 7,
			"faces": {
				"north": {"uv": [0, 0, 1, 1], "rotation": 270, "texture": "#missing"},
				"east": {"uv": [0, 0, 1, 1], "rotation": 270, "texture": "#missing"},
				"south": {"uv": [0, 0, 1, 1], "rotation": 90, "texture": "#missing"},
				"west": {"uv": [0, 0, 1, 1], "rotation": 270, "texture": "#missing"},
				"up": {"uv": [0, 0, 1, 1], "rotation": 90, "texture": "#missing"},
				"down": {"uv": [0, 0, 1, 1], "rotation": 90, "texture": "#missing"}
			}
		},
		{
			"name": "Yellow",
			"from": [7.5585, 22.02335, 7.65],
			"to": [7.6635, 22.12835, 8.35],
			"rotation": {"angle": 45, "axis": "z", "origin": [7.994, 22.452, 8]},
			"color": 0,
			"faces": {
				"north": {"uv": [0, 0, 1, 1], "texture": "#missing"},
				"east": {"uv": [0, 0, 1, 1], "texture": "#missing"},
				"south": {"uv": [0, 0, 1, 1], "texture": "#missing"},
				"west": {"uv": [0, 0, 1, 1], "texture": "#missing"},
				"up": {"uv": [0, 0, 1, 1], "texture": "#missing"},
				"down": {"uv": [0, 0, 1, 1], "texture": "#missing"}
			}
		},
		{
			"name": "Yellow",
			"from": [7.42743, 21.89229, 7.65],
			"to": [7.55743, 22.02229, 8.35],
			"rotation": {"angle": 45, "axis": "z", "origin": [7.994, 22.452, 8]},
			"color": 1,
			"faces": {
				"north": {"uv": [0, 0, 1, 1], "texture": "#missing"},
				"east": {"uv": [0, 0, 1, 1], "texture": "#missing"},
				"south": {"uv": [0, 0, 1, 1], "texture": "#missing"},
				"west": {"uv": [0, 0, 1, 1], "texture": "#missing"},
				"up": {"uv": [0, 0, 1, 1], "texture": "#missing"},
				"down": {"uv": [0, 0, 1, 1], "texture": "#missing"}
			}
		},
		{
			"name": "Yellow",
			"from": [7.31475, 21.77961, 7.65],
			"to": [7.41475, 21.87961, 8.35],
			"rotation": {"angle": 45, "axis": "z", "origin": [7.994, 22.452, 8]},
			"color": 1,
			"faces": {
				"north": {"uv": [0, 0, 1, 1], "texture": "#missing"},
				"east": {"uv": [0, 0, 1, 1], "texture": "#missing"},
				"south": {"uv": [0, 0, 1, 1], "texture": "#missing"},
				"west": {"uv": [0, 0, 1, 1], "texture": "#missing"},
				"up": {"uv": [0, 0, 1, 1], "texture": "#missing"},
				"down": {"uv": [0, 0, 1, 1], "texture": "#missing"}
			}
		},
		{
			"name": "Yellow",
			"from": [7.23869, 21.70354, 7.65],
			"to": [7.30869, 21.77354, 8.35],
			"rotation": {"angle": 45, "axis": "z", "origin": [7.994, 22.452, 8]},
			"color": 5,
			"faces": {
				"north": {"uv": [0, 0, 1, 1], "texture": "#missing"},
				"east": {"uv": [0, 0, 1, 1], "texture": "#missing"},
				"south": {"uv": [0, 0, 1, 1], "texture": "#missing"},
				"west": {"uv": [0, 0, 1, 1], "texture": "#missing"},
				"up": {"uv": [0, 0, 1, 1], "texture": "#missing"},
				"down": {"uv": [0, 0, 1, 1], "texture": "#missing"}
			}
		},
		{
			"name": "Yellow",
			"from": [7.519, 24.568, 7.92],
			"to": [8.069, 25.118, 8.08],
			"rotation": {"angle": 45, "axis": "z", "origin": [7.994, 25.052, 8]},
			"color": 6,
			"faces": {
				"north": {"uv": [0, 0, 1, 1], "texture": "#missing"},
				"east": {"uv": [0, 0, 1, 1], "texture": "#missing"},
				"south": {"uv": [0, 0, 1, 1], "texture": "#missing"},
				"west": {"uv": [0, 0, 1, 1], "texture": "#missing"},
				"up": {"uv": [0, 0, 1, 1], "texture": "#missing"},
				"down": {"uv": [0, 0, 1, 1], "texture": "#missing"}
			}
		},
		{
			"name": "Yellow",
			"from": [7.519, 25.493, 7.92],
			"to": [8.069, 26.043, 8.08],
			"rotation": {"angle": 45, "axis": "z", "origin": [7.994, 25.977, 8]},
			"color": 7,
			"faces": {
				"north": {"uv": [0, 0, 1, 1], "texture": "#missing"},
				"east": {"uv": [0, 0, 1, 1], "texture": "#missing"},
				"south": {"uv": [0, 0, 1, 1], "texture": "#missing"},
				"west": {"uv": [0, 0, 1, 1], "texture": "#missing"},
				"up": {"uv": [0, 0, 1, 1], "texture": "#missing"},
				"down": {"uv": [0, 0, 1, 1], "texture": "#missing"}
			}
		},
		{
			"name": "Yellow",
			"from": [7.869, 25.843, 7.92],
			"to": [8.519, 26.493, 8.08],
			"rotation": {"angle": 45, "axis": "z", "origin": [7.994, 25.977, 8]},
			"color": 0,
			"faces": {
				"north": {"uv": [0, 0, 1, 1], "texture": "#missing"},
				"east": {"uv": [0, 0, 1, 1], "texture": "#missing"},
				"south": {"uv": [0, 0, 1, 1], "texture": "#missing"},
				"west": {"uv": [0, 0, 1, 1], "texture": "#missing"},
				"up": {"uv": [0, 0, 1, 1], "texture": "#missing"},
				"down": {"uv": [0, 0, 1, 1], "texture": "#missing"}
			}
		},
		{
			"name": "Yellow",
			"from": [8.169, 26.168, 7.92],
			"to": [8.669, 26.643, 8.08],
			"rotation": {"angle": 45, "axis": "z", "origin": [7.994, 25.977, 8]},
			"color": 3,
			"faces": {
				"north": {"uv": [0, 0, 1, 1], "texture": "#missing"},
				"east": {"uv": [0, 0, 1, 1], "texture": "#missing"},
				"south": {"uv": [0, 0, 1, 1], "texture": "#missing"},
				"west": {"uv": [0, 0, 1, 1], "texture": "#missing"},
				"up": {"uv": [0, 0, 1, 1], "texture": "#missing"},
				"down": {"uv": [0, 0, 1, 1], "texture": "#missing"}
			}
		},
		{
			"name": "Yellow",
			"from": [8.494, 26.493, 7.92],
			"to": [8.819, 26.793, 8.08],
			"rotation": {"angle": 45, "axis": "z", "origin": [7.994, 25.977, 8]},
			"color": 7,
			"faces": {
				"north": {"uv": [0, 0, 1, 1], "texture": "#missing"},
				"east": {"uv": [0, 0, 1, 1], "texture": "#missing"},
				"south": {"uv": [0, 0, 1, 1], "texture": "#missing"},
				"west": {"uv": [0, 0, 1, 1], "texture": "#missing"},
				"up": {"uv": [0, 0, 1, 1], "texture": "#missing"},
				"down": {"uv": [0, 0, 1, 1], "texture": "#missing"}
			}
		},
		{
			"name": "Yellow",
			"from": [7.619, 25.793, 7.92],
			"to": [8.169, 26.343, 8.08],
			"rotation": {"angle": 45, "axis": "z", "origin": [7.994, 25.977, 8]},
			"color": 2,
			"faces": {
				"north": {"uv": [0, 0, 1, 1], "texture": "#missing"},
				"east": {"uv": [0, 0, 1, 1], "texture": "#missing"},
				"south": {"uv": [0, 0, 1, 1], "texture": "#missing"},
				"west": {"uv": [0, 0, 1, 1], "texture": "#missing"},
				"up": {"uv": [0, 0, 1, 1], "texture": "#missing"},
				"down": {"uv": [0, 0, 1, 1], "texture": "#missing"}
			}
		},
		{
			"name": "Yellow",
			"from": [7.844, 25.593, 7.92],
			"to": [8.394, 26.143, 8.08],
			"rotation": {"angle": 45, "axis": "z", "origin": [7.994, 25.977, 8]},
			"color": 5,
			"faces": {
				"north": {"uv": [0, 0, 1, 1], "texture": "#missing"},
				"east": {"uv": [0, 0, 1, 1], "texture": "#missing"},
				"south": {"uv": [0, 0, 1, 1], "texture": "#missing"},
				"west": {"uv": [0, 0, 1, 1], "texture": "#missing"},
				"up": {"uv": [0, 0, 1, 1], "texture": "#missing"},
				"down": {"uv": [0, 0, 1, 1], "texture": "#missing"}
			}
		},
		{
			"name": "hexadecagon",
			"from": [7.8, 22, 7.75],
			"to": [8.2, 22.3, 8.25],
			"rotation": {"angle": 0, "axis": "y", "origin": [8, 8, 8]},
			"faces": {
				"north": {"uv": [3.4361, 6.47167, 0, 9.19104], "texture": "#0"},
				"east": {"uv": [3.4361, 6.47167, 0, 9.19104], "texture": "#0"},
				"south": {"uv": [3.4361, 6.47167, 0, 9.19104], "texture": "#0"},
				"west": {"uv": [3.4361, 6.47167, 0, 9.19104], "texture": "#0"},
				"up": {"uv": [3.4361, 6.47167, 0, 9.19104], "texture": "#0"},
				"down": {"uv": [3.4361, 6.47167, 0, 9.19104], "texture": "#0"}
			}
		},
		{
			"name": "hexadecagon",
			"from": [7.85, 22.225, 7.9],
			"to": [8.15, 22.65, 8.1],
			"rotation": {"angle": 0, "axis": "z", "origin": [8, 22.3, 8]},
			"faces": {
				"north": {"uv": [3.4361, 6.47167, 0, 9.19104], "texture": "#0"},
				"east": {"uv": [3.4361, 6.47167, 0, 9.19104], "texture": "#0"},
				"south": {"uv": [3.4361, 6.47167, 0, 9.19104], "texture": "#0"},
				"west": {"uv": [3.4361, 6.47167, 0, 9.19104], "texture": "#0"},
				"up": {"uv": [3.4361, 6.47167, 0, 9.19104], "texture": "#0"},
				"down": {"uv": [3.4361, 6.47167, 0, 9.19104], "texture": "#0"}
			}
		},
		{
			"name": "hexadecagon",
			"from": [7.85, 22.35, 7.9],
			"to": [8.13, 22.761, 8.1],
			"rotation": {"angle": 22.5, "axis": "z", "origin": [8, 22.425, 8]},
			"faces": {
				"north": {"uv": [3.4361, 6.47167, 0, 9.19104], "texture": "#0"},
				"east": {"uv": [3.4361, 6.47167, 0, 9.19104], "texture": "#0"},
				"south": {"uv": [3.4361, 6.47167, 0, 9.19104], "texture": "#0"},
				"west": {"uv": [3.4361, 6.47167, 0, 9.19104], "texture": "#0"},
				"up": {"uv": [3.4361, 6.47167, 0, 9.19104], "texture": "#0"},
				"down": {"uv": [3.4361, 6.47167, 0, 9.19104], "texture": "#0"}
			}
		},
		{
			"name": "hexadecagon",
			"from": [7.75, 22.625, 7.9],
			"to": [8.025, 23.06, 8.1],
			"rotation": {"angle": 45, "axis": "z", "origin": [7.9, 22.7, 8]},
			"faces": {
				"north": {"uv": [3.4361, 6.47167, 0, 9.19104], "texture": "#0"},
				"east": {"uv": [3.4361, 6.47167, 0, 9.19104], "texture": "#0"},
				"south": {"uv": [3.4361, 6.47167, 0, 9.19104], "texture": "#0"},
				"west": {"uv": [3.4361, 6.47167, 0, 9.19104], "texture": "#0"},
				"up": {"uv": [3.4361, 6.47167, 0, 9.19104], "texture": "#0"},
				"down": {"uv": [3.4361, 6.47167, 0, 9.19104], "texture": "#0"}
			}
		},
		{
			"name": "hexadecagon",
			"from": [7.5, 22.9, 7.9],
			"to": [7.775, 23.335, 8.1],
			"rotation": {"angle": 22.5, "axis": "z", "origin": [7.65, 22.975, 8]},
			"faces": {
				"north": {"uv": [3.4361, 6.47167, 0, 9.19104], "texture": "#0"},
				"east": {"uv": [3.4361, 6.47167, 0, 9.19104], "texture": "#0"},
				"south": {"uv": [3.4361, 6.47167, 0, 9.19104], "texture": "#0"},
				"west": {"uv": [3.4361, 6.47167, 0, 9.19104], "texture": "#0"},
				"up": {"uv": [3.4361, 6.47167, 0, 9.19104], "texture": "#0"},
				"down": {"uv": [3.4361, 6.47167, 0, 9.19104], "texture": "#0"}
			}
		},
		{
			"name": "hexadecagon",
			"from": [7.365, 22.85, 7.9],
			"to": [7.565, 23.05, 8.1],
			"rotation": {"angle": -22.5, "axis": "z", "origin": [7.65, 22.975, 8]},
			"faces": {
				"north": {"uv": [3.4361, 6.47167, 0, 9.19104], "texture": "#0"},
				"east": {"uv": [3.4361, 6.47167, 0, 9.19104], "texture": "#0"},
				"south": {"uv": [3.4361, 6.47167, 0, 9.19104], "texture": "#0"},
				"west": {"uv": [3.4361, 6.47167, 0, 9.19104], "texture": "#0"},
				"up": {"uv": [3.4361, 6.47167, 0, 9.19104], "texture": "#0"},
				"down": {"uv": [3.4361, 6.47167, 0, 9.19104], "texture": "#0"}
			}
		},
		{
			"name": "hexadecagon",
			"from": [7.54, 23.025, 7.9],
			"to": [7.74, 23.225, 8.1],
			"rotation": {"angle": -22.5, "axis": "z", "origin": [7.65, 22.975, 8]},
			"faces": {
				"north": {"uv": [3.4361, 6.47167, 0, 9.19104], "texture": "#0"},
				"east": {"uv": [3.4361, 6.47167, 0, 9.19104], "texture": "#0"},
				"south": {"uv": [3.4361, 6.47167, 0, 9.19104], "texture": "#0"},
				"west": {"uv": [3.4361, 6.47167, 0, 9.19104], "texture": "#0"},
				"up": {"uv": [3.4361, 6.47167, 0, 9.19104], "texture": "#0"},
				"down": {"uv": [3.4361, 6.47167, 0, 9.19104], "texture": "#0"}
			}
		},
		{
			"name": "hexadecagon",
			"from": [7.375, 23.25, 7.9],
			"to": [7.65, 23.675, 8.1],
			"rotation": {"angle": 0, "axis": "z", "origin": [7.525, 23.325, 8]},
			"faces": {
				"north": {"uv": [3.4361, 6.47167, 0, 9.19104], "texture": "#0"},
				"east": {"uv": [3.4361, 6.47167, 0, 9.19104], "texture": "#0"},
				"south": {"uv": [3.4361, 6.47167, 0, 9.19104], "texture": "#0"},
				"west": {"uv": [3.4361, 6.47167, 0, 9.19104], "texture": "#0"},
				"up": {"uv": [3.4361, 6.47167, 0, 9.19104], "texture": "#0"},
				"down": {"uv": [3.4361, 6.47167, 0, 9.19104], "texture": "#0"}
			}
		},
		{
			"name": "hexadecagon",
			"from": [7.725, 24.375, 7.9],
			"to": [8, 24.675, 8.1],
			"rotation": {"angle": 22.5, "axis": "z", "origin": [8, 24.375, 8]},
			"faces": {
				"north": {"uv": [3.4361, 6.47167, 0, 9.19104], "texture": "#0"},
				"east": {"uv": [3.4361, 6.47167, 0, 9.19104], "texture": "#0"},
				"south": {"uv": [3.4361, 6.47167, 0, 9.19104], "texture": "#0"},
				"west": {"uv": [3.4361, 6.47167, 0, 9.19104], "texture": "#0"},
				"up": {"uv": [3.4361, 6.47167, 0, 9.19104], "texture": "#0"},
				"down": {"uv": [3.4361, 6.47167, 0, 9.19104], "texture": "#0"}
			}
		},
		{
			"name": "hexadecagon",
			"from": [7.61, 24.652, 7.9],
			"to": [7.885, 24.952, 8.1],
			"rotation": {"angle": 45, "axis": "z", "origin": [7.885, 24.652, 8]},
			"faces": {
				"north": {"uv": [3.4361, 6.47167, 0, 9.19104], "texture": "#0"},
				"east": {"uv": [3.4361, 6.47167, 0, 9.19104], "texture": "#0"},
				"south": {"uv": [3.4361, 6.47167, 0, 9.19104], "texture": "#0"},
				"west": {"uv": [3.4361, 6.47167, 0, 9.19104], "texture": "#0"},
				"up": {"uv": [3.4361, 6.47167, 0, 9.19104], "texture": "#0"},
				"down": {"uv": [3.4361, 6.47167, 0, 9.19104], "texture": "#0"}
			}
		},
		{
			"name": "hexadecagon",
			"from": [7.56, 24.902, 7.9],
			"to": [7.76, 25.052, 8.1],
			"rotation": {"angle": 45, "axis": "z", "origin": [7.86, 25.052, 8]},
			"faces": {
				"north": {"uv": [3.4361, 6.47167, 0, 9.19104], "texture": "#0"},
				"east": {"uv": [3.4361, 6.47167, 0, 9.19104], "texture": "#0"},
				"south": {"uv": [3.4361, 6.47167, 0, 9.19104], "texture": "#0"},
				"west": {"uv": [3.4361, 6.47167, 0, 9.19104], "texture": "#0"},
				"up": {"uv": [3.4361, 6.47167, 0, 9.19104], "texture": "#0"},
				"down": {"uv": [3.4361, 6.47167, 0, 9.19104], "texture": "#0"}
			}
		},
		{
			"name": "hexadecagon",
			"from": [7.76, 24.827, 7.9],
			"to": [7.91, 25.102, 8.1],
			"rotation": {"angle": -22.5, "axis": "z", "origin": [7.86, 25.035, 8]},
			"faces": {
				"north": {"uv": [3.4361, 6.47167, 0, 9.19104], "texture": "#0"},
				"east": {"uv": [3.4361, 6.47167, 0, 9.19104], "texture": "#0"},
				"south": {"uv": [3.4361, 6.47167, 0, 9.19104], "texture": "#0"},
				"west": {"uv": [3.4361, 6.47167, 0, 9.19104], "texture": "#0"},
				"up": {"uv": [3.4361, 6.47167, 0, 9.19104], "texture": "#0"},
				"down": {"uv": [3.4361, 6.47167, 0, 9.19104], "texture": "#0"}
			}
		},
		{
			"name": "hexadecagon",
			"from": [7.76, 24.902, 7.9],
			"to": [7.955, 25.177, 8.1],
			"rotation": {"angle": -22.5, "axis": "z", "origin": [7.86, 25.035, 8]},
			"faces": {
				"north": {"uv": [3.4361, 6.47167, 0, 9.19104], "texture": "#0"},
				"east": {"uv": [3.4361, 6.47167, 0, 9.19104], "texture": "#0"},
				"south": {"uv": [3.4361, 6.47167, 0, 9.19104], "texture": "#0"},
				"west": {"uv": [3.4361, 6.47167, 0, 9.19104], "texture": "#0"},
				"up": {"uv": [3.4361, 6.47167, 0, 9.19104], "texture": "#0"},
				"down": {"uv": [3.4361, 6.47167, 0, 9.19104], "texture": "#0"}
			}
		},
		{
			"name": "hexadecagon",
			"from": [7.8, 25.125, 7.9],
			"to": [8, 25.325, 8.1],
			"rotation": {"angle": 0, "axis": "z", "origin": [8, 24.375, 8]},
			"faces": {
				"north": {"uv": [3.4361, 6.47167, 0, 9.19104], "texture": "#0"},
				"east": {"uv": [3.4361, 6.47167, 0, 9.19104], "texture": "#0"},
				"south": {"uv": [3.4361, 6.47167, 0, 9.19104], "texture": "#0"},
				"west": {"uv": [3.4361, 6.47167, 0, 9.19104], "texture": "#0"},
				"up": {"uv": [3.4361, 6.47167, 0, 9.19104], "texture": "#0"},
				"down": {"uv": [3.4361, 6.47167, 0, 9.19104], "texture": "#0"}
			}
		},
		{
			"name": "hexadecagon",
			"from": [8, 24.075, 7.9],
			"to": [7.75, 24.375, 8.1],
			"rotation": {"angle": 0, "axis": "z", "origin": [8, 24.375, 8]},
			"faces": {
				"north": {"uv": [3.4361, 6.47167, 0, 9.19104], "texture": "#0"},
				"east": {"uv": [3.4361, 6.47167, 0, 9.19104], "texture": "#0"},
				"south": {"uv": [3.4361, 6.47167, 0, 9.19104], "texture": "#0"},
				"west": {"uv": [3.4361, 6.47167, 0, 9.19104], "texture": "#0"},
				"up": {"uv": [3.4361, 6.47167, 0, 9.19104], "texture": "#0"},
				"down": {"uv": [3.4361, 6.47167, 0, 9.19104], "texture": "#0"}
			}
		},
		{
			"name": "hexadecagon",
			"from": [8, 23.775, 7.9],
			"to": [7.75, 24.075, 8.1],
			"rotation": {"angle": -22.5, "axis": "z", "origin": [8, 24.075, 8]},
			"faces": {
				"north": {"uv": [3.4361, 6.47167, 0, 9.19104], "texture": "#0"},
				"east": {"uv": [3.4361, 6.47167, 0, 9.19104], "texture": "#0"},
				"south": {"uv": [3.4361, 6.47167, 0, 9.19104], "texture": "#0"},
				"west": {"uv": [3.4361, 6.47167, 0, 9.19104], "texture": "#0"},
				"up": {"uv": [3.4361, 6.47167, 0, 9.19104], "texture": "#0"},
				"down": {"uv": [3.4361, 6.47167, 0, 9.19104], "texture": "#0"}
			}
		},
		{
			"name": "hexadecagon",
			"from": [7.885, 23.5, 7.9],
			"to": [7.635, 23.8, 8.1],
			"rotation": {"angle": -45, "axis": "z", "origin": [7.885, 23.8, 8]},
			"faces": {
				"north": {"uv": [3.4361, 6.47167, 0, 9.19104], "texture": "#0"},
				"east": {"uv": [3.4361, 6.47167, 0, 9.19104], "texture": "#0"},
				"south": {"uv": [3.4361, 6.47167, 0, 9.19104], "texture": "#0"},
				"west": {"uv": [3.4361, 6.47167, 0, 9.19104], "texture": "#0"},
				"up": {"uv": [3.4361, 6.47167, 0, 9.19104], "texture": "#0"},
				"down": {"uv": [3.4361, 6.47167, 0, 9.19104], "texture": "#0"}
			}
		},
		{
			"name": "hexadecagon",
			"from": [7.385, 23.85, 7.9],
			"to": [7.685, 23.6, 8.1],
			"rotation": {"angle": 22.5, "axis": "z", "origin": [7.685, 23.6, 8]},
			"faces": {
				"north": {"uv": [3.4361, 6.47167, 0, 9.19104], "texture": "#0"},
				"east": {"uv": [3.4361, 6.47167, 0, 9.19104], "texture": "#0"},
				"south": {"uv": [3.4361, 6.47167, 0, 9.19104], "texture": "#0"},
				"west": {"uv": [3.4361, 6.47167, 0, 9.19104], "texture": "#0"},
				"up": {"uv": [3.4361, 6.47167, 0, 9.19104], "texture": "#0"},
				"down": {"uv": [3.4361, 6.47167, 0, 9.19104], "texture": "#0"}
			}
		},
		{
			"name": "hexadecagon",
			"from": [7.26, 23.75, 7.9],
			"to": [7.435, 23.5, 8.1],
			"rotation": {"angle": 0, "axis": "z", "origin": [7.435, 23.5, 8]},
			"faces": {
				"north": {"uv": [3.4361, 6.47167, 0, 9.19104], "texture": "#0"},
				"east": {"uv": [3.4361, 6.47167, 0, 9.19104], "texture": "#0"},
				"south": {"uv": [3.4361, 6.47167, 0, 9.19104], "texture": "#0"},
				"west": {"uv": [3.4361, 6.47167, 0, 9.19104], "texture": "#0"},
				"up": {"uv": [3.4361, 6.47167, 0, 9.19104], "texture": "#0"},
				"down": {"uv": [3.4361, 6.47167, 0, 9.19104], "texture": "#0"}
			}
		},
		{
			"name": "hexadecagon",
			"from": [7.01, 23.75, 7.9],
			"to": [7.26, 23.5, 8.1],
			"rotation": {"angle": -22.5, "axis": "z", "origin": [7.26, 23.5, 8]},
			"faces": {
				"north": {"uv": [3.4361, 6.47167, 0, 9.19104], "texture": "#0"},
				"east": {"uv": [3.4361, 6.47167, 0, 9.19104], "texture": "#0"},
				"south": {"uv": [3.4361, 6.47167, 0, 9.19104], "texture": "#0"},
				"west": {"uv": [3.4361, 6.47167, 0, 9.19104], "texture": "#0"},
				"up": {"uv": [3.4361, 6.47167, 0, 9.19104], "texture": "#0"},
				"down": {"uv": [3.4361, 6.47167, 0, 9.19104], "texture": "#0"}
			}
		},
		{
			"name": "hexadecagon",
			"from": [6.785, 23.85, 7.9],
			"to": [7.035, 23.6, 8.1],
			"rotation": {"angle": -45, "axis": "z", "origin": [7.035, 23.6, 8]},
			"faces": {
				"north": {"uv": [3.4361, 6.47167, 0, 9.19104], "texture": "#0"},
				"east": {"uv": [3.4361, 6.47167, 0, 9.19104], "texture": "#0"},
				"south": {"uv": [3.4361, 6.47167, 0, 9.19104], "texture": "#0"},
				"west": {"uv": [3.4361, 6.47167, 0, 9.19104], "texture": "#0"},
				"up": {"uv": [3.4361, 6.47167, 0, 9.19104], "texture": "#0"},
				"down": {"uv": [3.4361, 6.47167, 0, 9.19104], "texture": "#0"}
			}
		},
		{
			"name": "hexadecagon",
			"from": [7.11, 23.775, 7.9],
			"to": [6.86, 24, 8.1],
			"rotation": {"angle": 22.5, "axis": "z", "origin": [6.86, 23.775, 8]},
			"faces": {
				"north": {"uv": [3.4361, 6.47167, 0, 9.19104], "texture": "#0"},
				"east": {"uv": [3.4361, 6.47167, 0, 9.19104], "texture": "#0"},
				"south": {"uv": [3.4361, 6.47167, 0, 9.19104], "texture": "#0"},
				"west": {"uv": [3.4361, 6.47167, 0, 9.19104], "texture": "#0"},
				"up": {"uv": [3.4361, 6.47167, 0, 9.19104], "texture": "#0"},
				"down": {"uv": [3.4361, 6.47167, 0, 9.19104], "texture": "#0"}
			}
		},
		{
			"name": "hexadecagon",
			"from": [7.025, 23.98, 7.9],
			"to": [6.775, 24.13, 8.1],
			"rotation": {"angle": 0, "axis": "z", "origin": [6.775, 23.905, 8]},
			"faces": {
				"north": {"uv": [3.4361, 6.47167, 0, 9.19104], "texture": "#0"},
				"east": {"uv": [3.4361, 6.47167, 0, 9.19104], "texture": "#0"},
				"south": {"uv": [3.4361, 6.47167, 0, 9.19104], "texture": "#0"},
				"west": {"uv": [3.4361, 6.47167, 0, 9.19104], "texture": "#0"},
				"up": {"uv": [3.4361, 6.47167, 0, 9.19104], "texture": "#0"},
				"down": {"uv": [3.4361, 6.47167, 0, 9.19104], "texture": "#0"}
			}
		},
		{
			"name": "hexadecagon",
			"from": [6.775, 24.13, 7.9],
			"to": [7.005, 24.32, 8.1],
			"rotation": {"angle": -22.5, "axis": "z", "origin": [6.775, 24.13, 8]},
			"faces": {
				"north": {"uv": [3.4361, 6.47167, 0, 9.19104], "texture": "#0"},
				"east": {"uv": [3.4361, 6.47167, 0, 9.19104], "texture": "#0"},
				"south": {"uv": [3.4361, 6.47167, 0, 9.19104], "texture": "#0"},
				"west": {"uv": [3.4361, 6.47167, 0, 9.19104], "texture": "#0"},
				"up": {"uv": [3.4361, 6.47167, 0, 9.19104], "texture": "#0"},
				"down": {"uv": [3.4361, 6.47167, 0, 9.19104], "texture": "#0"}
			}
		},
		{
			"name": "hexadecagon",
			"from": [6.85, 24.305, 7.9],
			"to": [7.07, 24.53, 8.1],
			"rotation": {"angle": -45, "axis": "z", "origin": [6.85, 24.305, 8]},
			"faces": {
				"north": {"uv": [3.4361, 6.47167, 0, 9.19104], "texture": "#0"},
				"east": {"uv": [3.4361, 6.47167, 0, 9.19104], "texture": "#0"},
				"south": {"uv": [3.4361, 6.47167, 0, 9.19104], "texture": "#0"},
				"west": {"uv": [3.4361, 6.47167, 0, 9.19104], "texture": "#0"},
				"up": {"uv": [3.4361, 6.47167, 0, 9.19104], "texture": "#0"},
				"down": {"uv": [3.4361, 6.47167, 0, 9.19104], "texture": "#0"}
			}
		},
		{
			"name": "hexadecagon",
			"from": [7.08, 24.3, 7.9],
			"to": [7.16, 24.5, 8.1],
			"rotation": {"angle": 22.5, "axis": "z", "origin": [7.12, 24.3, 8]},
			"faces": {
				"north": {"uv": [3.4361, 6.47167, 0, 9.19104], "texture": "#0"},
				"east": {"uv": [3.4361, 6.47167, 0, 9.19104], "texture": "#0"},
				"south": {"uv": [3.4361, 6.47167, 0, 9.19104], "texture": "#0"},
				"west": {"uv": [3.4361, 6.47167, 0, 9.19104], "texture": "#0"},
				"up": {"uv": [3.4361, 6.47167, 0, 9.19104], "texture": "#0"},
				"down": {"uv": [3.4361, 6.47167, 0, 9.19104], "texture": "#0"}
			}
		},
		{
			"name": "hexadecagon",
			"from": [7.08, 24.3, 7.9],
			"to": [7.16, 24.5, 8.1],
			"rotation": {"angle": 0, "axis": "z", "origin": [7.12, 24.3, 8]},
			"faces": {
				"north": {"uv": [3.4361, 6.47167, 0, 9.19104], "texture": "#0"},
				"east": {"uv": [3.4361, 6.47167, 0, 9.19104], "texture": "#0"},
				"south": {"uv": [3.4361, 6.47167, 0, 9.19104], "texture": "#0"},
				"west": {"uv": [3.4361, 6.47167, 0, 9.19104], "texture": "#0"},
				"up": {"uv": [3.4361, 6.47167, 0, 9.19104], "texture": "#0"},
				"down": {"uv": [3.4361, 6.47167, 0, 9.19104], "texture": "#0"}
			}
		},
		{
			"name": "hexadecagon",
			"from": [7.08, 24.3, 7.9],
			"to": [7.16, 24.5, 8.1],
			"rotation": {"angle": -22.5, "axis": "z", "origin": [7.12, 24.3, 8]},
			"faces": {
				"north": {"uv": [3.4361, 6.47167, 0, 9.19104], "texture": "#0"},
				"east": {"uv": [3.4361, 6.47167, 0, 9.19104], "texture": "#0"},
				"south": {"uv": [3.4361, 6.47167, 0, 9.19104], "texture": "#0"},
				"west": {"uv": [3.4361, 6.47167, 0, 9.19104], "texture": "#0"},
				"up": {"uv": [3.4361, 6.47167, 0, 9.19104], "texture": "#0"},
				"down": {"uv": [3.4361, 6.47167, 0, 9.19104], "texture": "#0"}
			}
		},
		{
			"name": "hexadecagon",
			"from": [7.08, 24.3, 7.9],
			"to": [7.16, 24.5, 8.1],
			"rotation": {"angle": -45, "axis": "z", "origin": [7.12, 24.3, 8]},
			"faces": {
				"north": {"uv": [3.4361, 6.47167, 0, 9.19104], "texture": "#0"},
				"east": {"uv": [3.4361, 6.47167, 0, 9.19104], "texture": "#0"},
				"south": {"uv": [3.4361, 6.47167, 0, 9.19104], "texture": "#0"},
				"west": {"uv": [3.4361, 6.47167, 0, 9.19104], "texture": "#0"},
				"up": {"uv": [3.4361, 6.47167, 0, 9.19104], "texture": "#0"},
				"down": {"uv": [3.4361, 6.47167, 0, 9.19104], "texture": "#0"}
			}
		},
		{
			"name": "hexadecagon",
			"from": [7.12, 24.26, 7.9],
			"to": [7.32, 24.34, 8.1],
			"rotation": {"angle": 22.5, "axis": "z", "origin": [7.12, 24.3, 8]},
			"faces": {
				"north": {"uv": [3.4361, 6.47167, 0, 9.19104], "texture": "#0"},
				"east": {"uv": [3.4361, 6.47167, 0, 9.19104], "texture": "#0"},
				"south": {"uv": [3.4361, 6.47167, 0, 9.19104], "texture": "#0"},
				"west": {"uv": [3.4361, 6.47167, 0, 9.19104], "texture": "#0"},
				"up": {"uv": [3.4361, 6.47167, 0, 9.19104], "texture": "#0"},
				"down": {"uv": [3.4361, 6.47167, 0, 9.19104], "texture": "#0"}
			}
		},
		{
			"name": "hexadecagon",
			"from": [7.12, 24.26, 7.9],
			"to": [7.32, 24.34, 8.1],
			"rotation": {"angle": 0, "axis": "z", "origin": [7.12, 24.3, 8]},
			"faces": {
				"north": {"uv": [3.4361, 6.47167, 0, 9.19104], "texture": "#0"},
				"east": {"uv": [3.4361, 6.47167, 0, 9.19104], "texture": "#0"},
				"south": {"uv": [3.4361, 6.47167, 0, 9.19104], "texture": "#0"},
				"west": {"uv": [3.4361, 6.47167, 0, 9.19104], "texture": "#0"},
				"up": {"uv": [3.4361, 6.47167, 0, 9.19104], "texture": "#0"},
				"down": {"uv": [3.4361, 6.47167, 0, 9.19104], "texture": "#0"}
			}
		},
		{
			"name": "hexadecagon",
			"from": [7.12, 24.26, 7.9],
			"to": [7.32, 24.34, 8.1],
			"rotation": {"angle": -22.5, "axis": "z", "origin": [7.12, 24.3, 8]},
			"faces": {
				"north": {"uv": [3.4361, 6.47167, 0, 9.19104], "texture": "#0"},
				"east": {"uv": [3.4361, 6.47167, 0, 9.19104], "texture": "#0"},
				"south": {"uv": [3.4361, 6.47167, 0, 9.19104], "texture": "#0"},
				"west": {"uv": [3.4361, 6.47167, 0, 9.19104], "texture": "#0"},
				"up": {"uv": [3.4361, 6.47167, 0, 9.19104], "texture": "#0"},
				"down": {"uv": [3.4361, 6.47167, 0, 9.19104], "texture": "#0"}
			}
		},
		{
			"name": "hexadecagon",
			"from": [7.12, 24.26, 7.9],
			"to": [7.32, 24.34, 8.1],
			"rotation": {"angle": -45, "axis": "z", "origin": [7.12, 24.3, 8]},
			"faces": {
				"north": {"uv": [3.4361, 6.47167, 0, 9.19104], "texture": "#0"},
				"east": {"uv": [3.4361, 6.47167, 0, 9.19104], "texture": "#0"},
				"south": {"uv": [3.4361, 6.47167, 0, 9.19104], "texture": "#0"},
				"west": {"uv": [3.4361, 6.47167, 0, 9.19104], "texture": "#0"},
				"up": {"uv": [3.4361, 6.47167, 0, 9.19104], "texture": "#0"},
				"down": {"uv": [3.4361, 6.47167, 0, 9.19104], "texture": "#0"}
			}
		},
		{
			"name": "hexadecagon",
			"from": [7.08, 24.1, 7.9],
			"to": [7.16, 24.3, 8.1],
			"rotation": {"angle": 22.5, "axis": "z", "origin": [7.12, 24.3, 8]},
			"faces": {
				"north": {"uv": [3.4361, 6.47167, 0, 9.19104], "texture": "#0"},
				"east": {"uv": [3.4361, 6.47167, 0, 9.19104], "texture": "#0"},
				"south": {"uv": [3.4361, 6.47167, 0, 9.19104], "texture": "#0"},
				"west": {"uv": [3.4361, 6.47167, 0, 9.19104], "texture": "#0"},
				"up": {"uv": [3.4361, 6.47167, 0, 9.19104], "texture": "#0"},
				"down": {"uv": [3.4361, 6.47167, 0, 9.19104], "texture": "#0"}
			}
		},
		{
			"name": "hexadecagon",
			"from": [7.08, 24.1, 7.9],
			"to": [7.16, 24.3, 8.1],
			"rotation": {"angle": 0, "axis": "z", "origin": [7.12, 24.3, 8]},
			"faces": {
				"north": {"uv": [3.4361, 6.47167, 0, 9.19104], "texture": "#0"},
				"east": {"uv": [3.4361, 6.47167, 0, 9.19104], "texture": "#0"},
				"south": {"uv": [3.4361, 6.47167, 0, 9.19104], "texture": "#0"},
				"west": {"uv": [3.4361, 6.47167, 0, 9.19104], "texture": "#0"},
				"up": {"uv": [3.4361, 6.47167, 0, 9.19104], "texture": "#0"},
				"down": {"uv": [3.4361, 6.47167, 0, 9.19104], "texture": "#0"}
			}
		},
		{
			"name": "hexadecagon",
			"from": [7.08, 24.1, 7.9],
			"to": [7.16, 24.3, 8.1],
			"rotation": {"angle": -22.5, "axis": "z", "origin": [7.12, 24.3, 8]},
			"faces": {
				"north": {"uv": [3.4361, 6.47167, 0, 9.19104], "texture": "#0"},
				"east": {"uv": [3.4361, 6.47167, 0, 9.19104], "texture": "#0"},
				"south": {"uv": [3.4361, 6.47167, 0, 9.19104], "texture": "#0"},
				"west": {"uv": [3.4361, 6.47167, 0, 9.19104], "texture": "#0"},
				"up": {"uv": [3.4361, 6.47167, 0, 9.19104], "texture": "#0"},
				"down": {"uv": [3.4361, 6.47167, 0, 9.19104], "texture": "#0"}
			}
		},
		{
			"name": "hexadecagon",
			"from": [7.8, 25.325, 7.9],
			"to": [8, 25.7, 8.1],
			"rotation": {"angle": 45, "axis": "z", "origin": [8, 25.325, 8]},
			"faces": {
				"north": {"uv": [3.4361, 6.47167, 0, 9.19104], "texture": "#0"},
				"east": {"uv": [3.4361, 6.47167, 0, 9.19104], "texture": "#0"},
				"south": {"uv": [3.4361, 6.47167, 0, 9.19104], "texture": "#0"},
				"west": {"uv": [3.4361, 6.47167, 0, 9.19104], "texture": "#0"},
				"up": {"uv": [3.4361, 6.47167, 0, 9.19104], "texture": "#0"},
				"down": {"uv": [3.4361, 6.47167, 0, 9.19104], "texture": "#0"}
			}
		},
		{
			"name": "hexadecagon",
			"from": [7.672, 25.594, 7.9],
			"to": [7.872, 25.994, 8.1],
			"rotation": {"angle": 22.5, "axis": "z", "origin": [8, 25.325, 8]},
			"faces": {
				"north": {"uv": [3.4361, 6.47167, 0, 9.19104], "texture": "#0"},
				"east": {"uv": [3.4361, 6.47167, 0, 9.19104], "texture": "#0"},
				"south": {"uv": [3.4361, 6.47167, 0, 9.19104], "texture": "#0"},
				"west": {"uv": [3.4361, 6.47167, 0, 9.19104], "texture": "#0"},
				"up": {"uv": [3.4361, 6.47167, 0, 9.19104], "texture": "#0"},
				"down": {"uv": [3.4361, 6.47167, 0, 9.19104], "texture": "#0"}
			}
		},
		{
			"name": "hexadecagon",
			"from": [7.441, 25.817, 7.9],
			"to": [7.641, 26.192, 8.1],
			"rotation": {"angle": 0, "axis": "z", "origin": [8, 25.325, 8]},
			"faces": {
				"north": {"uv": [3.4361, 6.47167, 0, 9.19104], "texture": "#0"},
				"east": {"uv": [3.4361, 6.47167, 0, 9.19104], "texture": "#0"},
				"south": {"uv": [3.4361, 6.47167, 0, 9.19104], "texture": "#0"},
				"west": {"uv": [3.4361, 6.47167, 0, 9.19104], "texture": "#0"},
				"up": {"uv": [3.4361, 6.47167, 0, 9.19104], "texture": "#0"},
				"down": {"uv": [3.4361, 6.47167, 0, 9.19104], "texture": "#0"}
			}
		},
		{
			"name": "hexadecagon",
			"from": [7.152, 25.912, 7.9],
			"to": [7.352, 26.891, 8.1],
			"rotation": {"angle": -22.5, "axis": "z", "origin": [8, 25.325, 8]},
			"faces": {
				"north": {"uv": [3.4361, 6.47167, 0, 9.19104], "texture": "#0"},
				"east": {"uv": [3.4361, 6.47167, 0, 9.19104], "texture": "#0"},
				"south": {"uv": [3.4361, 6.47167, 0, 9.19104], "texture": "#0"},
				"west": {"uv": [3.4361, 6.47167, 0, 9.19104], "texture": "#0"},
				"up": {"uv": [3.4361, 6.47167, 0, 9.19104], "texture": "#0"},
				"down": {"uv": [3.4361, 6.47167, 0, 9.19104], "texture": "#0"}
			}
		},
		{
			"name": "hexadecagon",
			"from": [7.815, 27.02, 7.9],
			"to": [8, 28.342, 8.1],
			"rotation": {"angle": 0, "axis": "z", "origin": [8, 24.375, 8]},
			"faces": {
				"north": {"uv": [3.4361, 6.47167, 0, 9.19104], "texture": "#0"},
				"east": {"uv": [3.4361, 6.47167, 0, 9.19104], "texture": "#0"},
				"south": {"uv": [3.4361, 6.47167, 0, 9.19104], "texture": "#0"},
				"west": {"uv": [3.4361, 6.47167, 0, 9.19104], "texture": "#0"},
				"up": {"uv": [3.4361, 6.47167, 0, 9.19104], "texture": "#0"},
				"down": {"uv": [3.4361, 6.47167, 0, 9.19104], "texture": "#0"}
			}
		},
		{
			"name": "hexadecagon",
			"from": [7.87, 22.35, 7.9],
			"to": [8.15, 22.761, 8.1],
			"rotation": {"angle": -22.5, "axis": "z", "origin": [8, 22.425, 8]},
			"faces": {
				"north": {"uv": [3.4361, 6.47167, 0, 9.19104], "texture": "#0"},
				"east": {"uv": [3.4361, 6.47167, 0, 9.19104], "texture": "#0"},
				"south": {"uv": [3.4361, 6.47167, 0, 9.19104], "texture": "#0"},
				"west": {"uv": [3.4361, 6.47167, 0, 9.19104], "texture": "#0"},
				"up": {"uv": [3.4361, 6.47167, 0, 9.19104], "texture": "#0"},
				"down": {"uv": [3.4361, 6.47167, 0, 9.19104], "texture": "#0"}
			}
		},
		{
			"name": "hexadecagon",
			"from": [7.975, 22.625, 7.9],
			"to": [8.25, 23.06, 8.1],
			"rotation": {"angle": -45, "axis": "z", "origin": [8.1, 22.7, 8]},
			"faces": {
				"north": {"uv": [3.4361, 6.47167, 0, 9.19104], "texture": "#0"},
				"east": {"uv": [3.4361, 6.47167, 0, 9.19104], "texture": "#0"},
				"south": {"uv": [3.4361, 6.47167, 0, 9.19104], "texture": "#0"},
				"west": {"uv": [3.4361, 6.47167, 0, 9.19104], "texture": "#0"},
				"up": {"uv": [3.4361, 6.47167, 0, 9.19104], "texture": "#0"},
				"down": {"uv": [3.4361, 6.47167, 0, 9.19104], "texture": "#0"}
			}
		},
		{
			"name": "hexadecagon",
			"from": [8.225, 22.9, 7.9],
			"to": [8.5, 23.335, 8.1],
			"rotation": {"angle": -22.5, "axis": "z", "origin": [8.35, 22.975, 8]},
			"faces": {
				"north": {"uv": [3.4361, 6.47167, 0, 9.19104], "texture": "#0"},
				"east": {"uv": [3.4361, 6.47167, 0, 9.19104], "texture": "#0"},
				"south": {"uv": [3.4361, 6.47167, 0, 9.19104], "texture": "#0"},
				"west": {"uv": [3.4361, 6.47167, 0, 9.19104], "texture": "#0"},
				"up": {"uv": [3.4361, 6.47167, 0, 9.19104], "texture": "#0"},
				"down": {"uv": [3.4361, 6.47167, 0, 9.19104], "texture": "#0"}
			}
		},
		{
			"name": "hexadecagon",
			"from": [8.435, 22.85, 7.9],
			"to": [8.635, 23.05, 8.1],
			"rotation": {"angle": 22.5, "axis": "z", "origin": [8.35, 22.975, 8]},
			"faces": {
				"north": {"uv": [3.4361, 6.47167, 0, 9.19104], "texture": "#0"},
				"east": {"uv": [3.4361, 6.47167, 0, 9.19104], "texture": "#0"},
				"south": {"uv": [3.4361, 6.47167, 0, 9.19104], "texture": "#0"},
				"west": {"uv": [3.4361, 6.47167, 0, 9.19104], "texture": "#0"},
				"up": {"uv": [3.4361, 6.47167, 0, 9.19104], "texture": "#0"},
				"down": {"uv": [3.4361, 6.47167, 0, 9.19104], "texture": "#0"}
			}
		},
		{
			"name": "hexadecagon",
			"from": [8.26, 23.025, 7.9],
			"to": [8.46, 23.225, 8.1],
			"rotation": {"angle": 22.5, "axis": "z", "origin": [8.35, 22.975, 8]},
			"faces": {
				"north": {"uv": [3.4361, 6.47167, 0, 9.19104], "texture": "#0"},
				"east": {"uv": [3.4361, 6.47167, 0, 9.19104], "texture": "#0"},
				"south": {"uv": [3.4361, 6.47167, 0, 9.19104], "texture": "#0"},
				"west": {"uv": [3.4361, 6.47167, 0, 9.19104], "texture": "#0"},
				"up": {"uv": [3.4361, 6.47167, 0, 9.19104], "texture": "#0"},
				"down": {"uv": [3.4361, 6.47167, 0, 9.19104], "texture": "#0"}
			}
		},
		{
			"name": "hexadecagon",
			"from": [8.35, 23.25, 7.9],
			"to": [8.625, 23.675, 8.1],
			"rotation": {"angle": 0, "axis": "z", "origin": [8.475, 23.325, 8]},
			"faces": {
				"north": {"uv": [3.4361, 6.47167, 0, 9.19104], "texture": "#0"},
				"east": {"uv": [3.4361, 6.47167, 0, 9.19104], "texture": "#0"},
				"south": {"uv": [3.4361, 6.47167, 0, 9.19104], "texture": "#0"},
				"west": {"uv": [3.4361, 6.47167, 0, 9.19104], "texture": "#0"},
				"up": {"uv": [3.4361, 6.47167, 0, 9.19104], "texture": "#0"},
				"down": {"uv": [3.4361, 6.47167, 0, 9.19104], "texture": "#0"}
			}
		},
		{
			"name": "hexadecagon",
			"from": [8, 24.375, 7.9],
			"to": [8.275, 24.675, 8.1],
			"rotation": {"angle": -22.5, "axis": "z", "origin": [8, 24.375, 8]},
			"faces": {
				"north": {"uv": [3.4361, 6.47167, 0, 9.19104], "texture": "#0"},
				"east": {"uv": [3.4361, 6.47167, 0, 9.19104], "texture": "#0"},
				"south": {"uv": [3.4361, 6.47167, 0, 9.19104], "texture": "#0"},
				"west": {"uv": [3.4361, 6.47167, 0, 9.19104], "texture": "#0"},
				"up": {"uv": [3.4361, 6.47167, 0, 9.19104], "texture": "#0"},
				"down": {"uv": [3.4361, 6.47167, 0, 9.19104], "texture": "#0"}
			}
		},
		{
			"name": "hexadecagon",
			"from": [8.115, 24.652, 7.9],
			"to": [8.39, 24.952, 8.1],
			"rotation": {"angle": -45, "axis": "z", "origin": [8.115, 24.652, 8]},
			"faces": {
				"north": {"uv": [3.4361, 6.47167, 0, 9.19104], "texture": "#0"},
				"east": {"uv": [3.4361, 6.47167, 0, 9.19104], "texture": "#0"},
				"south": {"uv": [3.4361, 6.47167, 0, 9.19104], "texture": "#0"},
				"west": {"uv": [3.4361, 6.47167, 0, 9.19104], "texture": "#0"},
				"up": {"uv": [3.4361, 6.47167, 0, 9.19104], "texture": "#0"},
				"down": {"uv": [3.4361, 6.47167, 0, 9.19104], "texture": "#0"}
			}
		},
		{
			"name": "hexadecagon",
			"from": [8.24, 24.902, 7.9],
			"to": [8.44, 25.052, 8.1],
			"rotation": {"angle": -45, "axis": "z", "origin": [8.14, 25.052, 8]},
			"faces": {
				"north": {"uv": [3.4361, 6.47167, 0, 9.19104], "texture": "#0"},
				"east": {"uv": [3.4361, 6.47167, 0, 9.19104], "texture": "#0"},
				"south": {"uv": [3.4361, 6.47167, 0, 9.19104], "texture": "#0"},
				"west": {"uv": [3.4361, 6.47167, 0, 9.19104], "texture": "#0"},
				"up": {"uv": [3.4361, 6.47167, 0, 9.19104], "texture": "#0"},
				"down": {"uv": [3.4361, 6.47167, 0, 9.19104], "texture": "#0"}
			}
		},
		{
			"name": "hexadecagon",
			"from": [8.09, 24.827, 7.9],
			"to": [8.24, 25.102, 8.1],
			"rotation": {"angle": 22.5, "axis": "z", "origin": [8.14, 25.035, 8]},
			"faces": {
				"north": {"uv": [3.4361, 6.47167, 0, 9.19104], "texture": "#0"},
				"east": {"uv": [3.4361, 6.47167, 0, 9.19104], "texture": "#0"},
				"south": {"uv": [3.4361, 6.47167, 0, 9.19104], "texture": "#0"},
				"west": {"uv": [3.4361, 6.47167, 0, 9.19104], "texture": "#0"},
				"up": {"uv": [3.4361, 6.47167, 0, 9.19104], "texture": "#0"},
				"down": {"uv": [3.4361, 6.47167, 0, 9.19104], "texture": "#0"}
			}
		},
		{
			"name": "hexadecagon",
			"from": [8.045, 24.902, 7.9],
			"to": [8.24, 25.177, 8.1],
			"rotation": {"angle": 22.5, "axis": "z", "origin": [8.14, 25.035, 8]},
			"faces": {
				"north": {"uv": [3.4361, 6.47167, 0, 9.19104], "texture": "#0"},
				"east": {"uv": [3.4361, 6.47167, 0, 9.19104], "texture": "#0"},
				"south": {"uv": [3.4361, 6.47167, 0, 9.19104], "texture": "#0"},
				"west": {"uv": [3.4361, 6.47167, 0, 9.19104], "texture": "#0"},
				"up": {"uv": [3.4361, 6.47167, 0, 9.19104], "texture": "#0"},
				"down": {"uv": [3.4361, 6.47167, 0, 9.19104], "texture": "#0"}
			}
		},
		{
			"name": "hexadecagon",
			"from": [8, 25.125, 7.9],
			"to": [8.2, 25.325, 8.1],
			"rotation": {"angle": 0, "axis": "z", "origin": [8, 24.375, 8]},
			"faces": {
				"north": {"uv": [3.4361, 6.47167, 0, 9.19104], "texture": "#0"},
				"east": {"uv": [3.4361, 6.47167, 0, 9.19104], "texture": "#0"},
				"south": {"uv": [3.4361, 6.47167, 0, 9.19104], "texture": "#0"},
				"west": {"uv": [3.4361, 6.47167, 0, 9.19104], "texture": "#0"},
				"up": {"uv": [3.4361, 6.47167, 0, 9.19104], "texture": "#0"},
				"down": {"uv": [3.4361, 6.47167, 0, 9.19104], "texture": "#0"}
			}
		},
		{
			"name": "hexadecagon",
			"from": [8.25, 24.075, 7.9],
			"to": [8, 24.375, 8.1],
			"rotation": {"angle": 0, "axis": "z", "origin": [8, 24.375, 8]},
			"faces": {
				"north": {"uv": [3.4361, 6.47167, 0, 9.19104], "texture": "#0"},
				"east": {"uv": [3.4361, 6.47167, 0, 9.19104], "texture": "#0"},
				"south": {"uv": [3.4361, 6.47167, 0, 9.19104], "texture": "#0"},
				"west": {"uv": [3.4361, 6.47167, 0, 9.19104], "texture": "#0"},
				"up": {"uv": [3.4361, 6.47167, 0, 9.19104], "texture": "#0"},
				"down": {"uv": [3.4361, 6.47167, 0, 9.19104], "texture": "#0"}
			}
		},
		{
			"name": "hexadecagon",
			"from": [8.25, 23.775, 7.9],
			"to": [8, 24.075, 8.1],
			"rotation": {"angle": 22.5, "axis": "z", "origin": [8, 24.075, 8]},
			"faces": {
				"north": {"uv": [3.4361, 6.47167, 0, 9.19104], "texture": "#0"},
				"east": {"uv": [3.4361, 6.47167, 0, 9.19104], "texture": "#0"},
				"south": {"uv": [3.4361, 6.47167, 0, 9.19104], "texture": "#0"},
				"west": {"uv": [3.4361, 6.47167, 0, 9.19104], "texture": "#0"},
				"up": {"uv": [3.4361, 6.47167, 0, 9.19104], "texture": "#0"},
				"down": {"uv": [3.4361, 6.47167, 0, 9.19104], "texture": "#0"}
			}
		},
		{
			"name": "hexadecagon",
			"from": [8.365, 23.5, 7.9],
			"to": [8.115, 23.8, 8.1],
			"rotation": {"angle": 45, "axis": "z", "origin": [8.115, 23.8, 8]},
			"faces": {
				"north": {"uv": [3.4361, 6.47167, 0, 9.19104], "texture": "#0"},
				"east": {"uv": [3.4361, 6.47167, 0, 9.19104], "texture": "#0"},
				"south": {"uv": [3.4361, 6.47167, 0, 9.19104], "texture": "#0"},
				"west": {"uv": [3.4361, 6.47167, 0, 9.19104], "texture": "#0"},
				"up": {"uv": [3.4361, 6.47167, 0, 9.19104], "texture": "#0"},
				"down": {"uv": [3.4361, 6.47167, 0, 9.19104], "texture": "#0"}
			}
		},
		{
			"name": "hexadecagon",
			"from": [8.315, 23.85, 7.9],
			"to": [8.615, 23.6, 8.1],
			"rotation": {"angle": -22.5, "axis": "z", "origin": [8.315, 23.6, 8]},
			"faces": {
				"north": {"uv": [3.4361, 6.47167, 0, 9.19104], "texture": "#0"},
				"east": {"uv": [3.4361, 6.47167, 0, 9.19104], "texture": "#0"},
				"south": {"uv": [3.4361, 6.47167, 0, 9.19104], "texture": "#0"},
				"west": {"uv": [3.4361, 6.47167, 0, 9.19104], "texture": "#0"},
				"up": {"uv": [3.4361, 6.47167, 0, 9.19104], "texture": "#0"},
				"down": {"uv": [3.4361, 6.47167, 0, 9.19104], "texture": "#0"}
			}
		},
		{
			"name": "hexadecagon",
			"from": [8.565, 23.75, 7.9],
			"to": [8.74, 23.5, 8.1],
			"rotation": {"angle": 0, "axis": "z", "origin": [8.565, 23.5, 8]},
			"faces": {
				"north": {"uv": [3.4361, 6.47167, 0, 9.19104], "texture": "#0"},
				"east": {"uv": [3.4361, 6.47167, 0, 9.19104], "texture": "#0"},
				"south": {"uv": [3.4361, 6.47167, 0, 9.19104], "texture": "#0"},
				"west": {"uv": [3.4361, 6.47167, 0, 9.19104], "texture": "#0"},
				"up": {"uv": [3.4361, 6.47167, 0, 9.19104], "texture": "#0"},
				"down": {"uv": [3.4361, 6.47167, 0, 9.19104], "texture": "#0"}
			}
		},
		{
			"name": "hexadecagon",
			"from": [8.74, 23.75, 7.9],
			"to": [8.99, 23.5, 8.1],
			"rotation": {"angle": 22.5, "axis": "z", "origin": [8.74, 23.5, 8]},
			"faces": {
				"north": {"uv": [3.4361, 6.47167, 0, 9.19104], "texture": "#0"},
				"east": {"uv": [3.4361, 6.47167, 0, 9.19104], "texture": "#0"},
				"south": {"uv": [3.4361, 6.47167, 0, 9.19104], "texture": "#0"},
				"west": {"uv": [3.4361, 6.47167, 0, 9.19104], "texture": "#0"},
				"up": {"uv": [3.4361, 6.47167, 0, 9.19104], "texture": "#0"},
				"down": {"uv": [3.4361, 6.47167, 0, 9.19104], "texture": "#0"}
			}
		},
		{
			"name": "hexadecagon",
			"from": [8.965, 23.85, 7.9],
			"to": [9.215, 23.6, 8.1],
			"rotation": {"angle": 45, "axis": "z", "origin": [8.965, 23.6, 8]},
			"faces": {
				"north": {"uv": [3.4361, 6.47167, 0, 9.19104], "texture": "#0"},
				"east": {"uv": [3.4361, 6.47167, 0, 9.19104], "texture": "#0"},
				"south": {"uv": [3.4361, 6.47167, 0, 9.19104], "texture": "#0"},
				"west": {"uv": [3.4361, 6.47167, 0, 9.19104], "texture": "#0"},
				"up": {"uv": [3.4361, 6.47167, 0, 9.19104], "texture": "#0"},
				"down": {"uv": [3.4361, 6.47167, 0, 9.19104], "texture": "#0"}
			}
		},
		{
			"name": "hexadecagon",
			"from": [9.14, 23.775, 7.9],
			"to": [8.89, 24, 8.1],
			"rotation": {"angle": -22.5, "axis": "z", "origin": [9.14, 23.775, 8]},
			"faces": {
				"north": {"uv": [3.4361, 6.47167, 0, 9.19104], "texture": "#0"},
				"east": {"uv": [3.4361, 6.47167, 0, 9.19104], "texture": "#0"},
				"south": {"uv": [3.4361, 6.47167, 0, 9.19104], "texture": "#0"},
				"west": {"uv": [3.4361, 6.47167, 0, 9.19104], "texture": "#0"},
				"up": {"uv": [3.4361, 6.47167, 0, 9.19104], "texture": "#0"},
				"down": {"uv": [3.4361, 6.47167, 0, 9.19104], "texture": "#0"}
			}
		},
		{
			"name": "hexadecagon",
			"from": [9.225, 23.98, 7.9],
			"to": [8.975, 24.13, 8.1],
			"rotation": {"angle": 0, "axis": "z", "origin": [9.225, 23.905, 8]},
			"faces": {
				"north": {"uv": [3.4361, 6.47167, 0, 9.19104], "texture": "#0"},
				"east": {"uv": [3.4361, 6.47167, 0, 9.19104], "texture": "#0"},
				"south": {"uv": [3.4361, 6.47167, 0, 9.19104], "texture": "#0"},
				"west": {"uv": [3.4361, 6.47167, 0, 9.19104], "texture": "#0"},
				"up": {"uv": [3.4361, 6.47167, 0, 9.19104], "texture": "#0"},
				"down": {"uv": [3.4361, 6.47167, 0, 9.19104], "texture": "#0"}
			}
		},
		{
			"name": "hexadecagon",
			"from": [8.995, 24.13, 7.9],
			"to": [9.225, 24.32, 8.1],
			"rotation": {"angle": 22.5, "axis": "z", "origin": [9.225, 24.13, 8]},
			"faces": {
				"north": {"uv": [3.4361, 6.47167, 0, 9.19104], "texture": "#0"},
				"east": {"uv": [3.4361, 6.47167, 0, 9.19104], "texture": "#0"},
				"south": {"uv": [3.4361, 6.47167, 0, 9.19104], "texture": "#0"},
				"west": {"uv": [3.4361, 6.47167, 0, 9.19104], "texture": "#0"},
				"up": {"uv": [3.4361, 6.47167, 0, 9.19104], "texture": "#0"},
				"down": {"uv": [3.4361, 6.47167, 0, 9.19104], "texture": "#0"}
			}
		},
		{
			"name": "hexadecagon",
			"from": [8.93, 24.305, 7.9],
			"to": [9.15, 24.53, 8.1],
			"rotation": {"angle": 45, "axis": "z", "origin": [9.15, 24.305, 8]},
			"faces": {
				"north": {"uv": [3.4361, 6.47167, 0, 9.19104], "texture": "#0"},
				"east": {"uv": [3.4361, 6.47167, 0, 9.19104], "texture": "#0"},
				"south": {"uv": [3.4361, 6.47167, 0, 9.19104], "texture": "#0"},
				"west": {"uv": [3.4361, 6.47167, 0, 9.19104], "texture": "#0"},
				"up": {"uv": [3.4361, 6.47167, 0, 9.19104], "texture": "#0"},
				"down": {"uv": [3.4361, 6.47167, 0, 9.19104], "texture": "#0"}
			}
		},
		{
			"name": "hexadecagon",
			"from": [8.84, 24.3, 7.9],
			"to": [8.92, 24.5, 8.1],
			"rotation": {"angle": -22.5, "axis": "z", "origin": [8.88, 24.3, 8]},
			"faces": {
				"north": {"uv": [3.4361, 6.47167, 0, 9.19104], "texture": "#0"},
				"east": {"uv": [3.4361, 6.47167, 0, 9.19104], "texture": "#0"},
				"south": {"uv": [3.4361, 6.47167, 0, 9.19104], "texture": "#0"},
				"west": {"uv": [3.4361, 6.47167, 0, 9.19104], "texture": "#0"},
				"up": {"uv": [3.4361, 6.47167, 0, 9.19104], "texture": "#0"},
				"down": {"uv": [3.4361, 6.47167, 0, 9.19104], "texture": "#0"}
			}
		},
		{
			"name": "hexadecagon",
			"from": [8.84, 24.3, 7.9],
			"to": [8.92, 24.5, 8.1],
			"rotation": {"angle": 0, "axis": "z", "origin": [8.88, 24.3, 8]},
			"faces": {
				"north": {"uv": [3.4361, 6.47167, 0, 9.19104], "texture": "#0"},
				"east": {"uv": [3.4361, 6.47167, 0, 9.19104], "texture": "#0"},
				"south": {"uv": [3.4361, 6.47167, 0, 9.19104], "texture": "#0"},
				"west": {"uv": [3.4361, 6.47167, 0, 9.19104], "texture": "#0"},
				"up": {"uv": [3.4361, 6.47167, 0, 9.19104], "texture": "#0"},
				"down": {"uv": [3.4361, 6.47167, 0, 9.19104], "texture": "#0"}
			}
		},
		{
			"name": "hexadecagon",
			"from": [8.84, 24.3, 7.9],
			"to": [8.92, 24.5, 8.1],
			"rotation": {"angle": 22.5, "axis": "z", "origin": [8.88, 24.3, 8]},
			"faces": {
				"north": {"uv": [3.4361, 6.47167, 0, 9.19104], "texture": "#0"},
				"east": {"uv": [3.4361, 6.47167, 0, 9.19104], "texture": "#0"},
				"south": {"uv": [3.4361, 6.47167, 0, 9.19104], "texture": "#0"},
				"west": {"uv": [3.4361, 6.47167, 0, 9.19104], "texture": "#0"},
				"up": {"uv": [3.4361, 6.47167, 0, 9.19104], "texture": "#0"},
				"down": {"uv": [3.4361, 6.47167, 0, 9.19104], "texture": "#0"}
			}
		},
		{
			"name": "hexadecagon",
			"from": [8.84, 24.3, 7.9],
			"to": [8.92, 24.5, 8.1],
			"rotation": {"angle": 45, "axis": "z", "origin": [8.88, 24.3, 8]},
			"faces": {
				"north": {"uv": [3.4361, 6.47167, 0, 9.19104], "texture": "#0"},
				"east": {"uv": [3.4361, 6.47167, 0, 9.19104], "texture": "#0"},
				"south": {"uv": [3.4361, 6.47167, 0, 9.19104], "texture": "#0"},
				"west": {"uv": [3.4361, 6.47167, 0, 9.19104], "texture": "#0"},
				"up": {"uv": [3.4361, 6.47167, 0, 9.19104], "texture": "#0"},
				"down": {"uv": [3.4361, 6.47167, 0, 9.19104], "texture": "#0"}
			}
		},
		{
			"name": "hexadecagon",
			"from": [8.68, 24.26, 7.9],
			"to": [8.88, 24.34, 8.1],
			"rotation": {"angle": -22.5, "axis": "z", "origin": [8.88, 24.3, 8]},
			"faces": {
				"north": {"uv": [3.4361, 6.47167, 0, 9.19104], "texture": "#0"},
				"east": {"uv": [3.4361, 6.47167, 0, 9.19104], "texture": "#0"},
				"south": {"uv": [3.4361, 6.47167, 0, 9.19104], "texture": "#0"},
				"west": {"uv": [3.4361, 6.47167, 0, 9.19104], "texture": "#0"},
				"up": {"uv": [3.4361, 6.47167, 0, 9.19104], "texture": "#0"},
				"down": {"uv": [3.4361, 6.47167, 0, 9.19104], "texture": "#0"}
			}
		},
		{
			"name": "hexadecagon",
			"from": [8.68, 24.26, 7.9],
			"to": [8.88, 24.34, 8.1],
			"rotation": {"angle": 0, "axis": "z", "origin": [8.88, 24.3, 8]},
			"faces": {
				"north": {"uv": [3.4361, 6.47167, 0, 9.19104], "texture": "#0"},
				"east": {"uv": [3.4361, 6.47167, 0, 9.19104], "texture": "#0"},
				"south": {"uv": [3.4361, 6.47167, 0, 9.19104], "texture": "#0"},
				"west": {"uv": [3.4361, 6.47167, 0, 9.19104], "texture": "#0"},
				"up": {"uv": [3.4361, 6.47167, 0, 9.19104], "texture": "#0"},
				"down": {"uv": [3.4361, 6.47167, 0, 9.19104], "texture": "#0"}
			}
		},
		{
			"name": "hexadecagon",
			"from": [8.68, 24.26, 7.9],
			"to": [8.88, 24.34, 8.1],
			"rotation": {"angle": 22.5, "axis": "z", "origin": [8.88, 24.3, 8]},
			"faces": {
				"north": {"uv": [3.4361, 6.47167, 0, 9.19104], "texture": "#0"},
				"east": {"uv": [3.4361, 6.47167, 0, 9.19104], "texture": "#0"},
				"south": {"uv": [3.4361, 6.47167, 0, 9.19104], "texture": "#0"},
				"west": {"uv": [3.4361, 6.47167, 0, 9.19104], "texture": "#0"},
				"up": {"uv": [3.4361, 6.47167, 0, 9.19104], "texture": "#0"},
				"down": {"uv": [3.4361, 6.47167, 0, 9.19104], "texture": "#0"}
			}
		},
		{
			"name": "hexadecagon",
			"from": [8.68, 24.26, 7.9],
			"to": [8.88, 24.34, 8.1],
			"rotation": {"angle": 45, "axis": "z", "origin": [8.88, 24.3, 8]},
			"faces": {
				"north": {"uv": [3.4361, 6.47167, 0, 9.19104], "texture": "#0"},
				"east": {"uv": [3.4361, 6.47167, 0, 9.19104], "texture": "#0"},
				"south": {"uv": [3.4361, 6.47167, 0, 9.19104], "texture": "#0"},
				"west": {"uv": [3.4361, 6.47167, 0, 9.19104], "texture": "#0"},
				"up": {"uv": [3.4361, 6.47167, 0, 9.19104], "texture": "#0"},
				"down": {"uv": [3.4361, 6.47167, 0, 9.19104], "texture": "#0"}
			}
		},
		{
			"name": "hexadecagon",
			"from": [8.84, 24.1, 7.9],
			"to": [8.92, 24.3, 8.1],
			"rotation": {"angle": -22.5, "axis": "z", "origin": [8.88, 24.3, 8]},
			"faces": {
				"north": {"uv": [3.4361, 6.47167, 0, 9.19104], "texture": "#0"},
				"east": {"uv": [3.4361, 6.47167, 0, 9.19104], "texture": "#0"},
				"south": {"uv": [3.4361, 6.47167, 0, 9.19104], "texture": "#0"},
				"west": {"uv": [3.4361, 6.47167, 0, 9.19104], "texture": "#0"},
				"up": {"uv": [3.4361, 6.47167, 0, 9.19104], "texture": "#0"},
				"down": {"uv": [3.4361, 6.47167, 0, 9.19104], "texture": "#0"}
			}
		},
		{
			"name": "hexadecagon",
			"from": [8.84, 24.1, 7.9],
			"to": [8.92, 24.3, 8.1],
			"rotation": {"angle": 0, "axis": "z", "origin": [8.88, 24.3, 8]},
			"faces": {
				"north": {"uv": [3.4361, 6.47167, 0, 9.19104], "texture": "#0"},
				"east": {"uv": [3.4361, 6.47167, 0, 9.19104], "texture": "#0"},
				"south": {"uv": [3.4361, 6.47167, 0, 9.19104], "texture": "#0"},
				"west": {"uv": [3.4361, 6.47167, 0, 9.19104], "texture": "#0"},
				"up": {"uv": [3.4361, 6.47167, 0, 9.19104], "texture": "#0"},
				"down": {"uv": [3.4361, 6.47167, 0, 9.19104], "texture": "#0"}
			}
		},
		{
			"name": "hexadecagon",
			"from": [8.84, 24.1, 7.9],
			"to": [8.92, 24.3, 8.1],
			"rotation": {"angle": 22.5, "axis": "z", "origin": [8.88, 24.3, 8]},
			"faces": {
				"north": {"uv": [3.4361, 6.47167, 0, 9.19104], "texture": "#0"},
				"east": {"uv": [3.4361, 6.47167, 0, 9.19104], "texture": "#0"},
				"south": {"uv": [3.4361, 6.47167, 0, 9.19104], "texture": "#0"},
				"west": {"uv": [3.4361, 6.47167, 0, 9.19104], "texture": "#0"},
				"up": {"uv": [3.4361, 6.47167, 0, 9.19104], "texture": "#0"},
				"down": {"uv": [3.4361, 6.47167, 0, 9.19104], "texture": "#0"}
			}
		},
		{
			"name": "hexadecagon",
			"from": [8, 25.325, 7.9],
			"to": [8.2, 25.7, 8.1],
			"rotation": {"angle": -45, "axis": "z", "origin": [8, 25.325, 8]},
			"faces": {
				"north": {"uv": [3.4361, 6.47167, 0, 9.19104], "texture": "#0"},
				"east": {"uv": [3.4361, 6.47167, 0, 9.19104], "texture": "#0"},
				"south": {"uv": [3.4361, 6.47167, 0, 9.19104], "texture": "#0"},
				"west": {"uv": [3.4361, 6.47167, 0, 9.19104], "texture": "#0"},
				"up": {"uv": [3.4361, 6.47167, 0, 9.19104], "texture": "#0"},
				"down": {"uv": [3.4361, 6.47167, 0, 9.19104], "texture": "#0"}
			}
		},
		{
			"name": "hexadecagon",
			"from": [8.128, 25.594, 7.9],
			"to": [8.328, 25.994, 8.1],
			"rotation": {"angle": -22.5, "axis": "z", "origin": [8, 25.325, 8]},
			"faces": {
				"north": {"uv": [3.4361, 6.47167, 0, 9.19104], "texture": "#0"},
				"east": {"uv": [3.4361, 6.47167, 0, 9.19104], "texture": "#0"},
				"south": {"uv": [3.4361, 6.47167, 0, 9.19104], "texture": "#0"},
				"west": {"uv": [3.4361, 6.47167, 0, 9.19104], "texture": "#0"},
				"up": {"uv": [3.4361, 6.47167, 0, 9.19104], "texture": "#0"},
				"down": {"uv": [3.4361, 6.47167, 0, 9.19104], "texture": "#0"}
			}
		},
		{
			"name": "hexadecagon",
			"from": [8.359, 25.817, 7.9],
			"to": [8.559, 26.192, 8.1],
			"rotation": {"angle": 0, "axis": "z", "origin": [8, 25.325, 8]},
			"faces": {
				"north": {"uv": [3.4361, 6.47167, 0, 9.19104], "texture": "#0"},
				"east": {"uv": [3.4361, 6.47167, 0, 9.19104], "texture": "#0"},
				"south": {"uv": [3.4361, 6.47167, 0, 9.19104], "texture": "#0"},
				"west": {"uv": [3.4361, 6.47167, 0, 9.19104], "texture": "#0"},
				"up": {"uv": [3.4361, 6.47167, 0, 9.19104], "texture": "#0"},
				"down": {"uv": [3.4361, 6.47167, 0, 9.19104], "texture": "#0"}
			}
		},
		{
			"name": "hexadecagon",
			"from": [8.648, 25.912, 7.9],
			"to": [8.848, 26.891, 8.1],
			"rotation": {"angle": 22.5, "axis": "z", "origin": [8, 25.325, 8]},
			"faces": {
				"north": {"uv": [3.4361, 6.47167, 0, 9.19104], "texture": "#0"},
				"east": {"uv": [3.4361, 6.47167, 0, 9.19104], "texture": "#0"},
				"south": {"uv": [3.4361, 6.47167, 0, 9.19104], "texture": "#0"},
				"west": {"uv": [3.4361, 6.47167, 0, 9.19104], "texture": "#0"},
				"up": {"uv": [3.4361, 6.47167, 0, 9.19104], "texture": "#0"},
				"down": {"uv": [3.4361, 6.47167, 0, 9.19104], "texture": "#0"}
			}
		},
		{
			"name": "hexadecagon",
			"from": [8, 27.02, 7.9],
			"to": [8.185, 28.342, 8.1],
			"rotation": {"angle": 0, "axis": "z", "origin": [8, 24.375, 8]},
			"faces": {
				"north": {"uv": [3.4361, 6.47167, 0, 9.19104], "texture": "#0"},
				"east": {"uv": [3.4361, 6.47167, 0, 9.19104], "texture": "#0"},
				"south": {"uv": [3.4361, 6.47167, 0, 9.19104], "texture": "#0"},
				"west": {"uv": [3.4361, 6.47167, 0, 9.19104], "texture": "#0"},
				"up": {"uv": [3.4361, 6.47167, 0, 9.19104], "texture": "#0"},
				"down": {"uv": [3.4361, 6.47167, 0, 9.19104], "texture": "#0"}
			}
		},
		{
			"name": "hexadecagon",
			"from": [7.84, 28.2, 7.9],
			"to": [8.1, 28.46, 8.1],
			"rotation": {"angle": -45, "axis": "z", "origin": [8, 28.3, 8]},
			"faces": {
				"north": {"uv": [3.4361, 6.47167, 0, 9.19104], "texture": "#0"},
				"east": {"uv": [3.4361, 6.47167, 0, 9.19104], "texture": "#0"},
				"south": {"uv": [3.4361, 6.47167, 0, 9.19104], "texture": "#0"},
				"west": {"uv": [3.4361, 6.47167, 0, 9.19104], "texture": "#0"},
				"up": {"uv": [3.4361, 6.47167, 0, 9.19104], "texture": "#0"},
				"down": {"uv": [3.4361, 6.47167, 0, 9.19104], "texture": "#0"}
			}
		}
	],
	"display": {
		"thirdperson_righthand": {
			"rotation": [0, 90, 0],
			"translation": [0, -4.5, 1.25]
		},
		"thirdperson_lefthand": {
			"rotation": [0, 90, 0],
			"translation": [0, 0, 1.5]
		},
		"firstperson_righthand": {
			"rotation": [0, 90, 0],
			"translation": [2.75, -11, 0],
			"scale": [1, 1.6, 1]
		},
		"firstperson_lefthand": {
			"rotation": [0, 90, 0],
			"translation": [2.25, -11, 0],
			"scale": [1, 1.6, 1]
		},
		"ground": {
			"rotation": [0, 0, -45],
			"translation": [0, 12, 0]
		},
		"gui": {
			"rotation": [0, 0, -45],
			"scale": [0.48, 0.48, 0.48]
		}
	},
	"groups": [
		{
			"name": "Bottom blade",
			"origin": [8, 8, 8],
			"color": 0,
			"children": [
				{
					"name": "gold",
					"origin": [8, 8, 8],
					"color": 0,
					"children": [0, 1, 2, 3, 4, 5, 6]
				},
				7,
				8,
				9,
				10,
				{
					"name": "Gem Rim",
					"origin": [8, -6.45, 8],
					"color": 0,
					"children": [
						11,
						{
							"name": "Gem",
							"origin": [8, -7.425, 8],
							"color": 0,
							"children": [12]
						},
						13,
						14,
						15,
						16,
						17,
						18,
						19,
						20,
						21,
						22,
						23,
						24,
						25,
						26,
						27
					]
				},
				28,
				29,
				30,
				31,
				32,
				33,
				34
			]
		},
		{
			"name": "Handle",
			"origin": [8, 8, 8],
			"color": 9,
			"children": [
				35,
				36,
				37,
				38,
				39,
				40,
				41,
				42,
				{
					"name": "Top",
					"origin": [8, 8, 8],
					"color": 0,
					"children": [43, 44, 45]
				},
				{
					"name": "bottom",
					"origin": [8, 8, 8],
					"color": 0,
					"children": [46, 47, 48]
				}
			]
		},
		{
			"name": "Top Blade",
			"origin": [8, 8, 8],
			"color": 0,
			"children": [
				{
					"name": "gold",
					"origin": [8, 8, 8],
					"color": 0,
					"children": [49, 50, 51, 52, 53, 54, 55, 56, 57, 58, 59, 60, 61, 62]
				},
				63,
				64,
				{
					"name": "right",
					"origin": [8, 22.3, 8],
					"color": 0,
					"children": [
						65,
						66,
						67,
						68,
						69,
						70,
						{
							"name": "group",
							"origin": [7.525, 23.325, 8],
							"color": 0,
							"children": [
								71,
								72,
								73,
								74,
								75,
								76,
								77,
								78,
								79,
								80,
								81,
								82,
								83,
								84,
								85,
								86,
								87,
								{
									"name": "Loop",
									"origin": [6.85, 24.305, 8],
									"color": 0,
									"children": [88, 89, 90, 91, 92, 93, 94, 95, 96, 97, 98]
								},
								{
									"name": "Point",
									"origin": [8, 24.375, 8],
									"color": 0,
									"children": [99, 100, 101, 102, 103]
								}
							]
						}
					]
				},
				{
					"name": "right",
					"origin": [8, 22.3, 8],
					"color": 0,
					"children": [
						104,
						105,
						106,
						107,
						108,
						109,
						{
							"name": "group",
							"origin": [7.525, 23.325, 8],
							"color": 0,
							"children": [
								110,
								111,
								112,
								113,
								114,
								115,
								116,
								117,
								118,
								119,
								120,
								121,
								122,
								123,
								124,
								125,
								126,
								{
									"name": "Loop",
									"origin": [6.85, 24.305, 8],
									"color": 0,
									"children": [127, 128, 129, 130, 131, 132, 133, 134, 135, 136, 137]
								},
								{
									"name": "Point",
									"origin": [8, 24.375, 8],
									"color": 0,
									"children": [138, 139, 140, 141, 142, 143]
								}
							]
						}
					]
				}
			]
		}
	]
}