{
	"credit": "Made with Blockbench",
	"textures": {
		"10": "shield_repo:weapontxtrs/shield-textures"
	},
	"elements": [
		{
			"from": [4, 0, 1.5],
			"to": [12, 0.5, 14.5],
			"rotation": {"angle": 0, "axis": "y", "origin": [7, 8.25, 8]},
			"faces": {
				"north": {"uv": [13, 14.5, 13, 15.5], "texture": "#10"},
				"east": {"uv": [13, 14.5, 13, 15.5], "texture": "#10"},
				"south": {"uv": [13, 14.5, 13, 15.5], "texture": "#10"},
				"west": {"uv": [13, 14.5, 13, 15.5], "texture": "#10"},
				"up": {"uv": [13, 14.5, 13, 15.5], "texture": "#10"},
				"down": {"uv": [13, 14.5, 13, 15.5], "texture": "#10"}
			}
		},
		{
			"from": [10.5, 0.5, 10],
			"to": [11, 1, 14.5],
			"rotation": {"angle": 0, "axis": "y", "origin": [7, 8.25, 8]},
			"faces": {
				"north": {"uv": [5, 14.25, 4.66667, 14.25], "texture": "#10"},
				"east": {"uv": [5, 14.25, 4.66667, 14.25], "texture": "#10"},
				"south": {"uv": [4.66667, 14.25, 4.33333, 14.25], "texture": "#10"},
				"west": {"uv": [4.66667, 14.25, 4.33333, 14.25], "texture": "#10"},
				"up": {"uv": [4.66667, 14.25, 5, 14.25], "texture": "#10"},
				"down": {"uv": [-1, 12.25, -0.66667, 12.25], "texture": "#10"}
			}
		},
		{
			"from": [11, 0.5, 10],
			"to": [12, 1, 10.5],
			"rotation": {"angle": 0, "axis": "y", "origin": [7, 8.25, 8]},
			"faces": {
				"north": {"uv": [5, 14.25, 4.66667, 14.25], "texture": "#10"},
				"east": {"uv": [5, 14.25, 4.66667, 14.25], "texture": "#10"},
				"south": {"uv": [4.66667, 14.25, 4.33333, 14.25], "texture": "#10"},
				"west": {"uv": [4.66667, 14.25, 4.33333, 14.25], "texture": "#10"},
				"up": {"uv": [4.66667, 14.25, 5, 14.25], "texture": "#10"},
				"down": {"uv": [-1, 12.25, -0.66667, 12.25], "texture": "#10"}
			}
		},
		{
			"from": [4, 0.5, 9.5],
			"to": [9.5, 1, 10],
			"rotation": {"angle": 0, "axis": "y", "origin": [7, 8.25, 8]},
			"faces": {
				"north": {"uv": [5, 14.25, 4.66667, 14.25], "texture": "#10"},
				"east": {"uv": [5, 14.25, 4.66667, 14.25], "texture": "#10"},
				"south": {"uv": [4.66667, 14.25, 4.33333, 14.25], "texture": "#10"},
				"west": {"uv": [4.66667, 14.25, 4.33333, 14.25], "texture": "#10"},
				"up": {"uv": [4.66667, 14.25, 5, 14.25], "texture": "#10"},
				"down": {"uv": [-1, 12.25, -0.66667, 12.25], "texture": "#10"}
			}
		},
		{
			"from": [4.5, 0.5, 2.5],
			"to": [5.5, 1, 4],
			"rotation": {"angle": 0, "axis": "y", "origin": [7, 8.25, 8]},
			"faces": {
				"north": {"uv": [5, 14.25, 4.66667, 14.25], "texture": "#10"},
				"east": {"uv": [5, 14.25, 4.66667, 14.25], "texture": "#10"},
				"south": {"uv": [4.66667, 14.25, 4.33333, 14.25], "texture": "#10"},
				"west": {"uv": [4.66667, 14.25, 4.33333, 14.25], "texture": "#10"},
				"up": {"uv": [4.66667, 14.25, 5, 14.25], "texture": "#10"},
				"down": {"uv": [-1, 12.25, -0.66667, 12.25], "texture": "#10"}
			}
		},
		{
			"from": [4.5, 0.5, 4.5],
			"to": [5.5, 1, 7.5],
			"rotation": {"angle": 0, "axis": "y", "origin": [7, 8.25, 8]},
			"faces": {
				"north": {"uv": [5, 14.25, 4.66667, 14.25], "texture": "#10"},
				"east": {"uv": [5, 14.25, 4.66667, 14.25], "texture": "#10"},
				"south": {"uv": [4.66667, 14.25, 4.33333, 14.25], "texture": "#10"},
				"west": {"uv": [4.66667, 14.25, 4.33333, 14.25], "texture": "#10"},
				"up": {"uv": [4.66667, 14.25, 5, 14.25], "texture": "#10"},
				"down": {"uv": [-1, 12.25, -0.66667, 12.25], "texture": "#10"}
			}
		},
		{
			"from": [4, 0.5, 10.5],
			"to": [5, 1, 11],
			"rotation": {"angle": 0, "axis": "y", "origin": [7, 8.25, 8]},
			"faces": {
				"north": {"uv": [7.5, 15.5, 7.3, 15.1], "texture": "#10"},
				"east": {"uv": [7.5, 15.1, 7.3, 14.7], "texture": "#10"},
				"south": {"uv": [7.3, 15.5, 7.1, 15.1], "texture": "#10"},
				"west": {"uv": [7.3, 15.1, 7.1, 14.7], "texture": "#10"},
				"up": {"uv": [7.3, 14.5, 7.5, 14.9], "texture": "#10"},
				"down": {"uv": [6.9, 15.5, 7.1, 15.1], "texture": "#10"}
			}
		},
		{
			"from": [6, 0.5, 10.5],
			"to": [8, 1, 11],
			"rotation": {"angle": 0, "axis": "y", "origin": [7, 8.25, 8]},
			"faces": {
				"north": {"uv": [7.5, 15.5, 7.3, 15.1], "texture": "#10"},
				"east": {"uv": [7.5, 15.1, 7.3, 14.7], "texture": "#10"},
				"south": {"uv": [7.3, 15.5, 7.1, 15.1], "texture": "#10"},
				"west": {"uv": [7.3, 15.1, 7.1, 14.7], "texture": "#10"},
				"up": {"uv": [7.3, 14.5, 7.5, 14.9], "texture": "#10"},
				"down": {"uv": [6.9, 15.5, 7.1, 15.1], "texture": "#10"}
			}
		},
		{
			"from": [7.5, 0.5, 11],
			"to": [8, 1, 14],
			"rotation": {"angle": 0, "axis": "y", "origin": [7, 8.25, 8]},
			"faces": {
				"north": {"uv": [7.5, 15.5, 7.3, 15.1], "texture": "#10"},
				"east": {"uv": [7.5, 15.1, 7.3, 14.7], "texture": "#10"},
				"south": {"uv": [7.3, 15.5, 7.1, 15.1], "texture": "#10"},
				"west": {"uv": [7.3, 15.1, 7.1, 14.7], "texture": "#10"},
				"up": {"uv": [7.3, 14.5, 7.5, 14.9], "texture": "#10"},
				"down": {"uv": [6.9, 15.5, 7.1, 15.1], "texture": "#10"}
			}
		},
		{
			"from": [7, 0.5, 11],
			"to": [7.5, 1, 14],
			"rotation": {"angle": 0, "axis": "y", "origin": [7, 8.25, 8]},
			"faces": {
				"north": {"uv": [13.5, 15.5, 13.16667, 15.16667], "texture": "#10"},
				"east": {"uv": [13.5, 15.16667, 13.16667, 14.83333], "texture": "#10"},
				"south": {"uv": [13.16667, 15.5, 12.83333, 15.16667], "texture": "#10"},
				"west": {"uv": [13.16667, 15.16667, 12.83333, 14.83333], "texture": "#10"},
				"up": {"uv": [13.16667, 14.5, 13.5, 14.83333], "texture": "#10"},
				"down": {"uv": [12.5, 15.5, 12.83333, 15.16667], "texture": "#10"}
			}
		},
		{
			"from": [6, 0.5, 13.5],
			"to": [6.5, 1, 14],
			"rotation": {"angle": 0, "axis": "y", "origin": [7, 8.25, 8]},
			"faces": {
				"north": {"uv": [10.5, 14.5, 11.5, 15.5], "texture": "#10"},
				"east": {"uv": [10.5, 14.5, 11.5, 15.5], "texture": "#10"},
				"south": {"uv": [10.5, 14.5, 11.5, 15.5], "texture": "#10"},
				"west": {"uv": [10.5, 14.5, 11.5, 15.5], "texture": "#10"},
				"up": {"uv": [10.5, 14.5, 11.5, 15.5], "texture": "#10"},
				"down": {"uv": [10.5, 14.5, 11.5, 15.5], "texture": "#10"}
			}
		},
		{
			"from": [6, 0.5, 11],
			"to": [6.5, 1, 11.5],
			"rotation": {"angle": 0, "axis": "y", "origin": [7, 8.25, 8]},
			"faces": {
				"north": {"uv": [10.5, 14.5, 11.5, 15.5], "texture": "#10"},
				"east": {"uv": [10.5, 14.5, 11.5, 15.5], "texture": "#10"},
				"south": {"uv": [10.5, 14.5, 11.5, 15.5], "texture": "#10"},
				"west": {"uv": [10.5, 14.5, 11.5, 15.5], "texture": "#10"},
				"up": {"uv": [10.5, 14.5, 11.5, 15.5], "texture": "#10"},
				"down": {"uv": [10.5, 14.5, 11.5, 15.5], "texture": "#10"}
			}
		},
		{
			"from": [6, 0.5, 11.5],
			"to": [6.5, 1, 13.5],
			"rotation": {"angle": 0, "axis": "y", "origin": [7, 8.25, 8]},
			"faces": {
				"north": {"uv": [5, 14.25, 4.66667, 14.25], "texture": "#10"},
				"east": {"uv": [5, 14.25, 4.66667, 14.25], "texture": "#10"},
				"south": {"uv": [4.66667, 14.25, 4.33333, 14.25], "texture": "#10"},
				"west": {"uv": [4.66667, 14.25, 4.33333, 14.25], "texture": "#10"},
				"up": {"uv": [4.66667, 14.25, 5, 14.25], "texture": "#10"},
				"down": {"uv": [-1, 12.25, -0.66667, 12.25], "texture": "#10"}
			}
		},
		{
			"from": [6.5, 0.5, 11],
			"to": [7, 1, 14],
			"rotation": {"angle": 0, "axis": "y", "origin": [7, 8.25, 8]},
			"faces": {
				"north": {"uv": [10.5, 14.5, 11.5, 15.5], "texture": "#10"},
				"east": {"uv": [10.5, 14.5, 11.5, 15.5], "texture": "#10"},
				"south": {"uv": [10.5, 14.5, 11.5, 15.5], "texture": "#10"},
				"west": {"uv": [10.5, 14.5, 11.5, 15.5], "texture": "#10"},
				"up": {"uv": [10.5, 14.5, 11.5, 15.5], "texture": "#10"},
				"down": {"uv": [10.5, 14.5, 11.5, 15.5], "texture": "#10"}
			}
		},
		{
			"from": [4, 0.5, 1.5],
			"to": [6, 1, 2],
			"rotation": {"angle": 0, "axis": "y", "origin": [7, 8.25, 8]},
			"faces": {
				"north": {"uv": [7.5, 15.5, 7.3, 15.1], "texture": "#10"},
				"east": {"uv": [7.5, 15.1, 7.3, 14.7], "texture": "#10"},
				"south": {"uv": [7.3, 15.5, 7.1, 15.1], "texture": "#10"},
				"west": {"uv": [7.3, 15.1, 7.1, 14.7], "texture": "#10"},
				"up": {"uv": [7.3, 14.5, 7.5, 14.9], "texture": "#10"},
				"down": {"uv": [6.9, 15.5, 7.1, 15.1], "texture": "#10"}
			}
		},
		{
			"from": [7.5, 0.5, 2],
			"to": [10, 1, 3.5],
			"rotation": {"angle": 0, "axis": "y", "origin": [7, 8.25, 8]},
			"faces": {
				"north": {"uv": [5, 14.25, 4.66667, 14.25], "texture": "#10"},
				"east": {"uv": [5, 14.25, 4.66667, 14.25], "texture": "#10"},
				"south": {"uv": [4.66667, 14.25, 4.33333, 14.25], "texture": "#10"},
				"west": {"uv": [4.66667, 14.25, 4.33333, 14.25], "texture": "#10"},
				"up": {"uv": [4.66667, 14.25, 5, 14.25], "texture": "#10"},
				"down": {"uv": [-1, 12.25, -0.66667, 12.25], "texture": "#10"}
			}
		},
		{
			"from": [6.5, 0.5, 1.5],
			"to": [7, 1, 6],
			"rotation": {"angle": 0, "axis": "y", "origin": [7, 8.25, 8]},
			"faces": {
				"north": {"uv": [5, 14.25, 4.66667, 14.25], "texture": "#10"},
				"east": {"uv": [5, 14.25, 4.66667, 14.25], "texture": "#10"},
				"south": {"uv": [4.66667, 14.25, 4.33333, 14.25], "texture": "#10"},
				"west": {"uv": [4.66667, 14.25, 4.33333, 14.25], "texture": "#10"},
				"up": {"uv": [4.66667, 14.25, 5, 14.25], "texture": "#10"},
				"down": {"uv": [-1, 12.25, -0.66667, 12.25], "texture": "#10"}
			}
		},
		{
			"from": [9.5, 0.5, 5],
			"to": [10, 1, 6],
			"rotation": {"angle": 0, "axis": "y", "origin": [7, 8.25, 8]},
			"faces": {
				"north": {"uv": [5, 14.25, 4.66667, 14.25], "texture": "#10"},
				"east": {"uv": [5, 14.25, 4.66667, 14.25], "texture": "#10"},
				"south": {"uv": [4.66667, 14.25, 4.33333, 14.25], "texture": "#10"},
				"west": {"uv": [4.66667, 14.25, 4.33333, 14.25], "texture": "#10"},
				"up": {"uv": [4.66667, 14.25, 5, 14.25], "texture": "#10"},
				"down": {"uv": [-1, 12.25, -0.66667, 12.25], "texture": "#10"}
			}
		},
		{
			"from": [7, 0.5, 5.5],
			"to": [9.5, 1, 6],
			"rotation": {"angle": 0, "axis": "y", "origin": [7, 8.25, 8]},
			"faces": {
				"north": {"uv": [5, 14.25, 4.66667, 14.25], "texture": "#10"},
				"east": {"uv": [5, 14.25, 4.66667, 14.25], "texture": "#10"},
				"south": {"uv": [4.66667, 14.25, 4.33333, 14.25], "texture": "#10"},
				"west": {"uv": [4.66667, 14.25, 4.33333, 14.25], "texture": "#10"},
				"up": {"uv": [4.66667, 14.25, 5, 14.25], "texture": "#10"},
				"down": {"uv": [-1, 12.25, -0.66667, 12.25], "texture": "#10"}
			}
		},
		{
			"from": [7.5, 0.5, 4.5],
			"to": [10, 1, 5],
			"rotation": {"angle": 0, "axis": "y", "origin": [7, 8.25, 8]},
			"faces": {
				"north": {"uv": [5, 14.25, 4.66667, 14.25], "texture": "#10"},
				"east": {"uv": [5, 14.25, 4.66667, 14.25], "texture": "#10"},
				"south": {"uv": [4.66667, 14.25, 4.33333, 14.25], "texture": "#10"},
				"west": {"uv": [4.66667, 14.25, 4.33333, 14.25], "texture": "#10"},
				"up": {"uv": [4.66667, 14.25, 5, 14.25], "texture": "#10"},
				"down": {"uv": [-1, 12.25, -0.66667, 12.25], "texture": "#10"}
			}
		},
		{
			"from": [8.5, 0.5, 10],
			"to": [9.5, 1, 14.5],
			"rotation": {"angle": 0, "axis": "y", "origin": [7, 8.25, 8]},
			"faces": {
				"north": {"uv": [7.5, 15.5, 7.3, 15.1], "texture": "#10"},
				"east": {"uv": [7.5, 15.1, 7.3, 14.7], "texture": "#10"},
				"south": {"uv": [7.3, 15.5, 7.1, 15.1], "texture": "#10"},
				"west": {"uv": [7.3, 15.1, 7.1, 14.7], "texture": "#10"},
				"up": {"uv": [7.3, 14.5, 7.5, 14.9], "texture": "#10"},
				"down": {"uv": [6.9, 15.5, 7.1, 15.1], "texture": "#10"}
			}
		},
		{
			"from": [6, 0.5, 6.5],
			"to": [6.5, 1, 9.5],
			"rotation": {"angle": 0, "axis": "y", "origin": [7, 8.25, 8]},
			"faces": {
				"north": {"uv": [10.5, 14.5, 11.5, 15.5], "texture": "#10"},
				"east": {"uv": [10.5, 14.5, 11.5, 15.5], "texture": "#10"},
				"south": {"uv": [10.5, 14.5, 11.5, 15.5], "texture": "#10"},
				"west": {"uv": [10.5, 14.5, 11.5, 15.5], "texture": "#10"},
				"up": {"uv": [10.5, 14.5, 11.5, 15.5], "texture": "#10"},
				"down": {"uv": [10.5, 14.5, 11.5, 15.5], "texture": "#10"}
			}
		},
		{
			"from": [10.5, 0.5, 4],
			"to": [11, 1, 10],
			"rotation": {"angle": 0, "axis": "y", "origin": [7, 8.25, 8]},
			"faces": {
				"north": {"uv": [7.5, 15.5, 7.3, 15.1], "texture": "#10"},
				"east": {"uv": [7.5, 15.1, 7.3, 14.7], "texture": "#10"},
				"south": {"uv": [7.3, 15.5, 7.1, 15.1], "texture": "#10"},
				"west": {"uv": [7.3, 15.1, 7.1, 14.7], "texture": "#10"},
				"up": {"uv": [7.3, 14.5, 7.5, 14.9], "texture": "#10"},
				"down": {"uv": [6.9, 15.5, 7.1, 15.1], "texture": "#10"}
			}
		},
		{
			"from": [7, 0.5, 4],
			"to": [10.5, 1, 4.5],
			"rotation": {"angle": 0, "axis": "y", "origin": [7, 8.25, 8]},
			"faces": {
				"north": {"uv": [7.5, 15.5, 6.7, 15.1], "texture": "#10"},
				"east": {"uv": [7.5, 14.9, 7.3, 14.5], "texture": "#10"},
				"south": {"uv": [7.5, 15.1, 6.7, 14.7], "texture": "#10"},
				"west": {"uv": [6.7, 15.5, 6.5, 15.1], "texture": "#10"},
				"up": {"uv": [6.7, 14.5, 7.5, 14.9], "texture": "#10"},
				"down": {"uv": [6.7, 14.9, 7.5, 14.5], "texture": "#10"}
			}
		},
		{
			"from": [4, 0.5, 4],
			"to": [5.5, 1, 4.5],
			"rotation": {"angle": 0, "axis": "y", "origin": [7, 8.25, 8]},
			"faces": {
				"north": {"uv": [7.5, 15.5, 7.3, 15.1], "texture": "#10"},
				"east": {"uv": [7.5, 15.1, 7.3, 14.7], "texture": "#10"},
				"south": {"uv": [7.3, 15.5, 7.1, 15.1], "texture": "#10"},
				"west": {"uv": [7.3, 15.1, 7.1, 14.7], "texture": "#10"},
				"up": {"uv": [7.3, 14.5, 7.5, 14.9], "texture": "#10"},
				"down": {"uv": [6.9, 15.5, 7.1, 15.1], "texture": "#10"}
			}
		},
		{
			"from": [11, 0.5, 9.5],
			"to": [12, 1, 10],
			"rotation": {"angle": 0, "axis": "y", "origin": [7, 8.25, 8]},
			"faces": {
				"north": {"uv": [7.5, 15.5, 7.3, 15.1], "texture": "#10"},
				"east": {"uv": [7.5, 15.1, 7.3, 14.7], "texture": "#10"},
				"south": {"uv": [7.3, 15.5, 7.1, 15.1], "texture": "#10"},
				"west": {"uv": [7.3, 15.1, 7.1, 14.7], "texture": "#10"},
				"up": {"uv": [7.3, 14.5, 7.5, 14.9], "texture": "#10"},
				"down": {"uv": [6.9, 15.5, 7.1, 15.1], "texture": "#10"}
			}
		},
		{
			"from": [11, 0.5, 10.5],
			"to": [11.5, 1, 11],
			"rotation": {"angle": 0, "axis": "y", "origin": [7, 8.25, 8]},
			"faces": {
				"north": {"uv": [9, 15, 8.66667, 15], "texture": "#10"},
				"east": {"uv": [9, 15, 8.66667, 15], "texture": "#10"},
				"south": {"uv": [9, 15, 8.66667, 15], "texture": "#10"},
				"west": {"uv": [9, 15, 8.66667, 15], "texture": "#10"},
				"up": {"uv": [8.66667, 15, 9, 15], "texture": "#10"},
				"down": {"uv": [8.66667, 15, 9, 15], "texture": "#10"}
			}
		},
		{
			"from": [11.5, 0.5, 10.5],
			"to": [12, 1, 12.5],
			"rotation": {"angle": 0, "axis": "y", "origin": [7, 8.25, 8]},
			"faces": {
				"north": {"uv": [9, 15, 8.66667, 15], "texture": "#10"},
				"east": {"uv": [9, 15, 8.66667, 15], "texture": "#10"},
				"south": {"uv": [9, 15, 8.66667, 15], "texture": "#10"},
				"west": {"uv": [9, 15, 8.66667, 15], "texture": "#10"},
				"up": {"uv": [8.66667, 15, 9, 15], "texture": "#10"},
				"down": {"uv": [8.66667, 15, 9, 15], "texture": "#10"}
			}
		},
		{
			"from": [11, 0.5, 13],
			"to": [12, 1, 14.5],
			"rotation": {"angle": 0, "axis": "y", "origin": [7, 8.25, 8]},
			"faces": {
				"north": {"uv": [9, 15, 8.66667, 15], "texture": "#10"},
				"east": {"uv": [9, 15, 8.66667, 15], "texture": "#10"},
				"south": {"uv": [9, 15, 8.66667, 15], "texture": "#10"},
				"west": {"uv": [9, 15, 8.66667, 15], "texture": "#10"},
				"up": {"uv": [8.66667, 15, 9, 15], "texture": "#10"},
				"down": {"uv": [8.66667, 15, 9, 15], "texture": "#10"}
			}
		},
		{
			"from": [6, 0.5, 10],
			"to": [8.5, 1, 10.5],
			"rotation": {"angle": 0, "axis": "y", "origin": [7, 8.25, 8]},
			"faces": {
				"north": {"uv": [10.5, 14.5, 11.5, 15.5], "texture": "#10"},
				"east": {"uv": [10.5, 14.5, 11.5, 15.5], "texture": "#10"},
				"south": {"uv": [10.5, 14.5, 11.5, 15.5], "texture": "#10"},
				"west": {"uv": [10.5, 14.5, 11.5, 15.5], "texture": "#10"},
				"up": {"uv": [10.5, 14.5, 11.5, 15.5], "texture": "#10"},
				"down": {"uv": [10.5, 14.5, 11.5, 15.5], "texture": "#10"}
			}
		},
		{
			"from": [8, 0.5, 10.5],
			"to": [8.5, 1, 14.5],
			"rotation": {"angle": 0, "axis": "y", "origin": [7, 8.25, 8]},
			"faces": {
				"north": {"uv": [10.5, 14.5, 11.5, 15.5], "texture": "#10"},
				"east": {"uv": [10.5, 14.5, 11.5, 15.5], "texture": "#10"},
				"south": {"uv": [10.5, 14.5, 11.5, 15.5], "texture": "#10"},
				"west": {"uv": [10.5, 14.5, 11.5, 15.5], "texture": "#10"},
				"up": {"uv": [10.5, 14.5, 11.5, 15.5], "texture": "#10"},
				"down": {"uv": [10.5, 14.5, 11.5, 15.5], "texture": "#10"}
			}
		},
		{
			"from": [4, 0.5, 2.5],
			"to": [4.5, 1, 4],
			"rotation": {"angle": 0, "axis": "y", "origin": [7, 8.25, 8]},
			"faces": {
				"north": {"uv": [9, 15, 8.66667, 15], "texture": "#10"},
				"east": {"uv": [9, 15, 8.66667, 15], "texture": "#10"},
				"south": {"uv": [9, 15, 8.66667, 15], "texture": "#10"},
				"west": {"uv": [9, 15, 8.66667, 15], "texture": "#10"},
				"up": {"uv": [8.66667, 15, 9, 15], "texture": "#10"},
				"down": {"uv": [8.66667, 15, 9, 15], "texture": "#10"}
			}
		},
		{
			"from": [4, 0.5, 4.5],
			"to": [4.5, 1, 8],
			"rotation": {"angle": 0, "axis": "y", "origin": [7, 8.25, 8]},
			"faces": {
				"north": {"uv": [9, 15, 8.66667, 15], "texture": "#10"},
				"east": {"uv": [9, 15, 8.66667, 15], "texture": "#10"},
				"south": {"uv": [9, 15, 8.66667, 15], "texture": "#10"},
				"west": {"uv": [9, 15, 8.66667, 15], "texture": "#10"},
				"up": {"uv": [8.66667, 15, 9, 15], "texture": "#10"},
				"down": {"uv": [8.66667, 15, 9, 15], "texture": "#10"}
			}
		},
		{
			"from": [5, 0.5, 8],
			"to": [5.5, 1, 9.5],
			"rotation": {"angle": 0, "axis": "y", "origin": [7, 8.25, 8]},
			"faces": {
				"north": {"uv": [9, 15, 8.66667, 15], "texture": "#10"},
				"east": {"uv": [9, 15, 8.66667, 15], "texture": "#10"},
				"south": {"uv": [9, 15, 8.66667, 15], "texture": "#10"},
				"west": {"uv": [9, 15, 8.66667, 15], "texture": "#10"},
				"up": {"uv": [8.66667, 15, 9, 15], "texture": "#10"},
				"down": {"uv": [8.66667, 15, 9, 15], "texture": "#10"}
			}
		},
		{
			"from": [5, 0.5, 10],
			"to": [5.5, 1, 14.5],
			"rotation": {"angle": 0, "axis": "y", "origin": [7, 8.25, 8]},
			"faces": {
				"north": {"uv": [9, 15, 8.66667, 15], "texture": "#10"},
				"east": {"uv": [9, 15, 8.66667, 15], "texture": "#10"},
				"south": {"uv": [9, 15, 8.66667, 15], "texture": "#10"},
				"west": {"uv": [9, 15, 8.66667, 15], "texture": "#10"},
				"up": {"uv": [8.66667, 15, 9, 15], "texture": "#10"},
				"down": {"uv": [8.66667, 15, 9, 15], "texture": "#10"}
			}
		},
		{
			"from": [5.5, 0.5, 14],
			"to": [8, 1, 14.5],
			"rotation": {"angle": 0, "axis": "y", "origin": [7, 8.25, 8]},
			"faces": {
				"north": {"uv": [9, 15, 8.66667, 15], "texture": "#10"},
				"east": {"uv": [9, 15, 8.66667, 15], "texture": "#10"},
				"south": {"uv": [9, 15, 8.66667, 15], "texture": "#10"},
				"west": {"uv": [9, 15, 8.66667, 15], "texture": "#10"},
				"up": {"uv": [8.66667, 15, 9, 15], "texture": "#10"},
				"down": {"uv": [8.66667, 15, 9, 15], "texture": "#10"}
			}
		},
		{
			"from": [4.5, 0.5, 7.5],
			"to": [5.5, 1, 8],
			"rotation": {"angle": 0, "axis": "y", "origin": [7, 8.25, 8]},
			"faces": {
				"north": {"uv": [9, 15, 8.66667, 15], "texture": "#10"},
				"east": {"uv": [9, 15, 8.66667, 15], "texture": "#10"},
				"south": {"uv": [9, 15, 8.66667, 15], "texture": "#10"},
				"west": {"uv": [9, 15, 8.66667, 15], "texture": "#10"},
				"up": {"uv": [8.66667, 15, 9, 15], "texture": "#10"},
				"down": {"uv": [8.66667, 15, 9, 15], "texture": "#10"}
			}
		},
		{
			"from": [10, 0.5, 2],
			"to": [11, 1, 3.5],
			"rotation": {"angle": 0, "axis": "y", "origin": [7, 8.25, 8]},
			"faces": {
				"north": {"uv": [13.5, 15.5, 13.16667, 15.16667], "texture": "#10"},
				"east": {"uv": [13.5, 15.16667, 13.16667, 14.83333], "texture": "#10"},
				"south": {"uv": [13.16667, 15.5, 12.83333, 15.16667], "texture": "#10"},
				"west": {"uv": [13.16667, 15.16667, 12.83333, 14.83333], "texture": "#10"},
				"up": {"uv": [13.16667, 14.5, 13.5, 14.83333], "texture": "#10"},
				"down": {"uv": [12.5, 15.5, 12.83333, 15.16667], "texture": "#10"}
			}
		},
		{
			"from": [10, 0.5, 4.5],
			"to": [10.5, 1, 14.5],
			"rotation": {"angle": 0, "axis": "y", "origin": [7, 8.25, 8]},
			"faces": {
				"north": {"uv": [13.5, 15.5, 13.16667, 15.16667], "texture": "#10"},
				"east": {"uv": [13.5, 15.16667, 13.16667, 14.83333], "texture": "#10"},
				"south": {"uv": [13.16667, 15.5, 12.83333, 15.16667], "texture": "#10"},
				"west": {"uv": [13.16667, 15.16667, 12.83333, 14.83333], "texture": "#10"},
				"up": {"uv": [13.16667, 14.5, 13.5, 14.83333], "texture": "#10"},
				"down": {"uv": [12.5, 15.5, 12.83333, 15.16667], "texture": "#10"}
			}
		},
		{
			"from": [7, 0.5, 4.5],
			"to": [7.5, 1, 5.5],
			"rotation": {"angle": 0, "axis": "y", "origin": [7, 8.25, 8]},
			"faces": {
				"north": {"uv": [5, 14.25, 4.66667, 14.25], "texture": "#10"},
				"east": {"uv": [5, 14.25, 4.66667, 14.25], "texture": "#10"},
				"south": {"uv": [4.66667, 14.25, 4.33333, 14.25], "texture": "#10"},
				"west": {"uv": [4.66667, 14.25, 4.33333, 14.25], "texture": "#10"},
				"up": {"uv": [4.66667, 14.25, 5, 14.25], "texture": "#10"},
				"down": {"uv": [-1, 12.25, -0.66667, 12.25], "texture": "#10"}
			}
		},
		{
			"from": [7.5, 0.5, 5],
			"to": [9.5, 1, 5.5],
			"rotation": {"angle": 0, "axis": "y", "origin": [7, 8.25, 8]},
			"faces": {
				"north": {"uv": [5, 14.25, 4.66667, 14.25], "texture": "#10"},
				"east": {"uv": [5, 14.25, 4.66667, 14.25], "texture": "#10"},
				"south": {"uv": [4.66667, 14.25, 4.33333, 14.25], "texture": "#10"},
				"west": {"uv": [4.66667, 14.25, 4.33333, 14.25], "texture": "#10"},
				"up": {"uv": [4.66667, 14.25, 5, 14.25], "texture": "#10"},
				"down": {"uv": [-1, 12.25, -0.66667, 12.25], "texture": "#10"}
			}
		},
		{
			"from": [6, 0.5, 1.5],
			"to": [6.5, 1, 6],
			"rotation": {"angle": 0, "axis": "y", "origin": [7, 8.25, 8]},
			"faces": {
				"north": {"uv": [9, 15, 8.66667, 15], "texture": "#10"},
				"east": {"uv": [9, 15, 8.66667, 15], "texture": "#10"},
				"south": {"uv": [9, 15, 8.66667, 15], "texture": "#10"},
				"west": {"uv": [9, 15, 8.66667, 15], "texture": "#10"},
				"up": {"uv": [8.66667, 15, 9, 15], "texture": "#10"},
				"down": {"uv": [8.66667, 15, 9, 15], "texture": "#10"}
			}
		},
		{
			"from": [9.5, 0.5, 6.5],
			"to": [10, 1, 14.5],
			"rotation": {"angle": 0, "axis": "y", "origin": [7, 8.25, 8]},
			"faces": {
				"north": {"uv": [9, 15, 8.66667, 15], "texture": "#10"},
				"east": {"uv": [9, 15, 8.66667, 15], "texture": "#10"},
				"south": {"uv": [9, 15, 8.66667, 15], "texture": "#10"},
				"west": {"uv": [9, 15, 8.66667, 15], "texture": "#10"},
				"up": {"uv": [8.66667, 15, 9, 15], "texture": "#10"},
				"down": {"uv": [8.66667, 15, 9, 15], "texture": "#10"}
			}
		},
		{
			"from": [6, 0.5, 6],
			"to": [10, 1, 6.5],
			"rotation": {"angle": 0, "axis": "y", "origin": [7, 8.25, 8]},
			"faces": {
				"north": {"uv": [9, 15, 8.66667, 15], "texture": "#10"},
				"east": {"uv": [9, 15, 8.66667, 15], "texture": "#10"},
				"south": {"uv": [9, 15, 8.66667, 15], "texture": "#10"},
				"west": {"uv": [9, 15, 8.66667, 15], "texture": "#10"},
				"up": {"uv": [8.66667, 15, 9, 15], "texture": "#10"},
				"down": {"uv": [8.66667, 15, 9, 15], "texture": "#10"}
			}
		},
		{
			"from": [11, 0.5, 11],
			"to": [11.5, 1, 13],
			"rotation": {"angle": 0, "axis": "y", "origin": [7, 8.25, 8]},
			"faces": {
				"north": {"uv": [13.5, 15.5, 13.16667, 15.16667], "texture": "#10"},
				"east": {"uv": [13.5, 15.16667, 13.16667, 14.83333], "texture": "#10"},
				"south": {"uv": [13.16667, 15.5, 12.83333, 15.16667], "texture": "#10"},
				"west": {"uv": [13.16667, 15.16667, 12.83333, 14.83333], "texture": "#10"},
				"up": {"uv": [13.16667, 14.5, 13.5, 14.83333], "texture": "#10"},
				"down": {"uv": [12.5, 15.5, 12.83333, 15.16667], "texture": "#10"}
			}
		},
		{
			"from": [11.5, 0.5, 12.5],
			"to": [12, 1, 13],
			"rotation": {"angle": 0, "axis": "y", "origin": [7, 8.25, 8]},
			"faces": {
				"north": {"uv": [13.5, 15.5, 13.16667, 15.16667], "texture": "#10"},
				"east": {"uv": [13.5, 15.16667, 13.16667, 14.83333], "texture": "#10"},
				"south": {"uv": [13.16667, 15.5, 12.83333, 15.16667], "texture": "#10"},
				"west": {"uv": [13.16667, 15.16667, 12.83333, 14.83333], "texture": "#10"},
				"up": {"uv": [13.16667, 14.5, 13.5, 14.83333], "texture": "#10"},
				"down": {"uv": [12.5, 15.5, 12.83333, 15.16667], "texture": "#10"}
			}
		},
		{
			"from": [4, 0.5, 8],
			"to": [5, 1, 9.5],
			"rotation": {"angle": 0, "axis": "y", "origin": [7, 8.25, 8]},
			"faces": {
				"north": {"uv": [13.5, 15.5, 13.16667, 15.16667], "texture": "#10"},
				"east": {"uv": [13.5, 15.16667, 13.16667, 14.83333], "texture": "#10"},
				"south": {"uv": [13.16667, 15.5, 12.83333, 15.16667], "texture": "#10"},
				"west": {"uv": [13.16667, 15.16667, 12.83333, 14.83333], "texture": "#10"},
				"up": {"uv": [13.16667, 14.5, 13.5, 14.83333], "texture": "#10"},
				"down": {"uv": [12.5, 15.5, 12.83333, 15.16667], "texture": "#10"}
			}
		},
		{
			"from": [4, 0.5, 10],
			"to": [5, 1, 10.5],
			"rotation": {"angle": 0, "axis": "y", "origin": [7, 8.25, 8]},
			"faces": {
				"north": {"uv": [13.5, 15.5, 13.16667, 15.16667], "texture": "#10"},
				"east": {"uv": [13.5, 15.16667, 13.16667, 14.83333], "texture": "#10"},
				"south": {"uv": [13.16667, 15.5, 12.83333, 15.16667], "texture": "#10"},
				"west": {"uv": [13.16667, 15.16667, 12.83333, 14.83333], "texture": "#10"},
				"up": {"uv": [13.16667, 14.5, 13.5, 14.83333], "texture": "#10"},
				"down": {"uv": [12.5, 15.5, 12.83333, 15.16667], "texture": "#10"}
			}
		},
		{
			"from": [4, 0.5, 11],
			"to": [5, 1, 14.5],
			"rotation": {"angle": 0, "axis": "y", "origin": [7, 8.25, 8]},
			"faces": {
				"north": {"uv": [13.5, 15.5, 13.16667, 15.16667], "texture": "#10"},
				"east": {"uv": [13.5, 15.16667, 13.16667, 14.83333], "texture": "#10"},
				"south": {"uv": [13.16667, 15.5, 12.83333, 15.16667], "texture": "#10"},
				"west": {"uv": [13.16667, 15.16667, 12.83333, 14.83333], "texture": "#10"},
				"up": {"uv": [13.16667, 14.5, 13.5, 14.83333], "texture": "#10"},
				"down": {"uv": [12.5, 15.5, 12.83333, 15.16667], "texture": "#10"}
			}
		},
		{
			"from": [4, 0.5, 2],
			"to": [6, 1, 2.5],
			"rotation": {"angle": 0, "axis": "y", "origin": [7, 8.25, 8]},
			"faces": {
				"north": {"uv": [13.5, 15.5, 13.16667, 15.16667], "texture": "#10"},
				"east": {"uv": [13.5, 15.16667, 13.16667, 14.83333], "texture": "#10"},
				"south": {"uv": [13.16667, 15.5, 12.83333, 15.16667], "texture": "#10"},
				"west": {"uv": [13.16667, 15.16667, 12.83333, 14.83333], "texture": "#10"},
				"up": {"uv": [13.16667, 14.5, 13.5, 14.83333], "texture": "#10"},
				"down": {"uv": [12.5, 15.5, 12.83333, 15.16667], "texture": "#10"}
			}
		},
		{
			"from": [5.5, 0.5, 10],
			"to": [6, 1, 14],
			"rotation": {"angle": 0, "axis": "y", "origin": [7, 8.25, 8]},
			"faces": {
				"north": {"uv": [13.5, 15.5, 13.16667, 15.16667], "texture": "#10"},
				"east": {"uv": [13.5, 15.16667, 13.16667, 14.83333], "texture": "#10"},
				"south": {"uv": [13.16667, 15.5, 12.83333, 15.16667], "texture": "#10"},
				"west": {"uv": [13.16667, 15.16667, 12.83333, 14.83333], "texture": "#10"},
				"up": {"uv": [13.16667, 14.5, 13.5, 14.83333], "texture": "#10"},
				"down": {"uv": [12.5, 15.5, 12.83333, 15.16667], "texture": "#10"}
			}
		},
		{
			"from": [5.5, 0.5, 2.5],
			"to": [6, 1, 9.5],
			"rotation": {"angle": 0, "axis": "y", "origin": [7, 8.25, 8]},
			"faces": {
				"north": {"uv": [13.5, 15.5, 13.16667, 15.16667], "texture": "#10"},
				"east": {"uv": [13.5, 15.16667, 13.16667, 14.83333], "texture": "#10"},
				"south": {"uv": [13.16667, 15.5, 12.83333, 15.16667], "texture": "#10"},
				"west": {"uv": [13.16667, 15.16667, 12.83333, 14.83333], "texture": "#10"},
				"up": {"uv": [13.16667, 14.5, 13.5, 14.83333], "texture": "#10"},
				"down": {"uv": [12.5, 15.5, 12.83333, 15.16667], "texture": "#10"}
			}
		},
		{
			"from": [11, 0.5, 2],
			"to": [11.5, 1, 9.5],
			"rotation": {"angle": 0, "axis": "y", "origin": [7, 8.25, 8]},
			"faces": {
				"north": {"uv": [10.5, 14.5, 11.5, 15.5], "texture": "#10"},
				"east": {"uv": [10.5, 14.5, 11.5, 15.5], "texture": "#10"},
				"south": {"uv": [10.5, 14.5, 11.5, 15.5], "texture": "#10"},
				"west": {"uv": [10.5, 14.5, 11.5, 15.5], "texture": "#10"},
				"up": {"uv": [10.5, 14.5, 11.5, 15.5], "texture": "#10"},
				"down": {"uv": [10.5, 14.5, 11.5, 15.5], "texture": "#10"}
			}
		},
		{
			"from": [11.5, 0.5, 1.5],
			"to": [12, 1, 9.5],
			"rotation": {"angle": 0, "axis": "y", "origin": [7, 8.25, 8]},
			"faces": {
				"north": {"uv": [10.5, 14.5, 11.5, 15.5], "texture": "#10"},
				"east": {"uv": [10.5, 14.5, 11.5, 15.5], "texture": "#10"},
				"south": {"uv": [10.5, 14.5, 11.5, 15.5], "texture": "#10"},
				"west": {"uv": [10.5, 14.5, 11.5, 15.5], "texture": "#10"},
				"up": {"uv": [10.5, 14.5, 11.5, 15.5], "texture": "#10"},
				"down": {"uv": [10.5, 14.5, 11.5, 15.5], "texture": "#10"}
			}
		},
		{
			"from": [7, 0.5, 3.5],
			"to": [11, 1, 4],
			"rotation": {"angle": 0, "axis": "y", "origin": [7, 8.25, 8]},
			"faces": {
				"north": {"uv": [10.5, 14.5, 11.5, 15.5], "texture": "#10"},
				"east": {"uv": [10.5, 14.5, 11.5, 15.5], "texture": "#10"},
				"south": {"uv": [10.5, 14.5, 11.5, 15.5], "texture": "#10"},
				"west": {"uv": [10.5, 14.5, 11.5, 15.5], "texture": "#10"},
				"up": {"uv": [10.5, 14.5, 11.5, 15.5], "texture": "#10"},
				"down": {"uv": [10.5, 14.5, 11.5, 15.5], "texture": "#10"}
			}
		},
		{
			"from": [7.5, 0.5, 1.5],
			"to": [11.5, 1, 2],
			"rotation": {"angle": 0, "axis": "y", "origin": [7, 8.25, 8]},
			"faces": {
				"north": {"uv": [10.5, 14.5, 11.5, 15.5], "texture": "#10"},
				"east": {"uv": [10.5, 14.5, 11.5, 15.5], "texture": "#10"},
				"south": {"uv": [10.5, 14.5, 11.5, 15.5], "texture": "#10"},
				"west": {"uv": [10.5, 14.5, 11.5, 15.5], "texture": "#10"},
				"up": {"uv": [10.5, 14.5, 11.5, 15.5], "texture": "#10"},
				"down": {"uv": [10.5, 14.5, 11.5, 15.5], "texture": "#10"}
			}
		},
		{
			"from": [7, 0.5, 1.5],
			"to": [7.5, 1, 3.5],
			"rotation": {"angle": 0, "axis": "y", "origin": [7, 8.25, 8]},
			"faces": {
				"north": {"uv": [10.5, 14.5, 11.5, 15.5], "texture": "#10"},
				"east": {"uv": [10.5, 14.5, 11.5, 15.5], "texture": "#10"},
				"south": {"uv": [10.5, 14.5, 11.5, 15.5], "texture": "#10"},
				"west": {"uv": [10.5, 14.5, 11.5, 15.5], "texture": "#10"},
				"up": {"uv": [10.5, 14.5, 11.5, 15.5], "texture": "#10"},
				"down": {"uv": [10.5, 14.5, 11.5, 15.5], "texture": "#10"}
			}
		},
		{
			"from": [8, 0.5, 7],
			"to": [8.5, 1, 7.5],
			"rotation": {"angle": 0, "axis": "y", "origin": [7, 8.25, 8]},
			"faces": {
				"north": {"uv": [1, 1.25, 1, 1.25], "texture": "#10"},
				"east": {"uv": [1, 1.25, 1, 1.25], "texture": "#10"},
				"south": {"uv": [1, 1.25, 1, 1.25], "texture": "#10"},
				"west": {"uv": [1, 1.25, 1, 1.25], "texture": "#10"},
				"up": {"uv": [1, 1.25, 1, 1.25], "texture": "#10"},
				"down": {"uv": [1, 1.25, 1, 1.25], "texture": "#10"}
			}
		},
		{
			"from": [8, 1, 7.5],
			"to": [8.5, 1.5, 8],
			"rotation": {"angle": 0, "axis": "y", "origin": [7, 8.25, 8]},
			"faces": {
				"north": {"uv": [1, 1.25, 1, 1.25], "texture": "#10"},
				"east": {"uv": [1, 1.25, 1, 1.25], "texture": "#10"},
				"south": {"uv": [1, 1.25, 1, 1.25], "texture": "#10"},
				"west": {"uv": [1, 1.25, 1, 1.25], "texture": "#10"},
				"up": {"uv": [1, 1.25, 1, 1.25], "texture": "#10"},
				"down": {"uv": [1, 1.25, 1, 1.25], "texture": "#10"}
			}
		},
		{
			"from": [8, 0.5, 7.5],
			"to": [9, 1, 8],
			"rotation": {"angle": 0, "axis": "y", "origin": [7, 8.25, 8]},
			"faces": {
				"north": {"uv": [1, 1.25, 1, 1.25], "texture": "#10"},
				"east": {"uv": [1, 1.25, 1, 1.25], "texture": "#10"},
				"south": {"uv": [1, 1.25, 1, 1.25], "texture": "#10"},
				"west": {"uv": [1, 1.25, 1, 1.25], "texture": "#10"},
				"up": {"uv": [1, 1.25, 1, 1.25], "texture": "#10"},
				"down": {"uv": [1, 1.25, 1, 1.25], "texture": "#10"}
			}
		},
		{
			"from": [7, 0.5, 8],
			"to": [8, 1, 8.5],
			"rotation": {"angle": 0, "axis": "y", "origin": [7, 8.25, 8]},
			"faces": {
				"north": {"uv": [5, 1.25, 4.75, 1.16667], "texture": "#10"},
				"east": {"uv": [5, 1.16667, 4.75, 1.08333], "texture": "#10"},
				"south": {"uv": [5, 1.25, 4.75, 1.16667], "texture": "#10"},
				"west": {"uv": [5, 1.16667, 4.75, 1.08333], "texture": "#10"},
				"up": {"uv": [4.75, 1, 5, 1.08333], "texture": "#10"},
				"down": {"uv": [4.75, 1.25, 5, 1.16667], "texture": "#10"}
			}
		},
		{
			"from": [7.5, 0.5, 8.5],
			"to": [8, 1, 9],
			"rotation": {"angle": 0, "axis": "y", "origin": [7, 8.25, 8]},
			"faces": {
				"north": {"uv": [5, 1.25, 4.75, 1.16667], "texture": "#10"},
				"east": {"uv": [5, 1.25, 4.75, 1.16667], "texture": "#10"},
				"south": {"uv": [5, 1.25, 4.75, 1.16667], "texture": "#10"},
				"west": {"uv": [5, 1.25, 4.75, 1.16667], "texture": "#10"},
				"up": {"uv": [5, 1.25, 4.75, 1.16667], "texture": "#10"},
				"down": {"uv": [5, 1.25, 4.75, 1.16667], "texture": "#10"}
			}
		},
		{
			"from": [7.5, 1, 8],
			"to": [8, 1.5, 8.5],
			"rotation": {"angle": 0, "axis": "y", "origin": [7, 8.25, 8]},
			"faces": {
				"north": {"uv": [5, 1.25, 4.75, 1.16667], "texture": "#10"},
				"east": {"uv": [5, 1.25, 4.75, 1.16667], "texture": "#10"},
				"south": {"uv": [5, 1.25, 4.75, 1.16667], "texture": "#10"},
				"west": {"uv": [5, 1.25, 4.75, 1.16667], "texture": "#10"},
				"up": {"uv": [5, 1.25, 4.75, 1.16667], "texture": "#10"},
				"down": {"uv": [5, 1.25, 4.75, 1.16667], "texture": "#10"}
			}
		},
		{
			"from": [7, 0.5, 7.5],
			"to": [8, 1, 8],
			"rotation": {"angle": 0, "axis": "y", "origin": [7, 8.25, 8]},
			"faces": {
				"north": {"uv": [2.75, 1.39286, 2.75, 1.25], "texture": "#10"},
				"east": {"uv": [2.75, 1.39286, 2.75, 1.25], "texture": "#10"},
				"south": {"uv": [2.75, 1.5, 2.75, 1.35714], "texture": "#10"},
				"west": {"uv": [2.75, 1.39286, 2.75, 1.25], "texture": "#10"},
				"up": {"uv": [2.75, 1.25, 2.75, 1.39286], "texture": "#10"},
				"down": {"uv": [2.75, 1.39286, 2.75, 1.25], "texture": "#10"}
			}
		},
		{
			"from": [7.5, 0.5, 7],
			"to": [8, 1, 7.5],
			"rotation": {"angle": 0, "axis": "y", "origin": [7, 8.25, 8]},
			"faces": {
				"north": {"uv": [2.75, 1.39286, 2.75, 1.25], "texture": "#10"},
				"east": {"uv": [2.75, 1.39286, 2.75, 1.25], "texture": "#10"},
				"south": {"uv": [2.75, 1.39286, 2.75, 1.25], "texture": "#10"},
				"west": {"uv": [2.75, 1.39286, 2.75, 1.25], "texture": "#10"},
				"up": {"uv": [2.75, 1.25, 2.75, 1.39286], "texture": "#10"},
				"down": {"uv": [2.75, 1.39286, 2.75, 1.25], "texture": "#10"}
			}
		},
		{
			"from": [7.5, 1, 7.5],
			"to": [8, 1.5, 8],
			"rotation": {"angle": 0, "axis": "y", "origin": [7, 8.25, 8]},
			"faces": {
				"north": {"uv": [2.75, 1.39286, 2.75, 1.25], "texture": "#10"},
				"east": {"uv": [2.75, 1.39286, 2.75, 1.25], "texture": "#10"},
				"south": {"uv": [2.75, 1.39286, 2.75, 1.25], "texture": "#10"},
				"west": {"uv": [2.75, 1.39286, 2.75, 1.25], "texture": "#10"},
				"up": {"uv": [2.75, 1.25, 2.75, 1.39286], "texture": "#10"},
				"down": {"uv": [2.75, 1.39286, 2.75, 1.25], "texture": "#10"}
			}
		},
		{
			"from": [8, 1, 8],
			"to": [8.5, 1.5, 8.5],
			"rotation": {"angle": 0, "axis": "y", "origin": [7, 8.25, 8]},
			"faces": {
				"north": {"uv": [2.75, 1.39286, 2.75, 1.25], "texture": "#10"},
				"east": {"uv": [2.75, 1.39286, 2.75, 1.25], "texture": "#10"},
				"south": {"uv": [2.75, 1.39286, 2.75, 1.25], "texture": "#10"},
				"west": {"uv": [2.75, 1.39286, 2.75, 1.25], "texture": "#10"},
				"up": {"uv": [2.75, 1.25, 2.75, 1.39286], "texture": "#10"},
				"down": {"uv": [2.75, 1.39286, 2.75, 1.25], "texture": "#10"}
			}
		},
		{
			"from": [8, 0.5, 8],
			"to": [9, 1, 8.5],
			"rotation": {"angle": 0, "axis": "y", "origin": [7, 8.25, 8]},
			"faces": {
				"north": {"uv": [2.75, 1.39286, 2.75, 1.25], "texture": "#10"},
				"east": {"uv": [2.75, 1.5, 2.75, 1.35714], "texture": "#10"},
				"south": {"uv": [2.75, 1.39286, 2.75, 1.25], "texture": "#10"},
				"west": {"uv": [2.75, 1.39286, 2.75, 1.25], "texture": "#10"},
				"up": {"uv": [2.75, 1.25, 2.75, 1.39286], "texture": "#10"},
				"down": {"uv": [2.75, 1.39286, 2.75, 1.25], "texture": "#10"}
			}
		},
		{
			"from": [8, 0.5, 8.5],
			"to": [8.5, 1, 9],
			"rotation": {"angle": 0, "axis": "y", "origin": [7, 8.25, 8]},
			"faces": {
				"north": {"uv": [2.75, 1.39286, 2.75, 1.25], "texture": "#10"},
				"east": {"uv": [2.75, 1.39286, 2.75, 1.25], "texture": "#10"},
				"south": {"uv": [2.75, 1.39286, 2.75, 1.25], "texture": "#10"},
				"west": {"uv": [2.75, 1.39286, 2.75, 1.25], "texture": "#10"},
				"up": {"uv": [2.75, 1.25, 2.75, 1.39286], "texture": "#10"},
				"down": {"uv": [2.75, 1.39286, 2.75, 1.25], "texture": "#10"}
			}
		},
		{
			"from": [7.5, 0.5, 6.5],
			"to": [8, 1, 7],
			"rotation": {"angle": 0, "axis": "y", "origin": [7, 8.25, 8]},
			"faces": {
				"north": {"uv": [0.91667, 15.08333, 0.96988, 15], "texture": "#10"},
				"east": {"uv": [0.91667, 15.08333, 0.96988, 15], "texture": "#10"},
				"south": {"uv": [0.91667, 15.08333, 0.96988, 15], "texture": "#10"},
				"west": {"uv": [0.91667, 15.08333, 0.96988, 15], "texture": "#10"},
				"up": {"uv": [0.91667, 15.08333, 0.96988, 15], "texture": "#10"},
				"down": {"uv": [0.91667, 15.08333, 0.96988, 15], "texture": "#10"}
			}
		},
		{
			"from": [8.5, 0.5, 7],
			"to": [9, 1, 7.5],
			"rotation": {"angle": 0, "axis": "y", "origin": [7, 8.25, 8]},
			"faces": {
				"north": {"uv": [0.91667, 15.08333, 0.96988, 15], "texture": "#10"},
				"east": {"uv": [0.91667, 15.08333, 0.96988, 15], "texture": "#10"},
				"south": {"uv": [0.91667, 15.08333, 0.96988, 15], "texture": "#10"},
				"west": {"uv": [0.91667, 15.08333, 0.96988, 15], "texture": "#10"},
				"up": {"uv": [0.91667, 15.08333, 0.96988, 15], "texture": "#10"},
				"down": {"uv": [0.91667, 15.08333, 0.96988, 15], "texture": "#10"}
			}
		},
		{
			"from": [8, 0.5, 6.5],
			"to": [8.5, 1, 7],
			"rotation": {"angle": 0, "axis": "y", "origin": [7, 8.25, 8]},
			"faces": {
				"north": {"uv": [0.91667, 15.08333, 0.96988, 15], "texture": "#10"},
				"east": {"uv": [0.91667, 15.08333, 0.96988, 15], "texture": "#10"},
				"south": {"uv": [0.91667, 15.08333, 0.96988, 15], "texture": "#10"},
				"west": {"uv": [0.91667, 15.08333, 0.96988, 15], "texture": "#10"},
				"up": {"uv": [0.91667, 15.08333, 0.96988, 15], "texture": "#10"},
				"down": {"uv": [0.91667, 15.08333, 0.96988, 15], "texture": "#10"}
			}
		},
		{
			"from": [9, 0.5, 8],
			"to": [9.5, 1, 8.5],
			"rotation": {"angle": 0, "axis": "y", "origin": [7, 8.25, 8]},
			"faces": {
				"north": {"uv": [0.91667, 15.08333, 0.96988, 15], "texture": "#10"},
				"east": {"uv": [0.91667, 15.08333, 0.96988, 15], "texture": "#10"},
				"south": {"uv": [0.91667, 15.08333, 0.96988, 15], "texture": "#10"},
				"west": {"uv": [0.91667, 15.08333, 0.96988, 15], "texture": "#10"},
				"up": {"uv": [0.91667, 15.08333, 0.96988, 15], "texture": "#10"},
				"down": {"uv": [0.91667, 15.08333, 0.96988, 15], "texture": "#10"}
			}
		},
		{
			"from": [9, 0.5, 7.5],
			"to": [9.5, 1, 8],
			"rotation": {"angle": 0, "axis": "y", "origin": [7, 8.25, 8]},
			"faces": {
				"north": {"uv": [0.91667, 15.08333, 0.96988, 15], "texture": "#10"},
				"east": {"uv": [0.91667, 15.08333, 0.96988, 15], "texture": "#10"},
				"south": {"uv": [0.91667, 15.08333, 0.96988, 15], "texture": "#10"},
				"west": {"uv": [0.91667, 15.08333, 0.96988, 15], "texture": "#10"},
				"up": {"uv": [0.91667, 15.08333, 0.96988, 15], "texture": "#10"},
				"down": {"uv": [0.91667, 15.08333, 0.96988, 15], "texture": "#10"}
			}
		},
		{
			"from": [7, 0.5, 7],
			"to": [7.5, 1, 7.5],
			"rotation": {"angle": 0, "axis": "y", "origin": [7, 8.25, 8]},
			"faces": {
				"north": {"uv": [0.91667, 15.08333, 0.96988, 15], "texture": "#10"},
				"east": {"uv": [0.91667, 15.08333, 0.96988, 15], "texture": "#10"},
				"south": {"uv": [0.91667, 15.08333, 0.96988, 15], "texture": "#10"},
				"west": {"uv": [0.91667, 15.08333, 0.96988, 15], "texture": "#10"},
				"up": {"uv": [0.91667, 15.08333, 0.96988, 15], "texture": "#10"},
				"down": {"uv": [0.91667, 15.08333, 0.96988, 15], "texture": "#10"}
			}
		},
		{
			"from": [6.5, 0.5, 7.5],
			"to": [7, 1, 8],
			"rotation": {"angle": 0, "axis": "y", "origin": [7, 8.25, 8]},
			"faces": {
				"north": {"uv": [0.91667, 15.08333, 0.96988, 15], "texture": "#10"},
				"east": {"uv": [0.91667, 15.08333, 0.96988, 15], "texture": "#10"},
				"south": {"uv": [0.91667, 15.08333, 0.96988, 15], "texture": "#10"},
				"west": {"uv": [0.91667, 15.08333, 0.96988, 15], "texture": "#10"},
				"up": {"uv": [0.91667, 15.08333, 0.96988, 15], "texture": "#10"},
				"down": {"uv": [0.91667, 15.08333, 0.96988, 15], "texture": "#10"}
			}
		},
		{
			"from": [6.5, 0.5, 8],
			"to": [7, 1, 8.5],
			"rotation": {"angle": 0, "axis": "y", "origin": [7, 8.25, 8]},
			"faces": {
				"north": {"uv": [0.91667, 15.08333, 0.96988, 15], "texture": "#10"},
				"east": {"uv": [0.91667, 15.08333, 0.96988, 15], "texture": "#10"},
				"south": {"uv": [0.91667, 15.08333, 0.96988, 15], "texture": "#10"},
				"west": {"uv": [0.91667, 15.08333, 0.96988, 15], "texture": "#10"},
				"up": {"uv": [0.91667, 15.08333, 0.96988, 15], "texture": "#10"},
				"down": {"uv": [0.91667, 15.08333, 0.96988, 15], "texture": "#10"}
			}
		},
		{
			"from": [7, 0.5, 8.5],
			"to": [7.5, 1, 9],
			"rotation": {"angle": 0, "axis": "y", "origin": [7, 8.25, 8]},
			"faces": {
				"north": {"uv": [0.91667, 15.08333, 0.96988, 15], "texture": "#10"},
				"east": {"uv": [0.91667, 15.08333, 0.96988, 15], "texture": "#10"},
				"south": {"uv": [0.91667, 15.08333, 0.96988, 15], "texture": "#10"},
				"west": {"uv": [0.91667, 15.08333, 0.96988, 15], "texture": "#10"},
				"up": {"uv": [0.91667, 15.08333, 0.96988, 15], "texture": "#10"},
				"down": {"uv": [0.91667, 15.08333, 0.96988, 15], "texture": "#10"}
			}
		},
		{
			"from": [7.5, 0.5, 9],
			"to": [8, 1, 9.5],
			"rotation": {"angle": 0, "axis": "y", "origin": [7, 8.25, 8]},
			"faces": {
				"north": {"uv": [0.91667, 15.08333, 0.96988, 15], "texture": "#10"},
				"east": {"uv": [0.91667, 15.08333, 0.96988, 15], "texture": "#10"},
				"south": {"uv": [0.91667, 15.08333, 0.96988, 15], "texture": "#10"},
				"west": {"uv": [0.91667, 15.08333, 0.96988, 15], "texture": "#10"},
				"up": {"uv": [0.91667, 15.08333, 0.96988, 15], "texture": "#10"},
				"down": {"uv": [0.91667, 15.08333, 0.96988, 15], "texture": "#10"}
			}
		},
		{
			"from": [8, 0.5, 9],
			"to": [8.5, 1, 9.5],
			"rotation": {"angle": 0, "axis": "y", "origin": [7, 8.25, 8]},
			"faces": {
				"north": {"uv": [0.91667, 15.08333, 0.96988, 15], "texture": "#10"},
				"east": {"uv": [0.91667, 15.08333, 0.96988, 15], "texture": "#10"},
				"south": {"uv": [0.91667, 15.08333, 0.96988, 15], "texture": "#10"},
				"west": {"uv": [0.91667, 15.08333, 0.96988, 15], "texture": "#10"},
				"up": {"uv": [0.91667, 15.08333, 0.96988, 15], "texture": "#10"},
				"down": {"uv": [0.91667, 15.08333, 0.96988, 15], "texture": "#10"}
			}
		},
		{
			"from": [8.5, 0.5, 8.5],
			"to": [9, 1, 9],
			"rotation": {"angle": 0, "axis": "y", "origin": [7, 8.25, 8]},
			"faces": {
				"north": {"uv": [0.91667, 15.08333, 0.96988, 15], "texture": "#10"},
				"east": {"uv": [0.91667, 15.08333, 0.96988, 15], "texture": "#10"},
				"south": {"uv": [0.91667, 15.08333, 0.96988, 15], "texture": "#10"},
				"west": {"uv": [0.91667, 15.08333, 0.96988, 15], "texture": "#10"},
				"up": {"uv": [0.91667, 15.08333, 0.96988, 15], "texture": "#10"},
				"down": {"uv": [0.91667, 15.08333, 0.96988, 15], "texture": "#10"}
			}
		},
		{
			"from": [2.5, 0.5, 1.5],
			"to": [4, 1, 14.5],
			"rotation": {"angle": 0, "axis": "y", "origin": [7, 8.25, 8]},
			"faces": {
				"north": {"uv": [1, 15.25, 0.93976, 15.25], "texture": "#10"},
				"east": {"uv": [1, 15.25, 0.93976, 15.25], "texture": "#10"},
				"south": {"uv": [1, 15.25, 0.93976, 15.25], "texture": "#10"},
				"west": {"uv": [1, 15.25, 0.93976, 15.25], "texture": "#10"},
				"up": {"uv": [1, 15.25, 0.93976, 15.25], "texture": "#10"},
				"down": {"uv": [1, 15.25, 0.93976, 15.25], "texture": "#10"}
			}
		},
		{
			"from": [3, 1, 1],
			"to": [3.5, 1.5, 15],
			"rotation": {"angle": 0, "axis": "y", "origin": [7, 8.25, 8]},
			"faces": {
				"north": {"uv": [1, 15.25, 0.93976, 15.25], "texture": "#10"},
				"east": {"uv": [1, 15.25, 0.93976, 15.25], "texture": "#10"},
				"south": {"uv": [1, 15.25, 0.93976, 15.25], "texture": "#10"},
				"west": {"uv": [1, 15.25, 0.93976, 15.25], "texture": "#10"},
				"up": {"uv": [1, 15.25, 0.93976, 15.25], "texture": "#10"},
				"down": {"uv": [1, 15.25, 0.93976, 15.25], "texture": "#10"}
			}
		},
		{
			"from": [12.5, 1, 1],
			"to": [13, 1.5, 15],
			"rotation": {"angle": 0, "axis": "y", "origin": [7, 8.25, 8]},
			"faces": {
				"north": {"uv": [1, 15.25, 0.93976, 15.25], "texture": "#10"},
				"east": {"uv": [1, 15.25, 0.93976, 15.25], "texture": "#10"},
				"south": {"uv": [1, 15.25, 0.93976, 15.25], "texture": "#10"},
				"west": {"uv": [1, 15.25, 0.93976, 15.25], "texture": "#10"},
				"up": {"uv": [1, 15.25, 0.93976, 15.25], "texture": "#10"},
				"down": {"uv": [1, 15.25, 0.93976, 15.25], "texture": "#10"}
			}
		},
		{
			"from": [12, 0.5, 1.5],
			"to": [13.5, 1, 14.5],
			"rotation": {"angle": 0, "axis": "y", "origin": [7, 8.25, 8]},
			"faces": {
				"north": {"uv": [1, 15.25, 0.93976, 15.25], "texture": "#10"},
				"east": {"uv": [1, 15.25, 0.93976, 15.25], "texture": "#10"},
				"south": {"uv": [1, 15.25, 0.93976, 15.25], "texture": "#10"},
				"west": {"uv": [1, 15.25, 0.93976, 15.25], "texture": "#10"},
				"up": {"uv": [1, 15.25, 0.93976, 15.25], "texture": "#10"},
				"down": {"uv": [1, 15.25, 0.93976, 15.25], "texture": "#10"}
			}
		},
		{
			"from": [2.5, 0.5, 14.5],
			"to": [13.5, 1, 16],
			"rotation": {"angle": 0, "axis": "y", "origin": [7, 8.25, 8]},
			"faces": {
				"north": {"uv": [1, 15.25, 0.93976, 15.25], "texture": "#10"},
				"east": {"uv": [1, 15.25, 0.93976, 15.25], "texture": "#10"},
				"south": {"uv": [1, 15.25, 0.93976, 15.25], "texture": "#10"},
				"west": {"uv": [1, 15.25, 0.93976, 15.25], "texture": "#10"},
				"up": {"uv": [1, 15.25, 0.93976, 15.25], "texture": "#10"},
				"down": {"uv": [1, 15.25, 0.93976, 15.25], "texture": "#10"}
			}
		},
		{
			"from": [3, 1, 0.5],
			"to": [13, 1.5, 1],
			"rotation": {"angle": 0, "axis": "y", "origin": [7, 8.25, 8]},
			"faces": {
				"north": {"uv": [1, 15.25, 0.93976, 15.25], "texture": "#10"},
				"east": {"uv": [1, 15.25, 0.93976, 15.25], "texture": "#10"},
				"south": {"uv": [1, 15.25, 0.93976, 15.25], "texture": "#10"},
				"west": {"uv": [1, 15.25, 0.93976, 15.25], "texture": "#10"},
				"up": {"uv": [1, 15.25, 0.93976, 15.25], "texture": "#10"},
				"down": {"uv": [1, 15.25, 0.93976, 15.25], "texture": "#10"}
			}
		},
		{
			"from": [3, 1, 15],
			"to": [13, 1.5, 15.5],
			"rotation": {"angle": 0, "axis": "y", "origin": [7, 8.25, 8]},
			"faces": {
				"north": {"uv": [1, 15.25, 0.93976, 15.25], "texture": "#10"},
				"east": {"uv": [1, 15.25, 0.93976, 15.25], "texture": "#10"},
				"south": {"uv": [1, 15.25, 0.93976, 15.25], "texture": "#10"},
				"west": {"uv": [1, 15.25, 0.93976, 15.25], "texture": "#10"},
				"up": {"uv": [1, 15.25, 0.93976, 15.25], "texture": "#10"},
				"down": {"uv": [1, 15.25, 0.93976, 15.25], "texture": "#10"}
			}
		},
		{
			"from": [2.5, 0.5, 0],
			"to": [13.5, 1, 1.5],
			"rotation": {"angle": 0, "axis": "y", "origin": [7, 8.25, 8]},
			"faces": {
				"north": {"uv": [1, 15.25, 0.93976, 15.25], "texture": "#10"},
				"east": {"uv": [1, 15.25, 0.93976, 15.25], "texture": "#10"},
				"south": {"uv": [1, 15.25, 0.93976, 15.25], "texture": "#10"},
				"west": {"uv": [1, 15.25, 0.93976, 15.25], "texture": "#10"},
				"up": {"uv": [1, 15.25, 0.93976, 15.25], "texture": "#10"},
				"down": {"uv": [1, 15.25, 0.93976, 15.25], "texture": "#10"}
			}
		},
		{
			"from": [2.5, 0, 1.5],
			"to": [4, 0.5, 14.5],
			"rotation": {"angle": 0, "axis": "y", "origin": [7, 7.75, 8]},
			"faces": {
				"north": {"uv": [1, 15.25, 0.93976, 15.25], "texture": "#10"},
				"east": {"uv": [1, 15.25, 0.93976, 15.25], "texture": "#10"},
				"south": {"uv": [1, 15.25, 0.93976, 15.25], "texture": "#10"},
				"west": {"uv": [1, 15.25, 0.93976, 15.25], "texture": "#10"},
				"up": {"uv": [1, 15.25, 0.93976, 15.25], "texture": "#10"},
				"down": {"uv": [1, 15.25, 0.93976, 15.25], "texture": "#10"}
			}
		},
		{
			"from": [3, -0.5, 1],
			"to": [3.5, 0, 15],
			"rotation": {"angle": 0, "axis": "y", "origin": [7, 7.75, 8]},
			"faces": {
				"north": {"uv": [1, 15.25, 0.93976, 15.25], "texture": "#10"},
				"east": {"uv": [1, 15.25, 0.93976, 15.25], "texture": "#10"},
				"south": {"uv": [1, 15.25, 0.93976, 15.25], "texture": "#10"},
				"west": {"uv": [1, 15.25, 0.93976, 15.25], "texture": "#10"},
				"up": {"uv": [1, 15.25, 0.93976, 15.25], "texture": "#10"},
				"down": {"uv": [1, 15.25, 0.93976, 15.25], "texture": "#10"}
			}
		},
		{
			"from": [12.5, -0.5, 1],
			"to": [13, 0, 15],
			"rotation": {"angle": 0, "axis": "y", "origin": [7, 7.75, 8]},
			"faces": {
				"north": {"uv": [1, 15.25, 0.93976, 15.25], "texture": "#10"},
				"east": {"uv": [1, 15.25, 0.93976, 15.25], "texture": "#10"},
				"south": {"uv": [1, 15.25, 0.93976, 15.25], "texture": "#10"},
				"west": {"uv": [1, 15.25, 0.93976, 15.25], "texture": "#10"},
				"up": {"uv": [1, 15.25, 0.93976, 15.25], "texture": "#10"},
				"down": {"uv": [1, 15.25, 0.93976, 15.25], "texture": "#10"}
			}
		},
		{
			"from": [12, 0, 1.5],
			"to": [13.5, 0.5, 14.5],
			"rotation": {"angle": 0, "axis": "y", "origin": [7, 7.75, 8]},
			"faces": {
				"north": {"uv": [1, 15.25, 0.93976, 15.25], "texture": "#10"},
				"east": {"uv": [1, 15.25, 0.93976, 15.25], "texture": "#10"},
				"south": {"uv": [1, 15.25, 0.93976, 15.25], "texture": "#10"},
				"west": {"uv": [1, 15.25, 0.93976, 15.25], "texture": "#10"},
				"up": {"uv": [1, 15.25, 0.93976, 15.25], "texture": "#10"},
				"down": {"uv": [1, 15.25, 0.93976, 15.25], "texture": "#10"}
			}
		},
		{
			"from": [2.5, 0, 14.5],
			"to": [13.5, 0.5, 16],
			"rotation": {"angle": 0, "axis": "y", "origin": [7, 7.75, 8]},
			"faces": {
				"north": {"uv": [1, 15.25, 0.93976, 15.25], "texture": "#10"},
				"east": {"uv": [1, 15.25, 0.93976, 15.25], "texture": "#10"},
				"south": {"uv": [1, 15.25, 0.93976, 15.25], "texture": "#10"},
				"west": {"uv": [1, 15.25, 0.93976, 15.25], "texture": "#10"},
				"up": {"uv": [1, 15.25, 0.93976, 15.25], "texture": "#10"},
				"down": {"uv": [1, 15.25, 0.93976, 15.25], "texture": "#10"}
			}
		},
		{
			"from": [3, -0.5, 0.5],
			"to": [13, 0, 1],
			"rotation": {"angle": 0, "axis": "y", "origin": [7, 7.75, 8]},
			"faces": {
				"north": {"uv": [1, 15.25, 0.93976, 15.25], "texture": "#10"},
				"east": {"uv": [1, 15.25, 0.93976, 15.25], "texture": "#10"},
				"south": {"uv": [1, 15.25, 0.93976, 15.25], "texture": "#10"},
				"west": {"uv": [1, 15.25, 0.93976, 15.25], "texture": "#10"},
				"up": {"uv": [1, 15.25, 0.93976, 15.25], "texture": "#10"},
				"down": {"uv": [1, 15.25, 0.93976, 15.25], "texture": "#10"}
			}
		},
		{
			"from": [3, -0.5, 15],
			"to": [13, 0, 15.5],
			"rotation": {"angle": 0, "axis": "y", "origin": [7, 7.75, 8]},
			"faces": {
				"north": {"uv": [1, 15.25, 0.93976, 15.25], "texture": "#10"},
				"east": {"uv": [1, 15.25, 0.93976, 15.25], "texture": "#10"},
				"south": {"uv": [1, 15.25, 0.93976, 15.25], "texture": "#10"},
				"west": {"uv": [1, 15.25, 0.93976, 15.25], "texture": "#10"},
				"up": {"uv": [1, 15.25, 0.93976, 15.25], "texture": "#10"},
				"down": {"uv": [1, 15.25, 0.93976, 15.25], "texture": "#10"}
			}
		},
		{
			"from": [2.5, 0, 0],
			"to": [13.5, 0.5, 1.5],
			"rotation": {"angle": 0, "axis": "y", "origin": [7, 7.75, 8]},
			"faces": {
				"north": {"uv": [1, 15.25, 0.93976, 15.25], "texture": "#10"},
				"east": {"uv": [1, 15.25, 0.93976, 15.25], "texture": "#10"},
				"south": {"uv": [1, 15.25, 0.93976, 15.25], "texture": "#10"},
				"west": {"uv": [1, 15.25, 0.93976, 15.25], "texture": "#10"},
				"up": {"uv": [1, 15.25, 0.93976, 15.25], "texture": "#10"},
				"down": {"uv": [1, 15.25, 0.93976, 15.25], "texture": "#10"}
			}
		},
		{
			"from": [2.5, 1, 10.5],
			"to": [3, 1.5, 12],
			"rotation": {"angle": 0, "axis": "y", "origin": [9, 8.25, 8]},
			"faces": {
				"north": {"uv": [15, 0.45, 15, 0.25], "texture": "#10"},
				"east": {"uv": [15, 1.05, 15, 0.85], "texture": "#10"},
				"south": {"uv": [15, 0.45, 15, 0.25], "texture": "#10"},
				"west": {"uv": [15, 1.25, 15, 1.05], "texture": "#10"},
				"up": {"uv": [15, 0.65, 15, 0.85], "rotation": 270, "texture": "#10"},
				"down": {"uv": [15, 0.65, 15, 0.45], "rotation": 90, "texture": "#10"}
			}
		},
		{
			"from": [3.5, 1, 10.5],
			"to": [4, 1.5, 12],
			"rotation": {"angle": 0, "axis": "y", "origin": [9, 8.25, 8]},
			"faces": {
				"north": {"uv": [15, 0.45, 15, 0.25], "texture": "#10"},
				"east": {"uv": [15, 1.05, 15, 0.85], "texture": "#10"},
				"south": {"uv": [15, 0.45, 15, 0.25], "texture": "#10"},
				"west": {"uv": [15, 1.25, 15, 1.05], "texture": "#10"},
				"up": {"uv": [15, 0.65, 15, 0.85], "rotation": 270, "texture": "#10"},
				"down": {"uv": [15, 0.65, 15, 0.45], "rotation": 90, "texture": "#10"}
			}
		},
		{
			"from": [2.5, 1.5, 10.5],
			"to": [4, 2, 12],
			"rotation": {"angle": 0, "axis": "y", "origin": [9, 8.25, 8]},
			"faces": {
				"north": {"uv": [15, 0.45, 15, 0.25], "texture": "#10"},
				"east": {"uv": [15, 1.05, 15, 0.85], "texture": "#10"},
				"south": {"uv": [15, 0.45, 15, 0.25], "texture": "#10"},
				"west": {"uv": [15, 1.25, 15, 1.05], "texture": "#10"},
				"up": {"uv": [15, 0.65, 15, 0.85], "rotation": 270, "texture": "#10"},
				"down": {"uv": [15, 0.65, 15, 0.45], "rotation": 90, "texture": "#10"}
			}
		},
		{
			"from": [2, -0.5, 10.5],
			"to": [2.5, 1.5, 12],
			"rotation": {"angle": 0, "axis": "y", "origin": [9, 8.25, 8]},
			"faces": {
				"north": {"uv": [15, 0.45, 15, 0.25], "texture": "#10"},
				"east": {"uv": [15, 1.05, 15, 0.85], "texture": "#10"},
				"south": {"uv": [15, 0.45, 15, 0.25], "texture": "#10"},
				"west": {"uv": [15, 1.25, 15, 1.05], "texture": "#10"},
				"up": {"uv": [15, 0.65, 15, 0.85], "rotation": 270, "texture": "#10"},
				"down": {"uv": [15, 0.65, 15, 0.45], "rotation": 90, "texture": "#10"}
			}
		},
		{
			"from": [2.5, -0.5, 10.5],
			"to": [3, 0, 12],
			"rotation": {"angle": 0, "axis": "y", "origin": [9, 8.25, 8]},
			"faces": {
				"north": {"uv": [15, 0.45, 15, 0.25], "texture": "#10"},
				"east": {"uv": [15, 1.05, 15, 0.85], "texture": "#10"},
				"south": {"uv": [15, 0.45, 15, 0.25], "texture": "#10"},
				"west": {"uv": [15, 1.25, 15, 1.05], "texture": "#10"},
				"up": {"uv": [15, 0.65, 15, 0.85], "rotation": 270, "texture": "#10"},
				"down": {"uv": [15, 0.65, 15, 0.45], "rotation": 90, "texture": "#10"}
			}
		},
		{
			"from": [2.5, -1, 10.5],
			"to": [4, -0.5, 12],
			"rotation": {"angle": 0, "axis": "y", "origin": [9, 8.25, 8]},
			"faces": {
				"north": {"uv": [15, 0.45, 15, 0.25], "texture": "#10"},
				"east": {"uv": [15, 1.05, 15, 0.85], "texture": "#10"},
				"south": {"uv": [15, 0.45, 15, 0.25], "texture": "#10"},
				"west": {"uv": [15, 1.25, 15, 1.05], "texture": "#10"},
				"up": {"uv": [15, 0.65, 15, 0.85], "rotation": 270, "texture": "#10"},
				"down": {"uv": [15, 0.65, 15, 0.45], "rotation": 90, "texture": "#10"}
			}
		},
		{
			"from": [3.5, -0.5, 10.5],
			"to": [4.5, 0, 12],
			"rotation": {"angle": 0, "axis": "y", "origin": [9, 8.25, 8]},
			"faces": {
				"north": {"uv": [15, 0.45, 15, 0.25], "texture": "#10"},
				"east": {"uv": [15, 1.05, 15, 0.85], "texture": "#10"},
				"south": {"uv": [15, 0.45, 15, 0.25], "texture": "#10"},
				"west": {"uv": [15, 1.25, 15, 1.05], "texture": "#10"},
				"up": {"uv": [15, 0.65, 15, 0.85], "rotation": 270, "texture": "#10"},
				"down": {"uv": [15, 0.65, 15, 0.45], "rotation": 90, "texture": "#10"}
			}
		},
		{
			"from": [4.5, -0.5, 11],
			"to": [5, 0, 11.5],
			"rotation": {"angle": 0, "axis": "y", "origin": [9, 8.25, 8]},
			"faces": {
				"north": {"uv": [15, 0.45, 15, 0.25], "texture": "#10"},
				"east": {"uv": [15, 1.05, 15, 0.85], "texture": "#10"},
				"south": {"uv": [15, 0.45, 15, 0.25], "texture": "#10"},
				"west": {"uv": [15, 1.25, 15, 1.05], "texture": "#10"},
				"up": {"uv": [15, 0.65, 15, 0.85], "rotation": 270, "texture": "#10"},
				"down": {"uv": [15, 0.65, 15, 0.45], "rotation": 90, "texture": "#10"}
			}
		},
		{
			"from": [13, 1, 4],
			"to": [13.5, 1.5, 5.5],
			"rotation": {"angle": 0, "axis": "y", "origin": [9, 8.25, 8]},
			"faces": {
				"north": {"uv": [15, 0.45, 15, 0.25], "texture": "#10"},
				"east": {"uv": [15, 1.25, 15, 1.05], "texture": "#10"},
				"south": {"uv": [15, 0.45, 15, 0.25], "texture": "#10"},
				"west": {"uv": [15, 1.05, 15, 0.85], "texture": "#10"},
				"up": {"uv": [15, 0.65, 15, 0.85], "rotation": 90, "texture": "#10"},
				"down": {"uv": [15, 0.65, 15, 0.45], "rotation": 270, "texture": "#10"}
			}
		},
		{
			"from": [12, 1, 4],
			"to": [12.5, 1.5, 5.5],
			"rotation": {"angle": 0, "axis": "y", "origin": [9, 8.25, 8]},
			"faces": {
				"north": {"uv": [15, 0.45, 15, 0.25], "texture": "#10"},
				"east": {"uv": [15, 1.25, 15, 1.05], "texture": "#10"},
				"south": {"uv": [15, 0.45, 15, 0.25], "texture": "#10"},
				"west": {"uv": [15, 1.05, 15, 0.85], "texture": "#10"},
				"up": {"uv": [15, 0.65, 15, 0.85], "rotation": 90, "texture": "#10"},
				"down": {"uv": [15, 0.65, 15, 0.45], "rotation": 270, "texture": "#10"}
			}
		},
		{
			"from": [12, 1.5, 4],
			"to": [13.5, 2, 5.5],
			"rotation": {"angle": 0, "axis": "y", "origin": [9, 8.25, 8]},
			"faces": {
				"north": {"uv": [15, 0.45, 15, 0.25], "texture": "#10"},
				"east": {"uv": [15, 1.25, 15, 1.05], "texture": "#10"},
				"south": {"uv": [15, 0.45, 15, 0.25], "texture": "#10"},
				"west": {"uv": [15, 1.05, 15, 0.85], "texture": "#10"},
				"up": {"uv": [15, 0.65, 15, 0.85], "rotation": 90, "texture": "#10"},
				"down": {"uv": [15, 0.65, 15, 0.45], "rotation": 270, "texture": "#10"}
			}
		},
		{
			"from": [13.5, -0.5, 4],
			"to": [14, 1.5, 5.5],
			"rotation": {"angle": 0, "axis": "y", "origin": [9, 8.25, 8]},
			"faces": {
				"north": {"uv": [15, 0.45, 15, 0.25], "texture": "#10"},
				"east": {"uv": [15, 1.25, 15, 1.05], "texture": "#10"},
				"south": {"uv": [15, 0.45, 15, 0.25], "texture": "#10"},
				"west": {"uv": [15, 1.05, 15, 0.85], "texture": "#10"},
				"up": {"uv": [15, 0.65, 15, 0.85], "rotation": 90, "texture": "#10"},
				"down": {"uv": [15, 0.65, 15, 0.45], "rotation": 270, "texture": "#10"}
			}
		},
		{
			"from": [13, -0.5, 4],
			"to": [13.5, 0, 5.5],
			"rotation": {"angle": 0, "axis": "y", "origin": [9, 8.25, 8]},
			"faces": {
				"north": {"uv": [15, 0.45, 15, 0.25], "texture": "#10"},
				"east": {"uv": [15, 1.25, 15, 1.05], "texture": "#10"},
				"south": {"uv": [15, 0.45, 15, 0.25], "texture": "#10"},
				"west": {"uv": [15, 1.05, 15, 0.85], "texture": "#10"},
				"up": {"uv": [15, 0.65, 15, 0.85], "rotation": 90, "texture": "#10"},
				"down": {"uv": [15, 0.65, 15, 0.45], "rotation": 270, "texture": "#10"}
			}
		},
		{
			"from": [12, -1, 4],
			"to": [13.5, -0.5, 5.5],
			"rotation": {"angle": 0, "axis": "y", "origin": [9, 8.25, 8]},
			"faces": {
				"north": {"uv": [15, 0.45, 15, 0.25], "texture": "#10"},
				"east": {"uv": [15, 1.25, 15, 1.05], "texture": "#10"},
				"south": {"uv": [15, 0.45, 15, 0.25], "texture": "#10"},
				"west": {"uv": [15, 1.05, 15, 0.85], "texture": "#10"},
				"up": {"uv": [15, 0.65, 15, 0.85], "rotation": 90, "texture": "#10"},
				"down": {"uv": [15, 0.65, 15, 0.45], "rotation": 270, "texture": "#10"}
			}
		},
		{
			"from": [11.25, -0.5, 4],
			"to": [12.5, 0, 5.5],
			"rotation": {"angle": 0, "axis": "y", "origin": [9, 8.25, 8]},
			"faces": {
				"north": {"uv": [15, 0.45, 15, 0.25], "texture": "#10"},
				"east": {"uv": [15, 1.25, 15, 1.05], "texture": "#10"},
				"south": {"uv": [15, 0.45, 15, 0.25], "texture": "#10"},
				"west": {"uv": [15, 1.05, 15, 0.85], "texture": "#10"},
				"up": {"uv": [15, 0.65, 15, 0.85], "rotation": 90, "texture": "#10"},
				"down": {"uv": [15, 0.65, 15, 0.45], "rotation": 270, "texture": "#10"}
			}
		},
		{
			"from": [10.75, -0.5, 4.5],
			"to": [11.25, 0, 5],
			"rotation": {"angle": 0, "axis": "y", "origin": [9, 8.25, 8]},
			"faces": {
				"north": {"uv": [15, 0.45, 15, 0.25], "texture": "#10"},
				"east": {"uv": [15, 1.25, 15, 1.05], "texture": "#10"},
				"south": {"uv": [15, 0.45, 15, 0.25], "texture": "#10"},
				"west": {"uv": [15, 1.05, 15, 0.85], "texture": "#10"},
				"up": {"uv": [15, 0.65, 15, 0.85], "rotation": 90, "texture": "#10"},
				"down": {"uv": [15, 0.65, 15, 0.45], "rotation": 270, "texture": "#10"}
			}
		},
		{
			"from": [9.5, 1, 15.5],
			"to": [11, 1.5, 16],
			"rotation": {"angle": 0, "axis": "y", "origin": [9, 8.25, 8]},
			"faces": {
				"north": {"uv": [15, 1.05, 15, 0.85], "texture": "#10"},
				"east": {"uv": [15, 0.45, 15, 0.25], "texture": "#10"},
				"south": {"uv": [15, 1.25, 15, 1.05], "texture": "#10"},
				"west": {"uv": [15, 0.45, 15, 0.25], "texture": "#10"},
				"up": {"uv": [15, 0.85, 15, 0.65], "texture": "#10"},
				"down": {"uv": [15, 0.45, 15, 0.65], "texture": "#10"}
			}
		},
		{
			"from": [9.5, 1, 14.5],
			"to": [11, 1.5, 15],
			"rotation": {"angle": 0, "axis": "y", "origin": [9, 8.25, 8]},
			"faces": {
				"north": {"uv": [15, 1.05, 15, 0.85], "texture": "#10"},
				"east": {"uv": [15, 0.45, 15, 0.25], "texture": "#10"},
				"south": {"uv": [15, 1.25, 15, 1.05], "texture": "#10"},
				"west": {"uv": [15, 0.45, 15, 0.25], "texture": "#10"},
				"up": {"uv": [15, 0.85, 15, 0.65], "texture": "#10"},
				"down": {"uv": [15, 0.45, 15, 0.65], "texture": "#10"}
			}
		},
		{
			"from": [9.5, 1.5, 14.5],
			"to": [11, 2, 16],
			"rotation": {"angle": 0, "axis": "y", "origin": [9, 8.25, 8]},
			"faces": {
				"north": {"uv": [15, 1.05, 15, 0.85], "texture": "#10"},
				"east": {"uv": [15, 0.45, 15, 0.25], "texture": "#10"},
				"south": {"uv": [15, 1.25, 15, 1.05], "texture": "#10"},
				"west": {"uv": [15, 0.45, 15, 0.25], "texture": "#10"},
				"up": {"uv": [15, 0.85, 15, 0.65], "texture": "#10"},
				"down": {"uv": [15, 0.45, 15, 0.65], "texture": "#10"}
			}
		},
		{
			"from": [9.5, -0.5, 16],
			"to": [11, 1.5, 16.5],
			"rotation": {"angle": 0, "axis": "y", "origin": [9, 8.25, 8]},
			"faces": {
				"north": {"uv": [15, 1.05, 15, 0.85], "texture": "#10"},
				"east": {"uv": [15, 0.45, 15, 0.25], "texture": "#10"},
				"south": {"uv": [15, 1.25, 15, 1.05], "texture": "#10"},
				"west": {"uv": [15, 0.45, 15, 0.25], "texture": "#10"},
				"up": {"uv": [15, 0.85, 15, 0.65], "texture": "#10"},
				"down": {"uv": [15, 0.45, 15, 0.65], "texture": "#10"}
			}
		},
		{
			"from": [9.5, -0.5, 15.5],
			"to": [11, 0, 16],
			"rotation": {"angle": 0, "axis": "y", "origin": [9, 8.25, 8]},
			"faces": {
				"north": {"uv": [15, 1.05, 15, 0.85], "texture": "#10"},
				"east": {"uv": [15, 0.45, 15, 0.25], "texture": "#10"},
				"south": {"uv": [15, 1.25, 15, 1.05], "texture": "#10"},
				"west": {"uv": [15, 0.45, 15, 0.25], "texture": "#10"},
				"up": {"uv": [15, 0.85, 15, 0.65], "texture": "#10"},
				"down": {"uv": [15, 0.45, 15, 0.65], "texture": "#10"}
			}
		},
		{
			"from": [9.5, -1, 14.5],
			"to": [11, -0.5, 16],
			"rotation": {"angle": 0, "axis": "y", "origin": [9, 8.25, 8]},
			"faces": {
				"north": {"uv": [15, 1.05, 15, 0.85], "texture": "#10"},
				"east": {"uv": [15, 0.45, 15, 0.25], "texture": "#10"},
				"south": {"uv": [15, 1.25, 15, 1.05], "texture": "#10"},
				"west": {"uv": [15, 0.45, 15, 0.25], "texture": "#10"},
				"up": {"uv": [15, 0.85, 15, 0.65], "texture": "#10"},
				"down": {"uv": [15, 0.45, 15, 0.65], "texture": "#10"}
			}
		},
		{
			"from": [9.5, -0.5, 14],
			"to": [11, 0, 15],
			"rotation": {"angle": 0, "axis": "y", "origin": [9, 8.25, 8]},
			"faces": {
				"north": {"uv": [15, 1.05, 15, 0.85], "texture": "#10"},
				"east": {"uv": [15, 0.45, 15, 0.25], "texture": "#10"},
				"south": {"uv": [15, 1.25, 15, 1.05], "texture": "#10"},
				"west": {"uv": [15, 0.45, 15, 0.25], "texture": "#10"},
				"up": {"uv": [15, 0.85, 15, 0.65], "texture": "#10"},
				"down": {"uv": [15, 0.45, 15, 0.65], "texture": "#10"}
			}
		},
		{
			"from": [10, -0.5, 13.5],
			"to": [10.5, 0, 14],
			"rotation": {"angle": 0, "axis": "y", "origin": [9, 8.25, 8]},
			"faces": {
				"north": {"uv": [15, 1.05, 15, 0.85], "texture": "#10"},
				"east": {"uv": [15, 0.45, 15, 0.25], "texture": "#10"},
				"south": {"uv": [15, 1.25, 15, 1.05], "texture": "#10"},
				"west": {"uv": [15, 0.45, 15, 0.25], "texture": "#10"},
				"up": {"uv": [15, 0.85, 15, 0.65], "texture": "#10"},
				"down": {"uv": [15, 0.45, 15, 0.65], "texture": "#10"}
			}
		},
		{
			"from": [5, 1, 15.5],
			"to": [6.5, 1.5, 16],
			"rotation": {"angle": 0, "axis": "y", "origin": [7, 8.25, 8]},
			"faces": {
				"north": {"uv": [15, 1.05, 15, 0.85], "texture": "#10"},
				"east": {"uv": [15, 0.45, 15, 0.25], "texture": "#10"},
				"south": {"uv": [15, 1.25, 15, 1.05], "texture": "#10"},
				"west": {"uv": [15, 0.45, 15, 0.25], "texture": "#10"},
				"up": {"uv": [15, 0.85, 15, 0.65], "texture": "#10"},
				"down": {"uv": [15, 0.45, 15, 0.65], "texture": "#10"}
			}
		},
		{
			"from": [5, 1, 14.5],
			"to": [6.5, 1.5, 15],
			"rotation": {"angle": 0, "axis": "y", "origin": [7, 8.25, 8]},
			"faces": {
				"north": {"uv": [15, 1.05, 15, 0.85], "texture": "#10"},
				"east": {"uv": [15, 0.45, 15, 0.25], "texture": "#10"},
				"south": {"uv": [15, 1.25, 15, 1.05], "texture": "#10"},
				"west": {"uv": [15, 0.45, 15, 0.25], "texture": "#10"},
				"up": {"uv": [15, 0.85, 15, 0.65], "texture": "#10"},
				"down": {"uv": [15, 0.45, 15, 0.65], "texture": "#10"}
			}
		},
		{
			"from": [5, 1.5, 14.5],
			"to": [6.5, 2, 16],
			"rotation": {"angle": 0, "axis": "y", "origin": [7, 8.25, 8]},
			"faces": {
				"north": {"uv": [15, 1.05, 15, 0.85], "texture": "#10"},
				"east": {"uv": [15, 0.45, 15, 0.25], "texture": "#10"},
				"south": {"uv": [15, 1.25, 15, 1.05], "texture": "#10"},
				"west": {"uv": [15, 0.45, 15, 0.25], "texture": "#10"},
				"up": {"uv": [15, 0.85, 15, 0.65], "texture": "#10"},
				"down": {"uv": [15, 0.45, 15, 0.65], "texture": "#10"}
			}
		},
		{
			"from": [5, -0.5, 16],
			"to": [6.5, 1.5, 16.5],
			"rotation": {"angle": 0, "axis": "y", "origin": [7, 8.25, 8]},
			"faces": {
				"north": {"uv": [15, 1.05, 15, 0.85], "texture": "#10"},
				"east": {"uv": [15, 0.45, 15, 0.25], "texture": "#10"},
				"south": {"uv": [15, 1.25, 15, 1.05], "texture": "#10"},
				"west": {"uv": [15, 0.45, 15, 0.25], "texture": "#10"},
				"up": {"uv": [15, 0.85, 15, 0.65], "texture": "#10"},
				"down": {"uv": [15, 0.45, 15, 0.65], "texture": "#10"}
			}
		},
		{
			"from": [5, -0.5, 15.5],
			"to": [6.5, 0, 16],
			"rotation": {"angle": 0, "axis": "y", "origin": [7, 8.25, 8]},
			"faces": {
				"north": {"uv": [15, 1.05, 15, 0.85], "texture": "#10"},
				"east": {"uv": [15, 0.45, 15, 0.25], "texture": "#10"},
				"south": {"uv": [15, 1.25, 15, 1.05], "texture": "#10"},
				"west": {"uv": [15, 0.45, 15, 0.25], "texture": "#10"},
				"up": {"uv": [15, 0.85, 15, 0.65], "texture": "#10"},
				"down": {"uv": [15, 0.45, 15, 0.65], "texture": "#10"}
			}
		},
		{
			"from": [5, -1, 14.5],
			"to": [6.5, -0.5, 16],
			"rotation": {"angle": 0, "axis": "y", "origin": [7, 8.25, 8]},
			"faces": {
				"north": {"uv": [15, 1.05, 15, 0.85], "texture": "#10"},
				"east": {"uv": [15, 0.45, 15, 0.25], "texture": "#10"},
				"south": {"uv": [15, 1.25, 15, 1.05], "texture": "#10"},
				"west": {"uv": [15, 0.45, 15, 0.25], "texture": "#10"},
				"up": {"uv": [15, 0.85, 15, 0.65], "texture": "#10"},
				"down": {"uv": [15, 0.45, 15, 0.65], "texture": "#10"}
			}
		},
		{
			"from": [5, -0.5, 14],
			"to": [6.5, 0, 15],
			"rotation": {"angle": 0, "axis": "y", "origin": [7, 8.25, 8]},
			"faces": {
				"north": {"uv": [15, 1.05, 15, 0.85], "texture": "#10"},
				"east": {"uv": [15, 0.45, 15, 0.25], "texture": "#10"},
				"south": {"uv": [15, 1.25, 15, 1.05], "texture": "#10"},
				"west": {"uv": [15, 0.45, 15, 0.25], "texture": "#10"},
				"up": {"uv": [15, 0.85, 15, 0.65], "texture": "#10"},
				"down": {"uv": [15, 0.45, 15, 0.65], "texture": "#10"}
			}
		},
		{
			"from": [5.5, -0.5, 13.5],
			"to": [6, 0, 14],
			"rotation": {"angle": 0, "axis": "y", "origin": [7, 8.25, 8]},
			"faces": {
				"north": {"uv": [15, 1.05, 15, 0.85], "texture": "#10"},
				"east": {"uv": [15, 0.45, 15, 0.25], "texture": "#10"},
				"south": {"uv": [15, 1.25, 15, 1.05], "texture": "#10"},
				"west": {"uv": [15, 0.45, 15, 0.25], "texture": "#10"},
				"up": {"uv": [15, 0.85, 15, 0.65], "texture": "#10"},
				"down": {"uv": [15, 0.45, 15, 0.65], "texture": "#10"}
			}
		},
		{
			"from": [5, 1, 0],
			"to": [6.5, 1.5, 0.5],
			"rotation": {"angle": 0, "axis": "y", "origin": [7, 8.25, 8]},
			"faces": {
				"north": {"uv": [15, 1.25, 15, 1.05], "texture": "#10"},
				"east": {"uv": [15, 0.45, 15, 0.25], "texture": "#10"},
				"south": {"uv": [15, 1.05, 15, 0.85], "texture": "#10"},
				"west": {"uv": [15, 0.45, 15, 0.25], "texture": "#10"},
				"up": {"uv": [15, 0.65, 15, 0.85], "texture": "#10"},
				"down": {"uv": [15, 0.65, 15, 0.45], "texture": "#10"}
			}
		},
		{
			"from": [5, 1, 1],
			"to": [6.5, 1.5, 1.5],
			"rotation": {"angle": 0, "axis": "y", "origin": [7, 8.25, 8]},
			"faces": {
				"north": {"uv": [15, 1.25, 15, 1.05], "texture": "#10"},
				"east": {"uv": [15, 0.45, 15, 0.25], "texture": "#10"},
				"south": {"uv": [15, 1.05, 15, 0.85], "texture": "#10"},
				"west": {"uv": [15, 0.45, 15, 0.25], "texture": "#10"},
				"up": {"uv": [15, 0.65, 15, 0.85], "texture": "#10"},
				"down": {"uv": [15, 0.65, 15, 0.45], "texture": "#10"}
			}
		},
		{
			"from": [5, 1.5, 0],
			"to": [6.5, 2, 1.5],
			"rotation": {"angle": 0, "axis": "y", "origin": [7, 8.25, 8]},
			"faces": {
				"north": {"uv": [15, 1.25, 15, 1.05], "texture": "#10"},
				"east": {"uv": [15, 0.45, 15, 0.25], "texture": "#10"},
				"south": {"uv": [15, 1.05, 15, 0.85], "texture": "#10"},
				"west": {"uv": [15, 0.45, 15, 0.25], "texture": "#10"},
				"up": {"uv": [15, 0.65, 15, 0.85], "texture": "#10"},
				"down": {"uv": [15, 0.65, 15, 0.45], "texture": "#10"}
			}
		},
		{
			"from": [5, -0.5, -0.5],
			"to": [6.5, 1.5, 0],
			"rotation": {"angle": 0, "axis": "y", "origin": [7, 8.25, 8]},
			"faces": {
				"north": {"uv": [15, 1.25, 15, 1.05], "texture": "#10"},
				"east": {"uv": [15, 0.45, 15, 0.25], "texture": "#10"},
				"south": {"uv": [15, 1.05, 15, 0.85], "texture": "#10"},
				"west": {"uv": [15, 0.45, 15, 0.25], "texture": "#10"},
				"up": {"uv": [15, 0.65, 15, 0.85], "texture": "#10"},
				"down": {"uv": [15, 0.65, 15, 0.45], "texture": "#10"}
			}
		},
		{
			"from": [5, -0.5, 0],
			"to": [6.5, 0, 0.5],
			"rotation": {"angle": 0, "axis": "y", "origin": [7, 8.25, 8]},
			"faces": {
				"north": {"uv": [15, 1.25, 15, 1.05], "texture": "#10"},
				"east": {"uv": [15, 0.45, 15, 0.25], "texture": "#10"},
				"south": {"uv": [15, 1.05, 15, 0.85], "texture": "#10"},
				"west": {"uv": [15, 0.45, 15, 0.25], "texture": "#10"},
				"up": {"uv": [15, 0.65, 15, 0.85], "texture": "#10"},
				"down": {"uv": [15, 0.65, 15, 0.45], "texture": "#10"}
			}
		},
		{
			"from": [5, -1, 0],
			"to": [6.5, -0.5, 1.5],
			"rotation": {"angle": 0, "axis": "y", "origin": [7, 8.25, 8]},
			"faces": {
				"north": {"uv": [15, 1.25, 15, 1.05], "texture": "#10"},
				"east": {"uv": [15, 0.45, 15, 0.25], "texture": "#10"},
				"south": {"uv": [15, 1.05, 15, 0.85], "texture": "#10"},
				"west": {"uv": [15, 0.45, 15, 0.25], "texture": "#10"},
				"up": {"uv": [15, 0.65, 15, 0.85], "texture": "#10"},
				"down": {"uv": [15, 0.65, 15, 0.45], "texture": "#10"}
			}
		},
		{
			"from": [5, -0.5, 1],
			"to": [6.5, 0, 2],
			"rotation": {"angle": 0, "axis": "y", "origin": [7, 8.25, 8]},
			"faces": {
				"north": {"uv": [15, 1.25, 15, 1.05], "texture": "#10"},
				"east": {"uv": [15, 0.45, 15, 0.25], "texture": "#10"},
				"south": {"uv": [15, 1.05, 15, 0.85], "texture": "#10"},
				"west": {"uv": [15, 0.45, 15, 0.25], "texture": "#10"},
				"up": {"uv": [15, 0.65, 15, 0.85], "texture": "#10"},
				"down": {"uv": [15, 0.65, 15, 0.45], "texture": "#10"}
			}
		},
		{
			"from": [5.5, -0.5, 2],
			"to": [6, 0, 2.5],
			"rotation": {"angle": 0, "axis": "y", "origin": [7, 8.25, 8]},
			"faces": {
				"north": {"uv": [15, 1.25, 15, 1.05], "texture": "#10"},
				"east": {"uv": [15, 0.45, 15, 0.25], "texture": "#10"},
				"south": {"uv": [15, 1.05, 15, 0.85], "texture": "#10"},
				"west": {"uv": [15, 0.45, 15, 0.25], "texture": "#10"},
				"up": {"uv": [15, 0.65, 15, 0.85], "texture": "#10"},
				"down": {"uv": [15, 0.65, 15, 0.45], "texture": "#10"}
			}
		},
		{
			"from": [9.5, 1, 0],
			"to": [11, 1.5, 0.5],
			"rotation": {"angle": 0, "axis": "y", "origin": [9, 8.25, 8]},
			"faces": {
				"north": {"uv": [15, 1.25, 15, 1.05], "texture": "#10"},
				"east": {"uv": [15, 0.45, 15, 0.25], "texture": "#10"},
				"south": {"uv": [15, 1.05, 15, 0.85], "texture": "#10"},
				"west": {"uv": [15, 0.45, 15, 0.25], "texture": "#10"},
				"up": {"uv": [15, 0.65, 15, 0.85], "texture": "#10"},
				"down": {"uv": [15, 0.65, 15, 0.45], "texture": "#10"}
			}
		},
		{
			"from": [9.5, 1, 1],
			"to": [11, 1.5, 1.5],
			"rotation": {"angle": 0, "axis": "y", "origin": [9, 8.25, 8]},
			"faces": {
				"north": {"uv": [15, 1.25, 15, 1.05], "texture": "#10"},
				"east": {"uv": [15, 0.45, 15, 0.25], "texture": "#10"},
				"south": {"uv": [15, 1.05, 15, 0.85], "texture": "#10"},
				"west": {"uv": [15, 0.45, 15, 0.25], "texture": "#10"},
				"up": {"uv": [15, 0.65, 15, 0.85], "texture": "#10"},
				"down": {"uv": [15, 0.65, 15, 0.45], "texture": "#10"}
			}
		},
		{
			"from": [9.5, 1.5, 0],
			"to": [11, 2, 1.5],
			"rotation": {"angle": 0, "axis": "y", "origin": [9, 8.25, 8]},
			"faces": {
				"north": {"uv": [15, 1.25, 15, 1.05], "texture": "#10"},
				"east": {"uv": [15, 0.45, 15, 0.25], "texture": "#10"},
				"south": {"uv": [15, 1.05, 15, 0.85], "texture": "#10"},
				"west": {"uv": [15, 0.45, 15, 0.25], "texture": "#10"},
				"up": {"uv": [15, 0.65, 15, 0.85], "texture": "#10"},
				"down": {"uv": [15, 0.65, 15, 0.45], "texture": "#10"}
			}
		},
		{
			"from": [9.5, -0.5, -0.5],
			"to": [11, 1.5, 0],
			"rotation": {"angle": 0, "axis": "y", "origin": [9, 8.25, 8]},
			"faces": {
				"north": {"uv": [15, 1.25, 15, 1.05], "texture": "#10"},
				"east": {"uv": [15, 0.45, 15, 0.25], "texture": "#10"},
				"south": {"uv": [15, 1.05, 15, 0.85], "texture": "#10"},
				"west": {"uv": [15, 0.45, 15, 0.25], "texture": "#10"},
				"up": {"uv": [15, 0.65, 15, 0.85], "texture": "#10"},
				"down": {"uv": [15, 0.65, 15, 0.45], "texture": "#10"}
			}
		},
		{
			"from": [9.5, -0.5, 0],
			"to": [11, 0, 0.5],
			"rotation": {"angle": 0, "axis": "y", "origin": [9, 8.25, 8]},
			"faces": {
				"north": {"uv": [15, 1.25, 15, 1.05], "texture": "#10"},
				"east": {"uv": [15, 0.45, 15, 0.25], "texture": "#10"},
				"south": {"uv": [15, 1.05, 15, 0.85], "texture": "#10"},
				"west": {"uv": [15, 0.45, 15, 0.25], "texture": "#10"},
				"up": {"uv": [15, 0.65, 15, 0.85], "texture": "#10"},
				"down": {"uv": [15, 0.65, 15, 0.45], "texture": "#10"}
			}
		},
		{
			"from": [9.5, -1, 0],
			"to": [11, -0.5, 1.5],
			"rotation": {"angle": 0, "axis": "y", "origin": [9, 8.25, 8]},
			"faces": {
				"north": {"uv": [15, 1.25, 15, 1.05], "texture": "#10"},
				"east": {"uv": [15, 0.45, 15, 0.25], "texture": "#10"},
				"south": {"uv": [15, 1.05, 15, 0.85], "texture": "#10"},
				"west": {"uv": [15, 0.45, 15, 0.25], "texture": "#10"},
				"up": {"uv": [15, 0.65, 15, 0.85], "texture": "#10"},
				"down": {"uv": [15, 0.65, 15, 0.45], "texture": "#10"}
			}
		},
		{
			"from": [9.5, -0.5, 1],
			"to": [11, 0, 2],
			"rotation": {"angle": 0, "axis": "y", "origin": [9, 8.25, 8]},
			"faces": {
				"north": {"uv": [15, 1.25, 15, 1.05], "texture": "#10"},
				"east": {"uv": [15, 0.45, 15, 0.25], "texture": "#10"},
				"south": {"uv": [15, 1.05, 15, 0.85], "texture": "#10"},
				"west": {"uv": [15, 0.45, 15, 0.25], "texture": "#10"},
				"up": {"uv": [15, 0.65, 15, 0.85], "texture": "#10"},
				"down": {"uv": [15, 0.65, 15, 0.45], "texture": "#10"}
			}
		},
		{
			"from": [10, -0.5, 2],
			"to": [10.5, 0, 2.5],
			"rotation": {"angle": 0, "axis": "y", "origin": [9, 8.25, 8]},
			"faces": {
				"north": {"uv": [15, 1.25, 15, 1.05], "texture": "#10"},
				"east": {"uv": [15, 0.45, 15, 0.25], "texture": "#10"},
				"south": {"uv": [15, 1.05, 15, 0.85], "texture": "#10"},
				"west": {"uv": [15, 0.45, 15, 0.25], "texture": "#10"},
				"up": {"uv": [15, 0.65, 15, 0.85], "texture": "#10"},
				"down": {"uv": [15, 0.65, 15, 0.45], "texture": "#10"}
			}
		}
	],
	"display": {
		"thirdperson_righthand": {
			"rotation": [180, 0, -90],
			"translation": [7, -2, 3.5],
			"scale": [0.67, 0.67, 0.67]
		},
		"thirdperson_lefthand": {
			"rotation": [0, 0, -90],
			"translation": [7.25, -1.75, 4],
			"scale": [0.67, 0.67, 0.67]
		},
		"firstperson_righthand": {
			"translation": [5, 8.25, 0]
		},
		"firstperson_lefthand": {
			"translation": [4, 8.5, 0]
		},
		"ground": {
			"rotation": [-90, -45, 0],
			"translation": [0, 9.25, 0]
		},
		"gui": {
			"rotation": [90, -45, 0],
			"scale": [0.74, 0.74, 0.74]
		},
		"fixed": {
			"rotation": [-90, 0, 0],
			"translation": [0, 0, -7.75]
		}
	},
	"groups": [
		{
			"name": "group",
			"origin": [8, 8, 8],
			"color": 0,
			"nbt": "{}",
			"armAnimationEnabled": false,
			"children": [
				{
					"name": "Base",
					"origin": [8, 8, 8],
					"color": 0,
					"nbt": "{}",
					"armAnimationEnabled": false,
					"children": [0]
				},
				{
					"name": "Pipe",
					"origin": [8, 8, 8],
					"color": 0,
					"nbt": "{}",
					"armAnimationEnabled": false,
					"children": [
						1,
						2,
						3,
						4,
						5,
						6,
						7,
						8,
						9,
						10,
						11,
						12,
						13,
						14,
						15,
						16,
						17,
						18,
						19,
						20,
						21,
						22,
						23,
						24,
						25,
						26,
						27,
						28,
						29,
						30,
						31,
						32,
						33,
						34,
						35,
						36,
						37,
						38,
						39,
						40,
						41,
						42,
						43,
						44,
						45,
						46,
						47,
						48,
						49,
						50,
						51,
						52,
						53,
						54,
						55,
						56
					]
				},
				{
					"name": "Small Gem",
					"origin": [1, 8.25, 0],
					"color": 0,
					"nbt": "{}",
					"armAnimationEnabled": false,
					"children": [57, 58, 59, 60, 61, 62, 63, 64, 65, 66, 67, 68]
				},
				{
					"name": "Ring Gem",
					"origin": [7, 8.25, 8],
					"color": 0,
					"nbt": "{}",
					"armAnimationEnabled": false,
					"children": [69, 70, 71, 72, 73, 74, 75, 76, 77, 78, 79, 80]
				},
				{
					"name": "Shield Rim",
					"origin": [8, 8, 8],
					"color": 0,
					"nbt": "{}",
					"armAnimationEnabled": false,
					"children": [81, 82, 83, 84, 85, 86, 87, 88, 89, 90, 91, 92, 93, 94, 95, 96]
				},
				{
					"name": "group",
					"origin": [8, 8, 8],
					"color": 0,
					"nbt": "{}",
					"armAnimationEnabled": false,
					"children": [
						{
							"name": "Brown Clips?",
							"origin": [8, 8, 8],
							"color": 0,
							"nbt": "{}",
							"armAnimationEnabled": false,
							"children": [97, 98, 99, 100, 101, 102, 103, 104]
						},
						{
							"name": "Brown Clips?",
							"origin": [8, 8, 8],
							"color": 0,
							"nbt": "{}",
							"armAnimationEnabled": false,
							"children": [105, 106, 107, 108, 109, 110, 111, 112]
						},
						{
							"name": "Brown Clips?",
							"origin": [8, 8, 8],
							"color": 0,
							"nbt": "{}",
							"armAnimationEnabled": false,
							"children": [113, 114, 115, 116, 117, 118, 119, 120]
						},
						{
							"name": "Brown Clips?",
							"origin": [8, 8, 8],
							"color": 0,
							"nbt": "{}",
							"armAnimationEnabled": false,
							"children": [121, 122, 123, 124, 125, 126, 127, 128]
						},
						{
							"name": "Brown Clips?",
							"origin": [8, 8, 8],
							"color": 0,
							"nbt": "{}",
							"armAnimationEnabled": false,
							"children": [129, 130, 131, 132, 133, 134, 135, 136]
						},
						{
							"name": "Brown Clips?",
							"origin": [8, 8, 8],
							"color": 0,
							"nbt": "{}",
							"armAnimationEnabled": false,
							"children": [137, 138, 139, 140, 141, 142, 143, 144]
						}
					]
				}
			]
		}
	]
}
