{
	"credit": "Made with Blockbench",
	"texture_size": [32, 32],
	"textures": {
		"0": "shield_repo:portal-bow",
		"particle": "shield_repo:portal-bow"
	},
	"elements": [
		{
			"from": [7.53333, 4.2, 2.31667],
			"to": [8.53333, 4.4, 2.46667],
			"rotation": {"angle": 22.5, "axis": "z", "origin": [8.03333, 4.3, 2.39167]},
			"faces": {
				"north": {"uv": [4.5, 8, 5, 8.5], "texture": "#0"},
				"east": {"uv": [8, 4.5, 8.5, 5], "texture": "#0"},
				"south": {"uv": [5, 8, 5.5, 8.5], "texture": "#0"},
				"west": {"uv": [8, 5, 8.5, 5.5], "texture": "#0"},
				"up": {"uv": [6, 8.5, 5.5, 8], "texture": "#0"},
				"down": {"uv": [8.5, 5.5, 8, 6], "texture": "#0"}
			}
		},
		{
			"from": [7.53333, 4.2, 2.31667],
			"to": [8.53333, 4.4, 2.46667],
			"rotation": {"angle": -22.5, "axis": "z", "origin": [8.03333, 4.3, 2.39167]},
			"faces": {
				"north": {"uv": [7.5, 3, 8, 3.5], "texture": "#0"},
				"east": {"uv": [3.5, 7.5, 4, 8], "texture": "#0"},
				"south": {"uv": [7.5, 3.5, 8, 4], "texture": "#0"},
				"west": {"uv": [4, 7.5, 4.5, 8], "texture": "#0"},
				"up": {"uv": [8, 4.5, 7.5, 4], "texture": "#0"},
				"down": {"uv": [5, 7.5, 4.5, 8], "texture": "#0"}
			}
		},
		{
			"from": [7.53333, 4.2, 2.31667],
			"to": [8.53333, 4.4, 2.46667],
			"rotation": {"angle": -45, "axis": "z", "origin": [8.03333, 4.3, 2.39167]},
			"faces": {
				"north": {"uv": [7.5, 4.5, 8, 5], "texture": "#0"},
				"east": {"uv": [5, 7.5, 5.5, 8], "texture": "#0"},
				"south": {"uv": [7.5, 5, 8, 5.5], "texture": "#0"},
				"west": {"uv": [5.5, 7.5, 6, 8], "texture": "#0"},
				"up": {"uv": [8, 6, 7.5, 5.5], "texture": "#0"},
				"down": {"uv": [6.5, 7.5, 6, 8], "texture": "#0"}
			}
		},
		{
			"from": [7.93333, 3.8, 2.31667],
			"to": [8.13333, 4.8, 2.46667],
			"rotation": {"angle": 22.5, "axis": "z", "origin": [8.03333, 4.3, 2.39167]},
			"faces": {
				"north": {"uv": [7.5, 6, 8, 6.5], "texture": "#0"},
				"east": {"uv": [6.5, 7.5, 7, 8], "texture": "#0"},
				"south": {"uv": [7.5, 6.5, 8, 7], "texture": "#0"},
				"west": {"uv": [7, 7.5, 7.5, 8], "texture": "#0"},
				"up": {"uv": [8, 7.5, 7.5, 7], "texture": "#0"},
				"down": {"uv": [8, 7.5, 7.5, 8], "texture": "#0"}
			}
		},
		{
			"from": [7.93333, 3.8, 2.31667],
			"to": [8.13333, 4.8, 2.46667],
			"rotation": {"angle": 0, "axis": "y", "origin": [8.03333, 4.3, 2.39167]},
			"faces": {
				"north": {"uv": [0, 8, 0.5, 8.5], "texture": "#0"},
				"east": {"uv": [8, 0, 8.5, 0.5], "texture": "#0"},
				"south": {"uv": [0.5, 8, 1, 8.5], "texture": "#0"},
				"west": {"uv": [8, 0.5, 8.5, 1], "texture": "#0"},
				"up": {"uv": [1.5, 8.5, 1, 8], "texture": "#0"},
				"down": {"uv": [8.5, 1, 8, 1.5], "texture": "#0"}
			}
		},
		{
			"from": [7.93333, 3.8, 2.31667],
			"to": [8.13333, 4.8, 2.46667],
			"rotation": {"angle": -22.5, "axis": "z", "origin": [8.03333, 4.3, 2.39167]},
			"faces": {
				"north": {"uv": [1.5, 8, 2, 8.5], "texture": "#0"},
				"east": {"uv": [8, 1.5, 8.5, 2], "texture": "#0"},
				"south": {"uv": [2, 8, 2.5, 8.5], "texture": "#0"},
				"west": {"uv": [8, 2, 8.5, 2.5], "texture": "#0"},
				"up": {"uv": [3, 8.5, 2.5, 8], "texture": "#0"},
				"down": {"uv": [8.5, 2.5, 8, 3], "texture": "#0"}
			}
		},
		{
			"from": [7.93333, 3.8, 2.31667],
			"to": [8.13333, 4.8, 2.46667],
			"rotation": {"angle": -45, "axis": "z", "origin": [8.03333, 4.3, 2.39167]},
			"faces": {
				"north": {"uv": [3, 8, 3.5, 8.5], "texture": "#0"},
				"east": {"uv": [8, 3, 8.5, 3.5], "texture": "#0"},
				"south": {"uv": [3.5, 8, 4, 8.5], "texture": "#0"},
				"west": {"uv": [8, 3.5, 8.5, 4], "texture": "#0"},
				"up": {"uv": [4.5, 8.5, 4, 8], "texture": "#0"},
				"down": {"uv": [8.5, 4, 8, 4.5], "texture": "#0"}
			}
		},
		{
			"from": [7.53333, 4.2, 2.31667],
			"to": [8.53333, 4.4, 2.46667],
			"rotation": {"angle": 0, "axis": "y", "origin": [8.03333, 4.3, 2.39167]},
			"faces": {
				"north": {"uv": [7.5, 1.5, 8, 2], "texture": "#0"},
				"east": {"uv": [2, 7.5, 2.5, 8], "texture": "#0"},
				"south": {"uv": [7.5, 2, 8, 2.5], "texture": "#0"},
				"west": {"uv": [2.5, 7.5, 3, 8], "texture": "#0"},
				"up": {"uv": [8, 3, 7.5, 2.5], "texture": "#0"},
				"down": {"uv": [3.5, 7.5, 3, 8], "texture": "#0"}
			}
		},
		{
			"from": [7.45833, 1.95, 2.46667],
			"to": [8.63333, 6.425, 2.74167],
			"rotation": {"angle": 0, "axis": "y", "origin": [8.04583, 4.1875, 2.60417]},
			"faces": {
				"north": {"uv": [3, 0, 3.5, 2], "texture": "#0"},
				"east": {"uv": [3, 2, 3.5, 4], "texture": "#0"},
				"south": {"uv": [3.5, 0, 4, 2], "texture": "#0"},
				"west": {"uv": [3.5, 2, 4, 4], "texture": "#0"},
				"up": {"uv": [5.5, 7, 5, 6.5], "texture": "#0"},
				"down": {"uv": [6, 6.5, 5.5, 7], "texture": "#0"}
			}
		},
		{
			"from": [6.10833, 6.5, 2.20833],
			"to": [9.90833, 6.875, 2.78333],
			"faces": {
				"north": {"uv": [4, 0, 6, 0.5], "texture": "#0"},
				"east": {"uv": [6.5, 5.5, 7, 6], "texture": "#0"},
				"south": {"uv": [4, 0.5, 6, 1], "texture": "#0"},
				"west": {"uv": [6, 6.5, 6.5, 7], "texture": "#0"},
				"up": {"uv": [6, 1.5, 4, 1], "texture": "#0"},
				"down": {"uv": [6, 1.5, 4, 2], "texture": "#0"}
			}
		},
		{
			"from": [9.53333, 1.95, 2.20833],
			"to": [9.90833, 6.5, 2.78333],
			"faces": {
				"north": {"uv": [2, 0, 2.5, 2.5], "texture": "#0"},
				"east": {"uv": [0, 2.5, 0.5, 5], "texture": "#0"},
				"south": {"uv": [2.5, 0, 3, 2.5], "texture": "#0"},
				"west": {"uv": [0.5, 2.5, 1, 5], "texture": "#0"},
				"up": {"uv": [8, 1.5, 7.5, 1], "texture": "#0"},
				"down": {"uv": [2, 7.5, 1.5, 8], "texture": "#0"}
			}
		},
		{
			"from": [6.10833, 1.95, 2.20833],
			"to": [6.48333, 6.5, 2.78333],
			"faces": {
				"north": {"uv": [0, 0, 0.5, 2.5], "texture": "#0"},
				"east": {"uv": [0.5, 0, 1, 2.5], "texture": "#0"},
				"south": {"uv": [1, 0, 1.5, 2.5], "texture": "#0"},
				"west": {"uv": [1.5, 0, 2, 2.5], "texture": "#0"},
				"up": {"uv": [8, 1, 7.5, 0.5], "texture": "#0"},
				"down": {"uv": [1.5, 7.5, 1, 8], "texture": "#0"}
			}
		},
		{
			"from": [6.11458, 1.61875, 2.20833],
			"to": [9.93958, 1.99375, 2.78333],
			"rotation": {"angle": 0, "axis": "y", "origin": [8.02396, 5.99687, 2.8875]},
			"faces": {
				"north": {"uv": [4, 2, 6, 2.5], "texture": "#0"},
				"east": {"uv": [6, 7, 6.5, 7.5], "texture": "#0"},
				"south": {"uv": [4, 2.5, 6, 3], "texture": "#0"},
				"west": {"uv": [7, 6, 7.5, 6.5], "texture": "#0"},
				"up": {"uv": [5, 4.5, 3, 4], "texture": "#0"},
				"down": {"uv": [6, 3, 4, 3.5], "texture": "#0"}
			}
		},
		{
			"from": [6.48333, 5.99167, 2.28333],
			"to": [9.53333, 6.54167, 2.70833],
			"faces": {
				"north": {"uv": [5, 5.5, 6.5, 6], "texture": "#0"},
				"east": {"uv": [6.5, 6.5, 7, 7], "texture": "#0"},
				"south": {"uv": [6, 0, 7.5, 0.5], "texture": "#0"},
				"west": {"uv": [0, 7, 0.5, 7.5], "texture": "#0"},
				"up": {"uv": [7.5, 1, 6, 0.5], "texture": "#0"},
				"down": {"uv": [7.5, 1, 6, 1.5], "texture": "#0"}
			}
		},
		{
			"from": [6.93333, 5.49167, 2.28333],
			"to": [9.13333, 6.04167, 2.70833],
			"faces": {
				"north": {"uv": [4, 3.5, 5, 4], "texture": "#0"},
				"east": {"uv": [0.5, 7, 1, 7.5], "texture": "#0"},
				"south": {"uv": [6, 3.5, 7, 4], "texture": "#0"},
				"west": {"uv": [1, 7, 1.5, 7.5], "texture": "#0"},
				"up": {"uv": [7, 4.5, 6, 4], "texture": "#0"},
				"down": {"uv": [7, 4.5, 6, 5], "texture": "#0"}
			}
		},
		{
			"from": [7.33333, 4.99167, 2.28333],
			"to": [8.75833, 5.54167, 2.70833],
			"faces": {
				"north": {"uv": [1.5, 7, 2, 7.5], "texture": "#0"},
				"east": {"uv": [7, 3.5, 7.5, 4], "texture": "#0"},
				"south": {"uv": [4, 7, 4.5, 7.5], "texture": "#0"},
				"west": {"uv": [7, 4, 7.5, 4.5], "texture": "#0"},
				"up": {"uv": [5, 7.5, 4.5, 7], "texture": "#0"},
				"down": {"uv": [7.5, 4.5, 7, 5], "texture": "#0"}
			}
		},
		{
			"from": [7.31458, 3.00208, 2.28333],
			"to": [8.76458, 3.50208, 2.70833],
			"rotation": {"angle": 0, "axis": "y", "origin": [8.02396, 5.99687, 2.8875]},
			"faces": {
				"north": {"uv": [6.5, 7, 7, 7.5], "texture": "#0"},
				"east": {"uv": [7, 6.5, 7.5, 7], "texture": "#0"},
				"south": {"uv": [7, 7, 7.5, 7.5], "texture": "#0"},
				"west": {"uv": [0, 7.5, 0.5, 8], "texture": "#0"},
				"up": {"uv": [8, 0.5, 7.5, 0], "texture": "#0"},
				"down": {"uv": [1, 7.5, 0.5, 8], "texture": "#0"}
			}
		},
		{
			"from": [6.91458, 2.45208, 2.28333],
			"to": [9.11458, 3.00208, 2.70833],
			"rotation": {"angle": 0, "axis": "y", "origin": [8.02396, 5.99687, 2.8875]},
			"faces": {
				"north": {"uv": [5, 6, 6, 6.5], "texture": "#0"},
				"east": {"uv": [5, 7, 5.5, 7.5], "texture": "#0"},
				"south": {"uv": [6, 5, 7, 5.5], "texture": "#0"},
				"west": {"uv": [7, 5, 7.5, 5.5], "texture": "#0"},
				"up": {"uv": [7, 6.5, 6, 6], "texture": "#0"},
				"down": {"uv": [2, 6.5, 1, 7], "texture": "#0"}
			}
		},
		{
			"from": [6.48958, 1.95208, 2.28333],
			"to": [9.56458, 2.45208, 2.70833],
			"rotation": {"angle": 0, "axis": "y", "origin": [8.02396, 5.99687, 2.8875]},
			"faces": {
				"north": {"uv": [6, 1.5, 7.5, 2], "texture": "#0"},
				"east": {"uv": [5.5, 7, 6, 7.5], "texture": "#0"},
				"south": {"uv": [6, 2, 7.5, 2.5], "texture": "#0"},
				"west": {"uv": [7, 5.5, 7.5, 6], "texture": "#0"},
				"up": {"uv": [7.5, 3, 6, 2.5], "texture": "#0"},
				"down": {"uv": [7.5, 3, 6, 3.5], "texture": "#0"}
			}
		},
		{
			"from": [7.53333, 6.875, 2.46667],
			"to": [8.55833, 11.375, 2.99167],
			"rotation": {"angle": 0, "axis": "y", "origin": [8.04583, 4.1875, 2.60417]},
			"faces": {
				"north": {"uv": [1, 4.5, 1.5, 6.5], "texture": "#0"},
				"east": {"uv": [1.5, 4.5, 2, 6.5], "texture": "#0"},
				"south": {"uv": [2, 4.5, 2.5, 6.5], "texture": "#0"},
				"west": {"uv": [2.5, 4.5, 3, 6.5], "texture": "#0"},
				"up": {"uv": [6.5, 8.5, 6, 8], "texture": "#0"},
				"down": {"uv": [8.5, 6, 8, 6.5], "texture": "#0"}
			}
		},
		{
			"from": [7.88333, 6.85, 2.24167],
			"to": [8.13333, 10.525, 2.49167],
			"rotation": {"angle": 0, "axis": "y", "origin": [8.04583, 4.1875, 2.60417]},
			"faces": {
				"north": {"uv": [1, 2.5, 1.5, 4.5], "texture": "#0"},
				"east": {"uv": [1.5, 2.5, 2, 4.5], "texture": "#0"},
				"south": {"uv": [2, 2.5, 2.5, 4.5], "texture": "#0"},
				"west": {"uv": [2.5, 2.5, 3, 4.5], "texture": "#0"},
				"up": {"uv": [4.5, 7, 4, 6.5], "texture": "#0"},
				"down": {"uv": [5, 6.5, 4.5, 7], "texture": "#0"}
			}
		},
		{
			"from": [7.45833, 11.36667, 3.075],
			"to": [8.63333, 15.84167, 3.6],
			"rotation": {"angle": 22.5, "axis": "x", "origin": [8.04583, 12.80417, 2.72917]},
			"faces": {
				"north": {"uv": [3, 4.5, 3.5, 6.5], "texture": "#0"},
				"east": {"uv": [3.5, 4.5, 4, 6.5], "texture": "#0"},
				"south": {"uv": [4, 4.5, 4.5, 6.5], "texture": "#0"},
				"west": {"uv": [4.5, 4.5, 5, 6.5], "texture": "#0"},
				"up": {"uv": [7, 8.5, 6.5, 8], "texture": "#0"},
				"down": {"uv": [8.5, 6.5, 8, 7], "texture": "#0"}
			}
		},
		{
			"from": [7.45833, 15.24797, 2.50984],
			"to": [8.63333, 19.72297, 3.03484],
			"rotation": {"angle": 45, "axis": "x", "origin": [8.04583, 13.31047, 3.59734]},
			"faces": {
				"north": {"uv": [0, 5, 0.5, 7], "texture": "#0"},
				"east": {"uv": [0.5, 5, 1, 7], "texture": "#0"},
				"south": {"uv": [5, 3.5, 5.5, 5.5], "texture": "#0"},
				"west": {"uv": [5.5, 3.5, 6, 5.5], "texture": "#0"},
				"up": {"uv": [7.5, 8.5, 7, 8], "texture": "#0"},
				"down": {"uv": [8.5, 7, 8, 7.5], "texture": "#0"}
			}
		},
		{
			"from": [7.35833, 18.74797, 2.23484],
			"to": [8.68333, 20.99797, 3.05984],
			"rotation": {"angle": 45, "axis": "x", "origin": [8.04583, 13.31047, 3.59734]},
			"faces": {
				"north": {"uv": [2, 6.5, 2.5, 7.5], "texture": "#0"},
				"east": {"uv": [2.5, 6.5, 3, 7.5], "texture": "#0"},
				"south": {"uv": [3, 6.5, 3.5, 7.5], "texture": "#0"},
				"west": {"uv": [3.5, 6.5, 4, 7.5], "texture": "#0"},
				"up": {"uv": [8, 8.5, 7.5, 8], "texture": "#0"},
				"down": {"uv": [8.5, 7.5, 8, 8], "texture": "#0"}
			}
		},
		{
			"from": [7.35833, 12.52297, 2.23484],
			"to": [8.68333, 15.99797, 3.05984],
			"rotation": {"angle": 45, "axis": "x", "origin": [8.04583, 13.31047, 3.59734]},
			"faces": {
				"north": {"uv": [2, 6.5, 2.5, 7.5], "texture": "#0"},
				"east": {"uv": [2.5, 6.5, 3, 7.5], "texture": "#0"},
				"south": {"uv": [3, 6.5, 3.5, 7.5], "texture": "#0"},
				"west": {"uv": [3.5, 6.5, 4, 7.5], "texture": "#0"},
				"up": {"uv": [8, 8.5, 7.5, 8], "texture": "#0"},
				"down": {"uv": [8.5, 7.5, 8, 8], "texture": "#0"}
			}
		},
		{
			"from": [7.88333, 4.45833, 7.625],
			"to": [8.13333, 18.50833, 7.875],
			"rotation": {"angle": 0, "axis": "y", "origin": [8.04583, -7.47917, 2.60417]},
			"faces": {
				"north": {"uv": [1, 2.5, 1.5, 4.5], "texture": "#0"},
				"east": {"uv": [1.5, 2.5, 2, 4.5], "texture": "#0"},
				"south": {"uv": [2, 2.5, 2.5, 4.5], "texture": "#0"},
				"west": {"uv": [2.5, 2.5, 3, 4.5], "texture": "#0"},
				"up": {"uv": [4.5, 7, 4, 6.5], "texture": "#0"},
				"down": {"uv": [5, 6.5, 4.5, 7], "texture": "#0"}
			}
		},
		{
			"from": [7.53333, -2.89167, 2.45],
			"to": [8.55833, 1.60833, 2.975],
			"rotation": {"angle": 0, "axis": "y", "origin": [8.04583, -7.47917, 2.60417]},
			"faces": {
				"north": {"uv": [1, 4.5, 1.5, 6.5], "texture": "#0"},
				"east": {"uv": [1.5, 4.5, 2, 6.5], "texture": "#0"},
				"south": {"uv": [2, 4.5, 2.5, 6.5], "texture": "#0"},
				"west": {"uv": [2.5, 4.5, 3, 6.5], "texture": "#0"},
				"up": {"uv": [6.5, 8.5, 6, 8], "texture": "#0"},
				"down": {"uv": [8.5, 6, 8, 6.5], "texture": "#0"}
			}
		},
		{
			"from": [7.88333, -2.06667, 2.225],
			"to": [8.13333, 1.60833, 2.475],
			"rotation": {"angle": 0, "axis": "y", "origin": [8.04583, -7.47917, 2.60417]},
			"faces": {
				"north": {"uv": [1, 2.5, 1.5, 4.5], "texture": "#0"},
				"east": {"uv": [1.5, 2.5, 2, 4.5], "texture": "#0"},
				"south": {"uv": [2, 2.5, 2.5, 4.5], "texture": "#0"},
				"west": {"uv": [2.5, 2.5, 3, 4.5], "texture": "#0"},
				"up": {"uv": [4.5, 7, 4, 6.5], "texture": "#0"},
				"down": {"uv": [5, 6.5, 4.5, 7], "texture": "#0"}
			}
		},
		{
			"from": [7.88333, -9.96667, 7.625],
			"to": [8.13333, 4.53333, 7.875],
			"rotation": {"angle": 0, "axis": "y", "origin": [8.04583, -7.47917, 2.60417]},
			"faces": {
				"north": {"uv": [1, 2.5, 1.5, 4.5], "texture": "#0"},
				"east": {"uv": [1.5, 2.5, 2, 4.5], "texture": "#0"},
				"south": {"uv": [2, 2.5, 2.5, 4.5], "texture": "#0"},
				"west": {"uv": [2.5, 2.5, 3, 4.5], "texture": "#0"},
				"up": {"uv": [4.5, 7, 4, 6.5], "texture": "#0"},
				"down": {"uv": [5, 6.5, 4.5, 7], "texture": "#0"}
			}
		},
		{
			"from": [7.45833, -6.5437, 0.80984],
			"to": [8.63333, -2.0687, 1.33484],
			"rotation": {"angle": -22.5, "axis": "x", "origin": [8.04583, 1.6438, 3.59734]},
			"faces": {
				"north": {"uv": [3, 4.5, 3.5, 6.5], "texture": "#0"},
				"east": {"uv": [3.5, 4.5, 4, 6.5], "texture": "#0"},
				"south": {"uv": [4, 4.5, 4.5, 6.5], "texture": "#0"},
				"west": {"uv": [4.5, 4.5, 5, 6.5], "texture": "#0"},
				"up": {"uv": [7, 8.5, 6.5, 8], "texture": "#0"},
				"down": {"uv": [8.5, 6.5, 8, 7], "texture": "#0"}
			}
		},
		{
			"from": [7.45833, -6.51649, -3.87135],
			"to": [8.63333, -2.04149, -3.34635],
			"rotation": {"angle": -45, "axis": "x", "origin": [8.04583, 5.17934, 5.96615]},
			"faces": {
				"north": {"uv": [0, 5, 0.5, 7], "texture": "#0"},
				"east": {"uv": [0.5, 5, 1, 7], "texture": "#0"},
				"south": {"uv": [5, 3.5, 5.5, 5.5], "texture": "#0"},
				"west": {"uv": [5.5, 3.5, 6, 5.5], "texture": "#0"},
				"up": {"uv": [7.5, 8.5, 7, 8], "texture": "#0"},
				"down": {"uv": [8.5, 7, 8, 7.5], "texture": "#0"}
			}
		},
		{
			"from": [7.35833, -5.53156, 17.61598],
			"to": [8.68333, -4.70656, 19.86598],
			"rotation": {"angle": 45, "axis": "x", "origin": [8.02083, 6.95594, 7.56598]},
			"faces": {
				"north": {"uv": [8.5, 7.5, 8, 8], "rotation": 180, "texture": "#0"},
				"east": {"uv": [2.5, 6.5, 3, 7.5], "rotation": 270, "texture": "#0"},
				"south": {"uv": [8, 8.5, 7.5, 8], "texture": "#0"},
				"west": {"uv": [3.5, 6.5, 4, 7.5], "rotation": 90, "texture": "#0"},
				"up": {"uv": [2, 6.5, 2.5, 7.5], "rotation": 180, "texture": "#0"},
				"down": {"uv": [3, 6.5, 3.5, 7.5], "texture": "#0"}
			}
		},
		{
			"from": [7.35833, -5.53156, 12.89098],
			"to": [8.68333, -4.70656, 16.36598],
			"rotation": {"angle": 45, "axis": "x", "origin": [8.02083, 6.95594, 7.56598]},
			"faces": {
				"north": {"uv": [8.5, 7.5, 8, 8], "rotation": 180, "texture": "#0"},
				"east": {"uv": [2.5, 6.5, 3, 7.5], "rotation": 270, "texture": "#0"},
				"south": {"uv": [8, 8.5, 7.5, 8], "texture": "#0"},
				"west": {"uv": [3.5, 6.5, 4, 7.5], "rotation": 90, "texture": "#0"},
				"up": {"uv": [2, 6.5, 2.5, 7.5], "rotation": 180, "texture": "#0"},
				"down": {"uv": [3, 6.5, 3.5, 7.5], "texture": "#0"}
			}
		}
	],
	"display": {
		"thirdperson_righthand": {
			"translation": [0, 2, 5.25]
		},
		"thirdperson_lefthand": {
			"translation": [0, 1.25, 5.25]
		},
		"firstperson_righthand": {
			"translation": [1.5, 0.75, 2.75]
		},
		"firstperson_lefthand": {
			"translation": [6, 0, 0]
		},
		"gui": {
			"rotation": [-90, -138, 90],
			"translation": [1.25, -2.25, 0],
			"scale": [0.61, 0.61, 0.61]
		}
	},
	"groups": [
		{
			"name": "Jewel",
			"origin": [8.03333, 4.3, 2.24167],
			"color": 0,
			"children": [0, 1, 2, 3, 4, 5, 6, 7]
		},
		{
			"name": "Center",
			"origin": [8, 8, 8],
			"color": 0,
			"children": [
				8,
				{
					"name": "Frame",
					"origin": [8.02396, 5.99687, 2.8875],
					"color": 0,
					"children": [9, 10, 11, 12]
				},
				{
					"name": "Glass",
					"origin": [8.02396, 5.99687, 2.8875],
					"color": 0,
					"children": [13, 14, 15, 16, 17, 18]
				}
			]
		},
		{
			"name": "Upper",
			"origin": [8, 8, 8],
			"color": 0,
			"children": [19, 20, 21, 22, 23, 24, 25]
		},
		{
			"name": "Upper",
			"origin": [8, 8, 8],
			"color": 0,
			"children": [26, 27, 28, 29, 30, 31, 32]
		}
	]
}