{
	"credit": "Made with Blockbench",
	"textures": {
		"0": "block/glowstone",
		"1": "block/terracotta",
		"2": "block/yellow_terracotta",
		"3": "entity/lead_knot",
		"4": "block/composter_side",
		"particle": "block/glowstone"
	},
	"elements": [
		{
			"from": [7.5, 6.5, 7],
			"to": [8.5, 10.5, 8],
			"rotation": {"angle": 0, "axis": "y", "origin": [15.5, 14.5, 15]},
			"faces": {
				"north": {"uv": [0, 0, 1, 4], "texture": "#4"},
				"east": {"uv": [0, 0, 1, 4], "texture": "#4"},
				"south": {"uv": [0, 0, 1, 4], "texture": "#4"},
				"west": {"uv": [0, 0, 1, 4], "texture": "#4"},
				"up": {"uv": [0, 0, 1, 1], "texture": "#4"},
				"down": {"uv": [0, 0, 1, 1], "texture": "#4"}
			}
		},
		{
			"from": [7.25, 10.5, 6.75],
			"to": [8.75, 10.75, 8.25],
			"rotation": {"angle": 0, "axis": "y", "origin": [15.5, 18.5, 15]},
			"faces": {
				"north": {"uv": [0, 0, 1.5, 0.25], "texture": "#2"},
				"east": {"uv": [0, 0, 1.5, 0.25], "texture": "#2"},
				"south": {"uv": [0, 0, 1.5, 0.25], "texture": "#2"},
				"west": {"uv": [0, 0, 1.5, 0.25], "texture": "#2"},
				"up": {"uv": [0, 0, 1.5, 1.5], "texture": "#2"},
				"down": {"uv": [0, 0, 1.5, 1.5], "texture": "#2"}
			}
		},
		{
			"from": [7.5, 7.45, 10],
			"to": [8.5, 9.44, 10.25],
			"rotation": {"angle": 0, "axis": "y", "origin": [15.5, 17, 18.25]},
			"faces": {
				"north": {"uv": [0, 0, 1, 1.99], "texture": "#2"},
				"east": {"uv": [0, 0, 0.25, 1.99], "texture": "#2"},
				"south": {"uv": [0, 0, 1, 1.99], "texture": "#2"},
				"west": {"uv": [0, 0, 0.25, 1.99], "texture": "#2"},
				"up": {"uv": [0, 0, 1, 0.25], "texture": "#2"},
				"down": {"uv": [0, 0, 1, 0.25], "texture": "#2"}
			}
		},
		{
			"from": [7.5, 6.75, 10.5],
			"to": [8.5, 7, 12],
			"rotation": {"angle": 22.5, "axis": "x", "origin": [15.5, 14.75, 18.75]},
			"faces": {
				"north": {"uv": [0, 0, 1, 0.25], "texture": "#2"},
				"east": {"uv": [0, 0, 1.5, 0.25], "texture": "#2"},
				"south": {"uv": [0, 0, 1, 0.25], "texture": "#2"},
				"west": {"uv": [0, 0, 1.5, 0.25], "texture": "#2"},
				"up": {"uv": [0, 0, 1, 1.5], "texture": "#2"},
				"down": {"uv": [0, 0, 1, 1.5], "texture": "#2"}
			}
		},
		{
			"from": [7.5, 1.85, 12.5],
			"to": [8.5, 2.1, 13.5],
			"rotation": {"angle": 45, "axis": "x", "origin": [15.5, 9.75, 20.75]},
			"faces": {
				"north": {"uv": [0, 0, 1, 0.25], "texture": "#2"},
				"east": {"uv": [0, 0, 1, 0.25], "texture": "#2"},
				"south": {"uv": [0, 0, 1, 0.25], "texture": "#2"},
				"west": {"uv": [0, 0, 1, 0.25], "texture": "#2"},
				"up": {"uv": [0, 0, 1, 1], "texture": "#2"},
				"down": {"uv": [0, 0, 1, 1], "texture": "#2"}
			}
		},
		{
			"from": [7.25, 6.25, 6.75],
			"to": [8.75, 6.5, 8.25],
			"rotation": {"angle": 0, "axis": "y", "origin": [15.5, 14.25, 15]},
			"faces": {
				"north": {"uv": [0, 0, 1.5, 0.25], "texture": "#2"},
				"east": {"uv": [0, 0, 1.5, 0.25], "texture": "#2"},
				"south": {"uv": [0, 0, 1.5, 0.25], "texture": "#2"},
				"west": {"uv": [0, 0, 1.5, 0.25], "texture": "#2"},
				"up": {"uv": [0, 0, 1.5, 1.5], "texture": "#2"},
				"down": {"uv": [0, 0, 1.5, 1.5], "texture": "#2"}
			}
		},
		{
			"from": [7.5, 8.75, 4.5],
			"to": [8.5, 9, 6],
			"rotation": {"angle": -22.5, "axis": "x", "origin": [15.5, 16.75, 12.75]},
			"faces": {
				"north": {"uv": [0, 0, 1, 0.25], "texture": "#2"},
				"east": {"uv": [0, 0, 1.5, 0.25], "texture": "#2"},
				"south": {"uv": [0, 0, 1, 0.25], "texture": "#2"},
				"west": {"uv": [0, 0, 1.5, 0.25], "texture": "#2"},
				"up": {"uv": [0, 0, 1, 1.5], "texture": "#2"},
				"down": {"uv": [0, 0, 1, 1.5], "texture": "#2"}
			}
		},
		{
			"from": [7.5, 10.25, 1.5],
			"to": [8.5, 10.5, 2.5],
			"rotation": {"angle": -45, "axis": "x", "origin": [15.5, 18.25, 9.75]},
			"faces": {
				"north": {"uv": [0, 0, 1, 0.25], "texture": "#2"},
				"east": {"uv": [0, 0, 1, 0.25], "texture": "#2"},
				"south": {"uv": [0, 0, 1, 0.25], "texture": "#2"},
				"west": {"uv": [0, 0, 1, 0.25], "texture": "#2"},
				"up": {"uv": [0, 0, 1, 1], "texture": "#2"},
				"down": {"uv": [0, 0, 1, 1], "texture": "#2"}
			}
		},
		{
			"name": "jewelholder",
			"from": [6.75, 7.1, 6.75],
			"to": [9.25, 9.85, 7.75],
			"rotation": {"angle": 0, "axis": "y", "origin": [15.5, 14.5, 14.75]},
			"faces": {
				"north": {"uv": [0, 0, 2.5, 2.75], "texture": "#2"},
				"east": {"uv": [0, 0, 1, 2.75], "texture": "#2"},
				"south": {"uv": [0, 0, 2.5, 2.75], "texture": "#2"},
				"west": {"uv": [0, 0, 1, 2.75], "texture": "#2"},
				"up": {"uv": [0, 0, 2.5, 1], "texture": "#2"},
				"down": {"uv": [0, 0, 2.5, 1], "texture": "#2"}
			}
		},
		{
			"name": "jewelholder",
			"from": [6.75, 7.1, 6.75],
			"to": [9.25, 9.85, 7.75],
			"rotation": {"angle": -22.5, "axis": "z", "origin": [8, 8.475, 7.25]},
			"faces": {
				"north": {"uv": [0, 0, 2.5, 2.75], "texture": "#2"},
				"east": {"uv": [0, 0, 1, 2.75], "texture": "#2"},
				"south": {"uv": [0, 0, 2.5, 2.75], "texture": "#2"},
				"west": {"uv": [0, 0, 1, 2.75], "texture": "#2"},
				"up": {"uv": [0, 0, 2.5, 1], "texture": "#2"},
				"down": {"uv": [0, 0, 2.5, 1], "texture": "#2"}
			}
		},
		{
			"name": "jewelholder",
			"from": [6.75, 7.1, 6.75],
			"to": [9.25, 9.85, 7.75],
			"rotation": {"angle": 22.5, "axis": "z", "origin": [8, 8.475, 7.25]},
			"faces": {
				"north": {"uv": [0, 0, 2.5, 2.75], "texture": "#2"},
				"east": {"uv": [0, 0, 1, 2.75], "texture": "#2"},
				"south": {"uv": [0, 0, 2.5, 2.75], "texture": "#2"},
				"west": {"uv": [0, 0, 1, 2.75], "texture": "#2"},
				"up": {"uv": [0, 0, 2.5, 1], "texture": "#2"},
				"down": {"uv": [0, 0, 2.5, 1], "texture": "#2"}
			}
		},
		{
			"name": "jewel",
			"from": [7, 7.35, 6.25],
			"to": [9, 9.6, 8.25],
			"rotation": {"angle": 0, "axis": "y", "origin": [15.5, 14.5, 14.25]},
			"faces": {
				"north": {"uv": [0, 0, 2, 2.25], "texture": "#0"},
				"east": {"uv": [0, 0, 2, 2.25], "texture": "#0"},
				"south": {"uv": [0, 0, 2, 2.25], "texture": "#0"},
				"west": {"uv": [0, 0, 2, 2.25], "texture": "#0"},
				"up": {"uv": [0, 0, 2, 2], "texture": "#0"},
				"down": {"uv": [0, 0, 2, 2], "texture": "#0"}
			}
		},
		{
			"from": [7.5, 10.75, 7],
			"to": [8.5, 15.25, 7.75],
			"rotation": {"angle": 0, "axis": "x", "origin": [8, 18.8207, 9.77442]},
			"faces": {
				"north": {"uv": [4, 2.5, 4.75, 7], "texture": "#3"},
				"east": {"uv": [4, 2.5, 4.75, 7], "texture": "#3"},
				"south": {"uv": [4, 2.5, 4.75, 7], "texture": "#3"},
				"west": {"uv": [4, 2.5, 4.75, 7], "texture": "#3"},
				"up": {"uv": [4, 2.5, 4.75, 7], "texture": "#3"},
				"down": {"uv": [4, 2.5, 4.75, 7], "texture": "#3"}
			}
		},
		{
			"from": [7.5, 14.54004, 8.57533],
			"to": [8.5, 19.04004, 9.32533],
			"rotation": {"angle": 22.5, "axis": "x", "origin": [8, 18.8207, 9.77442]},
			"faces": {
				"north": {"uv": [4, 2.5, 4.75, 7], "texture": "#3"},
				"east": {"uv": [4, 2.5, 4.75, 7], "texture": "#3"},
				"south": {"uv": [4, 2.5, 4.75, 7], "texture": "#3"},
				"west": {"uv": [4, 2.5, 4.75, 7], "texture": "#3"},
				"up": {"uv": [4, 2.5, 4.75, 7], "texture": "#3"},
				"down": {"uv": [4, 2.5, 4.75, 7], "texture": "#3"}
			}
		},
		{
			"from": [7.5, 18.50839, 8.59788],
			"to": [8.5, 23.00839, 9.34788],
			"rotation": {"angle": 45, "axis": "x", "origin": [8, 18.8207, 9.77442]},
			"faces": {
				"north": {"uv": [4, 2.5, 4.75, 7], "texture": "#3"},
				"east": {"uv": [4, 2.5, 4.75, 7], "texture": "#3"},
				"south": {"uv": [4, 2.5, 4.75, 7], "texture": "#3"},
				"west": {"uv": [4, 2.5, 4.75, 7], "texture": "#3"},
				"up": {"uv": [4, 2.5, 4.75, 7], "texture": "#3"},
				"down": {"uv": [4, 2.5, 4.75, 7], "texture": "#3"}
			}
		},
		{
			"from": [7.25, 22.92781, 8.4211],
			"to": [8.75, 24.17781, 9.6711],
			"rotation": {"angle": 45, "axis": "x", "origin": [8, 18.8207, 9.77442]},
			"faces": {
				"north": {"uv": [0, 0, 1.5, 1.25], "texture": "#2"},
				"east": {"uv": [0, 0, 1.25, 1.25], "texture": "#2"},
				"south": {"uv": [0, 0, 1.5, 1.25], "texture": "#2"},
				"west": {"uv": [0, 0, 1.25, 1.25], "texture": "#2"},
				"up": {"uv": [0, 0, 1.5, 1.25], "texture": "#2"},
				"down": {"uv": [0, 0, 1.5, 1.25], "texture": "#2"}
			}
		},
		{
			"from": [7.25, 18.15484, 8.24433],
			"to": [8.75, 22.15484, 9.49433],
			"rotation": {"angle": 45, "axis": "x", "origin": [8, 18.8207, 9.77442]},
			"faces": {
				"north": {"uv": [0, 0, 1.5, 4], "texture": "#2"},
				"east": {"uv": [0, 0, 1.25, 4], "texture": "#2"},
				"south": {"uv": [0, 0, 1.5, 4], "texture": "#2"},
				"west": {"uv": [0, 0, 1.25, 4], "texture": "#2"},
				"up": {"uv": [0, 0, 1.5, 1.25], "texture": "#2"},
				"down": {"uv": [0, 0, 1.5, 1.25], "texture": "#2"}
			}
		},
		{
			"from": [7.5, -4.99161, 11.34788],
			"to": [8.5, -0.49161, 12.09788],
			"rotation": {"angle": -45, "axis": "x", "origin": [8, -4.6793, 12.52442]},
			"faces": {
				"north": {"uv": [4, 2.5, 4.75, 7], "texture": "#3"},
				"east": {"uv": [4, 2.5, 4.75, 7], "texture": "#3"},
				"south": {"uv": [4, 2.5, 4.75, 7], "texture": "#3"},
				"west": {"uv": [4, 2.5, 4.75, 7], "texture": "#3"},
				"up": {"uv": [4, 2.5, 4.75, 7], "texture": "#3"},
				"down": {"uv": [4, 2.5, 4.75, 7], "texture": "#3"}
			}
		},
		{
			"from": [7.5, -2.3, 7.07533],
			"to": [8.5, 2.2, 7.82533],
			"rotation": {"angle": -22.5, "axis": "x", "origin": [8, 1.8207, 8.27442]},
			"faces": {
				"north": {"uv": [4, 2.5, 4.75, 7], "texture": "#3"},
				"east": {"uv": [4, 2.5, 4.75, 7], "texture": "#3"},
				"south": {"uv": [4, 2.5, 4.75, 7], "texture": "#3"},
				"west": {"uv": [4, 2.5, 4.75, 7], "texture": "#3"},
				"up": {"uv": [4, 2.5, 4.75, 7], "texture": "#3"},
				"down": {"uv": [4, 2.5, 4.75, 7], "texture": "#3"}
			}
		},
		{
			"from": [7.5, 1.75, 7],
			"to": [8.5, 6.25, 7.75],
			"rotation": {"angle": 0, "axis": "x", "origin": [8, 9.8207, 9.77442]},
			"faces": {
				"north": {"uv": [4, 2.5, 4.75, 7], "texture": "#3"},
				"east": {"uv": [4, 2.5, 4.75, 7], "texture": "#3"},
				"south": {"uv": [4, 2.5, 4.75, 7], "texture": "#3"},
				"west": {"uv": [4, 2.5, 4.75, 7], "texture": "#3"},
				"up": {"uv": [4, 2.5, 4.75, 7], "texture": "#3"},
				"down": {"uv": [4, 2.5, 4.75, 7], "texture": "#3"}
			}
		},
		{
			"from": [7.25, -5.32219, 8.1711],
			"to": [8.75, -4.07219, 9.4211],
			"rotation": {"angle": 45, "axis": "x", "origin": [8, -9.4293, 9.52442]},
			"faces": {
				"north": {"uv": [0, 0, 1.5, 1.25], "texture": "#2"},
				"east": {"uv": [0, 0, 1.25, 1.25], "texture": "#2"},
				"south": {"uv": [0, 0, 1.5, 1.25], "texture": "#2"},
				"west": {"uv": [0, 0, 1.25, 1.25], "texture": "#2"},
				"up": {"uv": [0, 0, 1.5, 1.25], "texture": "#2"},
				"down": {"uv": [0, 0, 1.5, 1.25], "texture": "#2"}
			}
		},
		{
			"from": [7.25, -2.65, 7.8],
			"to": [8.75, -1.4, 11.8],
			"rotation": {"angle": 45, "axis": "x", "origin": [8, -2.9293, 8.27442]},
			"faces": {
				"north": {"uv": [0, 0, 1.5, 1.25], "rotation": 180, "texture": "#2"},
				"east": {"uv": [0, 0, 1.25, 4], "rotation": 270, "texture": "#2"},
				"south": {"uv": [0, 0, 1.5, 1.25], "texture": "#2"},
				"west": {"uv": [0, 0, 1.25, 4], "rotation": 90, "texture": "#2"},
				"up": {"uv": [0, 0, 1.5, 4], "rotation": 180, "texture": "#2"},
				"down": {"uv": [0, 0, 1.5, 4], "texture": "#2"}
			}
		},
		{
			"from": [7.85, 8.5, 13],
			"to": [8.15, 22.5, 13.3],
			"rotation": {"angle": 0, "axis": "x", "origin": [8.5, 26.0707, 15.77442]},
			"faces": {
				"north": {"uv": [0, 0, 0.3, 14], "texture": "#1"},
				"east": {"uv": [0, 0, 0.3, 14], "texture": "#1"},
				"south": {"uv": [0, 0, 0.3, 14], "texture": "#1"},
				"west": {"uv": [0, 0, 0.3, 14], "texture": "#1"},
				"up": {"uv": [0, 0, 0.3, 0.3], "texture": "#1"},
				"down": {"uv": [0, 0, 0.3, 0.3], "texture": "#1"}
			}
		},
		{
			"from": [7.85, -5.5, 13],
			"to": [8.15, 8.5, 13.3],
			"rotation": {"angle": 0, "axis": "x", "origin": [8.5, 12.0707, 15.77442]},
			"faces": {
				"north": {"uv": [0, 0, 0.3, 14], "texture": "#1"},
				"east": {"uv": [0, 0, 0.3, 14], "texture": "#1"},
				"south": {"uv": [0, 0, 0.3, 14], "texture": "#1"},
				"west": {"uv": [0, 0, 0.3, 14], "texture": "#1"},
				"up": {"uv": [0, 0, 0.3, 0.3], "texture": "#1"},
				"down": {"uv": [0, 0, 0.3, 0.3], "texture": "#1"}
			}
		}
	],
	"display": {
		"thirdperson_righthand": {
			"translation": [0, -3, -1.5]
		},
		"thirdperson_lefthand": {
			"translation": [0, -2.25, -1.5]
		},
		"firstperson_righthand": {
			"translation": [3.75, 0, 0]
		},
		"firstperson_lefthand": {
			"translation": [3.25, 0, 0]
		},
		"ground": {
			"rotation": [-45, 0, -1],
			"translation": [0, 9.25, 0]
		},
		"gui": {
			"rotation": [90, -45, -90],
			"translation": [1.25, 1, 0],
			"scale": [0.51, 0.51, 0.51]
		}
	},
	"groups": [
		{
			"name": "handle",
			"origin": [8, 8, 8],
			"children": [0, 1, 2, 3, 4, 5, 6, 7, 8, 9, 10, 11]
		},
		{
			"name": "Top",
			"origin": [8, 8, 8],
			"children": [12, 13, 14, 15, 16]
		},
		{
			"name": "Bottom",
			"origin": [8, 8, 8],
			"children": [17, 18, 19, 20, 21]
		},
		{
			"name": "stringTOP",
			"origin": [8, 8, 8],
			"children": [22]
		},
		{
			"name": "stringBot",
			"origin": [8, 8, 8],
			"children": [23]
		}
	]
}