{
	"credit": "Made with Blockbench",
	"textures": {
		"1": "block/redstone_block",
		"2": "block/yellow_concrete",
		"3": "block/black_concrete",
		"4": "block/iron_block",
		"5": "entity/lead_knot",
		"particle": "block/bone_block_side"
	},
	"elements": [
		{
			"name": "Jewel1",
			"from": [7.5, 17, 7.75],
			"to": [8.5, 17.25, 8.25],
			"faces": {
				"north": {"uv": [0, 0, 1, 0.25], "texture": "#1"},
				"east": {"uv": [0, 0, 0.5, 0.25], "texture": "#1"},
				"south": {"uv": [0, 0, 1, 0.25], "texture": "#1"},
				"west": {"uv": [0, 0, 0.5, 0.25], "texture": "#1"},
				"up": {"uv": [0, 0, 1, 0.5], "texture": "#1"},
				"down": {"uv": [0, 0, 1, 0.5], "texture": "#1"}
			}
		},
		{
			"name": "Body",
			"from": [7.5, -1, 7.5],
			"to": [8.5, 13.25, 8.5],
			"faces": {
				"north": {"uv": [7, 3, 8, 5.25], "texture": "#5"},
				"east": {"uv": [7, 3, 8, 5.25], "texture": "#5"},
				"south": {"uv": [7, 3, 8, 5.25], "texture": "#5"},
				"west": {"uv": [7, 3, 8, 5.25], "texture": "#5"},
				"up": {"uv": [0, 0, 1, 1], "texture": "#5"},
				"down": {"uv": [0, 0, 1, 1], "texture": "#5"}
			}
		},
		{
			"name": "Body2",
			"from": [7.25, 13.25, 7.25],
			"to": [8.75, 15, 8.75],
			"faces": {
				"north": {"uv": [5, 0, 8, 5.25], "texture": "#5"},
				"east": {"uv": [5, 0, 8, 5.25], "texture": "#5"},
				"south": {"uv": [5, 0, 8, 5.25], "texture": "#5"},
				"west": {"uv": [5, 0, 8, 5.25], "texture": "#5"},
				"up": {"uv": [5, 0, 8, 5.25], "texture": "#5"},
				"down": {"uv": [5, 0, 8, 5.25], "texture": "#5"}
			}
		},
		{
			"name": "Body3",
			"from": [7.25, -1.75, 7.25],
			"to": [8.75, -1, 8.75],
			"faces": {
				"north": {"uv": [5.5, 3, 8, 5.25], "texture": "#5"},
				"east": {"uv": [5.5, 3, 8, 5.25], "texture": "#5"},
				"south": {"uv": [5.5, 3, 8, 5.25], "texture": "#5"},
				"west": {"uv": [5.5, 3, 8, 5.25], "texture": "#5"},
				"up": {"uv": [5.5, 3, 8, 5.25], "texture": "#5"},
				"down": {"uv": [5.5, 3, 8, 5.25], "texture": "#5"}
			}
		},
		{
			"name": "Gold2",
			"from": [7.25, 12.75, 7.25],
			"to": [8.75, 13, 8.75],
			"faces": {
				"north": {"uv": [0, 0, 1.5, 0.25], "texture": "#2"},
				"east": {"uv": [0, 0, 1.5, 0.25], "texture": "#2"},
				"south": {"uv": [0, 0, 1.5, 0.25], "texture": "#2"},
				"west": {"uv": [0, 0, 1.5, 0.25], "texture": "#2"},
				"up": {"uv": [0, 0, 1.5, 1.5], "texture": "#2"},
				"down": {"uv": [0, 0, 1.5, 1.5], "texture": "#2"}
			}
		},
		{
			"name": "Gold3",
			"from": [7.25, 0.5, 7.25],
			"to": [8.75, 0.75, 8.75],
			"faces": {
				"north": {"uv": [0, 0, 1.5, 0.25], "texture": "#2"},
				"east": {"uv": [0, 0, 1.5, 0.25], "texture": "#2"},
				"south": {"uv": [0, 0, 1.5, 0.25], "texture": "#2"},
				"west": {"uv": [0, 0, 1.5, 0.25], "texture": "#2"},
				"up": {"uv": [0, 0, 1.5, 1.5], "texture": "#2"},
				"down": {"uv": [0, 0, 1.5, 1.5], "texture": "#2"}
			}
		},
		{
			"name": "Gold1",
			"from": [7.5, 15, 7.5],
			"to": [8.5, 16, 8.5],
			"faces": {
				"north": {"uv": [0, 0, 1, 1], "texture": "#2"},
				"east": {"uv": [0, 0, 1, 1], "texture": "#2"},
				"south": {"uv": [0, 0, 1, 1], "texture": "#2"},
				"west": {"uv": [0, 0, 1, 1], "texture": "#2"},
				"up": {"uv": [0, 0, 1, 1], "texture": "#2"},
				"down": {"uv": [0, 0, 1, 1], "texture": "#2"}
			}
		},
		{
			"name": "Gold5",
			"from": [7.6, 16.75, 7.5],
			"to": [7.85, 17.5, 8.5],
			"faces": {
				"north": {"uv": [0, 0, 0.25, 0.75], "texture": "#2"},
				"east": {"uv": [0, 0, 1, 0.75], "texture": "#2"},
				"south": {"uv": [0, 0, 0.25, 0.75], "texture": "#2"},
				"west": {"uv": [0, 0, 1, 0.75], "texture": "#2"},
				"up": {"uv": [0, 0, 0.25, 1], "texture": "#2"},
				"down": {"uv": [0, 0, 0.25, 1], "texture": "#2"}
			}
		},
		{
			"name": "Gold6",
			"from": [8.1, 16.75, 7.5],
			"to": [8.35, 17.5, 8.5],
			"faces": {
				"north": {"uv": [0, 0, 0.25, 0.75], "texture": "#2"},
				"east": {"uv": [0, 0, 1, 0.75], "texture": "#2"},
				"south": {"uv": [0, 0, 0.25, 0.75], "texture": "#2"},
				"west": {"uv": [0, 0, 1, 0.75], "texture": "#2"},
				"up": {"uv": [0, 0, 0.25, 1], "texture": "#2"},
				"down": {"uv": [0, 0, 0.25, 1], "texture": "#2"}
			}
		},
		{
			"name": "Gold4",
			"from": [7.5, -2.75, 7.5],
			"to": [8.5, -1.75, 8.5],
			"faces": {
				"north": {"uv": [0, 0, 1, 1], "texture": "#2"},
				"east": {"uv": [0, 0, 1, 1], "texture": "#2"},
				"south": {"uv": [0, 0, 1, 1], "texture": "#2"},
				"west": {"uv": [0, 0, 1, 1], "texture": "#2"},
				"up": {"uv": [0, 0, 1, 1], "texture": "#2"},
				"down": {"uv": [0, 0, 1, 1], "texture": "#2"}
			}
		},
		{
			"name": "Metal3",
			"from": [8, 19.5, 7.5],
			"to": [8, 20.25, 8.5],
			"faces": {
				"north": {"uv": [0, 0, 0, 0.75], "texture": "#4"},
				"east": {"uv": [0, 0, 1, 0.75], "texture": "#4"},
				"south": {"uv": [0, 0, 0, 0.75], "texture": "#4"},
				"west": {"uv": [0, 0, 1, 0.75], "texture": "#4"},
				"up": {"uv": [0, 0, 0, 1], "texture": "#4"},
				"down": {"uv": [0, 0, 0, 1], "texture": "#4"}
			}
		},
		{
			"name": "Metal1",
			"from": [7.75, 16.5, 7],
			"to": [8.25, 17.5, 9],
			"faces": {
				"north": {"uv": [0, 0, 0.5, 1], "texture": "#4"},
				"east": {"uv": [0, 0, 2, 1], "texture": "#4"},
				"south": {"uv": [0, 0, 0.5, 1], "texture": "#4"},
				"west": {"uv": [0, 0, 2, 1], "texture": "#4"},
				"up": {"uv": [0, 0, 0.5, 2], "texture": "#4"},
				"down": {"uv": [0, 0, 0.5, 2], "texture": "#4"}
			}
		},
		{
			"name": "Metal2",
			"from": [8, 17.5, 7.25],
			"to": [8, 19.5, 8.75],
			"faces": {
				"north": {"uv": [0, 0, 0, 2], "texture": "#4"},
				"east": {"uv": [0, 0, 1.5, 2], "texture": "#4"},
				"south": {"uv": [0, 0, 0, 2], "texture": "#4"},
				"west": {"uv": [0, 0, 1.5, 2], "texture": "#4"},
				"up": {"uv": [0, 0, 0, 1.5], "texture": "#4"},
				"down": {"uv": [0, 0, 0, 1.5], "texture": "#4"}
			}
		},
		{
			"name": "Metal3",
			"from": [8, 13.75, 6.75],
			"to": [8, 14.25, 9.25],
			"rotation": {"angle": 0, "axis": "y", "origin": [8, 4.25, 8.5]},
			"faces": {
				"north": {"uv": [6.5, 0.5, 8, 2.5], "texture": "#5"},
				"east": {"uv": [6.5, 0.5, 8, 2.5], "texture": "#5"},
				"south": {"uv": [6.5, 0.5, 8, 2.5], "texture": "#5"},
				"west": {"uv": [6.5, 0.5, 8, 2.5], "texture": "#5"},
				"up": {"uv": [6.5, 0.5, 8, 2.5], "texture": "#5"},
				"down": {"uv": [6.5, 0.5, 8, 2.5], "texture": "#5"}
			}
		},
		{
			"name": "Black1",
			"from": [7.75, 16, 7.5],
			"to": [8.25, 16.5, 8.5],
			"faces": {
				"north": {"uv": [6.5, 11, 7.5, 12.25], "texture": "#5"},
				"east": {"uv": [6.5, 11, 7.5, 12.25], "texture": "#5"},
				"south": {"uv": [6.5, 11, 7.5, 12.25], "texture": "#5"},
				"west": {"uv": [6.5, 11, 7.5, 12.25], "texture": "#5"},
				"up": {"uv": [0, 0, 0.5, 1], "texture": "#3"},
				"down": {"uv": [0, 0, 0.5, 1], "texture": "#3"}
			}
		},
		{
			"name": "Black5",
			"from": [7.75, 17.5, 7.5],
			"to": [8.25, 18.75, 8.5],
			"color": 6,
			"faces": {
				"north": {"uv": [0, 0, 0.5, 1.25], "texture": "#missing"},
				"east": {"uv": [0, 0, 1, 1.25], "texture": "#missing"},
				"south": {"uv": [0, 0, 0.5, 1.25], "texture": "#missing"},
				"west": {"uv": [6, 10, 7, 11.25], "texture": "#missing"},
				"up": {"uv": [0, 0, 0.5, 1], "texture": "#missing"},
				"down": {"uv": [0, 0, 0.5, 1], "texture": "#missing"}
			}
		},
		{
			"name": "Black2",
			"from": [7.5, 16.75, 8.5],
			"to": [8.5, 17.25, 8.75],
			"faces": {
				"north": {"uv": [6.5, 11, 7.5, 12.25], "texture": "#5"},
				"east": {"uv": [6.5, 11, 7.5, 12.25], "texture": "#5"},
				"south": {"uv": [6.5, 11, 7.5, 12.25], "texture": "#5"},
				"west": {"uv": [6.5, 11, 7.5, 12.25], "texture": "#5"},
				"up": {"uv": [6.5, 11, 7.5, 12.25], "texture": "#5"},
				"down": {"uv": [6.5, 11, 7.5, 12.25], "texture": "#5"}
			}
		},
		{
			"name": "Black3",
			"from": [7.5, 16.75, 7.25],
			"to": [8.5, 17.25, 7.5],
			"faces": {
				"north": {"uv": [6.5, 11, 7.5, 12.25], "texture": "#5"},
				"east": {"uv": [6.5, 11, 7.5, 12.25], "texture": "#5"},
				"south": {"uv": [6.5, 11, 7.5, 12.25], "texture": "#5"},
				"west": {"uv": [6.5, 11, 7.5, 12.25], "texture": "#5"},
				"up": {"uv": [6.5, 11, 7.5, 12.25], "texture": "#5"},
				"down": {"uv": [6.5, 11, 7.5, 12.25], "texture": "#5"}
			}
		},
		{
			"name": "Black4",
			"from": [7.5, 16.5, 7.5],
			"to": [8.5, 16.75, 8.5],
			"faces": {
				"north": {"uv": [6.5, 11, 7.5, 12.25], "texture": "#5"},
				"east": {"uv": [6.5, 11, 7.5, 12.25], "texture": "#5"},
				"south": {"uv": [6.5, 11, 7.5, 12.25], "texture": "#5"},
				"west": {"uv": [6.5, 11, 7.5, 12.25], "texture": "#5"},
				"up": {"uv": [6.5, 11, 7.5, 12.25], "texture": "#5"},
				"down": {"uv": [6.5, 11, 7.5, 12.25], "texture": "#5"}
			}
		},
		{
			"name": "Black5",
			"from": [7.75, 17.5, 7.5],
			"to": [8.25, 18.75, 8.5],
			"faces": {
				"north": {"uv": [6.5, 11, 7.5, 12.25], "texture": "#5"},
				"east": {"uv": [6.5, 11, 7.5, 12.25], "texture": "#5"},
				"south": {"uv": [6.5, 11, 7.5, 12.25], "texture": "#5"},
				"west": {"uv": [6.5, 11, 7.5, 12.25], "texture": "#5"},
				"up": {"uv": [6.5, 11, 7.5, 12.25], "texture": "#5"},
				"down": {"uv": [6.5, 11, 7.5, 12.25], "texture": "#5"}
			}
		},
		{
			"name": "Black6",
			"from": [7.75, 18.75, 7.75],
			"to": [8.25, 19.75, 8.25],
			"faces": {
				"north": {"uv": [6.5, 11, 7.5, 12.25], "texture": "#5"},
				"east": {"uv": [6.5, 11, 7.5, 12.25], "texture": "#5"},
				"south": {"uv": [6.5, 11, 7.5, 12.25], "texture": "#5"},
				"west": {"uv": [6.5, 11, 7.5, 12.25], "texture": "#5"},
				"up": {"uv": [6.5, 11, 7.5, 12.25], "texture": "#5"},
				"down": {"uv": [6.5, 11, 7.5, 12.25], "texture": "#5"}
			}
		},
		{
			"name": "Spike",
			"from": [7.75, -3.75, 7.75],
			"to": [8.25, -2.75, 8.25],
			"faces": {
				"north": {"uv": [0, 0, 0.5, 1], "texture": "#4"},
				"east": {"uv": [0, 0, 0.5, 1], "texture": "#4"},
				"south": {"uv": [0, 0, 0.5, 1], "texture": "#4"},
				"west": {"uv": [0, 0, 0.5, 1], "texture": "#4"},
				"up": {"uv": [0, 0, 0.5, 1], "texture": "#4"},
				"down": {"uv": [0, 0, 0.5, 1], "texture": "#4"}
			}
		}
	],
	"display": {
		"thirdperson_righthand": {
			"translation": [0, 0.25, 0.75],
			"scale": [1, 1.81, 1]
		},
		"thirdperson_lefthand": {
			"translation": [0, 0, 1],
			"scale": [1, 1.81, 1]
		},
		"firstperson_righthand": {
			"translation": [0, -0.75, 0],
			"scale": [1, 1.81, 1]
		},
		"firstperson_lefthand": {
			"scale": [1, 1.81, 1]
		},
		"ground": {
			"rotation": [-45, 0, 0],
			"translation": [0, 12, 0],
			"scale": [1, 1.81, 1]
		},
		"gui": {
			"rotation": [0, -90, 0],
			"translation": [0, -0.25, 0],
			"scale": [0.34, 0.65, 0.34]
		},
		"head": {
			"rotation": [-89, 0, 0],
			"scale": [2, 2.81, 2]
		}
	},
	"groups": [0,
		{
			"name": "Body",
			"origin": [8, 8, 8],
			"children": [1, 2, 3]
		},
		{
			"name": "Gold",
			"origin": [8, 8, 8],
			"children": [4, 5, 6, 7, 8, 9]
		},
		{
			"name": "Metal",
			"origin": [8, 8, 8],
			"children": [10, 11, 12, 13]
		},
		{
			"name": "Black",
			"origin": [8, 8, 8],
			"children": [14, 15, 16, 17, 18, 19, 20, 21]
		}
	]
}