{
	"credit": "Made with Blockbench",
	"textures": {
		"0": "block/glowstone",
		"1": "block/terracotta",
		"2": "block/yellow_terracotta",
		"3": "entity/lead_knot",
		"4": "block/composter_side",
		"particle": "block/glowstone"
	},
	"elements": [
		{
			"from": [7.5, 6.5, 7],
			"to": [8.5, 10.5, 8],
			"rotation": {"angle": 0, "axis": "y", "origin": [15.5, 14.5, 15]},
			"faces": {
				"north": {"uv": [0, 0, 1, 4], "texture": "#4"},
				"east": {"uv": [0, 0, 1, 4], "texture": "#4"},
				"south": {"uv": [0, 0, 1, 4], "texture": "#4"},
				"west": {"uv": [0, 0, 1, 4], "texture": "#4"},
				"up": {"uv": [0, 0, 1, 1], "texture": "#4"},
				"down": {"uv": [0, 0, 1, 1], "texture": "#4"}
			}
		},
		{
			"from": [7.25, 10.5, 6.75],
			"to": [8.75, 10.75, 8.25],
			"rotation": {"angle": 0, "axis": "y", "origin": [15.5, 18.5, 15]},
			"faces": {
				"north": {"uv": [0, 0, 1.5, 0.25], "texture": "#2"},
				"east": {"uv": [0, 0, 1.5, 0.25], "texture": "#2"},
				"south": {"uv": [0, 0, 1.5, 0.25], "texture": "#2"},
				"west": {"uv": [0, 0, 1.5, 0.25], "texture": "#2"},
				"up": {"uv": [0, 0, 1.5, 1.5], "texture": "#2"},
				"down": {"uv": [0, 0, 1.5, 1.5], "texture": "#2"}
			}
		},
		{
			"from": [7.5, 7.45, 10],
			"to": [8.5, 9.44, 10.25],
			"rotation": {"angle": 0, "axis": "y", "origin": [15.5, 17, 18.25]},
			"faces": {
				"north": {"uv": [0, 0, 1, 1.99], "texture": "#2"},
				"east": {"uv": [0, 0, 0.25, 1.99], "texture": "#2"},
				"south": {"uv": [0, 0, 1, 1.99], "texture": "#2"},
				"west": {"uv": [0, 0, 0.25, 1.99], "texture": "#2"},
				"up": {"uv": [0, 0, 1, 0.25], "texture": "#2"},
				"down": {"uv": [0, 0, 1, 0.25], "texture": "#2"}
			}
		},
		{
			"from": [7.5, 6.75, 10.5],
			"to": [8.5, 7, 12],
			"rotation": {"angle": 22.5, "axis": "x", "origin": [15.5, 14.75, 18.75]},
			"faces": {
				"north": {"uv": [0, 0, 1, 0.25], "texture": "#2"},
				"east": {"uv": [0, 0, 1.5, 0.25], "texture": "#2"},
				"south": {"uv": [0, 0, 1, 0.25], "texture": "#2"},
				"west": {"uv": [0, 0, 1.5, 0.25], "texture": "#2"},
				"up": {"uv": [0, 0, 1, 1.5], "texture": "#2"},
				"down": {"uv": [0, 0, 1, 1.5], "texture": "#2"}
			}
		},
		{
			"from": [7.5, 1.85, 12.5],
			"to": [8.5, 2.1, 13.5],
			"rotation": {"angle": 45, "axis": "x", "origin": [15.5, 9.75, 20.75]},
			"faces": {
				"north": {"uv": [0, 0, 1, 0.25], "texture": "#2"},
				"east": {"uv": [0, 0, 1, 0.25], "texture": "#2"},
				"south": {"uv": [0, 0, 1, 0.25], "texture": "#2"},
				"west": {"uv": [0, 0, 1, 0.25], "texture": "#2"},
				"up": {"uv": [0, 0, 1, 1], "texture": "#2"},
				"down": {"uv": [0, 0, 1, 1], "texture": "#2"}
			}
		},
		{
			"from": [7.25, 6.25, 6.75],
			"to": [8.75, 6.5, 8.25],
			"rotation": {"angle": 0, "axis": "y", "origin": [15.5, 14.25, 15]},
			"faces": {
				"north": {"uv": [0, 0, 1.5, 0.25], "texture": "#2"},
				"east": {"uv": [0, 0, 1.5, 0.25], "texture": "#2"},
				"south": {"uv": [0, 0, 1.5, 0.25], "texture": "#2"},
				"west": {"uv": [0, 0, 1.5, 0.25], "texture": "#2"},
				"up": {"uv": [0, 0, 1.5, 1.5], "texture": "#2"},
				"down": {"uv": [0, 0, 1.5, 1.5], "texture": "#2"}
			}
		},
		{
			"from": [7.5, 8.75, 4.5],
			"to": [8.5, 9, 6],
			"rotation": {"angle": -22.5, "axis": "x", "origin": [15.5, 16.75, 12.75]},
			"faces": {
				"north": {"uv": [0, 0, 1, 0.25], "texture": "#2"},
				"east": {"uv": [0, 0, 1.5, 0.25], "texture": "#2"},
				"south": {"uv": [0, 0, 1, 0.25], "texture": "#2"},
				"west": {"uv": [0, 0, 1.5, 0.25], "texture": "#2"},
				"up": {"uv": [0, 0, 1, 1.5], "texture": "#2"},
				"down": {"uv": [0, 0, 1, 1.5], "texture": "#2"}
			}
		},
		{
			"from": [7.5, 10.25, 1.5],
			"to": [8.5, 10.5, 2.5],
			"rotation": {"angle": -45, "axis": "x", "origin": [15.5, 18.25, 9.75]},
			"faces": {
				"north": {"uv": [0, 0, 1, 0.25], "texture": "#2"},
				"east": {"uv": [0, 0, 1, 0.25], "texture": "#2"},
				"south": {"uv": [0, 0, 1, 0.25], "texture": "#2"},
				"west": {"uv": [0, 0, 1, 0.25], "texture": "#2"},
				"up": {"uv": [0, 0, 1, 1], "texture": "#2"},
				"down": {"uv": [0, 0, 1, 1], "texture": "#2"}
			}
		},
		{
			"name": "jewelholder",
			"from": [6.75, 7.1, 6.75],
			"to": [9.25, 9.85, 7.75],
			"rotation": {"angle": 0, "axis": "y", "origin": [15.5, 14.5, 14.75]},
			"faces": {
				"north": {"uv": [0, 0, 2.5, 2.75], "texture": "#2"},
				"east": {"uv": [0, 0, 1, 2.75], "texture": "#2"},
				"south": {"uv": [0, 0, 2.5, 2.75], "texture": "#2"},
				"west": {"uv": [0, 0, 1, 2.75], "texture": "#2"},
				"up": {"uv": [0, 0, 2.5, 1], "texture": "#2"},
				"down": {"uv": [0, 0, 2.5, 1], "texture": "#2"}
			}
		},
		{
			"name": "jewelholder",
			"from": [6.75, 7.1, 6.75],
			"to": [9.25, 9.85, 7.75],
			"rotation": {"angle": -22.5, "axis": "z", "origin": [8, 8.475, 7.25]},
			"faces": {
				"north": {"uv": [0, 0, 2.5, 2.75], "texture": "#2"},
				"east": {"uv": [0, 0, 1, 2.75], "texture": "#2"},
				"south": {"uv": [0, 0, 2.5, 2.75], "texture": "#2"},
				"west": {"uv": [0, 0, 1, 2.75], "texture": "#2"},
				"up": {"uv": [0, 0, 2.5, 1], "texture": "#2"},
				"down": {"uv": [0, 0, 2.5, 1], "texture": "#2"}
			}
		},
		{
			"name": "jewelholder",
			"from": [6.75, 7.1, 6.75],
			"to": [9.25, 9.85, 7.75],
			"rotation": {"angle": 22.5, "axis": "z", "origin": [8, 8.475, 7.25]},
			"faces": {
				"north": {"uv": [0, 0, 2.5, 2.75], "texture": "#2"},
				"east": {"uv": [0, 0, 1, 2.75], "texture": "#2"},
				"south": {"uv": [0, 0, 2.5, 2.75], "texture": "#2"},
				"west": {"uv": [0, 0, 1, 2.75], "texture": "#2"},
				"up": {"uv": [0, 0, 2.5, 1], "texture": "#2"},
				"down": {"uv": [0, 0, 2.5, 1], "texture": "#2"}
			}
		},
		{
			"name": "jewel",
			"from": [7, 7.35, 6.25],
			"to": [9, 9.6, 8.25],
			"rotation": {"angle": 0, "axis": "y", "origin": [15.5, 14.5, 14.25]},
			"faces": {
				"north": {"uv": [0, 0, 2, 2.25], "texture": "#0"},
				"east": {"uv": [0, 0, 2, 2.25], "texture": "#0"},
				"south": {"uv": [0, 0, 2, 2.25], "texture": "#0"},
				"west": {"uv": [0, 0, 2, 2.25], "texture": "#0"},
				"up": {"uv": [0, 0, 2, 2], "texture": "#0"},
				"down": {"uv": [0, 0, 2, 2], "texture": "#0"}
			}
		},
		{
			"name": "arrow",
			"from": [8, 8.6, 6.5],
			"to": [8.25, 8.85, 21],
			"rotation": {"angle": 0, "axis": "y", "origin": [15.5, 15.25, 14]},
			"faces": {
				"north": {"uv": [0, 0, 0.25, 0.25], "texture": "#0"},
				"east": {"uv": [0, 0, 14.5, 0.25], "texture": "#0"},
				"south": {"uv": [0, 0, 0.25, 0.25], "texture": "#0"},
				"west": {"uv": [0, 0, 14.5, 0.25], "texture": "#0"},
				"up": {"uv": [0, 0, 0.25, 14.5], "texture": "#0"},
				"down": {"uv": [0, 0, 0.25, 14.5], "texture": "#0"}
			}
		},
		{
			"from": [7.5, 8.5, 9.75],
			"to": [8.5, 13, 10.5],
			"rotation": {"angle": 22.5, "axis": "x", "origin": [8, 16.5707, 12.52442]},
			"faces": {
				"north": {"uv": [4, 2.5, 4.75, 7], "texture": "#3"},
				"east": {"uv": [4, 2.5, 4.75, 7], "texture": "#3"},
				"south": {"uv": [4, 2.5, 4.75, 7], "texture": "#3"},
				"west": {"uv": [4, 2.5, 4.75, 7], "texture": "#3"},
				"up": {"uv": [4, 2.5, 4.75, 7], "texture": "#3"},
				"down": {"uv": [4, 2.5, 4.75, 7], "texture": "#3"}
			}
		},
		{
			"from": [7.5, 12.29004, 11.32533],
			"to": [8.5, 16.79004, 12.07533],
			"rotation": {"angle": 45, "axis": "x", "origin": [8, 16.5707, 12.52442]},
			"faces": {
				"north": {"uv": [4, 2.5, 4.75, 7], "texture": "#3"},
				"east": {"uv": [4, 2.5, 4.75, 7], "texture": "#3"},
				"south": {"uv": [4, 2.5, 4.75, 7], "texture": "#3"},
				"west": {"uv": [4, 2.5, 4.75, 7], "texture": "#3"},
				"up": {"uv": [4, 2.5, 4.75, 7], "texture": "#3"},
				"down": {"uv": [4, 2.5, 4.75, 7], "texture": "#3"}
			}
		},
		{
			"from": [7.5, 16.99724, 12.21211],
			"to": [8.5, 17.74724, 16.71211],
			"rotation": {"angle": -22.5, "axis": "x", "origin": [8, 16.5707, 12.52442]},
			"faces": {
				"north": {"uv": [4, 2.5, 4.75, 7], "rotation": 180, "texture": "#3"},
				"east": {"uv": [4, 2.5, 4.75, 7], "rotation": 270, "texture": "#3"},
				"south": {"uv": [4, 2.5, 4.75, 7], "texture": "#3"},
				"west": {"uv": [4, 2.5, 4.75, 7], "rotation": 90, "texture": "#3"},
				"up": {"uv": [4, 2.5, 4.75, 7], "rotation": 180, "texture": "#3"},
				"down": {"uv": [4, 2.5, 4.75, 7], "texture": "#3"}
			}
		},
		{
			"from": [7.25, 16.67401, 16.63153],
			"to": [8.75, 17.92401, 17.88153],
			"rotation": {"angle": -22.5, "axis": "x", "origin": [8, 16.5707, 12.52442]},
			"faces": {
				"north": {"uv": [0, 0, 1.5, 1.25], "rotation": 180, "texture": "#2"},
				"east": {"uv": [0, 0, 1.25, 1.25], "rotation": 270, "texture": "#2"},
				"south": {"uv": [0, 0, 1.5, 1.25], "texture": "#2"},
				"west": {"uv": [0, 0, 1.25, 1.25], "rotation": 90, "texture": "#2"},
				"up": {"uv": [0, 0, 1.5, 1.25], "rotation": 180, "texture": "#2"},
				"down": {"uv": [0, 0, 1.5, 1.25], "texture": "#2"}
			}
		},
		{
			"from": [7.25, 16.85079, 11.85856],
			"to": [8.75, 18.10079, 15.85856],
			"rotation": {"angle": -22.5, "axis": "x", "origin": [8, 16.5707, 12.52442]},
			"faces": {
				"north": {"uv": [0, 0, 1.5, 1.25], "rotation": 180, "texture": "#2"},
				"east": {"uv": [0, 0, 1.25, 4], "rotation": 270, "texture": "#2"},
				"south": {"uv": [0, 0, 1.5, 1.25], "texture": "#2"},
				"west": {"uv": [0, 0, 1.25, 4], "rotation": 90, "texture": "#2"},
				"up": {"uv": [0, 0, 1.5, 4], "rotation": 180, "texture": "#2"},
				"down": {"uv": [0, 0, 1.5, 4], "texture": "#2"}
			}
		},
		{
			"from": [7.5, -0.77303, 12.29272],
			"to": [8.5, -0.02303, 16.79272],
			"rotation": {"angle": 22.5, "axis": "x", "origin": [8, 0.44286, 12.45791]},
			"faces": {
				"north": {"uv": [4, 2.5, 4.75, 7], "rotation": 180, "texture": "#3"},
				"east": {"uv": [4, 2.5, 4.75, 7], "rotation": 90, "texture": "#3"},
				"south": {"uv": [4, 2.5, 4.75, 7], "texture": "#3"},
				"west": {"uv": [4, 2.5, 4.75, 7], "rotation": 270, "texture": "#3"},
				"up": {"uv": [4, 2.5, 4.75, 7], "texture": "#3"},
				"down": {"uv": [4, 2.5, 4.75, 7], "rotation": 180, "texture": "#3"}
			}
		},
		{
			"from": [7.5, 0.22242, 11.32276],
			"to": [8.5, 4.72242, 12.07276],
			"rotation": {"angle": -45, "axis": "x", "origin": [8, 0.44286, 12.45791]},
			"faces": {
				"north": {"uv": [4, 2.5, 4.75, 7], "texture": "#3"},
				"east": {"uv": [4, 2.5, 4.75, 7], "texture": "#3"},
				"south": {"uv": [4, 2.5, 4.75, 7], "texture": "#3"},
				"west": {"uv": [4, 2.5, 4.75, 7], "texture": "#3"},
				"up": {"uv": [4, 2.5, 4.75, 7], "texture": "#3"},
				"down": {"uv": [4, 2.5, 4.75, 7], "texture": "#3"}
			}
		},
		{
			"from": [7.5, 4, 9.75],
			"to": [8.5, 8.5, 10.5],
			"rotation": {"angle": -22.5, "axis": "x", "origin": [8, 0.44286, 12.45791]},
			"faces": {
				"north": {"uv": [4, 2.5, 4.75, 7], "texture": "#3"},
				"east": {"uv": [4, 2.5, 4.75, 7], "texture": "#3"},
				"south": {"uv": [4, 2.5, 4.75, 7], "texture": "#3"},
				"west": {"uv": [4, 2.5, 4.75, 7], "texture": "#3"},
				"up": {"uv": [4, 2.5, 4.75, 7], "texture": "#3"},
				"down": {"uv": [4, 2.5, 4.75, 7], "texture": "#3"}
			}
		},
		{
			"from": [7.25, -0.96946, 16.36453],
			"to": [8.75, 0.28054, 17.61453],
			"rotation": {"angle": 22.5, "axis": "x", "origin": [8, 0.44286, 12.45791]},
			"faces": {
				"north": {"uv": [0, 0, 1.5, 1.25], "texture": "#2"},
				"east": {"uv": [0, 0, 1.25, 1.25], "texture": "#2"},
				"south": {"uv": [0, 0, 1.5, 1.25], "texture": "#2"},
				"west": {"uv": [0, 0, 1.25, 1.25], "texture": "#2"},
				"up": {"uv": [0, 0, 1.5, 1.25], "texture": "#2"},
				"down": {"uv": [0, 0, 1.5, 1.25], "texture": "#2"}
			}
		},
		{
			"from": [7.25, -1.08496, 11.76335],
			"to": [8.75, 0.16504, 15.76335],
			"rotation": {"angle": 22.5, "axis": "x", "origin": [8, 0.44286, 12.45791]},
			"faces": {
				"north": {"uv": [0, 0, 1.5, 1.25], "rotation": 180, "texture": "#2"},
				"east": {"uv": [0, 0, 1.25, 4], "rotation": 270, "texture": "#2"},
				"south": {"uv": [0, 0, 1.5, 1.25], "texture": "#2"},
				"west": {"uv": [0, 0, 1.25, 4], "rotation": 90, "texture": "#2"},
				"up": {"uv": [0, 0, 1.5, 4], "rotation": 180, "texture": "#2"},
				"down": {"uv": [0, 0, 1.5, 4], "texture": "#2"}
			}
		},
		{
			"from": [7.85, 8.5, 19.25],
			"to": [8.15, 19.75, 19.55],
			"rotation": {"angle": -22.5, "axis": "x", "origin": [8, 12.75, 19.4]},
			"faces": {
				"north": {"uv": [0, 0, 0.3, 11.25], "texture": "#1"},
				"east": {"uv": [0, 0, 0.3, 11.25], "texture": "#1"},
				"south": {"uv": [0, 0, 0.3, 11.25], "texture": "#1"},
				"west": {"uv": [0, 0, 0.3, 11.25], "texture": "#1"},
				"up": {"uv": [0, 0, 0.3, 0.3], "texture": "#1"},
				"down": {"uv": [0, 0, 0.3, 0.3], "texture": "#1"}
			}
		},
		{
			"from": [7.85, -2.25, 17.75],
			"to": [8.15, 9.5, 18.05],
			"rotation": {"angle": 22.5, "axis": "x", "origin": [8, 1.5, 17.9]},
			"faces": {
				"north": {"uv": [0, 0, 0.3, 11.75], "rotation": 180, "texture": "#1"},
				"east": {"uv": [0, 0, 0.3, 11.75], "rotation": 180, "texture": "#1"},
				"south": {"uv": [0, 0, 0.3, 11.75], "rotation": 180, "texture": "#1"},
				"west": {"uv": [0, 0, 0.3, 11.75], "rotation": 180, "texture": "#1"},
				"up": {"uv": [0, 0, 0.3, 0.3], "rotation": 180, "texture": "#1"},
				"down": {"uv": [0, 0, 0.3, 0.3], "rotation": 180, "texture": "#1"}
			}
		}
	],
	"display": {
		"thirdperson_righthand": {
			"translation": [0, -2.25, -2.5]
		},
		"thirdperson_lefthand": {
			"translation": [0, -2.25, -2]
		},
		"firstperson_righthand": {
			"rotation": [6, 5, 3],
			"translation": [7.75, 4.25, -0.75]
		},
		"firstperson_lefthand": {
			"translation": [5, 4.5, 0]
		},
		"ground": {
			"rotation": [-45, 0, -1],
			"translation": [0, 9.25, 0]
		},
		"gui": {
			"rotation": [90, -45, -90],
			"translation": [1.25, 1.5, 0],
			"scale": [0.51, 0.51, 0.51]
		}
	},
	"groups": [
		{
			"name": "handle",
			"origin": [8, 8, 8],
			"children": [0, 1, 2, 3, 4, 5, 6, 7, 8, 9, 10, 11, 12]
		},
		{
			"name": "Top",
			"origin": [8, 8, 8],
			"children": [13, 14, 15, 16, 17]
		},
		{
			"name": "Bottom",
			"origin": [8, 8, 8],
			"children": [18, 19, 20, 21, 22]
		},
		{
			"name": "stringTOP",
			"origin": [8, 8, 8],
			"children": [23]
		},
		{
			"name": "stringBot",
			"origin": [8, 8, 8],
			"children": [24]
		}
	]
}