{
	"credit": "Made with Blockbench",
	"texture_size": [64, 64],
	"textures": {
		"2": "shield_repo:soul-eater",
		"particle": "block/soul-eater"
	},
	"elements": [
		{
			"from": [8, 0.4, 7.49],
			"to": [9.04, 0.6, 8.51],
			"rotation": {"angle": 22.5, "axis": "z", "origin": [9, 0.5, 7.75]},
			"faces": {
				"north": {"uv": [9, 6, 9.25, 6.25], "texture": "#2"},
				"east": {"uv": [9, 8.5, 9.25, 8.75], "texture": "#2"},
				"south": {"uv": [9, 9, 9.25, 9.25], "texture": "#2"},
				"west": {"uv": [1, 9.25, 1.25, 9.5], "texture": "#2"},
				"up": {"uv": [1.75, 9.5, 1.5, 9.25], "texture": "#2"},
				"down": {"uv": [9.5, 1.5, 9.25, 1.75], "texture": "#2"}
			}
		},
		{
			"from": [9, 0.4, 7.49],
			"to": [10, 0.6, 8.51],
			"rotation": {"angle": 45, "axis": "z", "origin": [9, 0.5, 7.75]},
			"faces": {
				"north": {"uv": [2, 9.25, 2.25, 9.5], "texture": "#2"},
				"east": {"uv": [9.25, 2, 9.5, 2.25], "texture": "#2"},
				"south": {"uv": [2.5, 9.25, 2.75, 9.5], "texture": "#2"},
				"west": {"uv": [9.25, 2.5, 9.5, 2.75], "texture": "#2"},
				"up": {"uv": [3.25, 9.5, 3, 9.25], "texture": "#2"},
				"down": {"uv": [9.5, 3, 9.25, 3.25], "texture": "#2"}
			}
		},
		{
			"from": [8.9, 0.35, 7.49],
			"to": [9.1, 1.8, 8.51],
			"rotation": {"angle": -22.5, "axis": "z", "origin": [10, 0, 7.75]},
			"faces": {
				"north": {"uv": [3.5, 9.25, 3.75, 9.5], "texture": "#2"},
				"east": {"uv": [9.25, 3.5, 9.5, 3.75], "texture": "#2"},
				"south": {"uv": [9.25, 4, 9.5, 4.25], "texture": "#2"},
				"west": {"uv": [9.25, 4.5, 9.5, 4.75], "texture": "#2"},
				"up": {"uv": [9.5, 5.25, 9.25, 5], "texture": "#2"},
				"down": {"uv": [9.5, 5.5, 9.25, 5.75], "texture": "#2"}
			}
		},
		{
			"from": [8.9, 0.75, 7.49],
			"to": [9.2, 1.4, 8.51],
			"rotation": {"angle": -22.5, "axis": "z", "origin": [10, 0, 7.75]},
			"faces": {
				"north": {"uv": [9.25, 6.5, 9.5, 6.75], "texture": "#2"},
				"east": {"uv": [8, 9.25, 8.25, 9.5], "texture": "#2"},
				"south": {"uv": [8.5, 9.25, 8.75, 9.5], "texture": "#2"},
				"west": {"uv": [0, 9.5, 0.25, 9.75], "texture": "#2"},
				"up": {"uv": [9.75, 0.25, 9.5, 0], "texture": "#2"},
				"down": {"uv": [9.75, 0.5, 9.5, 0.75], "texture": "#2"}
			}
		},
		{
			"from": [9.58, 1.14, 7.49],
			"to": [9.78, 2.14, 8.51],
			"rotation": {"angle": -22.5, "axis": "z", "origin": [9.78, 1.14, 7.75]},
			"faces": {
				"north": {"uv": [9.5, 1, 9.75, 1.25], "texture": "#2"},
				"east": {"uv": [5.5, 9.5, 5.75, 9.75], "texture": "#2"},
				"south": {"uv": [6, 9.5, 6.25, 9.75], "texture": "#2"},
				"west": {"uv": [9.5, 6, 9.75, 6.25], "texture": "#2"},
				"up": {"uv": [6.75, 9.75, 6.5, 9.5], "texture": "#2"},
				"down": {"uv": [7.25, 9.5, 7, 9.75], "texture": "#2"}
			}
		},
		{
			"from": [9.66, 2.06, 7.49],
			"to": [10.16, 4.37, 8.51],
			"rotation": {"angle": 0, "axis": "y", "origin": [10, 1, 7.75]},
			"faces": {
				"north": {"uv": [7, 2, 7.25, 2.5], "texture": "#2"},
				"east": {"uv": [2.5, 7, 2.75, 7.5], "texture": "#2"},
				"south": {"uv": [7, 2.75, 7.25, 3.25], "texture": "#2"},
				"west": {"uv": [3, 7, 3.25, 7.5], "texture": "#2"},
				"up": {"uv": [9.75, 7.25, 9.5, 7], "texture": "#2"},
				"down": {"uv": [9.75, 7.5, 9.5, 7.75], "texture": "#2"}
			}
		},
		{
			"from": [9.76, 1.66, 7.49],
			"to": [9.96, 4.06, 8.51],
			"rotation": {"angle": 0, "axis": "y", "origin": [10, 1, 7.75]},
			"faces": {
				"north": {"uv": [7, 3.5, 7.25, 4], "texture": "#2"},
				"east": {"uv": [7, 4.25, 7.25, 4.75], "texture": "#2"},
				"south": {"uv": [7, 5, 7.25, 5.5], "texture": "#2"},
				"west": {"uv": [7, 5.75, 7.25, 6.25], "texture": "#2"},
				"up": {"uv": [9.75, 8.25, 9.5, 8], "texture": "#2"},
				"down": {"uv": [9.75, 8.5, 9.5, 8.75], "texture": "#2"}
			}
		},
		{
			"from": [9.58, 1.14, 7.49],
			"to": [9.78, 4.14, 8.51],
			"rotation": {"angle": 0, "axis": "y", "origin": [10, 1, 7.75]},
			"faces": {
				"north": {"uv": [4, 6.25, 4.25, 7], "texture": "#2"},
				"east": {"uv": [6.5, 0, 6.75, 0.75], "texture": "#2"},
				"south": {"uv": [6.5, 1, 6.75, 1.75], "texture": "#2"},
				"west": {"uv": [6.5, 2, 6.75, 2.75], "texture": "#2"},
				"up": {"uv": [9.25, 9.75, 9, 9.5], "texture": "#2"},
				"down": {"uv": [9.75, 9, 9.5, 9.25], "texture": "#2"}
			}
		},
		{
			"from": [9.68, 4.31, 7.49],
			"to": [10.28, 5.06, 8.51],
			"rotation": {"angle": 22.5, "axis": "z", "origin": [10.08, 4.04, 7.75]},
			"faces": {
				"north": {"uv": [9.5, 9.5, 9.75, 9.75], "texture": "#2"},
				"east": {"uv": [0.5, 9.75, 0.75, 10], "texture": "#2"},
				"south": {"uv": [1, 9.75, 1.25, 10], "texture": "#2"},
				"west": {"uv": [1.5, 9.75, 1.75, 10], "texture": "#2"},
				"up": {"uv": [10, 1.75, 9.75, 1.5], "texture": "#2"},
				"down": {"uv": [2.25, 9.75, 2, 10], "texture": "#2"}
			}
		},
		{
			"from": [7.125, 5.5, 7.49],
			"to": [8.91, 5.7, 8.51],
			"rotation": {"angle": 0, "axis": "y", "origin": [9.35, 5.3, 7.75]},
			"faces": {
				"north": {"uv": [6.5, 7, 7, 7.25], "texture": "#2"},
				"east": {"uv": [9.75, 2, 10, 2.25], "texture": "#2"},
				"south": {"uv": [7, 6.5, 7.5, 6.75], "texture": "#2"},
				"west": {"uv": [2.5, 9.75, 2.75, 10], "texture": "#2"},
				"up": {"uv": [7.75, 7.25, 7.25, 7], "texture": "#2"},
				"down": {"uv": [0.5, 7.5, 0, 7.75], "texture": "#2"}
			}
		},
		{
			"from": [8.79, 5.1, 7.49],
			"to": [9.39, 5.5, 8.51],
			"rotation": {"angle": -22.5, "axis": "z", "origin": [9.35, 5.3, 7.75]},
			"faces": {
				"north": {"uv": [9.75, 2.5, 10, 2.75], "texture": "#2"},
				"east": {"uv": [3, 9.75, 3.25, 10], "texture": "#2"},
				"south": {"uv": [9.75, 3, 10, 3.25], "texture": "#2"},
				"west": {"uv": [3.5, 9.75, 3.75, 10], "texture": "#2"},
				"up": {"uv": [10, 3.75, 9.75, 3.5], "texture": "#2"},
				"down": {"uv": [4.25, 9.75, 4, 10], "texture": "#2"}
			}
		},
		{
			"from": [9.39, 4.9, 7.49],
			"to": [9.89, 5.48, 8.51],
			"rotation": {"angle": 45, "axis": "z", "origin": [9.69, 4.96, 7.75]},
			"faces": {
				"north": {"uv": [9.75, 4, 10, 4.25], "texture": "#2"},
				"east": {"uv": [4.5, 9.75, 4.75, 10], "texture": "#2"},
				"south": {"uv": [9.75, 4.5, 10, 4.75], "texture": "#2"},
				"west": {"uv": [5, 9.75, 5.25, 10], "texture": "#2"},
				"up": {"uv": [10, 5.25, 9.75, 5], "texture": "#2"},
				"down": {"uv": [10, 5.5, 9.75, 5.75], "texture": "#2"}
			}
		},
		{
			"from": [9.58, 2.94, 7.49],
			"to": [9.78, 4.94, 8.51],
			"rotation": {"angle": 22.5, "axis": "z", "origin": [9.58, 3.94, 7.75]},
			"faces": {
				"north": {"uv": [4, 7.25, 4.25, 7.75], "texture": "#2"},
				"east": {"uv": [7.5, 0, 7.75, 0.5], "texture": "#2"},
				"south": {"uv": [0.75, 7.5, 1, 8], "texture": "#2"},
				"west": {"uv": [7.5, 0.75, 7.75, 1.25], "texture": "#2"},
				"up": {"uv": [10, 6.75, 9.75, 6.5], "texture": "#2"},
				"down": {"uv": [7.75, 9.75, 7.5, 10], "texture": "#2"}
			}
		},
		{
			"from": [9.19, 3.86, 7.49],
			"to": [9.39, 5.36, 8.51],
			"rotation": {"angle": 45, "axis": "z", "origin": [9.19, 4.86, 7.75]},
			"faces": {
				"north": {"uv": [7.5, 1.5, 7.75, 2], "texture": "#2"},
				"east": {"uv": [7.5, 2.25, 7.75, 2.75], "texture": "#2"},
				"south": {"uv": [7.5, 3, 7.75, 3.5], "texture": "#2"},
				"west": {"uv": [7.5, 3.75, 7.75, 4.25], "texture": "#2"},
				"up": {"uv": [8.25, 10, 8, 9.75], "texture": "#2"},
				"down": {"uv": [8.75, 9.75, 8.5, 10], "texture": "#2"}
			}
		},
		{
			"from": [8.35, 5.2, 7.49],
			"to": [9.85, 5.4, 8.51],
			"rotation": {"angle": -22.5, "axis": "z", "origin": [8.85, 5.2, 7.75]},
			"faces": {
				"north": {"uv": [4.5, 7.5, 5, 7.75], "texture": "#2"},
				"east": {"uv": [0, 10, 0.25, 10.25], "texture": "#2"},
				"south": {"uv": [7.5, 4.5, 8, 4.75], "texture": "#2"},
				"west": {"uv": [10, 0, 10.25, 0.25], "texture": "#2"},
				"up": {"uv": [8, 5.25, 7.5, 5], "texture": "#2"},
				"down": {"uv": [5.75, 7.5, 5.25, 7.75], "texture": "#2"}
			}
		},
		{
			"from": [7.35, 5.4, 7.49],
			"to": [8.85, 5.6, 8.51],
			"rotation": {"angle": 0, "axis": "y", "origin": [8.85, 5.2, 7.75]},
			"faces": {
				"north": {"uv": [7.5, 5.5, 8, 5.75], "texture": "#2"},
				"east": {"uv": [10, 0.5, 10.25, 0.75], "texture": "#2"},
				"south": {"uv": [6, 7.5, 6.5, 7.75], "texture": "#2"},
				"west": {"uv": [10, 1, 10.25, 1.25], "texture": "#2"},
				"up": {"uv": [8, 6.25, 7.5, 6], "texture": "#2"},
				"down": {"uv": [7.25, 7.5, 6.75, 7.75], "texture": "#2"}
			}
		},
		{
			"from": [6.85, 5.4, 7.49],
			"to": [7.35, 5.6, 8.51],
			"rotation": {"angle": -22.5, "axis": "z", "origin": [7.35, 5.4, 7.75]},
			"faces": {
				"north": {"uv": [5.5, 10, 5.75, 10.25], "texture": "#2"},
				"east": {"uv": [6, 10, 6.25, 10.25], "texture": "#2"},
				"south": {"uv": [10, 6, 10.25, 6.25], "texture": "#2"},
				"west": {"uv": [6.5, 10, 6.75, 10.25], "texture": "#2"},
				"up": {"uv": [7.25, 10.25, 7, 10], "texture": "#2"},
				"down": {"uv": [10.25, 7, 10, 7.25], "texture": "#2"}
			}
		},
		{
			"from": [7.07107, 5.54074, 7.49],
			"to": [7.22107, 5.74074, 8.51],
			"rotation": {"angle": -45, "axis": "z", "origin": [7.115, 5.965, 7.75]},
			"faces": {
				"north": {"uv": [10, 7.5, 10.25, 7.75], "texture": "#2"},
				"east": {"uv": [10, 8, 10.25, 8.25], "texture": "#2"},
				"south": {"uv": [10, 8.5, 10.25, 8.75], "texture": "#2"},
				"west": {"uv": [9, 10, 9.25, 10.25], "texture": "#2"},
				"up": {"uv": [10.25, 9.25, 10, 9], "texture": "#2"},
				"down": {"uv": [9.75, 10, 9.5, 10.25], "texture": "#2"}
			}
		},
		{
			"from": [6.685, 5.8, 7.49],
			"to": [6.885, 6, 8.51],
			"rotation": {"angle": 22.5, "axis": "z", "origin": [7, 6, 7.75]},
			"faces": {
				"north": {"uv": [10, 9.5, 10.25, 9.75], "texture": "#2"},
				"east": {"uv": [10, 10, 10.25, 10.25], "texture": "#2"},
				"south": {"uv": [0.5, 10.25, 0.75, 10.5], "texture": "#2"},
				"west": {"uv": [1, 10.25, 1.25, 10.5], "texture": "#2"},
				"up": {"uv": [1.75, 10.5, 1.5, 10.25], "texture": "#2"},
				"down": {"uv": [10.5, 1.5, 10.25, 1.75], "texture": "#2"}
			}
		},
		{
			"from": [6.71, 5.88, 7.49],
			"to": [6.91, 6.03, 8.51],
			"rotation": {"angle": 0, "axis": "y", "origin": [7, 6, 7.75]},
			"faces": {
				"north": {"uv": [2, 10.25, 2.25, 10.5], "texture": "#2"},
				"east": {"uv": [10.25, 2, 10.5, 2.25], "texture": "#2"},
				"south": {"uv": [2.5, 10.25, 2.75, 10.5], "texture": "#2"},
				"west": {"uv": [10.25, 2.5, 10.5, 2.75], "texture": "#2"},
				"up": {"uv": [3.25, 10.5, 3, 10.25], "texture": "#2"},
				"down": {"uv": [10.5, 3, 10.25, 3.25], "texture": "#2"}
			}
		},
		{
			"from": [6.878, 5.765, 7.49],
			"to": [7.078, 5.965, 8.51],
			"rotation": {"angle": -45, "axis": "z", "origin": [7.11, 6.1, 7.75]},
			"faces": {
				"north": {"uv": [3.5, 10.25, 3.75, 10.5], "texture": "#2"},
				"east": {"uv": [10.25, 3.5, 10.5, 3.75], "texture": "#2"},
				"south": {"uv": [4, 10.25, 4.25, 10.5], "texture": "#2"},
				"west": {"uv": [10.25, 4, 10.5, 4.25], "texture": "#2"},
				"up": {"uv": [4.75, 10.5, 4.5, 10.25], "texture": "#2"},
				"down": {"uv": [10.5, 4.5, 10.25, 4.75], "texture": "#2"}
			}
		},
		{
			"from": [6.897, 6.065, 7.49],
			"to": [7.097, 6.265, 8.51],
			"rotation": {"angle": 22.5, "axis": "z", "origin": [7.11, 6.1, 7.75]},
			"faces": {
				"north": {"uv": [5, 10.25, 5.25, 10.5], "texture": "#2"},
				"east": {"uv": [10.25, 5, 10.5, 5.25], "texture": "#2"},
				"south": {"uv": [10.25, 5.5, 10.5, 5.75], "texture": "#2"},
				"west": {"uv": [10.25, 6.5, 10.5, 6.75], "texture": "#2"},
				"up": {"uv": [7.75, 10.5, 7.5, 10.25], "texture": "#2"},
				"down": {"uv": [8.25, 10.25, 8, 10.5], "texture": "#2"}
			}
		},
		{
			"from": [9.68, 3.31, 7.49],
			"to": [10.28, 4.06, 8.51],
			"rotation": {"angle": 22.5, "axis": "z", "origin": [10.08, 3.04, 7.75]},
			"faces": {
				"north": {"uv": [8.5, 10.25, 8.75, 10.5], "texture": "#2"},
				"east": {"uv": [0, 10.5, 0.25, 10.75], "texture": "#2"},
				"south": {"uv": [10.5, 0, 10.75, 0.25], "texture": "#2"},
				"west": {"uv": [10.5, 0.5, 10.75, 0.75], "texture": "#2"},
				"up": {"uv": [10.75, 1.25, 10.5, 1], "texture": "#2"},
				"down": {"uv": [5.75, 10.5, 5.5, 10.75], "texture": "#2"}
			}
		},
		{
			"from": [7.725, 4.5, 7.49],
			"to": [8.91, 5.3, 8.51],
			"rotation": {"angle": 0, "axis": "y", "origin": [8.91, 4.5, 7.75]},
			"faces": {
				"north": {"uv": [6, 10.5, 6.25, 10.75], "texture": "#2"},
				"east": {"uv": [10.5, 6, 10.75, 6.25], "texture": "#2"},
				"south": {"uv": [6.5, 10.5, 6.75, 10.75], "texture": "#2"},
				"west": {"uv": [7, 10.5, 7.25, 10.75], "texture": "#2"},
				"up": {"uv": [10.75, 7.25, 10.5, 7], "texture": "#2"},
				"down": {"uv": [10.75, 7.5, 10.5, 7.75], "texture": "#2"}
			}
		},
		{
			"from": [8.29, 4.1, 7.49],
			"to": [9.39, 5.1, 8.51],
			"rotation": {"angle": -22.5, "axis": "z", "origin": [9.35, 4.3, 7.75]},
			"faces": {
				"north": {"uv": [10.5, 8, 10.75, 8.25], "texture": "#2"},
				"east": {"uv": [10.5, 8.5, 10.75, 8.75], "texture": "#2"},
				"south": {"uv": [9, 10.5, 9.25, 10.75], "texture": "#2"},
				"west": {"uv": [10.5, 9, 10.75, 9.25], "texture": "#2"},
				"up": {"uv": [9.75, 10.75, 9.5, 10.5], "texture": "#2"},
				"down": {"uv": [10.75, 9.5, 10.5, 9.75], "texture": "#2"}
			}
		},
		{
			"from": [9.39, 3.9, 7.49],
			"to": [9.89, 4.48, 8.51],
			"rotation": {"angle": 45, "axis": "z", "origin": [9.69, 3.96, 7.75]},
			"faces": {
				"north": {"uv": [10, 10.5, 10.25, 10.75], "texture": "#2"},
				"east": {"uv": [10.5, 10, 10.75, 10.25], "texture": "#2"},
				"south": {"uv": [10.5, 10.5, 10.75, 10.75], "texture": "#2"},
				"west": {"uv": [0.5, 10.75, 0.75, 11], "texture": "#2"},
				"up": {"uv": [1.25, 11, 1, 10.75], "texture": "#2"},
				"down": {"uv": [1.75, 10.75, 1.5, 11], "texture": "#2"}
			}
		},
		{
			"from": [9.58, 1.94, 7.49],
			"to": [9.78, 3.94, 8.51],
			"rotation": {"angle": 22.5, "axis": "z", "origin": [9.58, 2.94, 7.75]},
			"faces": {
				"north": {"uv": [7.5, 7.5, 7.75, 8], "texture": "#2"},
				"east": {"uv": [1.25, 7.75, 1.5, 8.25], "texture": "#2"},
				"south": {"uv": [2.5, 7.75, 2.75, 8.25], "texture": "#2"},
				"west": {"uv": [3, 7.75, 3.25, 8.25], "texture": "#2"},
				"up": {"uv": [11, 1.75, 10.75, 1.5], "texture": "#2"},
				"down": {"uv": [2.25, 10.75, 2, 11], "texture": "#2"}
			}
		},
		{
			"from": [9.19, 2.86, 7.49],
			"to": [9.39, 4.36, 8.51],
			"rotation": {"angle": 45, "axis": "z", "origin": [9.19, 3.86, 7.75]},
			"faces": {
				"north": {"uv": [3.5, 7.75, 3.75, 8.25], "texture": "#2"},
				"east": {"uv": [0, 8, 0.25, 8.5], "texture": "#2"},
				"south": {"uv": [8, 0, 8.25, 0.5], "texture": "#2"},
				"west": {"uv": [8, 0.75, 8.25, 1.25], "texture": "#2"},
				"up": {"uv": [11, 2.25, 10.75, 2], "texture": "#2"},
				"down": {"uv": [2.75, 10.75, 2.5, 11], "texture": "#2"}
			}
		},
		{
			"from": [8.35, 4.2, 7.49],
			"to": [9.85, 4.4, 8.51],
			"rotation": {"angle": -22.5, "axis": "z", "origin": [8.85, 4.2, 7.75]},
			"faces": {
				"north": {"uv": [7.75, 6.5, 8.25, 6.75], "texture": "#2"},
				"east": {"uv": [10.75, 2.5, 11, 2.75], "texture": "#2"},
				"south": {"uv": [8, 1.5, 8.5, 1.75], "texture": "#2"},
				"west": {"uv": [3, 10.75, 3.25, 11], "texture": "#2"},
				"up": {"uv": [2.25, 8.25, 1.75, 8], "texture": "#2"},
				"down": {"uv": [8.5, 2, 8, 2.25], "texture": "#2"}
			}
		},
		{
			"from": [7.95, 4.4, 7.49],
			"to": [8.85, 4.6, 8.51],
			"rotation": {"angle": 0, "axis": "y", "origin": [8.85, 4.2, 7.75]},
			"faces": {
				"north": {"uv": [10.75, 3, 11, 3.25], "texture": "#2"},
				"east": {"uv": [3.5, 10.75, 3.75, 11], "texture": "#2"},
				"south": {"uv": [10.75, 3.5, 11, 3.75], "texture": "#2"},
				"west": {"uv": [4, 10.75, 4.25, 11], "texture": "#2"},
				"up": {"uv": [11, 4.25, 10.75, 4], "texture": "#2"},
				"down": {"uv": [4.75, 10.75, 4.5, 11], "texture": "#2"}
			}
		},
		{
			"from": [7.45, 4.4, 7.49],
			"to": [7.95, 5.4, 8.51],
			"rotation": {"angle": -22.5, "axis": "z", "origin": [7.95, 4.4, 7.75]},
			"faces": {
				"north": {"uv": [10.75, 4.5, 11, 4.75], "texture": "#2"},
				"east": {"uv": [5, 10.75, 5.25, 11], "texture": "#2"},
				"south": {"uv": [10.75, 5, 11, 5.25], "texture": "#2"},
				"west": {"uv": [10.75, 5.5, 11, 5.75], "texture": "#2"},
				"up": {"uv": [11, 6.75, 10.75, 6.5], "texture": "#2"},
				"down": {"uv": [7.75, 10.75, 7.5, 11], "texture": "#2"}
			}
		},
		{
			"from": [7.09, 4.59, 7.49],
			"to": [7.49, 5.59, 8.51],
			"rotation": {"angle": -45, "axis": "z", "origin": [7.49, 4.59, 7.75]},
			"faces": {
				"north": {"uv": [8, 10.75, 8.25, 11], "texture": "#2"},
				"east": {"uv": [8.5, 10.75, 8.75, 11], "texture": "#2"},
				"south": {"uv": [0, 11, 0.25, 11.25], "texture": "#2"},
				"west": {"uv": [11, 0, 11.25, 0.25], "texture": "#2"},
				"up": {"uv": [11.25, 0.75, 11, 0.5], "texture": "#2"},
				"down": {"uv": [11.25, 1, 11, 1.25], "texture": "#2"}
			}
		},
		{
			"from": [7.215, 4.865, 7.49],
			"to": [8.415, 5.265, 8.51],
			"rotation": {"angle": 22.5, "axis": "z", "origin": [7.215, 4.865, 7.75]},
			"faces": {
				"north": {"uv": [5.5, 11, 5.75, 11.25], "texture": "#2"},
				"east": {"uv": [6, 11, 6.25, 11.25], "texture": "#2"},
				"south": {"uv": [11, 6, 11.25, 6.25], "texture": "#2"},
				"west": {"uv": [6.5, 11, 6.75, 11.25], "texture": "#2"},
				"up": {"uv": [7.25, 11.25, 7, 11], "texture": "#2"},
				"down": {"uv": [11.25, 7, 11, 7.25], "texture": "#2"}
			}
		},
		{
			"from": [7.062, 5.235, 7.49],
			"to": [8.962, 5.635, 8.51],
			"rotation": {"angle": 0, "axis": "y", "origin": [7.215, 4.865, 7.75]},
			"faces": {
				"north": {"uv": [8, 2.5, 8.5, 2.75], "texture": "#2"},
				"east": {"uv": [11, 7.5, 11.25, 7.75], "texture": "#2"},
				"south": {"uv": [8, 3, 8.5, 3.25], "texture": "#2"},
				"west": {"uv": [11, 8, 11.25, 8.25], "texture": "#2"},
				"up": {"uv": [8.5, 3.75, 8, 3.5], "texture": "#2"},
				"down": {"uv": [4.5, 8, 4, 8.25], "texture": "#2"}
			}
		},
		{
			"name": "hexadecagon",
			"from": [7.5, 0.5, 7.9],
			"to": [8.5, 5.5, 8.1],
			"rotation": {"angle": 0, "axis": "y", "origin": [8, 1, 8]},
			"faces": {
				"north": {"uv": [4, 1.75, 4.25, 3], "texture": "#2"},
				"east": {"uv": [4, 3.25, 4.25, 4.5], "texture": "#2"},
				"south": {"uv": [4.5, 0, 4.75, 1.25], "texture": "#2"},
				"west": {"uv": [4.5, 1.5, 4.75, 2.75], "texture": "#2"},
				"up": {"uv": [11.25, 8.75, 11, 8.5], "texture": "#2"},
				"down": {"uv": [9.25, 11, 9, 11.25], "texture": "#2"}
			}
		},
		{
			"name": "hexadecagon",
			"from": [7.5, 0.5, 7.9],
			"to": [8.5, 5.5, 8.1],
			"rotation": {"angle": 22.5, "axis": "y", "origin": [8, 1, 8]},
			"faces": {
				"north": {"uv": [4.5, 3, 4.75, 4.25], "texture": "#2"},
				"east": {"uv": [4.5, 4.5, 4.75, 5.75], "texture": "#2"},
				"south": {"uv": [1.5, 4.75, 1.75, 6], "texture": "#2"},
				"west": {"uv": [2, 4.75, 2.25, 6], "texture": "#2"},
				"up": {"uv": [11.25, 9.25, 11, 9], "texture": "#2"},
				"down": {"uv": [9.75, 11, 9.5, 11.25], "texture": "#2"}
			}
		},
		{
			"name": "hexadecagon",
			"from": [7.5, 0.5, 7.9],
			"to": [8.5, 5.5, 8.1],
			"rotation": {"angle": 45, "axis": "y", "origin": [8, 1, 8]},
			"faces": {
				"north": {"uv": [2.5, 4.75, 2.75, 6], "texture": "#2"},
				"east": {"uv": [3, 4.75, 3.25, 6], "texture": "#2"},
				"south": {"uv": [4, 4.75, 4.25, 6], "texture": "#2"},
				"west": {"uv": [5, 0, 5.25, 1.25], "texture": "#2"},
				"up": {"uv": [11.25, 9.75, 11, 9.5], "texture": "#2"},
				"down": {"uv": [10.25, 11, 10, 11.25], "texture": "#2"}
			}
		},
		{
			"name": "hexadecagon",
			"from": [7.9, 0.5, 7.5],
			"to": [8.1, 5.5, 8.5],
			"rotation": {"angle": -22.5, "axis": "y", "origin": [8, 1, 8]},
			"faces": {
				"north": {"uv": [5, 1.5, 5.25, 2.75], "texture": "#2"},
				"east": {"uv": [5, 3, 5.25, 4.25], "texture": "#2"},
				"south": {"uv": [5, 4.5, 5.25, 5.75], "texture": "#2"},
				"west": {"uv": [3.5, 5.25, 3.75, 6.5], "texture": "#2"},
				"up": {"uv": [11.25, 10.25, 11, 10], "texture": "#2"},
				"down": {"uv": [10.75, 11, 10.5, 11.25], "texture": "#2"}
			}
		},
		{
			"name": "hexadecagon",
			"from": [7.9, 0.5, 7.5],
			"to": [8.1, 5.5, 8.5],
			"rotation": {"angle": 0, "axis": "y", "origin": [8, 1, 8]},
			"faces": {
				"north": {"uv": [5.5, 0, 5.75, 1.25], "texture": "#2"},
				"east": {"uv": [5.5, 1.5, 5.75, 2.75], "texture": "#2"},
				"south": {"uv": [5.5, 3, 5.75, 4.25], "texture": "#2"},
				"west": {"uv": [5.5, 4.5, 5.75, 5.75], "texture": "#2"},
				"up": {"uv": [11.25, 10.75, 11, 10.5], "texture": "#2"},
				"down": {"uv": [11.25, 11, 11, 11.25], "texture": "#2"}
			}
		},
		{
			"name": "hexadecagon",
			"from": [7.9, 0.5, 7.5],
			"to": [8.1, 5.5, 8.5],
			"rotation": {"angle": 22.5, "axis": "y", "origin": [8, 1, 8]},
			"faces": {
				"north": {"uv": [0, 6, 0.25, 7.25], "texture": "#2"},
				"east": {"uv": [6, 0, 6.25, 1.25], "texture": "#2"},
				"south": {"uv": [0.5, 6, 0.75, 7.25], "texture": "#2"},
				"west": {"uv": [1, 6, 1.25, 7.25], "texture": "#2"},
				"up": {"uv": [0.75, 11.5, 0.5, 11.25], "texture": "#2"},
				"down": {"uv": [1.25, 11.25, 1, 11.5], "texture": "#2"}
			}
		},
		{
			"name": "hexadecagon",
			"from": [7.9, 0.5, 7.5],
			"to": [8.1, 5.5, 8.5],
			"rotation": {"angle": 45, "axis": "y", "origin": [8, 1, 8]},
			"faces": {
				"north": {"uv": [6, 1.5, 6.25, 2.75], "texture": "#2"},
				"east": {"uv": [6, 3, 6.25, 4.25], "texture": "#2"},
				"south": {"uv": [4.5, 6, 4.75, 7.25], "texture": "#2"},
				"west": {"uv": [6, 4.5, 6.25, 5.75], "texture": "#2"},
				"up": {"uv": [1.75, 11.5, 1.5, 11.25], "texture": "#2"},
				"down": {"uv": [11.5, 1.5, 11.25, 1.75], "texture": "#2"}
			}
		},
		{
			"name": "hexadecagon",
			"from": [7.5, 0.5, 7.9],
			"to": [8.5, 5.5, 8.1],
			"rotation": {"angle": -22.5, "axis": "y", "origin": [8, 1, 8]},
			"faces": {
				"north": {"uv": [5, 6, 5.25, 7.25], "texture": "#2"},
				"east": {"uv": [5.5, 6, 5.75, 7.25], "texture": "#2"},
				"south": {"uv": [6, 6, 6.25, 7.25], "texture": "#2"},
				"west": {"uv": [1.5, 6.25, 1.75, 7.5], "texture": "#2"},
				"up": {"uv": [2.25, 11.5, 2, 11.25], "texture": "#2"},
				"down": {"uv": [11.5, 2, 11.25, 2.25], "texture": "#2"}
			}
		},
		{
			"from": [7.9, 0, 7.49],
			"to": [8.1, 1, 8.51],
			"rotation": {"angle": 0, "axis": "y", "origin": [8, 0.5, 7.75]},
			"faces": {
				"north": {"uv": [2.5, 11.25, 2.75, 11.5], "texture": "#2"},
				"east": {"uv": [11.25, 2.5, 11.5, 2.75], "texture": "#2"},
				"south": {"uv": [3, 11.25, 3.25, 11.5], "texture": "#2"},
				"west": {"uv": [11.25, 3, 11.5, 3.25], "texture": "#2"},
				"up": {"uv": [3.75, 11.5, 3.5, 11.25], "texture": "#2"},
				"down": {"uv": [11.5, 3.5, 11.25, 3.75], "texture": "#2"}
			}
		},
		{
			"from": [7.9, 0, 7.49],
			"to": [8.1, 1, 8.51],
			"rotation": {"angle": -22.5, "axis": "z", "origin": [8, 0.5, 7.75]},
			"faces": {
				"north": {"uv": [4, 11.25, 4.25, 11.5], "texture": "#2"},
				"east": {"uv": [11.25, 4, 11.5, 4.25], "texture": "#2"},
				"south": {"uv": [4.5, 11.25, 4.75, 11.5], "texture": "#2"},
				"west": {"uv": [11.25, 4.5, 11.5, 4.75], "texture": "#2"},
				"up": {"uv": [5.25, 11.5, 5, 11.25], "texture": "#2"},
				"down": {"uv": [11.5, 5, 11.25, 5.25], "texture": "#2"}
			}
		},
		{
			"from": [7.9, 0, 7.49],
			"to": [8.1, 1, 8.51],
			"rotation": {"angle": -45, "axis": "z", "origin": [8, 0.5, 7.75]},
			"faces": {
				"north": {"uv": [11.25, 5.5, 11.5, 5.75], "texture": "#2"},
				"east": {"uv": [11.25, 6.5, 11.5, 6.75], "texture": "#2"},
				"south": {"uv": [7.5, 11.25, 7.75, 11.5], "texture": "#2"},
				"west": {"uv": [8, 11.25, 8.25, 11.5], "texture": "#2"},
				"up": {"uv": [8.75, 11.5, 8.5, 11.25], "texture": "#2"},
				"down": {"uv": [0.25, 11.5, 0, 11.75], "texture": "#2"}
			}
		},
		{
			"from": [7.5, 0.4, 7.49],
			"to": [8.5, 0.6, 8.51],
			"rotation": {"angle": 22.5, "axis": "z", "origin": [8, 0.5, 7.75]},
			"faces": {
				"north": {"uv": [11.5, 0, 11.75, 0.25], "texture": "#2"},
				"east": {"uv": [11.5, 0.5, 11.75, 0.75], "texture": "#2"},
				"south": {"uv": [11.5, 1, 11.75, 1.25], "texture": "#2"},
				"west": {"uv": [5.5, 11.5, 5.75, 11.75], "texture": "#2"},
				"up": {"uv": [6.25, 11.75, 6, 11.5], "texture": "#2"},
				"down": {"uv": [11.75, 6, 11.5, 6.25], "texture": "#2"}
			}
		},
		{
			"from": [7.5, 0.4, 7.49],
			"to": [8.5, 0.6, 8.51],
			"rotation": {"angle": 0, "axis": "y", "origin": [8, 0.5, 7.75]},
			"faces": {
				"north": {"uv": [6.5, 11.5, 6.75, 11.75], "texture": "#2"},
				"east": {"uv": [7, 11.5, 7.25, 11.75], "texture": "#2"},
				"south": {"uv": [11.5, 7, 11.75, 7.25], "texture": "#2"},
				"west": {"uv": [11.5, 7.5, 11.75, 7.75], "texture": "#2"},
				"up": {"uv": [11.75, 8.25, 11.5, 8], "texture": "#2"},
				"down": {"uv": [11.75, 8.5, 11.5, 8.75], "texture": "#2"}
			}
		},
		{
			"from": [7.5, 0.4, 7.49],
			"to": [8.5, 0.6, 8.51],
			"rotation": {"angle": -22.5, "axis": "z", "origin": [8, 0.5, 7.75]},
			"faces": {
				"north": {"uv": [9, 11.5, 9.25, 11.75], "texture": "#2"},
				"east": {"uv": [11.5, 9, 11.75, 9.25], "texture": "#2"},
				"south": {"uv": [9.5, 11.5, 9.75, 11.75], "texture": "#2"},
				"west": {"uv": [11.5, 9.5, 11.75, 9.75], "texture": "#2"},
				"up": {"uv": [10.25, 11.75, 10, 11.5], "texture": "#2"},
				"down": {"uv": [11.75, 10, 11.5, 10.25], "texture": "#2"}
			}
		},
		{
			"from": [7.5, 0.4, 7.49],
			"to": [8.5, 0.6, 8.51],
			"rotation": {"angle": -45, "axis": "z", "origin": [8, 0.5, 7.75]},
			"faces": {
				"north": {"uv": [10.5, 11.5, 10.75, 11.75], "texture": "#2"},
				"east": {"uv": [11.5, 10.5, 11.75, 10.75], "texture": "#2"},
				"south": {"uv": [11, 11.5, 11.25, 11.75], "texture": "#2"},
				"west": {"uv": [11.5, 11, 11.75, 11.25], "texture": "#2"},
				"up": {"uv": [11.75, 11.75, 11.5, 11.5], "texture": "#2"},
				"down": {"uv": [0.75, 11.75, 0.5, 12], "texture": "#2"}
			}
		},
		{
			"from": [7.9, 0, 7.49],
			"to": [8.1, 1, 8.51],
			"rotation": {"angle": 22.5, "axis": "z", "origin": [8, 0.5, 7.75]},
			"faces": {
				"north": {"uv": [1, 11.75, 1.25, 12], "texture": "#2"},
				"east": {"uv": [1.5, 11.75, 1.75, 12], "texture": "#2"},
				"south": {"uv": [11.75, 1.5, 12, 1.75], "texture": "#2"},
				"west": {"uv": [2, 11.75, 2.25, 12], "texture": "#2"},
				"up": {"uv": [12, 2.25, 11.75, 2], "texture": "#2"},
				"down": {"uv": [2.75, 11.75, 2.5, 12], "texture": "#2"}
			}
		},
		{
			"from": [7.94, 0.2, 7.45],
			"to": [8.06, 0.8, 8.55],
			"rotation": {"angle": 0, "axis": "y", "origin": [8, 0.5, 7.45]},
			"faces": {
				"north": {"uv": [11.75, 2.5, 12, 2.75], "texture": "#2"},
				"east": {"uv": [3, 11.75, 3.25, 12], "texture": "#2"},
				"south": {"uv": [11.75, 3, 12, 3.25], "texture": "#2"},
				"west": {"uv": [3.5, 11.75, 3.75, 12], "texture": "#2"},
				"up": {"uv": [12, 3.75, 11.75, 3.5], "texture": "#2"},
				"down": {"uv": [4.25, 11.75, 4, 12], "texture": "#2"}
			}
		},
		{
			"from": [7.94, 0.2, 7.45],
			"to": [8.06, 0.8, 8.55],
			"rotation": {"angle": 22.5, "axis": "z", "origin": [8, 0.5, 7.45]},
			"faces": {
				"north": {"uv": [11.75, 4, 12, 4.25], "texture": "#2"},
				"east": {"uv": [4.5, 11.75, 4.75, 12], "texture": "#2"},
				"south": {"uv": [11.75, 4.5, 12, 4.75], "texture": "#2"},
				"west": {"uv": [5, 11.75, 5.25, 12], "texture": "#2"},
				"up": {"uv": [12, 5.25, 11.75, 5], "texture": "#2"},
				"down": {"uv": [12, 5.5, 11.75, 5.75], "texture": "#2"}
			}
		},
		{
			"from": [7.94, 0.2, 7.45],
			"to": [8.06, 0.8, 8.55],
			"rotation": {"angle": 45, "axis": "z", "origin": [8, 0.5, 7.45]},
			"faces": {
				"north": {"uv": [11.75, 6.5, 12, 6.75], "texture": "#2"},
				"east": {"uv": [7.5, 11.75, 7.75, 12], "texture": "#2"},
				"south": {"uv": [8, 11.75, 8.25, 12], "texture": "#2"},
				"west": {"uv": [8.5, 11.75, 8.75, 12], "texture": "#2"},
				"up": {"uv": [0.25, 12.25, 0, 12], "texture": "#2"},
				"down": {"uv": [12.25, 0, 12, 0.25], "texture": "#2"}
			}
		},
		{
			"from": [7.7, 0.44, 7.45],
			"to": [8.3, 0.56, 8.55],
			"rotation": {"angle": -22.5, "axis": "z", "origin": [8, 0.5, 7.45]},
			"faces": {
				"north": {"uv": [12, 0.5, 12.25, 0.75], "texture": "#2"},
				"east": {"uv": [12, 1, 12.25, 1.25], "texture": "#2"},
				"south": {"uv": [5.5, 12, 5.75, 12.25], "texture": "#2"},
				"west": {"uv": [6, 12, 6.25, 12.25], "texture": "#2"},
				"up": {"uv": [12.25, 6.25, 12, 6], "texture": "#2"},
				"down": {"uv": [6.75, 12, 6.5, 12.25], "texture": "#2"}
			}
		},
		{
			"from": [7.7, 0.44, 7.45],
			"to": [8.3, 0.56, 8.55],
			"rotation": {"angle": 0, "axis": "y", "origin": [8, 0.5, 7.45]},
			"faces": {
				"north": {"uv": [7, 12, 7.25, 12.25], "texture": "#2"},
				"east": {"uv": [12, 7, 12.25, 7.25], "texture": "#2"},
				"south": {"uv": [12, 7.5, 12.25, 7.75], "texture": "#2"},
				"west": {"uv": [12, 8, 12.25, 8.25], "texture": "#2"},
				"up": {"uv": [12.25, 8.75, 12, 8.5], "texture": "#2"},
				"down": {"uv": [9.25, 12, 9, 12.25], "texture": "#2"}
			}
		},
		{
			"from": [7.7, 0.44, 7.45],
			"to": [8.3, 0.56, 8.55],
			"rotation": {"angle": 22.5, "axis": "z", "origin": [8, 0.5, 7.45]},
			"faces": {
				"north": {"uv": [12, 9, 12.25, 9.25], "texture": "#2"},
				"east": {"uv": [9.5, 12, 9.75, 12.25], "texture": "#2"},
				"south": {"uv": [12, 9.5, 12.25, 9.75], "texture": "#2"},
				"west": {"uv": [10, 12, 10.25, 12.25], "texture": "#2"},
				"up": {"uv": [12.25, 10.25, 12, 10], "texture": "#2"},
				"down": {"uv": [10.75, 12, 10.5, 12.25], "texture": "#2"}
			}
		},
		{
			"from": [7.7, 0.44, 7.45],
			"to": [8.3, 0.56, 8.55],
			"rotation": {"angle": 45, "axis": "z", "origin": [8, 0.5, 7.45]},
			"faces": {
				"north": {"uv": [12, 10.5, 12.25, 10.75], "texture": "#2"},
				"east": {"uv": [11, 12, 11.25, 12.25], "texture": "#2"},
				"south": {"uv": [12, 11, 12.25, 11.25], "texture": "#2"},
				"west": {"uv": [11.5, 12, 11.75, 12.25], "texture": "#2"},
				"up": {"uv": [12.25, 11.75, 12, 11.5], "texture": "#2"},
				"down": {"uv": [12.25, 12, 12, 12.25], "texture": "#2"}
			}
		},
		{
			"from": [7.94, 0.2, 7.45],
			"to": [8.06, 0.8, 8.55],
			"rotation": {"angle": -22.5, "axis": "z", "origin": [8, 0.5, 7.45]},
			"faces": {
				"north": {"uv": [0.5, 12.25, 0.75, 12.5], "texture": "#2"},
				"east": {"uv": [1, 12.25, 1.25, 12.5], "texture": "#2"},
				"south": {"uv": [1.5, 12.25, 1.75, 12.5], "texture": "#2"},
				"west": {"uv": [12.25, 1.5, 12.5, 1.75], "texture": "#2"},
				"up": {"uv": [2.25, 12.5, 2, 12.25], "texture": "#2"},
				"down": {"uv": [12.5, 2, 12.25, 2.25], "texture": "#2"}
			}
		},
		{
			"from": [7.25, 5.5, 7.75],
			"to": [8.75, 16, 8.25],
			"rotation": {"angle": 0, "axis": "y", "origin": [7.5, 5.5, 7.75]},
			"faces": {
				"north": {"uv": [0, 0, 0.5, 2.75], "texture": "#2"},
				"east": {"uv": [0, 3, 0.25, 5.75], "texture": "#2"},
				"south": {"uv": [0.75, 0, 1.25, 2.75], "texture": "#2"},
				"west": {"uv": [3, 0, 3.25, 2.75], "texture": "#2"},
				"up": {"uv": [8.5, 4.25, 8, 4], "texture": "#2"},
				"down": {"uv": [5.25, 8, 4.75, 8.25], "texture": "#2"}
			}
		},
		{
			"from": [7.5, 5.5, 7.75],
			"to": [8.5, 11, 8.25],
			"rotation": {"angle": 0, "axis": "y", "origin": [7.5, 5.5, 7.75]},
			"faces": {
				"north": {"uv": [1.5, 3, 1.75, 4.5], "texture": "#2"},
				"east": {"uv": [2, 3, 2.25, 4.5], "texture": "#2"},
				"south": {"uv": [2.5, 3, 2.75, 4.5], "texture": "#2"},
				"west": {"uv": [3, 3, 3.25, 4.5], "texture": "#2"},
				"up": {"uv": [2.75, 12.5, 2.5, 12.25], "texture": "#2"},
				"down": {"uv": [12.5, 2.5, 12.25, 2.75], "texture": "#2"}
			}
		},
		{
			"from": [7.75, 16, 7.75],
			"to": [8.75, 18, 8.25],
			"rotation": {"angle": 22.5, "axis": "z", "origin": [8.75, 16, 7.75]},
			"faces": {
				"north": {"uv": [5.5, 8, 5.75, 8.5], "texture": "#2"},
				"east": {"uv": [6, 8, 6.25, 8.5], "texture": "#2"},
				"south": {"uv": [6.5, 8, 6.75, 8.5], "texture": "#2"},
				"west": {"uv": [7, 8, 7.25, 8.5], "texture": "#2"},
				"up": {"uv": [3.25, 12.5, 3, 12.25], "texture": "#2"},
				"down": {"uv": [12.5, 3, 12.25, 3.25], "texture": "#2"}
			}
		},
		{
			"from": [7.49, 17.84, 7.75],
			"to": [7.99, 20.215, 8.25],
			"rotation": {"angle": 45, "axis": "z", "origin": [7.99, 17.84, 7.75]},
			"faces": {
				"north": {"uv": [8, 7, 8.25, 7.5], "texture": "#2"},
				"east": {"uv": [8, 7.75, 8.25, 8.25], "texture": "#2"},
				"south": {"uv": [0.5, 8.25, 0.75, 8.75], "texture": "#2"},
				"west": {"uv": [8.25, 4.5, 8.5, 5], "texture": "#2"},
				"up": {"uv": [3.75, 12.5, 3.5, 12.25], "texture": "#2"},
				"down": {"uv": [12.5, 3.5, 12.25, 3.75], "texture": "#2"}
			}
		},
		{
			"from": [5.955, 18.725, 7.75],
			"to": [6.305, 19.55, 8.25],
			"rotation": {"angle": 0, "axis": "y", "origin": [6.08, 19.25, 7.75]},
			"faces": {
				"north": {"uv": [4, 12.25, 4.25, 12.5], "texture": "#2"},
				"east": {"uv": [12.25, 4, 12.5, 4.25], "texture": "#2"},
				"south": {"uv": [4.5, 12.25, 4.75, 12.5], "texture": "#2"},
				"west": {"uv": [12.25, 4.5, 12.5, 4.75], "texture": "#2"},
				"up": {"uv": [5.25, 12.5, 5, 12.25], "texture": "#2"},
				"down": {"uv": [12.5, 5, 12.25, 5.25], "texture": "#2"}
			}
		},
		{
			"from": [5.955, 16.75, 7.75],
			"to": [7.08, 18.75, 8.25],
			"rotation": {"angle": 0, "axis": "y", "origin": [6.08, 19.25, 7.75]},
			"faces": {
				"north": {"uv": [8.25, 5.25, 8.5, 5.75], "texture": "#2"},
				"east": {"uv": [7.5, 8.25, 7.75, 8.75], "texture": "#2"},
				"south": {"uv": [8.5, 0, 8.75, 0.5], "texture": "#2"},
				"west": {"uv": [8.5, 0.75, 8.75, 1.25], "texture": "#2"},
				"up": {"uv": [12.5, 5.75, 12.25, 5.5], "texture": "#2"},
				"down": {"uv": [12.5, 6.5, 12.25, 6.75], "texture": "#2"}
			}
		},
		{
			"from": [6.5, 16.2, 7.75],
			"to": [7.5, 18.2, 8.25],
			"rotation": {"angle": 0, "axis": "y", "origin": [6.08, 19.25, 7.75]},
			"faces": {
				"north": {"uv": [1, 8.5, 1.25, 9], "texture": "#2"},
				"east": {"uv": [1.5, 8.5, 1.75, 9], "texture": "#2"},
				"south": {"uv": [2, 8.5, 2.25, 9], "texture": "#2"},
				"west": {"uv": [2.5, 8.5, 2.75, 9], "texture": "#2"},
				"up": {"uv": [7.75, 12.5, 7.5, 12.25], "texture": "#2"},
				"down": {"uv": [8.25, 12.25, 8, 12.5], "texture": "#2"}
			}
		},
		{
			"from": [6.13, 17.25, 7.75],
			"to": [6.58, 18, 8.25],
			"rotation": {"angle": -22.5, "axis": "z", "origin": [6.08, 17.75, 7.75]},
			"faces": {
				"north": {"uv": [8.5, 12.25, 8.75, 12.5], "texture": "#2"},
				"east": {"uv": [0, 12.5, 0.25, 12.75], "texture": "#2"},
				"south": {"uv": [12.5, 0, 12.75, 0.25], "texture": "#2"},
				"west": {"uv": [12.5, 0.5, 12.75, 0.75], "texture": "#2"},
				"up": {"uv": [12.75, 1.25, 12.5, 1], "texture": "#2"},
				"down": {"uv": [5.75, 12.5, 5.5, 12.75], "texture": "#2"}
			}
		},
		{
			"from": [5.875, 16.075, 7.75],
			"to": [8.1, 17.9, 8.25],
			"rotation": {"angle": -45, "axis": "z", "origin": [5.6, 16.6, 7.75]},
			"faces": {
				"north": {"uv": [2, 6.25, 2.5, 6.75], "texture": "#2"},
				"east": {"uv": [3, 8.5, 3.25, 9], "texture": "#2"},
				"south": {"uv": [2.75, 6.25, 3.25, 6.75], "texture": "#2"},
				"west": {"uv": [3.5, 8.5, 3.75, 9], "texture": "#2"},
				"up": {"uv": [8.75, 6.25, 8.25, 6], "texture": "#2"},
				"down": {"uv": [4.5, 8.5, 4, 8.75], "texture": "#2"}
			}
		},
		{
			"from": [7.07895, 13.38328, 7.75],
			"to": [7.97895, 16.68328, 8.25],
			"rotation": {"angle": 45, "axis": "z", "origin": [7.15395, 14.10828, 8]},
			"faces": {
				"north": {"uv": [6.5, 3, 6.75, 3.75], "texture": "#2"},
				"east": {"uv": [6.5, 4, 6.75, 4.75], "texture": "#2"},
				"south": {"uv": [6.5, 5, 6.75, 5.75], "texture": "#2"},
				"west": {"uv": [6.5, 6, 6.75, 6.75], "texture": "#2"},
				"up": {"uv": [6.25, 12.75, 6, 12.5], "texture": "#2"},
				"down": {"uv": [12.75, 6, 12.5, 6.25], "texture": "#2"}
			}
		},
		{
			"from": [7.25, 5.5, 7.75],
			"to": [8.75, 16, 8.25],
			"rotation": {"angle": 0, "axis": "y", "origin": [7.5, 5.5, 7.75]},
			"faces": {
				"north": {"uv": [1.5, 0, 2, 2.75], "texture": "#2"},
				"east": {"uv": [0.5, 3, 0.75, 5.75], "texture": "#2"},
				"south": {"uv": [2.25, 0, 2.75, 2.75], "texture": "#2"},
				"west": {"uv": [1, 3, 1.25, 5.75], "texture": "#2"},
				"up": {"uv": [5.25, 8.75, 4.75, 8.5], "texture": "#2"},
				"down": {"uv": [9, 6.5, 8.5, 6.75], "texture": "#2"}
			}
		},
		{
			"from": [7.5, 5.5, 7.75],
			"to": [8.5, 11, 8.25],
			"rotation": {"angle": 0, "axis": "y", "origin": [7.5, 5.5, 7.75]},
			"faces": {
				"north": {"uv": [3.5, 0, 3.75, 1.5], "texture": "#2"},
				"east": {"uv": [3.5, 1.75, 3.75, 3.25], "texture": "#2"},
				"south": {"uv": [3.5, 3.5, 3.75, 5], "texture": "#2"},
				"west": {"uv": [4, 0, 4.25, 1.5], "texture": "#2"},
				"up": {"uv": [6.75, 12.75, 6.5, 12.5], "texture": "#2"},
				"down": {"uv": [7.25, 12.5, 7, 12.75], "texture": "#2"}
			}
		},
		{
			"from": [7.75, 16, 7.75],
			"to": [8.75, 18, 8.25],
			"rotation": {"angle": 22.5, "axis": "z", "origin": [8.75, 16, 7.75]},
			"faces": {
				"north": {"uv": [8.5, 7, 8.75, 7.5], "texture": "#2"},
				"east": {"uv": [8.5, 7.75, 8.75, 8.25], "texture": "#2"},
				"south": {"uv": [8, 8.5, 8.25, 9], "texture": "#2"},
				"west": {"uv": [8.5, 8.5, 8.75, 9], "texture": "#2"},
				"up": {"uv": [12.75, 7.25, 12.5, 7], "texture": "#2"},
				"down": {"uv": [12.75, 7.5, 12.5, 7.75], "texture": "#2"}
			}
		},
		{
			"from": [7.49, 17.84, 7.75],
			"to": [7.99, 19.84, 8.25],
			"rotation": {"angle": 45, "axis": "z", "origin": [7.99, 17.84, 7.75]},
			"faces": {
				"north": {"uv": [0, 8.75, 0.25, 9.25], "texture": "#2"},
				"east": {"uv": [8.75, 1.5, 9, 2], "texture": "#2"},
				"south": {"uv": [8.75, 2.25, 9, 2.75], "texture": "#2"},
				"west": {"uv": [8.75, 3, 9, 3.5], "texture": "#2"},
				"up": {"uv": [12.75, 8.25, 12.5, 8], "texture": "#2"},
				"down": {"uv": [12.75, 8.5, 12.5, 8.75], "texture": "#2"}
			}
		},
		{
			"from": [6.08, 17.75, 7.75],
			"to": [6.58, 19.25, 8.25],
			"rotation": {"angle": 0, "axis": "y", "origin": [6.08, 19.25, 7.75]},
			"faces": {
				"north": {"uv": [8.75, 3.75, 9, 4.25], "texture": "#2"},
				"east": {"uv": [8.75, 4.5, 9, 5], "texture": "#2"},
				"south": {"uv": [8.75, 5.25, 9, 5.75], "texture": "#2"},
				"west": {"uv": [5.5, 8.75, 5.75, 9.25], "texture": "#2"},
				"up": {"uv": [9.25, 12.75, 9, 12.5], "texture": "#2"},
				"down": {"uv": [12.75, 9, 12.5, 9.25], "texture": "#2"}
			}
		},
		{
			"from": [6.08, 16.75, 7.75],
			"to": [7.08, 18.75, 8.25],
			"rotation": {"angle": 0, "axis": "y", "origin": [6.08, 19.25, 7.75]},
			"faces": {
				"north": {"uv": [6, 8.75, 6.25, 9.25], "texture": "#2"},
				"east": {"uv": [6.5, 8.75, 6.75, 9.25], "texture": "#2"},
				"south": {"uv": [7, 8.75, 7.25, 9.25], "texture": "#2"},
				"west": {"uv": [9, 0, 9.25, 0.5], "texture": "#2"},
				"up": {"uv": [9.75, 12.75, 9.5, 12.5], "texture": "#2"},
				"down": {"uv": [12.75, 9.5, 12.5, 9.75], "texture": "#2"}
			}
		},
		{
			"from": [6.5, 16.2, 7.75],
			"to": [7.5, 18.2, 8.25],
			"rotation": {"angle": 0, "axis": "y", "origin": [6.08, 19.25, 7.75]},
			"faces": {
				"north": {"uv": [0.5, 9, 0.75, 9.5], "texture": "#2"},
				"east": {"uv": [9, 0.75, 9.25, 1.25], "texture": "#2"},
				"south": {"uv": [4, 9, 4.25, 9.5], "texture": "#2"},
				"west": {"uv": [4.5, 9, 4.75, 9.5], "texture": "#2"},
				"up": {"uv": [10.25, 12.75, 10, 12.5], "texture": "#2"},
				"down": {"uv": [12.75, 10, 12.5, 10.25], "texture": "#2"}
			}
		},
		{
			"from": [6.13, 15.925, 7.75],
			"to": [6.58, 18, 8.25],
			"rotation": {"angle": -22.5, "axis": "z", "origin": [6.08, 17.75, 7.75]},
			"faces": {
				"north": {"uv": [5, 9, 5.25, 9.5], "texture": "#2"},
				"east": {"uv": [9, 7, 9.25, 7.5], "texture": "#2"},
				"south": {"uv": [7.5, 9, 7.75, 9.5], "texture": "#2"},
				"west": {"uv": [9, 7.75, 9.25, 8.25], "texture": "#2"},
				"up": {"uv": [10.75, 12.75, 10.5, 12.5], "texture": "#2"},
				"down": {"uv": [12.75, 10.5, 12.5, 10.75], "texture": "#2"}
			}
		},
		{
			"from": [5.7, 11.825, 7.75],
			"to": [6.8, 14.875, 8.25],
			"rotation": {"angle": 22.5, "axis": "z", "origin": [5.6, 15.9, 7.75]},
			"faces": {
				"north": {"uv": [3.5, 6.75, 3.75, 7.5], "texture": "#2"},
				"east": {"uv": [7, 0, 7.25, 0.75], "texture": "#2"},
				"south": {"uv": [7, 1, 7.25, 1.75], "texture": "#2"},
				"west": {"uv": [2, 7, 2.25, 7.75], "texture": "#2"},
				"up": {"uv": [11.25, 12.75, 11, 12.5], "texture": "#2"},
				"down": {"uv": [12.75, 11, 12.5, 11.25], "texture": "#2"}
			}
		},
		{
			"from": [9.5, 4.75, 7.47],
			"to": [9.575, 5.125, 8.53],
			"rotation": {"angle": 45, "axis": "z", "origin": [9.25, 5, 7]},
			"faces": {
				"north": {"uv": [11.5, 12.5, 11.75, 12.75], "texture": "#2"},
				"east": {"uv": [12.5, 11.5, 12.75, 11.75], "texture": "#2"},
				"south": {"uv": [12, 12.5, 12.25, 12.75], "texture": "#2"},
				"west": {"uv": [12.5, 12, 12.75, 12.25], "texture": "#2"},
				"up": {"uv": [12.75, 12.75, 12.5, 12.5], "texture": "#2"},
				"down": {"uv": [0.75, 12.75, 0.5, 13], "texture": "#2"}
			}
		},
		{
			"from": [9.059, 5.273, 7.47],
			"to": [9.259, 5.348, 8.53],
			"rotation": {"angle": -22.5, "axis": "z", "origin": [9.25, 5, 7]},
			"faces": {
				"north": {"uv": [1, 12.75, 1.25, 13], "texture": "#2"},
				"east": {"uv": [1.5, 12.75, 1.75, 13], "texture": "#2"},
				"south": {"uv": [12.75, 1.5, 13, 1.75], "texture": "#2"},
				"west": {"uv": [2, 12.75, 2.25, 13], "texture": "#2"},
				"up": {"uv": [13, 2.25, 12.75, 2], "texture": "#2"},
				"down": {"uv": [2.75, 12.75, 2.5, 13], "texture": "#2"}
			}
		},
		{
			"from": [8.684, 5.198, 7.47],
			"to": [8.934, 5.273, 8.53],
			"rotation": {"angle": -22.5, "axis": "z", "origin": [9.25, 5, 7]},
			"faces": {
				"north": {"uv": [12.75, 2.5, 13, 2.75], "texture": "#2"},
				"east": {"uv": [3, 12.75, 3.25, 13], "texture": "#2"},
				"south": {"uv": [12.75, 3, 13, 3.25], "texture": "#2"},
				"west": {"uv": [3.5, 12.75, 3.75, 13], "texture": "#2"},
				"up": {"uv": [13, 3.75, 12.75, 3.5], "texture": "#2"},
				"down": {"uv": [4.25, 12.75, 4, 13], "texture": "#2"}
			}
		},
		{
			"from": [8.9817, 5.2696, 7.47],
			"to": [9.2067, 5.3946, 8.53],
			"rotation": {"angle": 0, "axis": "z", "origin": [9.25, 5, 7]},
			"faces": {
				"north": {"uv": [12.75, 4, 13, 4.25], "texture": "#2"},
				"east": {"uv": [4.5, 12.75, 4.75, 13], "texture": "#2"},
				"south": {"uv": [12.75, 4.5, 13, 4.75], "texture": "#2"},
				"west": {"uv": [5, 12.75, 5.25, 13], "texture": "#2"},
				"up": {"uv": [13, 5.25, 12.75, 5], "texture": "#2"},
				"down": {"uv": [13, 5.5, 12.75, 5.75], "texture": "#2"}
			}
		},
		{
			"from": [9.2163, 5.204, 7.47],
			"to": [9.2913, 5.599, 8.53],
			"rotation": {"angle": 45, "axis": "z", "origin": [9.25, 5, 7]},
			"faces": {
				"north": {"uv": [12.75, 6.5, 13, 6.75], "texture": "#2"},
				"east": {"uv": [7.5, 12.75, 7.75, 13], "texture": "#2"},
				"south": {"uv": [8, 12.75, 8.25, 13], "texture": "#2"},
				"west": {"uv": [8.5, 12.75, 8.75, 13], "texture": "#2"},
				"up": {"uv": [0.25, 13.25, 0, 13], "texture": "#2"},
				"down": {"uv": [13.25, 0, 13, 0.25], "texture": "#2"}
			}
		},
		{
			"from": [9.378, 5, 7.47],
			"to": [9.603, 5.075, 8.53],
			"rotation": {"angle": 0, "axis": "z", "origin": [9.375, 5.375, 7]},
			"faces": {
				"north": {"uv": [13, 0.5, 13.25, 0.75], "texture": "#2"},
				"east": {"uv": [13, 1, 13.25, 1.25], "texture": "#2"},
				"south": {"uv": [5.5, 13, 5.75, 13.25], "texture": "#2"},
				"west": {"uv": [6, 13, 6.25, 13.25], "texture": "#2"},
				"up": {"uv": [13.25, 6.25, 13, 6], "texture": "#2"},
				"down": {"uv": [6.75, 13, 6.5, 13.25], "texture": "#2"}
			}
		},
		{
			"from": [9.202, 5.03, 7.47],
			"to": [9.522, 5.255, 8.53],
			"rotation": {"angle": -22.5, "axis": "z", "origin": [9.375, 5.375, 7]},
			"faces": {
				"north": {"uv": [7, 13, 7.25, 13.25], "texture": "#2"},
				"east": {"uv": [13, 7, 13.25, 7.25], "texture": "#2"},
				"south": {"uv": [13, 7.5, 13.25, 7.75], "texture": "#2"},
				"west": {"uv": [13, 8, 13.25, 8.25], "texture": "#2"},
				"up": {"uv": [13.25, 8.75, 13, 8.5], "texture": "#2"},
				"down": {"uv": [9.25, 13, 9, 13.25], "texture": "#2"}
			}
		},
		{
			"from": [9.102, 5.105, 7.47],
			"to": [9.647, 5.205, 8.53],
			"rotation": {"angle": -22.5, "axis": "z", "origin": [9.375, 5.375, 7]},
			"faces": {
				"north": {"uv": [13, 9, 13.25, 9.25], "texture": "#2"},
				"east": {"uv": [9.5, 13, 9.75, 13.25], "texture": "#2"},
				"south": {"uv": [13, 9.5, 13.25, 9.75], "texture": "#2"},
				"west": {"uv": [10, 13, 10.25, 13.25], "texture": "#2"},
				"up": {"uv": [13.25, 10.25, 13, 10], "texture": "#2"},
				"down": {"uv": [10.75, 13, 10.5, 13.25], "texture": "#2"}
			}
		},
		{
			"from": [8.852, 5.28, 7.795],
			"to": [9.397, 5.505, 8.205],
			"rotation": {"angle": -22.5, "axis": "z", "origin": [9.375, 5.375, 7]},
			"faces": {
				"north": {"uv": [13, 10.5, 13.25, 10.75], "texture": "#2"},
				"east": {"uv": [11, 13, 11.25, 13.25], "texture": "#2"},
				"south": {"uv": [13, 11, 13.25, 11.25], "texture": "#2"},
				"west": {"uv": [11.5, 13, 11.75, 13.25], "texture": "#2"},
				"up": {"uv": [13.25, 11.75, 13, 11.5], "texture": "#2"},
				"down": {"uv": [12.25, 13, 12, 13.25], "texture": "#2"}
			}
		},
		{
			"from": [9.077, 5.305, 7.945],
			"to": [9.172, 5.515, 8.055],
			"rotation": {"angle": -22.5, "axis": "z", "origin": [9.375, 5.375, 7]},
			"faces": {
				"north": {"uv": [13, 12, 13.25, 12.25], "texture": "#2"},
				"east": {"uv": [12.5, 13, 12.75, 13.25], "texture": "#2"},
				"south": {"uv": [13, 12.5, 13.25, 12.75], "texture": "#2"},
				"west": {"uv": [13, 13, 13.25, 13.25], "texture": "#2"},
				"up": {"uv": [0.75, 13.5, 0.5, 13.25], "texture": "#2"},
				"down": {"uv": [1.25, 13.25, 1, 13.5], "texture": "#2"}
			}
		},
		{
			"from": [9.76, 3.893, 7.47],
			"to": [10.165, 4.368, 8.53],
			"rotation": {"angle": 0, "axis": "z", "origin": [9.985, 4.368, 7]},
			"faces": {
				"north": {"uv": [1.5, 13.25, 1.75, 13.5], "texture": "#2"},
				"east": {"uv": [13.25, 1.5, 13.5, 1.75], "texture": "#2"},
				"south": {"uv": [2, 13.25, 2.25, 13.5], "texture": "#2"},
				"west": {"uv": [13.25, 2, 13.5, 2.25], "texture": "#2"},
				"up": {"uv": [2.75, 13.5, 2.5, 13.25], "texture": "#2"},
				"down": {"uv": [13.5, 2.5, 13.25, 2.75], "texture": "#2"}
			}
		},
		{
			"from": [9.635, 4.018, 7.47],
			"to": [10.16, 4.368, 8.53],
			"rotation": {"angle": 0, "axis": "z", "origin": [9.985, 4.368, 7]},
			"faces": {
				"north": {"uv": [3, 13.25, 3.25, 13.5], "texture": "#2"},
				"east": {"uv": [13.25, 3, 13.5, 3.25], "texture": "#2"},
				"south": {"uv": [3.5, 13.25, 3.75, 13.5], "texture": "#2"},
				"west": {"uv": [13.25, 3.5, 13.5, 3.75], "texture": "#2"},
				"up": {"uv": [4.25, 13.5, 4, 13.25], "texture": "#2"},
				"down": {"uv": [13.5, 4, 13.25, 4.25], "texture": "#2"}
			}
		},
		{
			"from": [9.51, 4.143, 7.47],
			"to": [9.66, 4.493, 8.53],
			"rotation": {"angle": 0, "axis": "z", "origin": [9.985, 4.368, 7]},
			"faces": {
				"north": {"uv": [4.5, 13.25, 4.75, 13.5], "texture": "#2"},
				"east": {"uv": [13.25, 4.5, 13.5, 4.75], "texture": "#2"},
				"south": {"uv": [5, 13.25, 5.25, 13.5], "texture": "#2"},
				"west": {"uv": [13.25, 5, 13.5, 5.25], "texture": "#2"},
				"up": {"uv": [13.5, 5.75, 13.25, 5.5], "texture": "#2"},
				"down": {"uv": [13.5, 6.5, 13.25, 6.75], "texture": "#2"}
			}
		},
		{
			"from": [9.41, 4.318, 7.47],
			"to": [9.56, 4.568, 8.53],
			"rotation": {"angle": 0, "axis": "z", "origin": [9.985, 4.368, 7]},
			"faces": {
				"north": {"uv": [7.5, 13.25, 7.75, 13.5], "texture": "#2"},
				"east": {"uv": [8, 13.25, 8.25, 13.5], "texture": "#2"},
				"south": {"uv": [8.5, 13.25, 8.75, 13.5], "texture": "#2"},
				"west": {"uv": [0, 13.5, 0.25, 13.75], "texture": "#2"},
				"up": {"uv": [13.75, 0.25, 13.5, 0], "texture": "#2"},
				"down": {"uv": [13.75, 0.5, 13.5, 0.75], "texture": "#2"}
			}
		},
		{
			"from": [10.135, 3.593, 7.47],
			"to": [10.165, 4.368, 8.53],
			"rotation": {"angle": 0, "axis": "z", "origin": [9.985, 4.368, 7]},
			"faces": {
				"north": {"uv": [13.5, 1, 13.75, 1.25], "texture": "#2"},
				"east": {"uv": [5.5, 13.5, 5.75, 13.75], "texture": "#2"},
				"south": {"uv": [6, 13.5, 6.25, 13.75], "texture": "#2"},
				"west": {"uv": [13.5, 6, 13.75, 6.25], "texture": "#2"},
				"up": {"uv": [6.75, 13.75, 6.5, 13.5], "texture": "#2"},
				"down": {"uv": [7.25, 13.5, 7, 13.75], "texture": "#2"}
			}
		},
		{
			"from": [10.06, 3.618, 7.47],
			"to": [10.16, 4.368, 8.53],
			"rotation": {"angle": 0, "axis": "z", "origin": [9.985, 4.368, 7]},
			"faces": {
				"north": {"uv": [13.5, 7, 13.75, 7.25], "texture": "#2"},
				"east": {"uv": [13.5, 7.5, 13.75, 7.75], "texture": "#2"},
				"south": {"uv": [13.5, 8, 13.75, 8.25], "texture": "#2"},
				"west": {"uv": [13.5, 8.5, 13.75, 8.75], "texture": "#2"},
				"up": {"uv": [9.25, 13.75, 9, 13.5], "texture": "#2"},
				"down": {"uv": [13.75, 9, 13.5, 9.25], "texture": "#2"}
			}
		},
		{
			"from": [10.11, 3.579, 7.47],
			"to": [10.16, 4.309, 8.53],
			"rotation": {"angle": 0, "axis": "z", "origin": [9.985, 4.368, 7]},
			"faces": {
				"north": {"uv": [9.5, 13.5, 9.75, 13.75], "texture": "#2"},
				"east": {"uv": [13.5, 9.5, 13.75, 9.75], "texture": "#2"},
				"south": {"uv": [10, 13.5, 10.25, 13.75], "texture": "#2"},
				"west": {"uv": [13.5, 10, 13.75, 10.25], "texture": "#2"},
				"up": {"uv": [10.75, 13.75, 10.5, 13.5], "texture": "#2"},
				"down": {"uv": [13.75, 10.5, 13.5, 10.75], "texture": "#2"}
			}
		},
		{
			"from": [9.635, 4.243, 7.47],
			"to": [9.985, 4.368, 8.53],
			"rotation": {"angle": -22.5, "axis": "z", "origin": [9.985, 4.368, 7]},
			"faces": {
				"north": {"uv": [11, 13.5, 11.25, 13.75], "texture": "#2"},
				"east": {"uv": [13.5, 11, 13.75, 11.25], "texture": "#2"},
				"south": {"uv": [11.5, 13.5, 11.75, 13.75], "texture": "#2"},
				"west": {"uv": [13.5, 11.5, 13.75, 11.75], "texture": "#2"},
				"up": {"uv": [12.25, 13.75, 12, 13.5], "texture": "#2"},
				"down": {"uv": [13.75, 12, 13.5, 12.25], "texture": "#2"}
			}
		},
		{
			"from": [9.1116, 4.377, 7.47],
			"to": [9.7616, 4.502, 8.53],
			"rotation": {"angle": -45, "axis": "z", "origin": [9.66165, 4.50195, 7]},
			"faces": {
				"north": {"uv": [12.5, 13.5, 12.75, 13.75], "texture": "#2"},
				"east": {"uv": [13.5, 12.5, 13.75, 12.75], "texture": "#2"},
				"south": {"uv": [13, 13.5, 13.25, 13.75], "texture": "#2"},
				"west": {"uv": [13.5, 13, 13.75, 13.25], "texture": "#2"},
				"up": {"uv": [13.75, 13.75, 13.5, 13.5], "texture": "#2"},
				"down": {"uv": [0.75, 13.75, 0.5, 14], "texture": "#2"}
			}
		},
		{
			"from": [9.18544, 4.15399, 7.47],
			"to": [9.31044, 4.80399, 8.53],
			"rotation": {"angle": 22.5, "axis": "z", "origin": [9.18665, 4.80195, 7]},
			"faces": {
				"north": {"uv": [1, 13.75, 1.25, 14], "texture": "#2"},
				"east": {"uv": [1.5, 13.75, 1.75, 14], "texture": "#2"},
				"south": {"uv": [13.75, 1.5, 14, 1.75], "texture": "#2"},
				"west": {"uv": [2, 13.75, 2.25, 14], "texture": "#2"},
				"up": {"uv": [14, 2.25, 13.75, 2], "texture": "#2"},
				"down": {"uv": [2.75, 13.75, 2.5, 14], "texture": "#2"}
			}
		},
		{
			"from": [8.93544, 3.37899, 7.47],
			"to": [9.06044, 4.20399, 8.53],
			"rotation": {"angle": 45, "axis": "z", "origin": [9.18665, 4.80195, 7]},
			"faces": {
				"north": {"uv": [13.75, 2.5, 14, 2.75], "texture": "#2"},
				"east": {"uv": [3, 13.75, 3.25, 14], "texture": "#2"},
				"south": {"uv": [13.75, 3, 14, 3.25], "texture": "#2"},
				"west": {"uv": [3.5, 13.75, 3.75, 14], "texture": "#2"},
				"up": {"uv": [14, 3.75, 13.75, 3.5], "texture": "#2"},
				"down": {"uv": [4.25, 13.75, 4, 14], "texture": "#2"}
			}
		},
		{
			"from": [10.055, 3.568, 7.47],
			"to": [10.16, 3.693, 8.53],
			"rotation": {"angle": -22.5, "axis": "z", "origin": [10.16, 3.693, 7]},
			"faces": {
				"north": {"uv": [13.75, 4, 14, 4.25], "texture": "#2"},
				"east": {"uv": [4.5, 13.75, 4.75, 14], "texture": "#2"},
				"south": {"uv": [13.75, 4.5, 14, 4.75], "texture": "#2"},
				"west": {"uv": [5, 13.75, 5.25, 14], "texture": "#2"},
				"up": {"uv": [14, 5.25, 13.75, 5], "texture": "#2"},
				"down": {"uv": [14, 5.5, 13.75, 5.75], "texture": "#2"}
			}
		},
		{
			"from": [9.91, 3.743, 7.47],
			"to": [10.165, 4.368, 8.53],
			"rotation": {"angle": 0, "axis": "z", "origin": [9.985, 4.368, 7]},
			"faces": {
				"north": {"uv": [13.75, 6.5, 14, 6.75], "texture": "#2"},
				"east": {"uv": [7.5, 13.75, 7.75, 14], "texture": "#2"},
				"south": {"uv": [8, 13.75, 8.25, 14], "texture": "#2"},
				"west": {"uv": [8.5, 13.75, 8.75, 14], "texture": "#2"},
				"up": {"uv": [0.25, 14.25, 0, 14], "texture": "#2"},
				"down": {"uv": [14.25, 0, 14, 0.25], "texture": "#2"}
			}
		},
		{
			"from": [10.16, 3.578, 7.459],
			"to": [10.165, 4.293, 8.044],
			"rotation": {"angle": 22.5, "axis": "x", "origin": [9.985, 3.578, 7.47]},
			"faces": {
				"north": {"uv": [2.5, 15.25, 2.5, 15.5], "texture": "#2"},
				"east": {"uv": [14, 0.5, 14.25, 0.75], "texture": "#2"},
				"south": {"uv": [15.25, 2.5, 15.25, 2.75], "texture": "#2"},
				"west": {"uv": [14, 1, 14.25, 1.25], "texture": "#2"},
				"up": {"uv": [2.75, 15.5, 2.75, 15.25], "texture": "#2"},
				"down": {"uv": [3, 15.25, 3, 15.5], "texture": "#2"}
			}
		},
		{
			"from": [10.11, 3.578, 7.957],
			"to": [10.165, 4.293, 8.542],
			"rotation": {"angle": -22.5, "axis": "x", "origin": [9.985, 3.578, 8.53]},
			"faces": {
				"north": {"uv": [5.5, 14, 5.75, 14.25], "texture": "#2"},
				"east": {"uv": [6, 14, 6.25, 14.25], "texture": "#2"},
				"south": {"uv": [14, 6, 14.25, 6.25], "texture": "#2"},
				"west": {"uv": [6.5, 14, 6.75, 14.25], "texture": "#2"},
				"up": {"uv": [7.25, 14.25, 7, 14], "texture": "#2"},
				"down": {"uv": [14.25, 7, 14, 7.25], "texture": "#2"}
			}
		},
		{
			"from": [10.11, 3.578, 7.97],
			"to": [10.1605, 4.293, 8.53],
			"rotation": {"angle": -22.5, "axis": "x", "origin": [9.985, 3.578, 8.53]},
			"faces": {
				"north": {"uv": [14, 7.5, 14.25, 7.75], "texture": "#2"},
				"east": {"uv": [14, 8, 14.25, 8.25], "texture": "#2"},
				"south": {"uv": [14, 8.5, 14.25, 8.75], "texture": "#2"},
				"west": {"uv": [9, 14, 9.25, 14.25], "texture": "#2"},
				"up": {"uv": [14.25, 9.25, 14, 9], "texture": "#2"},
				"down": {"uv": [9.75, 14, 9.5, 14.25], "texture": "#2"}
			}
		},
		{
			"from": [10.165, 3.368, 7.99],
			"to": [10.185, 4.443, 8.01],
			"rotation": {"angle": 22.5, "axis": "x", "origin": [10.165, 3.368, 8]},
			"faces": {
				"north": {"uv": [14, 9.5, 14.25, 9.75], "texture": "#2"},
				"east": {"uv": [10, 14, 10.25, 14.25], "texture": "#2"},
				"south": {"uv": [14, 10, 14.25, 10.25], "texture": "#2"},
				"west": {"uv": [10.5, 14, 10.75, 14.25], "texture": "#2"},
				"up": {"uv": [14.25, 10.75, 14, 10.5], "texture": "#2"},
				"down": {"uv": [11.25, 14, 11, 14.25], "texture": "#2"}
			}
		},
		{
			"from": [10.165, 4.04, 8.402],
			"to": [10.185, 4.365, 8.422],
			"rotation": {"angle": -22.5, "axis": "x", "origin": [10.165, 4.365, 8.402]},
			"faces": {
				"north": {"uv": [14, 11, 14.25, 11.25], "texture": "#2"},
				"east": {"uv": [11.5, 14, 11.75, 14.25], "texture": "#2"},
				"south": {"uv": [14, 11.5, 14.25, 11.75], "texture": "#2"},
				"west": {"uv": [12, 14, 12.25, 14.25], "texture": "#2"},
				"up": {"uv": [14.25, 12.25, 14, 12], "texture": "#2"},
				"down": {"uv": [12.75, 14, 12.5, 14.25], "texture": "#2"}
			}
		},
		{
			"from": [10.165, 3.618, 8.52],
			"to": [10.185, 4.093, 8.54],
			"rotation": {"angle": -22.5, "axis": "z", "origin": [10.165, 4.093, 8.05]},
			"faces": {
				"north": {"uv": [14, 12.5, 14.25, 12.75], "texture": "#2"},
				"east": {"uv": [13, 14, 13.25, 14.25], "texture": "#2"},
				"south": {"uv": [14, 13, 14.25, 13.25], "texture": "#2"},
				"west": {"uv": [13.5, 14, 13.75, 14.25], "texture": "#2"},
				"up": {"uv": [14.25, 13.75, 14, 13.5], "texture": "#2"},
				"down": {"uv": [14.25, 14, 14, 14.25], "texture": "#2"}
			}
		},
		{
			"from": [10.165, 3.618, 8.52],
			"to": [10.185, 4.093, 8.54],
			"rotation": {"angle": -22.5, "axis": "z", "origin": [10.165, 4.093, 8.05]},
			"faces": {
				"north": {"uv": [0.5, 14.25, 0.75, 14.5], "texture": "#2"},
				"east": {"uv": [1, 14.25, 1.25, 14.5], "texture": "#2"},
				"south": {"uv": [1.5, 14.25, 1.75, 14.5], "texture": "#2"},
				"west": {"uv": [14.25, 1.5, 14.5, 1.75], "texture": "#2"},
				"up": {"uv": [2.25, 14.5, 2, 14.25], "texture": "#2"},
				"down": {"uv": [14.5, 2, 14.25, 2.25], "texture": "#2"}
			}
		},
		{
			"from": [9.97947, 3.65072, 8.52],
			"to": [9.99947, 4.62572, 8.54],
			"rotation": {"angle": 22.5, "axis": "z", "origin": [9.99, 3.643, 8.05]},
			"faces": {
				"north": {"uv": [2.5, 14.25, 2.75, 14.5], "texture": "#2"},
				"east": {"uv": [14.25, 2.5, 14.5, 2.75], "texture": "#2"},
				"south": {"uv": [3, 14.25, 3.25, 14.5], "texture": "#2"},
				"west": {"uv": [14.25, 3, 14.5, 3.25], "texture": "#2"},
				"up": {"uv": [3.75, 14.5, 3.5, 14.25], "texture": "#2"},
				"down": {"uv": [14.5, 3.5, 14.25, 3.75], "texture": "#2"}
			}
		},
		{
			"from": [9.46115, 4.18148, 8.52],
			"to": [9.48115, 4.58148, 8.54],
			"rotation": {"angle": -22.5, "axis": "z", "origin": [9.465, 4.193, 8.05]},
			"faces": {
				"north": {"uv": [4, 14.25, 4.25, 14.5], "texture": "#2"},
				"east": {"uv": [14.25, 4, 14.5, 4.25], "texture": "#2"},
				"south": {"uv": [4.5, 14.25, 4.75, 14.5], "texture": "#2"},
				"west": {"uv": [14.25, 4.5, 14.5, 4.75], "texture": "#2"},
				"up": {"uv": [5.25, 14.5, 5, 14.25], "texture": "#2"},
				"down": {"uv": [14.5, 5, 14.25, 5.25], "texture": "#2"}
			}
		},
		{
			"from": [9.46115, 4.18148, 8.52],
			"to": [9.48115, 4.68148, 8.54],
			"rotation": {"angle": 0, "axis": "z", "origin": [9.465, 4.193, 8.05]},
			"faces": {
				"north": {"uv": [14.25, 5.5, 14.5, 5.75], "texture": "#2"},
				"east": {"uv": [14.25, 6.5, 14.5, 6.75], "texture": "#2"},
				"south": {"uv": [7.5, 14.25, 7.75, 14.5], "texture": "#2"},
				"west": {"uv": [8, 14.25, 8.25, 14.5], "texture": "#2"},
				"up": {"uv": [8.75, 14.5, 8.5, 14.25], "texture": "#2"},
				"down": {"uv": [0.25, 14.5, 0, 14.75], "texture": "#2"}
			}
		},
		{
			"from": [9.46115, 4.38148, 8.52],
			"to": [9.48115, 4.68148, 8.54],
			"rotation": {"angle": -22.5, "axis": "z", "origin": [9.465, 4.668, 8.05]},
			"faces": {
				"north": {"uv": [14.5, 0, 14.75, 0.25], "texture": "#2"},
				"east": {"uv": [14.5, 0.5, 14.75, 0.75], "texture": "#2"},
				"south": {"uv": [14.5, 1, 14.75, 1.25], "texture": "#2"},
				"west": {"uv": [5.5, 14.5, 5.75, 14.75], "texture": "#2"},
				"up": {"uv": [6.25, 14.75, 6, 14.5], "texture": "#2"},
				"down": {"uv": [14.75, 6, 14.5, 6.25], "texture": "#2"}
			}
		},
		{
			"from": [9.35787, 4.40072, 8.52],
			"to": [9.37787, 4.77572, 8.54],
			"rotation": {"angle": 0, "axis": "z", "origin": [9.365, 4.418, 8.05]},
			"faces": {
				"north": {"uv": [6.5, 14.5, 6.75, 14.75], "texture": "#2"},
				"east": {"uv": [7, 14.5, 7.25, 14.75], "texture": "#2"},
				"south": {"uv": [14.5, 7, 14.75, 7.25], "texture": "#2"},
				"west": {"uv": [14.5, 7.5, 14.75, 7.75], "texture": "#2"},
				"up": {"uv": [14.75, 8.25, 14.5, 8], "texture": "#2"},
				"down": {"uv": [14.75, 8.5, 14.5, 8.75], "texture": "#2"}
			}
		},
		{
			"from": [9.35787, 4.57572, 8.52],
			"to": [9.37787, 4.77572, 8.54],
			"rotation": {"angle": -22.5, "axis": "z", "origin": [9.365, 4.768, 8.05]},
			"faces": {
				"north": {"uv": [9, 14.5, 9.25, 14.75], "texture": "#2"},
				"east": {"uv": [14.5, 9, 14.75, 9.25], "texture": "#2"},
				"south": {"uv": [9.5, 14.5, 9.75, 14.75], "texture": "#2"},
				"west": {"uv": [14.5, 9.5, 14.75, 9.75], "texture": "#2"},
				"up": {"uv": [10.25, 14.75, 10, 14.5], "texture": "#2"},
				"down": {"uv": [14.75, 10, 14.5, 10.25], "texture": "#2"}
			}
		},
		{
			"from": [9.28519, 4.5911, 8.52],
			"to": [9.30519, 4.8411, 8.54],
			"rotation": {"angle": 0, "axis": "z", "origin": [9.29, 4.593, 8.05]},
			"faces": {
				"north": {"uv": [10.5, 14.5, 10.75, 14.75], "texture": "#2"},
				"east": {"uv": [14.5, 10.5, 14.75, 10.75], "texture": "#2"},
				"south": {"uv": [11, 14.5, 11.25, 14.75], "texture": "#2"},
				"west": {"uv": [14.5, 11, 14.75, 11.25], "texture": "#2"},
				"up": {"uv": [11.75, 14.75, 11.5, 14.5], "texture": "#2"},
				"down": {"uv": [14.75, 11.5, 14.5, 11.75], "texture": "#2"}
			}
		},
		{
			"from": [9.28519, 4.7161, 8.52],
			"to": [9.30519, 4.8411, 8.54],
			"rotation": {"angle": -22.5, "axis": "z", "origin": [9.29, 4.843, 8.05]},
			"faces": {
				"north": {"uv": [12, 14.5, 12.25, 14.75], "texture": "#2"},
				"east": {"uv": [14.5, 12, 14.75, 12.25], "texture": "#2"},
				"south": {"uv": [12.5, 14.5, 12.75, 14.75], "texture": "#2"},
				"west": {"uv": [14.5, 12.5, 14.75, 12.75], "texture": "#2"},
				"up": {"uv": [13.25, 14.75, 13, 14.5], "texture": "#2"},
				"down": {"uv": [14.75, 13, 14.5, 13.25], "texture": "#2"}
			}
		},
		{
			"from": [10.165, 3.368, 7.99],
			"to": [10.185, 4.443, 8.01],
			"rotation": {"angle": -22.5, "axis": "x", "origin": [10.165, 3.368, 8]},
			"faces": {
				"north": {"uv": [13.5, 14.5, 13.75, 14.75], "texture": "#2"},
				"east": {"uv": [14.5, 13.5, 14.75, 13.75], "texture": "#2"},
				"south": {"uv": [14, 14.5, 14.25, 14.75], "texture": "#2"},
				"west": {"uv": [14.5, 14, 14.75, 14.25], "texture": "#2"},
				"up": {"uv": [14.75, 14.75, 14.5, 14.5], "texture": "#2"},
				"down": {"uv": [0.75, 14.75, 0.5, 15], "texture": "#2"}
			}
		},
		{
			"from": [10.165, 4.04, 7.58],
			"to": [10.185, 4.365, 7.6],
			"rotation": {"angle": 22.5, "axis": "x", "origin": [10.165, 4.365, 7.598]},
			"faces": {
				"north": {"uv": [1, 14.75, 1.25, 15], "texture": "#2"},
				"east": {"uv": [1.5, 14.75, 1.75, 15], "texture": "#2"},
				"south": {"uv": [14.75, 1.5, 15, 1.75], "texture": "#2"},
				"west": {"uv": [2, 14.75, 2.25, 15], "texture": "#2"},
				"up": {"uv": [15, 2.25, 14.75, 2], "texture": "#2"},
				"down": {"uv": [2.75, 14.75, 2.5, 15], "texture": "#2"}
			}
		},
		{
			"from": [10.165, 3.618, 7.46],
			"to": [10.185, 4.093, 7.48],
			"rotation": {"angle": -22.5, "axis": "z", "origin": [10.165, 4.093, 7]},
			"faces": {
				"north": {"uv": [14.75, 2.5, 15, 2.75], "texture": "#2"},
				"east": {"uv": [3, 14.75, 3.25, 15], "texture": "#2"},
				"south": {"uv": [14.75, 3, 15, 3.25], "texture": "#2"},
				"west": {"uv": [3.5, 14.75, 3.75, 15], "texture": "#2"},
				"up": {"uv": [15, 3.75, 14.75, 3.5], "texture": "#2"},
				"down": {"uv": [4.25, 14.75, 4, 15], "texture": "#2"}
			}
		},
		{
			"from": [10.165, 3.618, 7.46],
			"to": [10.185, 4.093, 7.48],
			"rotation": {"angle": -22.5, "axis": "z", "origin": [10.165, 4.093, 7]},
			"faces": {
				"north": {"uv": [14.75, 4, 15, 4.25], "texture": "#2"},
				"east": {"uv": [4.5, 14.75, 4.75, 15], "texture": "#2"},
				"south": {"uv": [14.75, 4.5, 15, 4.75], "texture": "#2"},
				"west": {"uv": [5, 14.75, 5.25, 15], "texture": "#2"},
				"up": {"uv": [15, 5.25, 14.75, 5], "texture": "#2"},
				"down": {"uv": [15, 5.5, 14.75, 5.75], "texture": "#2"}
			}
		},
		{
			"from": [9.97947, 3.65072, 7.46],
			"to": [9.99947, 4.62572, 7.48],
			"rotation": {"angle": 22.5, "axis": "z", "origin": [9.99, 3.643, 7]},
			"faces": {
				"north": {"uv": [14.75, 6.5, 15, 6.75], "texture": "#2"},
				"east": {"uv": [7.5, 14.75, 7.75, 15], "texture": "#2"},
				"south": {"uv": [8, 14.75, 8.25, 15], "texture": "#2"},
				"west": {"uv": [8.5, 14.75, 8.75, 15], "texture": "#2"},
				"up": {"uv": [0.25, 15.25, 0, 15], "texture": "#2"},
				"down": {"uv": [15.25, 0, 15, 0.25], "texture": "#2"}
			}
		},
		{
			"from": [9.46115, 4.18148, 7.46],
			"to": [9.48115, 4.58148, 7.48],
			"rotation": {"angle": -22.5, "axis": "z", "origin": [9.465, 4.193, 7]},
			"faces": {
				"north": {"uv": [15, 0.5, 15.25, 0.75], "texture": "#2"},
				"east": {"uv": [15, 1, 15.25, 1.25], "texture": "#2"},
				"south": {"uv": [5.5, 15, 5.75, 15.25], "texture": "#2"},
				"west": {"uv": [6, 15, 6.25, 15.25], "texture": "#2"},
				"up": {"uv": [15.25, 6.25, 15, 6], "texture": "#2"},
				"down": {"uv": [6.75, 15, 6.5, 15.25], "texture": "#2"}
			}
		},
		{
			"from": [9.46115, 4.18148, 7.46],
			"to": [9.48115, 4.68148, 7.48],
			"rotation": {"angle": 0, "axis": "z", "origin": [9.465, 4.193, 7]},
			"faces": {
				"north": {"uv": [7, 15, 7.25, 15.25], "texture": "#2"},
				"east": {"uv": [15, 7, 15.25, 7.25], "texture": "#2"},
				"south": {"uv": [15, 7.5, 15.25, 7.75], "texture": "#2"},
				"west": {"uv": [15, 8, 15.25, 8.25], "texture": "#2"},
				"up": {"uv": [15.25, 8.75, 15, 8.5], "texture": "#2"},
				"down": {"uv": [9.25, 15, 9, 15.25], "texture": "#2"}
			}
		},
		{
			"from": [9.46115, 4.38148, 7.46],
			"to": [9.48115, 4.68148, 7.48],
			"rotation": {"angle": -22.5, "axis": "z", "origin": [9.465, 4.668, 7]},
			"faces": {
				"north": {"uv": [15, 9, 15.25, 9.25], "texture": "#2"},
				"east": {"uv": [9.5, 15, 9.75, 15.25], "texture": "#2"},
				"south": {"uv": [15, 9.5, 15.25, 9.75], "texture": "#2"},
				"west": {"uv": [10, 15, 10.25, 15.25], "texture": "#2"},
				"up": {"uv": [15.25, 10.25, 15, 10], "texture": "#2"},
				"down": {"uv": [10.75, 15, 10.5, 15.25], "texture": "#2"}
			}
		},
		{
			"from": [9.35787, 4.40072, 7.46],
			"to": [9.37787, 4.77572, 7.48],
			"rotation": {"angle": 0, "axis": "z", "origin": [9.365, 4.418, 7]},
			"faces": {
				"north": {"uv": [15, 10.5, 15.25, 10.75], "texture": "#2"},
				"east": {"uv": [11, 15, 11.25, 15.25], "texture": "#2"},
				"south": {"uv": [15, 11, 15.25, 11.25], "texture": "#2"},
				"west": {"uv": [11.5, 15, 11.75, 15.25], "texture": "#2"},
				"up": {"uv": [15.25, 11.75, 15, 11.5], "texture": "#2"},
				"down": {"uv": [12.25, 15, 12, 15.25], "texture": "#2"}
			}
		},
		{
			"from": [9.35787, 4.57572, 7.46],
			"to": [9.37787, 4.77572, 7.48],
			"rotation": {"angle": -22.5, "axis": "z", "origin": [9.365, 4.768, 7]},
			"faces": {
				"north": {"uv": [15, 12, 15.25, 12.25], "texture": "#2"},
				"east": {"uv": [12.5, 15, 12.75, 15.25], "texture": "#2"},
				"south": {"uv": [15, 12.5, 15.25, 12.75], "texture": "#2"},
				"west": {"uv": [13, 15, 13.25, 15.25], "texture": "#2"},
				"up": {"uv": [15.25, 13.25, 15, 13], "texture": "#2"},
				"down": {"uv": [13.75, 15, 13.5, 15.25], "texture": "#2"}
			}
		},
		{
			"from": [9.28519, 4.5911, 7.46],
			"to": [9.30519, 4.8411, 7.48],
			"rotation": {"angle": 0, "axis": "z", "origin": [9.29, 4.593, 7]},
			"faces": {
				"north": {"uv": [15, 13.5, 15.25, 13.75], "texture": "#2"},
				"east": {"uv": [14, 15, 14.25, 15.25], "texture": "#2"},
				"south": {"uv": [15, 14, 15.25, 14.25], "texture": "#2"},
				"west": {"uv": [14.5, 15, 14.75, 15.25], "texture": "#2"},
				"up": {"uv": [15.25, 14.75, 15, 14.5], "texture": "#2"},
				"down": {"uv": [15.25, 15, 15, 15.25], "texture": "#2"}
			}
		},
		{
			"from": [9.28519, 4.7161, 7.46],
			"to": [9.30519, 4.8411, 7.48],
			"rotation": {"angle": -22.5, "axis": "z", "origin": [9.29, 4.843, 7]},
			"faces": {
				"north": {"uv": [0.5, 15.25, 0.75, 15.5], "texture": "#2"},
				"east": {"uv": [1, 15.25, 1.25, 15.5], "texture": "#2"},
				"south": {"uv": [1.5, 15.25, 1.75, 15.5], "texture": "#2"},
				"west": {"uv": [15.25, 1.5, 15.5, 1.75], "texture": "#2"},
				"up": {"uv": [2.25, 15.5, 2, 15.25], "texture": "#2"},
				"down": {"uv": [15.5, 2, 15.25, 2.25], "texture": "#2"}
			}
		}
	],
	"display": {
		"thirdperson_righthand": {
			"rotation": [0, 90, 0],
			"translation": [0, 4.75, 0.75],
			"scale": [1.25, 1.25, 1.25]
		},
		"thirdperson_lefthand": {
			"rotation": [0, -90, 0],
			"translation": [0, 3.5, 0],
			"scale": [1.25, 1.25, 1.25]
		},
		"firstperson_righthand": {
			"rotation": [0, 100, -21],
			"translation": [5.75, -8.5, 0],
			"scale": [1, 2.31, 1]
		},
		"firstperson_lefthand": {
			"rotation": [0, -94, 29],
			"translation": [6.25, -12.25, -1.75],
			"scale": [1, 2.31, 1]
		},
		"ground": {
			"rotation": [1, 0, -45],
			"translation": [0, 6.5, 0]
		},
		"gui": {
			"rotation": [0, 0, -47],
			"translation": [0, -1.75, 0],
			"scale": [0.89, 0.89, 0.89]
		}
	},
	"groups": [
		{
			"name": "Handle top",
			"origin": [0, 0, 0],
			"color": 9,
			"children": [
				0,
				1,
				2,
				3,
				4,
				5,
				6,
				7,
				{
					"name": "group",
					"origin": [10, 1, 7.75],
					"color": 9,
					"children": [8, 9, 10, 11, 12, 13, 14, 15, 16, 17, 18, 19, 20, 21]
				},
				{
					"name": "Handle top",
					"origin": [0, 0, 0],
					"color": 9,
					"children": [
						{
							"name": "group",
							"origin": [10, 1, 7.75],
							"color": 9,
							"children": [
								22,
								23,
								24,
								25,
								26,
								27,
								28,
								29,
								30,
								31,
								32,
								33,
								{
									"name": "group",
									"origin": [7.35, 4.4, 7.75],
									"color": 9,
									"children": []
								}
							]
						}
					]
				}
			]
		},
		{
			"name": "Handle",
			"origin": [8, 8, 8],
			"color": 0,
			"children": [34, 35, 36, 37, 38, 39, 40, 41]
		},
		{
			"name": "Gem Holder",
			"origin": [7.75, 0, 7.75],
			"color": 9,
			"children": [42, 43, 44, 45, 46, 47, 48, 49]
		},
		{
			"name": "Gem",
			"origin": [7.75, 0, 7.75],
			"color": 0,
			"children": [50, 51, 52, 53, 54, 55, 56, 57]
		},
		{
			"name": "Blade",
			"origin": [0, 0, 0],
			"color": 0,
			"children": [58, 59, 60, 61, 62, 63, 64, 65, 66, 67]
		},
		{
			"name": "Blade large",
			"origin": [0, 0, 0],
			"color": 0,
			"children": [68, 69, 70, 71, 72, 73, 74, 75, 76]
		},
		{
			"name": "Soul Eater",
			"origin": [8, 8, 8],
			"color": 0,
			"children": [
				{
					"name": "Eye",
					"origin": [8, 8, 8],
					"color": 0,
					"children": [77, 78, 79, 80, 81, 82, 83, 84]
				},
				{
					"name": "Middle Eye",
					"origin": [8, 8, 8],
					"color": 0,
					"children": [85, 86]
				},
				{
					"name": "Mouth",
					"origin": [8, 8, 8],
					"color": 0,
					"children": [
						87,
						88,
						89,
						90,
						91,
						92,
						93,
						94,
						95,
						96,
						97,
						98,
						99,
						100,
						101,
						102,
						{
							"name": "Teeth",
							"origin": [9.985, 3.578, 7.47],
							"color": 0,
							"children": [
								{
									"name": "Right",
									"origin": [9.985, 3.578, 7.47],
									"color": 0,
									"children": [103, 104]
								},
								{
									"name": "left",
									"origin": [9.985, 3.578, 7.47],
									"color": 0,
									"children": [105, 106, 107, 108, 109, 110, 111, 112, 113, 114]
								},
								{
									"name": "left",
									"origin": [9.985, 3.578, 7.47],
									"color": 0,
									"children": [115, 116, 117, 118, 119, 120, 121, 122, 123, 124, 125, 126]
								}
							]
						}
					]
				}
			]
		}
	]
}