{
	"credit": "Made with Blockbench",
	"textures": {
		"1": "shield_repo:meteor",
		"2": "shield_repo:portal-bow",
		"4": "block/andesite",
		"particle": "block/jewell"
	},
	"elements": [
		{
			"from": [7.53333, 4.2, 2.31667],
			"to": [8.53333, 4.4, 2.46667],
			"rotation": {"angle": 22.5, "axis": "z", "origin": [8.03333, 4.3, 2.39167]},
			"faces": {
				"north": {"uv": [0, 3, 1, 3], "texture": "#2"},
				"east": {"uv": [0, 3, 0, 3], "texture": "#2"},
				"south": {"uv": [1, 3, 2, 3], "texture": "#2"},
				"west": {"uv": [1, 3, 1, 3], "texture": "#2"},
				"up": {"uv": [1, 3, 0, 3], "texture": "#2"},
				"down": {"uv": [2, 3, 1, 3], "texture": "#2"}
			}
		},
		{
			"from": [7.53333, 4.2, 2.31667],
			"to": [8.53333, 4.4, 2.46667],
			"rotation": {"angle": -22.5, "axis": "z", "origin": [8.03333, 4.3, 2.39167]},
			"faces": {
				"north": {"uv": [0, 4, 1, 4], "texture": "#2"},
				"east": {"uv": [0, 4, 0, 4], "texture": "#2"},
				"south": {"uv": [1, 4, 2, 4], "texture": "#2"},
				"west": {"uv": [1, 4, 1, 4], "texture": "#2"},
				"up": {"uv": [1, 4, 0, 4], "texture": "#2"},
				"down": {"uv": [2, 4, 1, 4], "texture": "#2"}
			}
		},
		{
			"from": [7.53333, 4.2, 2.31667],
			"to": [8.53333, 4.4, 2.46667],
			"rotation": {"angle": -45, "axis": "z", "origin": [8.03333, 4.3, 2.39167]},
			"faces": {
				"north": {"uv": [0, 4, 1, 4], "texture": "#2"},
				"east": {"uv": [0, 4, 0, 4], "texture": "#2"},
				"south": {"uv": [1, 4, 2, 4], "texture": "#2"},
				"west": {"uv": [1, 4, 1, 4], "texture": "#2"},
				"up": {"uv": [1, 4, 0, 4], "texture": "#2"},
				"down": {"uv": [2, 4, 1, 4], "texture": "#2"}
			}
		},
		{
			"from": [7.93333, 3.8, 2.31667],
			"to": [8.13333, 4.8, 2.46667],
			"rotation": {"angle": 22.5, "axis": "z", "origin": [8.03333, 4.3, 2.39167]},
			"faces": {
				"north": {"uv": [0, 0, 0, 1], "texture": "#2"},
				"east": {"uv": [0, 0, 0, 1], "texture": "#2"},
				"south": {"uv": [0, 0, 0, 1], "texture": "#2"},
				"west": {"uv": [0, 0, 0, 1], "texture": "#2"},
				"up": {"uv": [0, 0, 0, 0], "texture": "#2"},
				"down": {"uv": [0, 0, 0, 0], "texture": "#2"}
			}
		},
		{
			"from": [7.93333, 3.8, 2.31667],
			"to": [8.13333, 4.8, 2.46667],
			"rotation": {"angle": 0, "axis": "y", "origin": [8.03333, 4.3, 2.39167]},
			"faces": {
				"north": {"uv": [0, 0, 0, 1], "texture": "#2"},
				"east": {"uv": [0, 0, 0, 1], "texture": "#2"},
				"south": {"uv": [0, 0, 0, 1], "texture": "#2"},
				"west": {"uv": [0, 0, 0, 1], "texture": "#2"},
				"up": {"uv": [0, 0, 0, 0], "texture": "#2"},
				"down": {"uv": [0, 0, 0, 0], "texture": "#2"}
			}
		},
		{
			"from": [7.93333, 3.8, 2.31667],
			"to": [8.13333, 4.8, 2.46667],
			"rotation": {"angle": -22.5, "axis": "z", "origin": [8.03333, 4.3, 2.39167]},
			"faces": {
				"north": {"uv": [0, 0, 0, 1], "texture": "#2"},
				"east": {"uv": [0, 0, 0, 1], "texture": "#2"},
				"south": {"uv": [0, 0, 0, 1], "texture": "#2"},
				"west": {"uv": [0, 0, 0, 1], "texture": "#2"},
				"up": {"uv": [0, 0, 0, 0], "texture": "#2"},
				"down": {"uv": [0, 0, 0, 0], "texture": "#2"}
			}
		},
		{
			"from": [7.93333, 3.8, 2.31667],
			"to": [8.13333, 4.8, 2.46667],
			"rotation": {"angle": -45, "axis": "z", "origin": [8.03333, 4.3, 2.39167]},
			"faces": {
				"north": {"uv": [0, 0, 0, 1], "texture": "#2"},
				"east": {"uv": [0, 0, 0, 1], "texture": "#2"},
				"south": {"uv": [0, 0, 0, 1], "texture": "#2"},
				"west": {"uv": [0, 0, 0, 1], "texture": "#2"},
				"up": {"uv": [0, 0, 0, 0], "texture": "#2"},
				"down": {"uv": [0, 0, 0, 0], "texture": "#2"}
			}
		},
		{
			"from": [7.53333, 4.2, 2.31667],
			"to": [8.53333, 4.4, 2.46667],
			"rotation": {"angle": 0, "axis": "y", "origin": [8.03333, 4.3, 2.39167]},
			"faces": {
				"north": {"uv": [0, 3, 1, 3], "texture": "#2"},
				"east": {"uv": [0, 3, 0, 3], "texture": "#2"},
				"south": {"uv": [1, 3, 2, 3], "texture": "#2"},
				"west": {"uv": [1, 3, 1, 3], "texture": "#2"},
				"up": {"uv": [1, 3, 0, 3], "texture": "#2"},
				"down": {"uv": [2, 3, 1, 3], "texture": "#2"}
			}
		},
		{
			"from": [7.45833, 1.95, 2.46667],
			"to": [8.63333, 6.425, 2.74167],
			"rotation": {"angle": 0, "axis": "y", "origin": [8.04583, 4.1875, 2.60417]},
			"faces": {
				"north": {"uv": [2, 0, 3, 4], "texture": "#1"},
				"east": {"uv": [2, 0, 2, 4], "texture": "#1"},
				"south": {"uv": [3, 0, 4, 4], "texture": "#1"},
				"west": {"uv": [3, 0, 3, 4], "texture": "#1"},
				"up": {"uv": [3, 0, 2, 0], "texture": "#1"},
				"down": {"uv": [4, 0, 3, 0], "texture": "#1"}
			}
		},
		{
			"from": [8.60833, 1.95, 2.20833],
			"to": [8.98333, 6.5, 2.78333],
			"faces": {
				"north": {"uv": [0, 0, 0, 4], "texture": "#1"},
				"east": {"uv": [0, 0, 0, 4], "texture": "#1"},
				"south": {"uv": [0, 0, 0, 4], "texture": "#1"},
				"west": {"uv": [0, 0, 0, 4], "texture": "#1"},
				"up": {"uv": [0, 0, 0, 0], "texture": "#1"},
				"down": {"uv": [0, 0, 0, 0], "texture": "#1"}
			}
		},
		{
			"from": [7.10833, 1.95, 2.20833],
			"to": [7.48333, 6.5, 2.78333],
			"faces": {
				"north": {"uv": [0, 0, 0, 4], "texture": "#1"},
				"east": {"uv": [0, 0, 0, 4], "texture": "#1"},
				"south": {"uv": [0, 0, 0, 4], "texture": "#1"},
				"west": {"uv": [0, 0, 0, 4], "texture": "#1"},
				"up": {"uv": [0, 0, 0, 0], "texture": "#1"},
				"down": {"uv": [0, 0, 0, 0], "texture": "#1"}
			}
		},
		{
			"from": [7.53333, 6.4, 2.46667],
			"to": [8.55833, 11.375, 2.99167],
			"rotation": {"angle": 0, "axis": "y", "origin": [8.04583, 4.1875, 2.60417]},
			"faces": {
				"north": {"uv": [2, 0, 3, 4], "texture": "#1"},
				"east": {"uv": [2, 0, 2, 4], "texture": "#1"},
				"south": {"uv": [3, 0, 4, 4], "texture": "#1"},
				"west": {"uv": [3, 0, 3, 4], "texture": "#1"},
				"up": {"uv": [3, 0, 2, 0], "texture": "#1"},
				"down": {"uv": [4, 0, 3, 0], "texture": "#1"}
			}
		},
		{
			"from": [5.20833, 4.15, 2.24167],
			"to": [7.13333, 4.55, 2.49167],
			"rotation": {"angle": 0, "axis": "y", "origin": [8.04583, 4.1875, 2.60417]},
			"faces": {
				"north": {"uv": [0, 0, 1, 0], "texture": "#1"},
				"east": {"uv": [0, 0, 0, 0], "texture": "#1"},
				"south": {"uv": [1, 0, 2, 0], "texture": "#1"},
				"west": {"uv": [1, 0, 1, 0], "texture": "#1"},
				"up": {"uv": [1, 0, 0, 0], "texture": "#1"},
				"down": {"uv": [2, 0, 1, 0], "texture": "#1"}
			}
		},
		{
			"from": [7.68333, 1.35, 2.24167],
			"to": [8.08333, 3.275, 2.49167],
			"rotation": {"angle": -45, "axis": "z", "origin": [8.04583, 4.1875, 2.60417]},
			"faces": {
				"north": {"uv": [0, 0, 0, 1], "texture": "#1"},
				"east": {"uv": [0, 0, 0, 1], "texture": "#1"},
				"south": {"uv": [0, 0, 0, 1], "texture": "#1"},
				"west": {"uv": [0, 0, 0, 1], "texture": "#1"},
				"up": {"uv": [0, 0, 0, 0], "texture": "#1"},
				"down": {"uv": [0, 0, 0, 0], "texture": "#1"}
			}
		},
		{
			"from": [5.20833, 4.15, 2.24167],
			"to": [6.85833, 4.55, 2.49167],
			"rotation": {"angle": -45, "axis": "z", "origin": [8.04583, 4.1875, 2.60417]},
			"faces": {
				"north": {"uv": [0, 0, 1, 0], "texture": "#1"},
				"east": {"uv": [0, 0, 0, 0], "texture": "#1"},
				"south": {"uv": [1, 0, 2, 0], "texture": "#1"},
				"west": {"uv": [1, 0, 1, 0], "texture": "#1"},
				"up": {"uv": [1, 0, 0, 0], "texture": "#1"},
				"down": {"uv": [2, 0, 1, 0], "texture": "#1"}
			}
		},
		{
			"from": [8.93333, 4.15, 2.24167],
			"to": [10.85833, 4.55, 2.49167],
			"rotation": {"angle": 0, "axis": "y", "origin": [8.04583, 4.1875, 2.60417]},
			"faces": {
				"north": {"uv": [0, 0, 1, 0], "texture": "#1"},
				"east": {"uv": [0, 0, 0, 0], "texture": "#1"},
				"south": {"uv": [1, 0, 2, 0], "texture": "#1"},
				"west": {"uv": [1, 0, 1, 0], "texture": "#1"},
				"up": {"uv": [1, 0, 0, 0], "texture": "#1"},
				"down": {"uv": [2, 0, 1, 0], "texture": "#1"}
			}
		},
		{
			"from": [8.93333, 4.15, 2.24167],
			"to": [10.85833, 4.55, 2.49167],
			"rotation": {"angle": -45, "axis": "z", "origin": [8.04583, 4.1875, 2.60417]},
			"faces": {
				"north": {"uv": [0, 0, 1, 0], "texture": "#1"},
				"east": {"uv": [0, 0, 0, 0], "texture": "#1"},
				"south": {"uv": [1, 0, 2, 0], "texture": "#1"},
				"west": {"uv": [1, 0, 1, 0], "texture": "#1"},
				"up": {"uv": [1, 0, 0, 0], "texture": "#1"},
				"down": {"uv": [2, 0, 1, 0], "texture": "#1"}
			}
		},
		{
			"from": [9.23333, 4.15, 2.24167],
			"to": [10.85833, 4.55, 2.49167],
			"rotation": {"angle": 45, "axis": "z", "origin": [8.04583, 4.1875, 2.60417]},
			"faces": {
				"north": {"uv": [0, 0, 1, 0], "texture": "#1"},
				"east": {"uv": [0, 0, 0, 0], "texture": "#1"},
				"south": {"uv": [1, 0, 2, 0], "texture": "#1"},
				"west": {"uv": [1, 0, 1, 0], "texture": "#1"},
				"up": {"uv": [1, 0, 0, 0], "texture": "#1"},
				"down": {"uv": [2, 0, 1, 0], "texture": "#1"}
			}
		},
		{
			"from": [7.45833, 11.36667, 3.075],
			"to": [8.63333, 15.84167, 3.6],
			"rotation": {"angle": 22.5, "axis": "x", "origin": [8.04583, 12.80417, 2.72917]},
			"faces": {
				"north": {"uv": [2, 0, 3, 4], "texture": "#1"},
				"east": {"uv": [2, 0, 2, 4], "texture": "#1"},
				"south": {"uv": [3, 0, 4, 4], "texture": "#1"},
				"west": {"uv": [3, 0, 3, 4], "texture": "#1"},
				"up": {"uv": [3, 0, 2, 0], "texture": "#1"},
				"down": {"uv": [4, 0, 3, 0], "texture": "#1"}
			}
		},
		{
			"from": [7.45833, 15.24797, 2.50984],
			"to": [8.63333, 19.72297, 3.03484],
			"rotation": {"angle": 45, "axis": "x", "origin": [8.04583, 13.31047, 3.59734]},
			"faces": {
				"north": {"uv": [2, 0, 3, 4], "texture": "#1"},
				"east": {"uv": [2, 0, 2, 4], "texture": "#1"},
				"south": {"uv": [3, 0, 4, 4], "texture": "#1"},
				"west": {"uv": [3, 0, 3, 4], "texture": "#1"},
				"up": {"uv": [3, 0, 2, 0], "texture": "#1"},
				"down": {"uv": [4, 0, 3, 0], "texture": "#1"}
			}
		},
		{
			"from": [7.35833, 18.74797, 2.23484],
			"to": [8.68333, 20.99797, 3.05984],
			"rotation": {"angle": 45, "axis": "x", "origin": [8.04583, 13.31047, 3.59734]},
			"faces": {
				"north": {"uv": [6, 4, 7, 6], "texture": "#1"},
				"east": {"uv": [6, 4, 6, 6], "texture": "#1"},
				"south": {"uv": [7, 4, 8, 6], "texture": "#1"},
				"west": {"uv": [7, 4, 7, 6], "texture": "#1"},
				"up": {"uv": [7, 4, 6, 4], "texture": "#1"},
				"down": {"uv": [8, 4, 7, 4], "texture": "#1"}
			}
		},
		{
			"from": [7.81666, -7.04331, 2.39788],
			"to": [8.29166, -6.21831, 4.57288],
			"rotation": {"angle": 45, "axis": "x", "origin": [8.05416, -7.13081, 3.48538]},
			"faces": {
				"north": {"uv": [5, 8, 5, 8], "texture": "#1"},
				"east": {"uv": [3, 8, 5, 8], "texture": "#1"},
				"south": {"uv": [7, 8, 7, 8], "texture": "#1"},
				"west": {"uv": [5, 8, 7, 8], "texture": "#1"},
				"up": {"uv": [5, 8, 5, 6], "texture": "#1"},
				"down": {"uv": [5, 6, 5, 8], "texture": "#1"}
			}
		},
		{
			"from": [6.75833, 20.02297, 2.23484],
			"to": [7.33333, 23.49797, 3.05984],
			"rotation": {"angle": 45, "axis": "x", "origin": [8.04583, 13.31047, 3.59734]},
			"faces": {
				"north": {"uv": [0, 0, 0, 3], "texture": "#1"},
				"east": {"uv": [0, 0, 0, 3], "texture": "#1"},
				"south": {"uv": [0, 0, 0, 3], "texture": "#1"},
				"west": {"uv": [0, 0, 0, 3], "texture": "#1"},
				"up": {"uv": [0, 0, 0, 0], "texture": "#1"},
				"down": {"uv": [0, 0, 0, 0], "texture": "#1"}
			}
		},
		{
			"from": [8.69166, 20.02297, 2.23484],
			"to": [9.26666, 23.49797, 3.05984],
			"rotation": {"angle": 45, "axis": "x", "origin": [8.04583, 13.31047, 3.59734]},
			"faces": {
				"north": {"uv": [0, 0, 0, 3], "texture": "#1"},
				"east": {"uv": [0, 0, 0, 3], "texture": "#1"},
				"south": {"uv": [0, 0, 0, 3], "texture": "#1"},
				"west": {"uv": [0, 0, 0, 3], "texture": "#1"},
				"up": {"uv": [0, 0, 0, 0], "texture": "#1"},
				"down": {"uv": [0, 0, 0, 0], "texture": "#1"}
			}
		},
		{
			"from": [7.88333, 4.45833, 7.625],
			"to": [8.13333, 18.50833, 7.875],
			"rotation": {"angle": 0, "axis": "y", "origin": [8.04583, -7.47917, 2.60417]},
			"faces": {
				"north": {"uv": [5, 0, 5, 14], "texture": "#4"},
				"east": {"uv": [5, 0, 5, 14], "texture": "#4"},
				"south": {"uv": [5, 0, 5, 14], "texture": "#4"},
				"west": {"uv": [5, 0, 5, 14], "texture": "#4"},
				"up": {"uv": [5, 0, 5, 0], "texture": "#4"},
				"down": {"uv": [5, 0, 5, 0], "texture": "#4"}
			}
		},
		{
			"from": [7.53333, -2.89167, 2.45],
			"to": [8.55833, 1.98333, 2.975],
			"rotation": {"angle": 0, "axis": "y", "origin": [8.04583, -7.47917, 2.60417]},
			"faces": {
				"north": {"uv": [2, 0, 3, 4], "texture": "#1"},
				"east": {"uv": [2, 0, 2, 4], "texture": "#1"},
				"south": {"uv": [3, 0, 4, 4], "texture": "#1"},
				"west": {"uv": [3, 0, 3, 4], "texture": "#1"},
				"up": {"uv": [3, 0, 2, 0], "texture": "#1"},
				"down": {"uv": [4, 0, 3, 0], "texture": "#1"}
			}
		},
		{
			"from": [7.88333, -9.96667, 7.625],
			"to": [8.13333, 4.53333, 7.875],
			"rotation": {"angle": 0, "axis": "y", "origin": [8.04583, -7.47917, 2.60417]},
			"faces": {
				"north": {"uv": [5, 0, 5, 14], "texture": "#4"},
				"east": {"uv": [5, 0, 5, 14], "texture": "#4"},
				"south": {"uv": [5, 0, 5, 14], "texture": "#4"},
				"west": {"uv": [5, 0, 5, 14], "texture": "#4"},
				"up": {"uv": [5, 0, 5, 0], "texture": "#4"},
				"down": {"uv": [5, 0, 5, 0], "texture": "#4"}
			}
		},
		{
			"from": [7.45833, -6.5437, 0.80984],
			"to": [8.63333, -2.0687, 1.33484],
			"rotation": {"angle": -22.5, "axis": "x", "origin": [8.04583, 1.6438, 3.59734]},
			"faces": {
				"north": {"uv": [2, 2, 3, 6], "texture": "#1"},
				"east": {"uv": [2, 2, 2, 6], "texture": "#1"},
				"south": {"uv": [3, 2, 4, 6], "texture": "#1"},
				"west": {"uv": [3, 2, 3, 6], "texture": "#1"},
				"up": {"uv": [3, 2, 2, 2], "texture": "#1"},
				"down": {"uv": [4, 2, 3, 2], "texture": "#1"}
			}
		},
		{
			"from": [7.45833, -6.51649, -3.87135],
			"to": [8.63333, -2.04149, -3.34635],
			"rotation": {"angle": -45, "axis": "x", "origin": [8.04583, 5.17934, 5.96615]},
			"faces": {
				"north": {"uv": [2, 0, 3, 4], "texture": "#1"},
				"east": {"uv": [2, 0, 2, 4], "texture": "#1"},
				"south": {"uv": [3, 0, 4, 4], "texture": "#1"},
				"west": {"uv": [3, 0, 3, 4], "texture": "#1"},
				"up": {"uv": [3, 0, 2, 0], "texture": "#1"},
				"down": {"uv": [4, 0, 3, 0], "texture": "#1"}
			}
		},
		{
			"from": [7.35833, -5.53156, 17.61598],
			"to": [8.68333, -4.70656, 19.86598],
			"rotation": {"angle": 45, "axis": "x", "origin": [8.02083, 6.95594, 7.56598]},
			"faces": {
				"north": {"uv": [3, 8, 4, 8], "texture": "#1"},
				"east": {"uv": [1, 8, 3, 8], "texture": "#1"},
				"south": {"uv": [6, 8, 7, 8], "texture": "#1"},
				"west": {"uv": [4, 8, 6, 8], "texture": "#1"},
				"up": {"uv": [4, 8, 3, 6], "texture": "#1"},
				"down": {"uv": [5, 6, 4, 8], "texture": "#1"}
			}
		},
		{
			"from": [7.81666, 13.52297, 2.05984],
			"to": [8.29166, 15.69797, 2.88484],
			"rotation": {"angle": 45, "axis": "x", "origin": [8.04583, 13.31047, 3.59734]},
			"faces": {
				"north": {"uv": [0, 0, 0, 2], "texture": "#1"},
				"east": {"uv": [0, 0, 0, 2], "texture": "#1"},
				"south": {"uv": [0, 0, 0, 2], "texture": "#1"},
				"west": {"uv": [0, 0, 0, 2], "texture": "#1"},
				"up": {"uv": [0, 0, 0, 0], "texture": "#1"},
				"down": {"uv": [0, 0, 0, 0], "texture": "#1"}
			}
		},
		{
			"from": [6.75833, -11.12516, 6.96792],
			"to": [7.33333, -7.65016, 7.79292],
			"rotation": {"angle": -45, "axis": "x", "origin": [8.0125, -9.38766, 8.54709]},
			"faces": {
				"north": {"uv": [0, 0, 0, 3], "texture": "#1"},
				"east": {"uv": [0, 0, 0, 3], "texture": "#1"},
				"south": {"uv": [0, 0, 0, 3], "texture": "#1"},
				"west": {"uv": [0, 0, 0, 3], "texture": "#1"},
				"up": {"uv": [0, 0, 0, 0], "texture": "#1"},
				"down": {"uv": [0, 0, 0, 0], "texture": "#1"}
			}
		},
		{
			"from": [8.69166, -11.12516, 6.96792],
			"to": [9.26666, -7.65016, 7.79292],
			"rotation": {"angle": -45, "axis": "x", "origin": [8.0125, -9.38766, 8.54709]},
			"faces": {
				"north": {"uv": [0, 0, 0, 3], "texture": "#1"},
				"east": {"uv": [0, 0, 0, 3], "texture": "#1"},
				"south": {"uv": [0, 0, 0, 3], "texture": "#1"},
				"west": {"uv": [0, 0, 0, 3], "texture": "#1"},
				"up": {"uv": [0, 0, 0, 0], "texture": "#1"},
				"down": {"uv": [0, 0, 0, 0], "texture": "#1"}
			}
		}
	],
	"display": {
		"thirdperson_righthand": {
			"translation": [0, 2, 5.25]
		},
		"thirdperson_lefthand": {
			"translation": [0, 1.25, 5.25]
		},
		"firstperson_righthand": {
			"translation": [1.5, 0.75, 2.75]
		},
		"firstperson_lefthand": {
			"translation": [6, 0, 0]
		},
		"ground": {
			"rotation": [-45, 0, 0],
			"translation": [0, 9.5, 0],
			"scale": [0.8, 0.8, 0.8]
		},
		"gui": {
			"rotation": [-90, -138, 90],
			"translation": [1.25, -2.25, 0],
			"scale": [0.51, 0.51, 0.51]
		}
	},
	"groups": [
		{
			"name": "Jewel",
			"origin": [8.03333, 4.3, 2.24167],
			"color": 0,
			"children": [0, 1, 2, 3, 4, 5, 6, 7]
		},
		{
			"name": "Center",
			"origin": [8, 8, 8],
			"color": 0,
			"children": [
				8,
				{
					"name": "Frame",
					"origin": [8.02396, 5.99687, 2.8875],
					"color": 0,
					"children": [9, 10]
				},
				{
					"name": "Glass",
					"origin": [8.02396, 5.99687, 2.8875],
					"color": 0,
					"children": []
				}
			]
		},
		{
			"name": "Upper",
			"origin": [8, 8, 8],
			"color": 0,
			"children": [11, 12, 13, 14, 15, 16, 17, 18, 19, 20, 21, 22, 23, 24]
		},
		{
			"name": "Upper",
			"origin": [8, 8, 8],
			"color": 0,
			"children": [25, 26, 27, 28, 29, 30, 31, 32]
		}
	]
}