{
	"credit": "Made with Blockbench",
	"textures": {
		"1": "shield_repo:meteor",
		"2": "shield_repo:portal-bow",
		"4": "block/andesite",
		"particle": "block/jewell"
	},
	"elements": [
		{
			"from": [7.53333, 4.2, 2.31667],
			"to": [8.53333, 4.4, 2.46667],
			"rotation": {"angle": 22.5, "axis": "z", "origin": [8.03333, 4.3, 2.39167]},
			"faces": {
				"north": {"uv": [0, 3, 1, 3], "texture": "#2"},
				"east": {"uv": [0, 3, 0, 3], "texture": "#2"},
				"south": {"uv": [1, 3, 2, 3], "texture": "#2"},
				"west": {"uv": [1, 3, 1, 3], "texture": "#2"},
				"up": {"uv": [1, 3, 0, 3], "texture": "#2"},
				"down": {"uv": [2, 3, 1, 3], "texture": "#2"}
			}
		},
		{
			"from": [7.53333, 4.2, 2.31667],
			"to": [8.53333, 4.4, 2.46667],
			"rotation": {"angle": -22.5, "axis": "z", "origin": [8.03333, 4.3, 2.39167]},
			"faces": {
				"north": {"uv": [0, 4, 1, 4], "texture": "#2"},
				"east": {"uv": [0, 4, 0, 4], "texture": "#2"},
				"south": {"uv": [1, 4, 2, 4], "texture": "#2"},
				"west": {"uv": [1, 4, 1, 4], "texture": "#2"},
				"up": {"uv": [1, 4, 0, 4], "texture": "#2"},
				"down": {"uv": [2, 4, 1, 4], "texture": "#2"}
			}
		},
		{
			"from": [7.53333, 4.2, 2.31667],
			"to": [8.53333, 4.4, 2.46667],
			"rotation": {"angle": -45, "axis": "z", "origin": [8.03333, 4.3, 2.39167]},
			"faces": {
				"north": {"uv": [0, 4, 1, 4], "texture": "#2"},
				"east": {"uv": [0, 4, 0, 4], "texture": "#2"},
				"south": {"uv": [1, 4, 2, 4], "texture": "#2"},
				"west": {"uv": [1, 4, 1, 4], "texture": "#2"},
				"up": {"uv": [1, 4, 0, 4], "texture": "#2"},
				"down": {"uv": [2, 4, 1, 4], "texture": "#2"}
			}
		},
		{
			"from": [7.93333, 3.8, 2.31667],
			"to": [8.13333, 4.8, 2.46667],
			"rotation": {"angle": 22.5, "axis": "z", "origin": [8.03333, 4.3, 2.39167]},
			"faces": {
				"north": {"uv": [0, 0, 0, 1], "texture": "#2"},
				"east": {"uv": [0, 0, 0, 1], "texture": "#2"},
				"south": {"uv": [0, 0, 0, 1], "texture": "#2"},
				"west": {"uv": [0, 0, 0, 1], "texture": "#2"},
				"up": {"uv": [0, 0, 0, 0], "texture": "#2"},
				"down": {"uv": [0, 0, 0, 0], "texture": "#2"}
			}
		},
		{
			"from": [7.93333, 3.8, 2.31667],
			"to": [8.13333, 4.8, 2.46667],
			"rotation": {"angle": 0, "axis": "y", "origin": [8.03333, 4.3, 2.39167]},
			"faces": {
				"north": {"uv": [0, 0, 0, 1], "texture": "#2"},
				"east": {"uv": [0, 0, 0, 1], "texture": "#2"},
				"south": {"uv": [0, 0, 0, 1], "texture": "#2"},
				"west": {"uv": [0, 0, 0, 1], "texture": "#2"},
				"up": {"uv": [0, 0, 0, 0], "texture": "#2"},
				"down": {"uv": [0, 0, 0, 0], "texture": "#2"}
			}
		},
		{
			"from": [7.93333, 3.8, 2.31667],
			"to": [8.13333, 4.8, 2.46667],
			"rotation": {"angle": -22.5, "axis": "z", "origin": [8.03333, 4.3, 2.39167]},
			"faces": {
				"north": {"uv": [0, 0, 0, 1], "texture": "#2"},
				"east": {"uv": [0, 0, 0, 1], "texture": "#2"},
				"south": {"uv": [0, 0, 0, 1], "texture": "#2"},
				"west": {"uv": [0, 0, 0, 1], "texture": "#2"},
				"up": {"uv": [0, 0, 0, 0], "texture": "#2"},
				"down": {"uv": [0, 0, 0, 0], "texture": "#2"}
			}
		},
		{
			"from": [7.93333, 3.8, 2.31667],
			"to": [8.13333, 4.8, 2.46667],
			"rotation": {"angle": -45, "axis": "z", "origin": [8.03333, 4.3, 2.39167]},
			"faces": {
				"north": {"uv": [0, 0, 0, 1], "texture": "#2"},
				"east": {"uv": [0, 0, 0, 1], "texture": "#2"},
				"south": {"uv": [0, 0, 0, 1], "texture": "#2"},
				"west": {"uv": [0, 0, 0, 1], "texture": "#2"},
				"up": {"uv": [0, 0, 0, 0], "texture": "#2"},
				"down": {"uv": [0, 0, 0, 0], "texture": "#2"}
			}
		},
		{
			"from": [7.53333, 4.2, 2.31667],
			"to": [8.53333, 4.4, 2.46667],
			"rotation": {"angle": 0, "axis": "y", "origin": [8.03333, 4.3, 2.39167]},
			"faces": {
				"north": {"uv": [0, 3, 1, 3], "texture": "#2"},
				"east": {"uv": [0, 3, 0, 3], "texture": "#2"},
				"south": {"uv": [1, 3, 2, 3], "texture": "#2"},
				"west": {"uv": [1, 3, 1, 3], "texture": "#2"},
				"up": {"uv": [1, 3, 0, 3], "texture": "#2"},
				"down": {"uv": [2, 3, 1, 3], "texture": "#2"}
			}
		},
		{
			"from": [7.45833, 1.95, 2.46667],
			"to": [8.63333, 6.425, 2.74167],
			"rotation": {"angle": 0, "axis": "y", "origin": [8.04583, 4.1875, 2.60417]},
			"faces": {
				"north": {"uv": [2, 0, 3, 4], "texture": "#1"},
				"east": {"uv": [2, 0, 2, 4], "texture": "#1"},
				"south": {"uv": [3, 0, 4, 4], "texture": "#1"},
				"west": {"uv": [3, 0, 3, 4], "texture": "#1"},
				"up": {"uv": [3, 0, 2, 0], "texture": "#1"},
				"down": {"uv": [4, 0, 3, 0], "texture": "#1"}
			}
		},
		{
			"from": [8.7289, 5.61847, 2.24167],
			"to": [10.3789, 6.01847, 2.49167],
			"rotation": {"angle": -45, "axis": "z", "origin": [8.03352, 9.17144, 4.53206]},
			"faces": {
				"north": {"uv": [0, 0, 1, 0], "texture": "#1"},
				"east": {"uv": [0, 0, 0, 0], "texture": "#1"},
				"south": {"uv": [1, 0, 2, 0], "texture": "#1"},
				"west": {"uv": [1, 0, 1, 0], "texture": "#1"},
				"up": {"uv": [1, 0, 0, 0], "texture": "#1"},
				"down": {"uv": [2, 0, 1, 0], "texture": "#1"}
			}
		},
		{
			"from": [5.20833, 4.15, 2.24167],
			"to": [7.13333, 4.55, 2.49167],
			"rotation": {"angle": 0, "axis": "y", "origin": [8.03352, 9.17144, 4.53206]},
			"faces": {
				"north": {"uv": [0, 0, 1, 0], "texture": "#1"},
				"east": {"uv": [0, 0, 0, 0], "texture": "#1"},
				"south": {"uv": [1, 0, 2, 0], "texture": "#1"},
				"west": {"uv": [1, 0, 1, 0], "texture": "#1"},
				"up": {"uv": [1, 0, 0, 0], "texture": "#1"},
				"down": {"uv": [2, 0, 1, 0], "texture": "#1"}
			}
		},
		{
			"from": [11.2039, 2.81847, 2.24167],
			"to": [11.6039, 4.74347, 2.49167],
			"rotation": {"angle": -45, "axis": "z", "origin": [8.03352, 9.17144, 4.53206]},
			"faces": {
				"north": {"uv": [0, 0, 0, 1], "texture": "#1"},
				"east": {"uv": [0, 0, 0, 1], "texture": "#1"},
				"south": {"uv": [0, 0, 0, 1], "texture": "#1"},
				"west": {"uv": [0, 0, 0, 1], "texture": "#1"},
				"up": {"uv": [0, 0, 0, 0], "texture": "#1"},
				"down": {"uv": [0, 0, 0, 0], "texture": "#1"}
			}
		},
		{
			"from": [12.4539, 5.61847, 2.24167],
			"to": [14.3789, 6.01847, 2.49167],
			"rotation": {"angle": -45, "axis": "z", "origin": [8.03352, 9.17144, 4.53206]},
			"faces": {
				"north": {"uv": [0, 0, 1, 0], "texture": "#1"},
				"east": {"uv": [0, 0, 0, 0], "texture": "#1"},
				"south": {"uv": [1, 0, 2, 0], "texture": "#1"},
				"west": {"uv": [1, 0, 1, 0], "texture": "#1"},
				"up": {"uv": [1, 0, 0, 0], "texture": "#1"},
				"down": {"uv": [2, 0, 1, 0], "texture": "#1"}
			}
		},
		{
			"from": [8.93333, 4.15, 2.24167],
			"to": [10.85833, 4.55, 2.49167],
			"rotation": {"angle": 0, "axis": "y", "origin": [8.03352, 9.17144, 4.53206]},
			"faces": {
				"north": {"uv": [0, 0, 1, 0], "texture": "#1"},
				"east": {"uv": [0, 0, 0, 0], "texture": "#1"},
				"south": {"uv": [1, 0, 2, 0], "texture": "#1"},
				"west": {"uv": [1, 0, 1, 0], "texture": "#1"},
				"up": {"uv": [1, 0, 0, 0], "texture": "#1"},
				"down": {"uv": [2, 0, 1, 0], "texture": "#1"}
			}
		},
		{
			"from": [5.70555, 5.60106, 2.24167],
			"to": [7.33055, 6.00106, 2.49167],
			"rotation": {"angle": 45, "axis": "z", "origin": [8.03352, 9.17144, 4.53206]},
			"faces": {
				"north": {"uv": [0, 0, 1, 0], "texture": "#1"},
				"east": {"uv": [0, 0, 0, 0], "texture": "#1"},
				"south": {"uv": [1, 0, 2, 0], "texture": "#1"},
				"west": {"uv": [1, 0, 1, 0], "texture": "#1"},
				"up": {"uv": [1, 0, 0, 0], "texture": "#1"},
				"down": {"uv": [2, 0, 1, 0], "texture": "#1"}
			}
		},
		{
			"from": [8.60833, 1.95, 2.20833],
			"to": [8.98333, 6.5, 2.78333],
			"faces": {
				"north": {"uv": [0, 0, 0, 4], "texture": "#1"},
				"east": {"uv": [0, 0, 0, 4], "texture": "#1"},
				"south": {"uv": [0, 0, 0, 4], "texture": "#1"},
				"west": {"uv": [0, 0, 0, 4], "texture": "#1"},
				"up": {"uv": [0, 0, 0, 0], "texture": "#1"},
				"down": {"uv": [0, 0, 0, 0], "texture": "#1"}
			}
		},
		{
			"from": [7.10833, 1.95, 2.20833],
			"to": [7.48333, 6.5, 2.78333],
			"faces": {
				"north": {"uv": [0, 0, 0, 4], "texture": "#1"},
				"east": {"uv": [0, 0, 0, 4], "texture": "#1"},
				"south": {"uv": [0, 0, 0, 4], "texture": "#1"},
				"west": {"uv": [0, 0, 0, 4], "texture": "#1"},
				"up": {"uv": [0, 0, 0, 0], "texture": "#1"},
				"down": {"uv": [0, 0, 0, 0], "texture": "#1"}
			}
		},
		{
			"from": [7.53333, 4.23333, 5.63334],
			"to": [8.55833, 9.20833, 6.15834],
			"rotation": {"angle": 22.5, "axis": "x", "origin": [8.03073, 13.34454, 9.30804]},
			"faces": {
				"north": {"uv": [2, 0, 3, 4], "texture": "#1"},
				"east": {"uv": [2, 0, 2, 4], "texture": "#1"},
				"south": {"uv": [3, 0, 4, 4], "texture": "#1"},
				"west": {"uv": [3, 0, 3, 4], "texture": "#1"},
				"up": {"uv": [3, 0, 2, 0], "texture": "#1"},
				"down": {"uv": [4, 0, 3, 0], "texture": "#1"}
			}
		},
		{
			"from": [7.45833, 8.10027, 7.53734],
			"to": [8.63333, 12.57527, 8.06234],
			"rotation": {"angle": 45, "axis": "x", "origin": [8.03073, 13.34454, 9.30804]},
			"faces": {
				"north": {"uv": [2, 0, 3, 4], "texture": "#1"},
				"east": {"uv": [2, 0, 2, 4], "texture": "#1"},
				"south": {"uv": [3, 0, 4, 4], "texture": "#1"},
				"west": {"uv": [3, 0, 3, 4], "texture": "#1"},
				"up": {"uv": [3, 0, 2, 0], "texture": "#1"},
				"down": {"uv": [4, 0, 3, 0], "texture": "#1"}
			}
		},
		{
			"from": [7.45833, 14.14979, 7.89048],
			"to": [8.63333, 14.67479, 12.36548],
			"rotation": {"angle": -22.5, "axis": "x", "origin": [8.03073, 13.34454, 9.30804]},
			"faces": {
				"north": {"uv": [6, 4, 7, 4], "texture": "#1"},
				"east": {"uv": [2, 4, 6, 4], "texture": "#1"},
				"south": {"uv": [11, 4, 12, 4], "texture": "#1"},
				"west": {"uv": [7, 4, 11, 4], "texture": "#1"},
				"up": {"uv": [7, 4, 6, 0], "texture": "#1"},
				"down": {"uv": [8, 0, 7, 4], "texture": "#1"}
			}
		},
		{
			"from": [7.35833, 14.12479, 11.39048],
			"to": [8.68333, 14.94979, 13.64048],
			"rotation": {"angle": -22.5, "axis": "x", "origin": [8.03073, 13.34454, 9.30804]},
			"faces": {
				"north": {"uv": [8, 6, 9, 6], "texture": "#1"},
				"east": {"uv": [6, 6, 8, 6], "texture": "#1"},
				"south": {"uv": [11, 6, 12, 6], "texture": "#1"},
				"west": {"uv": [9, 6, 11, 6], "texture": "#1"},
				"up": {"uv": [9, 6, 8, 4], "texture": "#1"},
				"down": {"uv": [10, 4, 9, 6], "texture": "#1"}
			}
		},
		{
			"from": [6.75833, 14.12479, 11.99881],
			"to": [7.33333, 14.94979, 15.47381],
			"rotation": {"angle": -22.5, "axis": "x", "origin": [8.03073, 13.34454, 9.30804]},
			"faces": {
				"north": {"uv": [3, 3, 3, 3], "texture": "#1"},
				"east": {"uv": [0, 3, 3, 3], "texture": "#1"},
				"south": {"uv": [6, 3, 6, 3], "texture": "#1"},
				"west": {"uv": [3, 3, 6, 3], "texture": "#1"},
				"up": {"uv": [3, 3, 3, 0], "texture": "#1"},
				"down": {"uv": [3, 0, 3, 3], "texture": "#1"}
			}
		},
		{
			"from": [8.69166, 14.12479, 11.99881],
			"to": [9.26666, 14.94979, 15.47381],
			"rotation": {"angle": -22.5, "axis": "x", "origin": [8.03073, 13.34454, 9.30804]},
			"faces": {
				"north": {"uv": [3, 3, 3, 3], "texture": "#1"},
				"east": {"uv": [0, 3, 3, 3], "texture": "#1"},
				"south": {"uv": [6, 3, 6, 3], "texture": "#1"},
				"west": {"uv": [3, 3, 6, 3], "texture": "#1"},
				"up": {"uv": [3, 3, 3, 0], "texture": "#1"},
				"down": {"uv": [3, 0, 3, 3], "texture": "#1"}
			}
		},
		{
			"from": [7.88333, 2.35833, 12.31667],
			"to": [8.13333, 14.50833, 12.56667],
			"rotation": {"angle": -22.5, "axis": "x", "origin": [8.03073, 13.34454, 9.30804]},
			"faces": {
				"north": {"uv": [5, 0, 5, 12], "texture": "#4"},
				"east": {"uv": [5, 0, 5, 12], "texture": "#4"},
				"south": {"uv": [5, 0, 5, 12], "texture": "#4"},
				"west": {"uv": [5, 0, 5, 12], "texture": "#4"},
				"up": {"uv": [5, 0, 5, 0], "texture": "#4"},
				"down": {"uv": [5, 0, 5, 0], "texture": "#4"}
			}
		},
		{
			"from": [7.81666, 14.29979, 6.16548],
			"to": [8.29166, 15.12479, 8.34048],
			"rotation": {"angle": -22.5, "axis": "x", "origin": [8.03073, 13.34454, 9.30804]},
			"faces": {
				"north": {"uv": [2, 2, 2, 2], "texture": "#1"},
				"east": {"uv": [0, 2, 2, 2], "texture": "#1"},
				"south": {"uv": [4, 2, 4, 2], "texture": "#1"},
				"west": {"uv": [2, 2, 4, 2], "texture": "#1"},
				"up": {"uv": [2, 2, 2, 0], "texture": "#1"},
				"down": {"uv": [2, 0, 2, 2], "texture": "#1"}
			}
		},
		{
			"from": [7.53333, -1.05834, 5.28333],
			"to": [8.55833, 3.81666, 5.80833],
			"rotation": {"angle": -22.5, "axis": "x", "origin": [8.03073, -4.78622, 8.59589]},
			"faces": {
				"north": {"uv": [2, 0, 3, 4], "texture": "#1"},
				"east": {"uv": [2, 0, 2, 4], "texture": "#1"},
				"south": {"uv": [3, 0, 4, 4], "texture": "#1"},
				"west": {"uv": [3, 0, 3, 4], "texture": "#1"},
				"up": {"uv": [3, 0, 2, 0], "texture": "#1"},
				"down": {"uv": [4, 0, 3, 0], "texture": "#1"}
			}
		},
		{
			"from": [7.88333, -8.62114, 13.67629],
			"to": [8.13333, 4.15386, 13.92629],
			"rotation": {"angle": 22.5, "axis": "x", "origin": [8.00833, -2.37114, 15.94296]},
			"faces": {
				"north": {"uv": [5, 0, 5, 12], "texture": "#4"},
				"east": {"uv": [5, 0, 5, 12], "texture": "#4"},
				"south": {"uv": [5, 0, 5, 12], "texture": "#4"},
				"west": {"uv": [5, 0, 5, 12], "texture": "#4"},
				"up": {"uv": [5, 0, 5, 0], "texture": "#4"},
				"down": {"uv": [5, 0, 5, 0], "texture": "#4"}
			}
		},
		{
			"from": [7.45833, -4.51079, 6.97024],
			"to": [8.63333, -0.03579, 7.49524],
			"rotation": {"angle": -45, "axis": "x", "origin": [8.03073, -4.78622, 8.59589]},
			"faces": {
				"north": {"uv": [2, 2, 3, 6], "texture": "#1"},
				"east": {"uv": [2, 2, 2, 6], "texture": "#1"},
				"south": {"uv": [3, 2, 4, 6], "texture": "#1"},
				"west": {"uv": [3, 2, 3, 6], "texture": "#1"},
				"up": {"uv": [3, 2, 2, 2], "texture": "#1"},
				"down": {"uv": [4, 2, 3, 2], "texture": "#1"}
			}
		},
		{
			"from": [7.45833, -6.13668, 7.6176],
			"to": [8.63333, -5.61168, 12.0926],
			"rotation": {"angle": 22.5, "axis": "x", "origin": [8.03073, -4.78622, 8.59589]},
			"faces": {
				"north": {"uv": [6, 4, 7, 4], "texture": "#1"},
				"east": {"uv": [2, 4, 6, 4], "texture": "#1"},
				"south": {"uv": [11, 4, 12, 4], "texture": "#1"},
				"west": {"uv": [7, 4, 11, 4], "texture": "#1"},
				"up": {"uv": [7, 4, 6, 0], "texture": "#1"},
				"down": {"uv": [8, 0, 7, 4], "texture": "#1"}
			}
		},
		{
			"from": [7.35833, -6.39918, 10.32178],
			"to": [8.68333, -5.57418, 12.57178],
			"rotation": {"angle": 22.5, "axis": "x", "origin": [8.03073, -4.78622, 8.59589]},
			"faces": {
				"north": {"uv": [3, 8, 4, 8], "texture": "#1"},
				"east": {"uv": [1, 8, 3, 8], "texture": "#1"},
				"south": {"uv": [6, 8, 7, 8], "texture": "#1"},
				"west": {"uv": [4, 8, 6, 8], "texture": "#1"},
				"up": {"uv": [4, 8, 3, 6], "texture": "#1"},
				"down": {"uv": [5, 6, 4, 8], "texture": "#1"}
			}
		},
		{
			"from": [6.75833, -6.35377, 10.78469],
			"to": [7.33333, -5.52877, 14.25969],
			"rotation": {"angle": 22.5, "axis": "x", "origin": [8.03073, -4.78622, 8.59589]},
			"faces": {
				"north": {"uv": [3, 3, 3, 3], "texture": "#1"},
				"east": {"uv": [0, 3, 3, 3], "texture": "#1"},
				"south": {"uv": [6, 3, 6, 3], "texture": "#1"},
				"west": {"uv": [3, 3, 6, 3], "texture": "#1"},
				"up": {"uv": [3, 3, 3, 0], "texture": "#1"},
				"down": {"uv": [3, 0, 3, 3], "texture": "#1"}
			}
		},
		{
			"from": [8.69166, -6.35377, 10.78469],
			"to": [9.26666, -5.52877, 14.25969],
			"rotation": {"angle": 22.5, "axis": "x", "origin": [8.03073, -4.78622, 8.59589]},
			"faces": {
				"north": {"uv": [3, 3, 3, 3], "texture": "#1"},
				"east": {"uv": [0, 3, 3, 3], "texture": "#1"},
				"south": {"uv": [6, 3, 6, 3], "texture": "#1"},
				"west": {"uv": [3, 3, 6, 3], "texture": "#1"},
				"up": {"uv": [3, 3, 3, 0], "texture": "#1"},
				"down": {"uv": [3, 0, 3, 3], "texture": "#1"}
			}
		},
		{
			"from": [7.81666, -6.67044, 6.25969],
			"to": [8.29166, -5.84544, 8.43469],
			"rotation": {"angle": 22.5, "axis": "x", "origin": [8.03073, -4.78622, 8.59589]},
			"faces": {
				"north": {"uv": [5, 8, 5, 8], "texture": "#1"},
				"east": {"uv": [3, 8, 5, 8], "texture": "#1"},
				"south": {"uv": [7, 8, 7, 8], "texture": "#1"},
				"west": {"uv": [5, 8, 7, 8], "texture": "#1"},
				"up": {"uv": [5, 8, 5, 6], "texture": "#1"},
				"down": {"uv": [5, 6, 5, 8], "texture": "#1"}
			}
		}
	],
	"gui_light": "front",
	"display": {
		"thirdperson_righthand": {
			"translation": [0, 2, 5.25]
		},
		"thirdperson_lefthand": {
			"translation": [0, 1.25, 5.25]
		},
		"firstperson_righthand": {
			"rotation": [30, 26, 0],
			"translation": [1.5, 6.75, 2.75]
		},
		"firstperson_lefthand": {
			"rotation": [25, 0, 0],
			"translation": [6, 5.75, 1.75]
		},
		"ground": {
			"rotation": [-45, 0, 0],
			"translation": [0, 9.5, 0],
			"scale": [0.8, 0.8, 0.8]
		},
		"gui": {
			"rotation": [-90, -138, 90],
			"translation": [1.25, -1.25, 0],
			"scale": [0.51, 0.51, 0.51]
		}
	},
	"groups": [
		{
			"name": "Jewel",
			"origin": [8.03333, 4.3, 2.24167],
			"color": 0,
			"children": [0, 1, 2, 3, 4, 5, 6, 7]
		},
		{
			"name": "Center",
			"origin": [8, 8, 8],
			"color": 0,
			"children": [
				8,
				{
					"name": "Frame",
					"origin": [8.02396, 5.99687, 2.8875],
					"color": 0,
					"children": []
				},
				{
					"name": "Glass",
					"origin": [8.02396, 5.99687, 2.8875],
					"color": 0,
					"children": []
				},
				9,
				10,
				11,
				12,
				13,
				14,
				15,
				16
			]
		},
		{
			"name": "Upper",
			"origin": [8, 8, 8],
			"color": 0,
			"children": [17, 18, 19, 20, 21, 22, 23, 24]
		},
		{
			"name": "Upper",
			"origin": [8, 8, 8],
			"color": 0,
			"children": [25, 26, 27, 28, 29, 30, 31, 32]
		}
	]
}
