[
  {
    "function": "minecraft:set_attributes",
    "modifiers": [
      {
        "attribute": "minecraft:generic.max_health",
        "name": "amr.level.link.mh",
        "amount": {
          "type": "minecraft:score",
          "target": "this",
          "score": "amr.shield.level.link",
          "scale": 0.01
        },
        "operation": "multiply_total",
        "id": "de3fafe2-3ff9-40e4-8b6e-4e4b360d218d",
        "slot": [
          "mainhand"
        ]
      },
      {
        "attribute": "minecraft:generic.armor_toughness",
        "name": "amr.level.link.at",
        "amount": {
          "type": "minecraft:score",
          "target": "this",
          "score": "amr.shield.level.link",
          "scale": 0.01
        },
        "operation": "multiply_total",
        "id": "7788999a-bf08-4068-a3f4-0bda3f58fcb8",
        "slot": [
          "mainhand"
        ]
      }
    ],
    "conditions": [
      {
        "condition": "minecraft:entity_properties",
        "entity": "this",
        "predicate": {
          "type": "minecraft:player",
          "type_specific": {
            "type": "player",
            "level": {
              "min": 1,
              "max": 1000
            }
          }
        }
      }
    ]
  }
]
