{
  "providers":[
    {
      "type":"bitmap",
      "file":"minecraft:font/leafi.png",
      "ascent":16,
      "height":16,
      "chars":[
        "\uE361"
      ]

    },
    {
      "type":"bitmap",
      "file":"minecraft:font/chimera.png",
      "ascent":16,
      "height":16,
      "chars":[
        "\uE362"
      ]

    },
    {
      "type":"bitmap",
      "file":"minecraft:font/soul.png",
      "ascent":16,
      "height":16,
      "chars":[
        "\uE363"
      ]

    },
    {
      "type":"bitmap",
      "file":"minecraft:font/whale.png",
      "ascent":16,
      "height":16,
      "chars":[
        "\uE364"
      ]

    },
    {
      "type":"bitmap",
      "file":"minecraft:font/dog.png",
      "ascent":16,
      "height":16,
      "chars":[
        "\uE365"
      ]

    },
    {
      "type":"bitmap",
      "file":"minecraft:font/hourglass.png",
      "ascent":16,
      "height":16,
      "chars":[
        "\uE366"
      ]

    },
    {
      "type":"bitmap",
      "file":"minecraft:font/ltm.png",
      "ascent":16,
      "height":16,
      "chars":[
        "\uE367"
      ]

    },
    {
      "type":"bitmap",
      "file":"minecraft:font/pick.png",
      "ascent":16,
      "height":16,
      "chars":[
        "\uE368"
      ]

    },
    {
      "type":"bitmap",
      "file":"minecraft:font/rage.png",
      "ascent":16,
      "height":16,
      "chars":[
        "\uE369"
      ]

    },
    {
      "type":"bitmap",
      "file":"minecraft:font/rope.png",
      "ascent":16,
      "height":16,
      "chars":[
        "\uE370"
      ]

    },
    {
      "type":"bitmap",
      "file":"minecraft:font/star.png",
      "ascent":16,
      "height":16,
      "chars":[
        "\uE371"
      ]

    },
    {
      "type":"bitmap",
      "file":"minecraft:font/pipe.png",
      "ascent":16,
      "height":16,
      "chars":[
        "\uE372"
      ]

    },
    {
      "type":"bitmap",
      "file":"minecraft:font/maiden-icon.png",
      "ascent":16,
      "height":16,
      "chars":[
        "\uE373"
      ]

    },
    {
      "type":"bitmap",
      "file":"minecraft:font/blood-icon.png",
      "ascent":16,
      "height":16,
      "chars":[
        "\uE374"
      ]

    }
  ]
}
