[
  {
    "function": "minecraft:set_attributes",
    "modifiers": [
      {
        "attribute": "minecraft:generic.max_health",
        "name": "amr.shield.dog.r.mh",
        "amount": {
          "type": "minecraft:score",
          "target": "this",
          "score": "amr.shield.dog.rarity",
          "scale": 0.2
        },
        "operation": "multiply_base",
        "id": "24a85292-5bd5-4ffb-b08e-fb75dc9c2b71",
        "slot": "mainhand"
      },
      {
        "attribute": "minecraft:generic.armor_toughness",
        "name": "amr.shield.dog.r.at",
        "amount": {
          "type": "minecraft:score",
          "target": "this",
          "score": "amr.shield.dog.rarity",
          "scale": 0.2
        },
        "operation": "multiply_base",
        "id": "5b48612e-de81-4a17-b518-66638246a14b",
        "slot": "mainhand"
      }
    ],
    "conditions": [
      {
        "condition": "minecraft:entity_properties",
        "entity": "this",
        "predicate": {
          "type": "minecraft:player",
          "type_specific": {
            "type": "player"
          }
        }
      }
    ]
  }
]
