[
  {
    "function": "minecraft:set_attributes",
    "modifiers": [
      {
        "attribute": "minecraft:generic.max_health",
        "name": "amr.shield.ltm.r.mh",
        "amount": {
          "type": "minecraft:score",
          "target": "this",
          "score": "amr.shield.ltm.rarity",
          "scale": 0.2
        },
        "operation": "multiply_base",
        "id": "81065c75-83c3-4dfb-8f89-2d5661cb688d",
        "slot": "mainhand"
      },
      {
        "attribute": "minecraft:generic.armor_toughness",
        "name": "amr.shield.ltm.r.at",
        "amount": {
          "type": "minecraft:score",
          "target": "this",
          "score": "amr.shield.ltm.rarity",
          "scale": 0.2
        },
        "operation": "multiply_base",
        "id": "c01d24bd-c121-4009-8683-d8886be4ad2a",
        "slot": "mainhand"
      }
    ],
    "conditions": [
      {
        "condition": "minecraft:entity_properties",
        "entity": "this",
        "predicate": {
          "type": "minecraft:player",
          "type_specific": {
            "type": "player"
          }
        }
      }
    ]
  }
]
