[
  {
    "function": "minecraft:set_attributes",
    "modifiers": [
      {
        "attribute": "minecraft:generic.max_health",
        "name": "amr.portal.smelt.mh",
        "amount": {
          "type": "minecraft:score",
          "target": "this",
          "score": "amr.shield.portal.smelt",
          "scale": 0.01
        },
        "operation": "multiply_total",
        "id": "c0de5cde-bdeb-4d40-a1f1-db165e859867",
        "slot": [
          "mainhand"
        ]
      },
      {
        "attribute": "minecraft:generic.armor_toughness",
        "name": "amr.portal.smelt.at",
        "amount": {
          "type": "minecraft:score",
          "target": "this",
          "score": "amr.shield.portal.smelt",
          "scale": 0.01
        },
        "operation": "multiply_total",
        "id": "555d9cd1-1156-4172-9f31-7821a11e3240",
        "slot": [
          "mainhand"
        ]
      }
    ],
    "conditions": [
      {
        "condition": "minecraft:entity_properties",
        "entity": "this",
        "predicate": {
          "type": "minecraft:player",
          "type_specific": {
            "type": "player"
          }
        }
      }
    ]
  }
]
