[
  {
    "function": "minecraft:set_attributes",
    "modifiers": [
      {
        "attribute": "minecraft:generic.max_health",
        "name": "amr.shield.portal.m.mh",
        "amount": {
          "type": "minecraft:score",
          "target": "this",
          "score": "amr.shield.portalprof",
          "scale": 0.005
        },
        "operation": "multiply_base",
        "id": "8e0598b8-1203-4729-8494-3c1165218c40",
        "slot": "mainhand"
      },
      {
        "attribute": "minecraft:generic.armor_toughness",
        "name": "amr.shield.portal.m.at",
        "amount": {
          "type": "minecraft:score",
          "target": "this",
          "score": "amr.shield.portalprof",
          "scale": 0.005
        },
        "operation": "multiply_base",
        "id": "a36d1a95-94fe-456b-93e7-bdd5488e9374",
        "slot": "mainhand"
      }
    ],
    "conditions": [
      {
        "condition": "minecraft:entity_properties",
        "entity": "this",
        "predicate": {
          "type": "minecraft:player",
          "type_specific": {
            "type": "player"
          }
        }
      }
    ]
  },
  {
    "function": "minecraft:set_lore",
    "entity": "this",
    "lore": [
      {
        "text": "mastery level: "
      },
      {
        "score": {
          "name": "@s",
          "objective": "amr.shield.portalprof"
        }
      }
    ],
    "replace": false
  }
]
