{
	"credit": "Made with Blockbench",
	"textures": {
		"1": "block/quartz_block_bottom",
		"2": "block/gold_block",
		"4": "block/gray_concrete",
		"5": "block/iron_bars",
		"6": "block/redstone_block"
	},
	"elements": [
		{
			"name": "Gold8",
			"from": [7.32676, 18.51535, 7.775],
			"to": [8.67676, 19.06535, 8.225],
			"rotation": {"angle": 0, "axis": "y", "origin": [7.99926, 20.84902, 8]},
			"faces": {
				"north": {"uv": [12, 2, 13, 5], "rotation": 270, "texture": "#5"},
				"east": {"uv": [12, 2, 13, 5], "rotation": 270, "texture": "#5"},
				"south": {"uv": [12, 2, 13, 5], "rotation": 270, "texture": "#5"},
				"west": {"uv": [12, 2, 13, 5], "rotation": 270, "texture": "#5"},
				"up": {"uv": [12, 2, 13, 5], "rotation": 270, "texture": "#5"},
				"down": {"uv": [12, 2, 13, 5], "rotation": 270, "texture": "#5"}
			}
		},
		{
			"name": "Gold9",
			"from": [6.03718, 19.60843, 7.775],
			"to": [6.61218, 20.95843, 8.225],
			"rotation": {"angle": 45, "axis": "z", "origin": [7.99926, 20.84902, 8]},
			"faces": {
				"north": {"uv": [12, 2, 13, 5], "rotation": 270, "texture": "#5"},
				"east": {"uv": [12, 2, 13, 5], "rotation": 270, "texture": "#5"},
				"south": {"uv": [12, 2, 13, 5], "rotation": 270, "texture": "#5"},
				"west": {"uv": [12, 2, 13, 5], "rotation": 270, "texture": "#5"},
				"up": {"uv": [12, 2, 13, 5], "rotation": 270, "texture": "#5"},
				"down": {"uv": [12, 2, 13, 5], "rotation": 270, "texture": "#5"}
			}
		},
		{
			"name": "Gold10",
			"from": [9.38989, 19.61196, 7.775],
			"to": [9.96489, 20.96196, 8.225],
			"rotation": {"angle": -45, "axis": "z", "origin": [7.99926, 20.84902, 8]},
			"faces": {
				"north": {"uv": [12, 2, 13, 5], "rotation": 270, "texture": "#5"},
				"east": {"uv": [12, 2, 13, 5], "rotation": 270, "texture": "#5"},
				"south": {"uv": [12, 2, 13, 5], "rotation": 270, "texture": "#5"},
				"west": {"uv": [12, 2, 13, 5], "rotation": 270, "texture": "#5"},
				"up": {"uv": [12, 2, 13, 5], "rotation": 270, "texture": "#5"},
				"down": {"uv": [12, 2, 13, 5], "rotation": 270, "texture": "#5"}
			}
		},
		{
			"name": "Gold12",
			"from": [6.52738, 19.53889, 7.775],
			"to": [7.05238, 20.56389, 8.225],
			"rotation": {"angle": 0, "axis": "y", "origin": [7.99926, 20.84902, 8]},
			"faces": {
				"north": {"uv": [12, 2, 13, 5], "rotation": 270, "texture": "#5"},
				"east": {"uv": [12, 2, 13, 5], "rotation": 270, "texture": "#5"},
				"south": {"uv": [12, 2, 13, 5], "rotation": 270, "texture": "#5"},
				"west": {"uv": [12, 2, 13, 5], "rotation": 270, "texture": "#5"},
				"up": {"uv": [12, 2, 13, 5], "rotation": 270, "texture": "#5"},
				"down": {"uv": [12, 2, 13, 5], "rotation": 270, "texture": "#5"}
			}
		},
		{
			"name": "Gold13",
			"from": [8.95113, 19.53889, 7.775],
			"to": [9.47613, 20.56389, 8.225],
			"rotation": {"angle": 0, "axis": "y", "origin": [7.99926, 20.84902, 8]},
			"faces": {
				"north": {"uv": [12, 2, 13, 5], "rotation": 270, "texture": "#5"},
				"east": {"uv": [12, 2, 13, 5], "rotation": 270, "texture": "#5"},
				"south": {"uv": [12, 2, 13, 5], "rotation": 270, "texture": "#5"},
				"west": {"uv": [12, 2, 13, 5], "rotation": 270, "texture": "#5"},
				"up": {"uv": [12, 2, 13, 5], "rotation": 270, "texture": "#5"},
				"down": {"uv": [12, 2, 13, 5], "rotation": 270, "texture": "#5"}
			}
		},
		{
			"name": "Gold13",
			"from": [6.75763, 20.02864, 7.775],
			"to": [7.23263, 20.47864, 8.225],
			"rotation": {"angle": -22.5, "axis": "z", "origin": [7.99926, 20.84902, 8]},
			"faces": {
				"north": {"uv": [12, 2, 13, 5], "rotation": 270, "texture": "#5"},
				"east": {"uv": [12, 2, 13, 5], "rotation": 270, "texture": "#5"},
				"south": {"uv": [12, 2, 13, 5], "rotation": 270, "texture": "#5"},
				"west": {"uv": [12, 2, 13, 5], "rotation": 270, "texture": "#5"},
				"up": {"uv": [12, 2, 13, 5], "rotation": 270, "texture": "#5"},
				"down": {"uv": [12, 2, 13, 5], "rotation": 270, "texture": "#5"}
			}
		},
		{
			"name": "Gold14",
			"from": [8.77051, 20.02673, 7.775],
			"to": [9.24551, 20.47673, 8.225],
			"rotation": {"angle": 22.5, "axis": "z", "origin": [7.99926, 20.84902, 8]},
			"faces": {
				"north": {"uv": [12, 2, 13, 5], "rotation": 270, "texture": "#5"},
				"east": {"uv": [12, 2, 13, 5], "rotation": 270, "texture": "#5"},
				"south": {"uv": [12, 2, 13, 5], "rotation": 270, "texture": "#5"},
				"west": {"uv": [12, 2, 13, 5], "rotation": 270, "texture": "#5"},
				"up": {"uv": [12, 2, 13, 5], "rotation": 270, "texture": "#5"},
				"down": {"uv": [12, 2, 13, 5], "rotation": 270, "texture": "#5"}
			}
		},
		{
			"name": "Gold16",
			"from": [6.95631, 20.82896, 7.775],
			"to": [7.93131, 22.37896, 8.225],
			"rotation": {"angle": -22.5, "axis": "z", "origin": [7.99926, 20.84902, 8]},
			"faces": {
				"north": {"uv": [0, 0, 1.5, 0.25], "rotation": 90, "texture": "#4"},
				"east": {"uv": [0, 0, 1.5, 1.5], "rotation": 270, "texture": "#4"},
				"south": {"uv": [0, 0, 1.5, 0.25], "rotation": 270, "texture": "#4"},
				"west": {"uv": [0, 0, 1.5, 1.5], "rotation": 270, "texture": "#4"},
				"up": {"uv": [0, 0, 1.5, 0.25], "rotation": 270, "texture": "#4"},
				"down": {"uv": [0, 0, 1.5, 0.25], "rotation": 270, "texture": "#4"}
			}
		},
		{
			"name": "Gold17",
			"from": [8.09683, 20.82705, 7.775],
			"to": [9.04683, 22.37705, 8.225],
			"rotation": {"angle": 22.5, "axis": "z", "origin": [7.99926, 20.84902, 8]},
			"faces": {
				"north": {"uv": [0, 0.25, 1.5, 0], "rotation": 90, "texture": "#4"},
				"east": {"uv": [0, 1.5, 1.5, 0], "rotation": 270, "texture": "#4"},
				"south": {"uv": [0, 0.25, 1.5, 0], "rotation": 270, "texture": "#4"},
				"west": {"uv": [0, 1.5, 1.5, 0], "rotation": 270, "texture": "#4"},
				"up": {"uv": [0, 0.25, 1.5, 0], "rotation": 270, "texture": "#4"},
				"down": {"uv": [0, 0.25, 1.5, 0], "rotation": 270, "texture": "#4"}
			}
		},
		{
			"name": "Gold18",
			"from": [8.02738, 22.41389, 7.775],
			"to": [8.32738, 24.26389, 8.225],
			"rotation": {"angle": 0, "axis": "y", "origin": [7.99926, 20.84902, 8]},
			"faces": {
				"north": {"uv": [0, 0.25, 1.5, 0], "rotation": 90, "texture": "#4"},
				"east": {"uv": [0, 1.5, 1.5, 0], "rotation": 270, "texture": "#4"},
				"south": {"uv": [0, 0.25, 1.5, 0], "rotation": 270, "texture": "#4"},
				"west": {"uv": [0, 1.5, 1.5, 0], "rotation": 270, "texture": "#4"},
				"up": {"uv": [0, 0.25, 1.5, 0], "rotation": 270, "texture": "#4"},
				"down": {"uv": [0, 0.25, 1.5, 0], "rotation": 270, "texture": "#4"}
			}
		},
		{
			"name": "Gold19",
			"from": [7.80176, 23.41535, 7.8],
			"to": [8.20176, 25.26535, 8.2],
			"rotation": {"angle": 0, "axis": "y", "origin": [7.99926, 20.84902, 8]},
			"faces": {
				"north": {"uv": [0, 0.25, 1.5, 0], "rotation": 90, "texture": "#4"},
				"east": {"uv": [0, 1.5, 1.5, 0], "rotation": 270, "texture": "#4"},
				"south": {"uv": [0, 0.25, 1.5, 0], "rotation": 270, "texture": "#4"},
				"west": {"uv": [0, 1.5, 1.5, 0], "rotation": 270, "texture": "#4"},
				"up": {"uv": [0, 0.25, 1.5, 0], "rotation": 270, "texture": "#4"},
				"down": {"uv": [0, 0.25, 1.5, 0], "rotation": 270, "texture": "#4"}
			}
		},
		{
			"name": "Gold20",
			"from": [6.12016, 24.8335, 7.825],
			"to": [6.22016, 25.2835, 8.175],
			"rotation": {"angle": -22.5, "axis": "z", "origin": [7.99926, 20.84902, 8]},
			"faces": {
				"north": {"uv": [0, 0.25, 1.5, 0], "rotation": 90, "texture": "#4"},
				"east": {"uv": [0, 1.5, 1.5, 0], "rotation": 270, "texture": "#4"},
				"south": {"uv": [0, 0.25, 1.5, 0], "rotation": 270, "texture": "#4"},
				"west": {"uv": [0, 1.5, 1.5, 0], "rotation": 270, "texture": "#4"},
				"up": {"uv": [0, 0.25, 1.5, 0], "rotation": 270, "texture": "#4"},
				"down": {"uv": [0, 0.25, 1.5, 0], "rotation": 270, "texture": "#4"}
			}
		},
		{
			"name": "Gold21",
			"from": [9.78298, 24.83158, 7.825],
			"to": [9.88298, 25.28158, 8.175],
			"rotation": {"angle": 22.5, "axis": "z", "origin": [7.99926, 20.84902, 8]},
			"faces": {
				"north": {"uv": [0, 0, 1.5, 0.25], "rotation": 90, "texture": "#4"},
				"east": {"uv": [0, 0, 1.5, 1.5], "rotation": 270, "texture": "#4"},
				"south": {"uv": [0, 0, 1.5, 0.25], "rotation": 270, "texture": "#4"},
				"west": {"uv": [0, 0, 1.5, 1.5], "rotation": 270, "texture": "#4"},
				"up": {"uv": [0, 0, 1.5, 0.25], "rotation": 270, "texture": "#4"},
				"down": {"uv": [0, 0, 1.5, 0.25], "rotation": 270, "texture": "#4"}
			}
		},
		{
			"name": "Gold23",
			"from": [7.95447, 25.26575, 7.825],
			"to": [8.02947, 25.54075, 8.175],
			"rotation": {"angle": 0, "axis": "y", "origin": [8.03072, 21.38561, 8]},
			"faces": {
				"north": {"uv": [0, 0, 1.5, 0.25], "rotation": 90, "texture": "#4"},
				"east": {"uv": [0, 0, 1.5, 1.5], "rotation": 270, "texture": "#4"},
				"south": {"uv": [0, 0, 1.5, 0.25], "rotation": 270, "texture": "#4"},
				"west": {"uv": [0, 0, 1.5, 1.5], "rotation": 270, "texture": "#4"},
				"up": {"uv": [0, 0, 1.5, 0.25], "rotation": 270, "texture": "#4"},
				"down": {"uv": [0, 0, 1.5, 0.25], "rotation": 270, "texture": "#4"}
			}
		},
		{
			"name": "Gold24",
			"from": [8.02947, 25.26575, 7.825],
			"to": [8.10447, 25.51575, 8.175],
			"rotation": {"angle": 0, "axis": "y", "origin": [8.03072, 21.38561, 8]},
			"faces": {
				"north": {"uv": [0, 0, 1.5, 0.25], "rotation": 90, "texture": "#4"},
				"east": {"uv": [0, 0, 1.5, 1.5], "rotation": 270, "texture": "#4"},
				"south": {"uv": [0, 0, 1.5, 0.25], "rotation": 270, "texture": "#4"},
				"west": {"uv": [0, 0, 1.5, 1.5], "rotation": 270, "texture": "#4"},
				"up": {"uv": [0, 0, 1.5, 0.25], "rotation": 270, "texture": "#4"},
				"down": {"uv": [0, 0, 1.5, 0.25], "rotation": 270, "texture": "#4"}
			}
		},
		{
			"name": "Gold24",
			"from": [7.90176, 25.24035, 7.825],
			"to": [7.97676, 25.51535, 8.175],
			"rotation": {"angle": 0, "axis": "y", "origin": [7.99926, 20.84902, 8]},
			"faces": {
				"north": {"uv": [0, 0.25, 1.5, 0], "rotation": 90, "texture": "#4"},
				"east": {"uv": [0, 1.5, 1.5, 0], "rotation": 270, "texture": "#4"},
				"south": {"uv": [0, 0.25, 1.5, 0], "rotation": 270, "texture": "#4"},
				"west": {"uv": [0, 1.5, 1.5, 0], "rotation": 270, "texture": "#4"},
				"up": {"uv": [0, 0.25, 1.5, 0], "rotation": 270, "texture": "#4"},
				"down": {"uv": [0, 0.25, 1.5, 0], "rotation": 270, "texture": "#4"}
			}
		},
		{
			"name": "Gold20",
			"from": [7.70176, 23.74035, 7.95],
			"to": [7.95176, 25.59035, 8.05],
			"rotation": {"angle": 0, "axis": "y", "origin": [7.99926, 20.84902, 8]},
			"faces": {
				"north": {"uv": [2, 3, 3, 1], "rotation": 270, "texture": "#5"},
				"east": {"uv": [2, 3, 3, 1], "rotation": 270, "texture": "#5"},
				"south": {"uv": [12, 2, 13, 5], "rotation": 270, "texture": "#5"},
				"west": {"uv": [2, 3, 3, 1], "rotation": 270, "texture": "#5"},
				"up": {"uv": [2, 3, 3, 1], "rotation": 270, "texture": "#5"},
				"down": {"uv": [2, 3, 3, 1], "rotation": 270, "texture": "#5"}
			}
		},
		{
			"name": "Gold21",
			"from": [5.9263, 25.0833, 7.95],
			"to": [6.1013, 25.6833, 8.05],
			"rotation": {"angle": -22.5, "axis": "z", "origin": [7.99926, 20.84902, 8]},
			"faces": {
				"north": {"uv": [2, 3, 3, 1], "rotation": 270, "texture": "#5"},
				"east": {"uv": [2, 3, 3, 1], "rotation": 270, "texture": "#5"},
				"south": {"uv": [12, 2, 13, 5], "rotation": 270, "texture": "#5"},
				"west": {"uv": [2, 3, 3, 1], "rotation": 270, "texture": "#5"},
				"up": {"uv": [2, 3, 3, 1], "rotation": 270, "texture": "#5"},
				"down": {"uv": [2, 3, 3, 1], "rotation": 270, "texture": "#5"}
			}
		},
		{
			"name": "Gold22",
			"from": [9.90184, 25.08139, 7.95],
			"to": [10.07684, 25.68139, 8.05],
			"rotation": {"angle": 22.5, "axis": "z", "origin": [7.99926, 20.84902, 8]},
			"faces": {
				"north": {"uv": [2, 3, 3, 1], "rotation": 270, "texture": "#5"},
				"east": {"uv": [2, 3, 3, 1], "rotation": 270, "texture": "#5"},
				"south": {"uv": [12, 2, 13, 5], "rotation": 270, "texture": "#5"},
				"west": {"uv": [2, 3, 3, 1], "rotation": 270, "texture": "#5"},
				"up": {"uv": [2, 3, 3, 1], "rotation": 270, "texture": "#5"},
				"down": {"uv": [2, 3, 3, 1], "rotation": 270, "texture": "#5"}
			}
		},
		{
			"name": "Gold23",
			"from": [7.95176, 25.66535, 7.95],
			"to": [8.05176, 26.16535, 8.05],
			"rotation": {"angle": 0, "axis": "y", "origin": [7.99926, 20.84902, 8]},
			"faces": {
				"north": {"uv": [2, 3, 3, 1], "rotation": 270, "texture": "#5"},
				"east": {"uv": [2, 3, 3, 1], "rotation": 270, "texture": "#5"},
				"south": {"uv": [12, 2, 13, 5], "rotation": 270, "texture": "#5"},
				"west": {"uv": [2, 3, 3, 1], "rotation": 270, "texture": "#5"},
				"up": {"uv": [2, 3, 3, 1], "rotation": 270, "texture": "#5"},
				"down": {"uv": [2, 3, 3, 1], "rotation": 270, "texture": "#5"}
			}
		},
		{
			"name": "Gold24",
			"from": [7.95176, -1.03465, 7.95],
			"to": [8.05176, -0.53465, 8.05],
			"rotation": {"angle": 0, "axis": "y", "origin": [7.99926, 22.37402, 8]},
			"faces": {
				"north": {"uv": [13, 0, 14, 3], "texture": "#5"},
				"east": {"uv": [13, 0, 14, 3], "texture": "#5"},
				"south": {"uv": [13, 0, 14, 3], "texture": "#5"},
				"west": {"uv": [13, 0, 14, 3], "texture": "#5"},
				"up": {"uv": [13, 0, 14, 3], "texture": "#5"},
				"down": {"uv": [13, 0, 14, 3], "texture": "#5"}
			}
		},
		{
			"name": "Gold21",
			"from": [6.8513, 20.5833, 7.95],
			"to": [7.0263, 22.3833, 8.05],
			"rotation": {"angle": -22.5, "axis": "z", "origin": [7.99926, 20.84902, 8]},
			"faces": {
				"north": {"uv": [2, 3, 3, 1], "rotation": 270, "texture": "#5"},
				"east": {"uv": [2, 3, 3, 1], "rotation": 270, "texture": "#5"},
				"south": {"uv": [12, 2, 13, 5], "rotation": 270, "texture": "#5"},
				"west": {"uv": [2, 3, 3, 1], "rotation": 270, "texture": "#5"},
				"up": {"uv": [2, 3, 3, 1], "rotation": 270, "texture": "#5"},
				"down": {"uv": [2, 3, 3, 1], "rotation": 270, "texture": "#5"}
			}
		},
		{
			"name": "Gold22",
			"from": [8.97684, 20.58139, 7.95],
			"to": [9.15184, 22.38139, 8.05],
			"rotation": {"angle": 22.5, "axis": "z", "origin": [7.99926, 20.84902, 8]},
			"faces": {
				"north": {"uv": [2, 3, 3, 1], "rotation": 270, "texture": "#5"},
				"east": {"uv": [2, 3, 3, 1], "rotation": 270, "texture": "#5"},
				"south": {"uv": [12, 2, 13, 5], "rotation": 270, "texture": "#5"},
				"west": {"uv": [2, 3, 3, 1], "rotation": 270, "texture": "#5"},
				"up": {"uv": [2, 3, 3, 1], "rotation": 270, "texture": "#5"},
				"down": {"uv": [2, 3, 3, 1], "rotation": 270, "texture": "#5"}
			}
		},
		{
			"name": "Gold21",
			"from": [8.07676, 23.74035, 7.95],
			"to": [8.30176, 25.59035, 8.05],
			"rotation": {"angle": 0, "axis": "y", "origin": [7.99926, 20.84902, 8]},
			"faces": {
				"north": {"uv": [2, 3, 3, 1], "rotation": 270, "texture": "#5"},
				"east": {"uv": [2, 3, 3, 1], "rotation": 270, "texture": "#5"},
				"south": {"uv": [12, 2, 13, 5], "rotation": 270, "texture": "#5"},
				"west": {"uv": [2, 3, 3, 1], "rotation": 270, "texture": "#5"},
				"up": {"uv": [2, 3, 3, 1], "rotation": 270, "texture": "#5"},
				"down": {"uv": [2, 3, 3, 1], "rotation": 270, "texture": "#5"}
			}
		},
		{
			"name": "Gold22",
			"from": [7.90176, 24.99035, 7.95],
			"to": [8.12676, 25.79035, 8.05],
			"rotation": {"angle": 0, "axis": "y", "origin": [7.99926, 20.84902, 8]},
			"faces": {
				"north": {"uv": [2, 3, 3, 1], "rotation": 270, "texture": "#5"},
				"east": {"uv": [2, 3, 3, 1], "rotation": 270, "texture": "#5"},
				"south": {"uv": [12, 2, 13, 5], "rotation": 270, "texture": "#5"},
				"west": {"uv": [2, 3, 3, 1], "rotation": 270, "texture": "#5"},
				"up": {"uv": [2, 3, 3, 1], "rotation": 270, "texture": "#5"},
				"down": {"uv": [2, 3, 3, 1], "rotation": 270, "texture": "#5"}
			}
		},
		{
			"name": "Gold22",
			"from": [8.25176, 22.41535, 7.95],
			"to": [8.52676, 24.24035, 8.05],
			"rotation": {"angle": 0, "axis": "y", "origin": [7.99926, 20.84902, 8]},
			"faces": {
				"north": {"uv": [2, 3, 3, 1], "rotation": 270, "texture": "#5"},
				"east": {"uv": [2, 3, 3, 1], "rotation": 270, "texture": "#5"},
				"south": {"uv": [12, 2, 13, 5], "rotation": 270, "texture": "#5"},
				"west": {"uv": [2, 3, 3, 1], "rotation": 270, "texture": "#5"},
				"up": {"uv": [2, 3, 3, 1], "rotation": 270, "texture": "#5"},
				"down": {"uv": [2, 3, 3, 1], "rotation": 270, "texture": "#5"}
			}
		},
		{
			"name": "Gold23",
			"from": [7.50176, 22.41535, 7.95],
			"to": [7.77676, 24.24035, 8.05],
			"rotation": {"angle": 0, "axis": "y", "origin": [7.99926, 20.84902, 8]},
			"faces": {
				"north": {"uv": [2, 3, 3, 1], "rotation": 270, "texture": "#5"},
				"east": {"uv": [2, 3, 3, 1], "rotation": 270, "texture": "#5"},
				"south": {"uv": [12, 2, 13, 5], "rotation": 270, "texture": "#5"},
				"west": {"uv": [2, 3, 3, 1], "rotation": 270, "texture": "#5"},
				"up": {"uv": [2, 3, 3, 1], "rotation": 270, "texture": "#5"},
				"down": {"uv": [2, 3, 3, 1], "rotation": 270, "texture": "#5"}
			}
		},
		{
			"name": "Gold24",
			"from": [6.28003, 23.78479, 7.95],
			"to": [6.43003, 24.23479, 8.05],
			"rotation": {"angle": -22.5, "axis": "z", "origin": [7.99926, 20.84902, 8]},
			"faces": {
				"north": {"uv": [2, 3, 3, 1], "rotation": 270, "texture": "#5"},
				"east": {"uv": [2, 3, 3, 1], "rotation": 270, "texture": "#5"},
				"south": {"uv": [12, 2, 13, 5], "rotation": 270, "texture": "#5"},
				"west": {"uv": [2, 3, 3, 1], "rotation": 270, "texture": "#5"},
				"up": {"uv": [2, 3, 3, 1], "rotation": 270, "texture": "#5"},
				"down": {"uv": [2, 3, 3, 1], "rotation": 270, "texture": "#5"}
			}
		},
		{
			"name": "Gold25",
			"from": [9.57311, 23.78288, 7.95],
			"to": [9.72311, 24.23288, 8.05],
			"rotation": {"angle": 22.5, "axis": "z", "origin": [7.99926, 20.84902, 8]},
			"faces": {
				"north": {"uv": [2, 3, 3, 1], "rotation": 270, "texture": "#5"},
				"east": {"uv": [2, 3, 3, 1], "rotation": 270, "texture": "#5"},
				"south": {"uv": [12, 2, 13, 5], "rotation": 270, "texture": "#5"},
				"west": {"uv": [2, 3, 3, 1], "rotation": 270, "texture": "#5"},
				"up": {"uv": [2, 3, 3, 1], "rotation": 270, "texture": "#5"},
				"down": {"uv": [2, 3, 3, 1], "rotation": 270, "texture": "#5"}
			}
		},
		{
			"name": "Gold19",
			"from": [7.70238, 22.41389, 7.775],
			"to": [8.05238, 24.26389, 8.225],
			"rotation": {"angle": 0, "axis": "y", "origin": [7.99926, 20.84902, 8]},
			"faces": {
				"north": {"uv": [0, 0.25, 1.5, 0], "rotation": 90, "texture": "#4"},
				"east": {"uv": [0, 1.5, 1.5, 0], "rotation": 270, "texture": "#4"},
				"south": {"uv": [0, 0.25, 1.5, 0], "rotation": 270, "texture": "#4"},
				"west": {"uv": [0, 1.5, 1.5, 0], "rotation": 270, "texture": "#4"},
				"up": {"uv": [0, 0.25, 1.5, 0], "rotation": 270, "texture": "#4"},
				"down": {"uv": [0, 0.25, 1.5, 0], "rotation": 270, "texture": "#4"}
			}
		},
		{
			"name": "Gold16",
			"from": [7.94537, 20.55142, 7.775],
			"to": [9.04537, 21.10142, 8.225],
			"rotation": {"angle": 22.5, "axis": "z", "origin": [7.99926, 20.84902, 8]},
			"faces": {
				"north": {"uv": [0, 0.25, 1.5, 0], "texture": "#4"},
				"east": {"uv": [0, 0.25, 1.5, 0], "texture": "#4"},
				"south": {"uv": [0, 0.25, 1.5, 0], "texture": "#4"},
				"west": {"uv": [0, 0.25, 1.5, 0], "texture": "#4"},
				"up": {"uv": [0, 1.5, 1.5, 0], "texture": "#4"},
				"down": {"uv": [0, 1.5, 1.5, 0], "texture": "#4"}
			}
		},
		{
			"name": "Gold17",
			"from": [6.95777, 20.55333, 7.775],
			"to": [8.15777, 21.02833, 8.225],
			"rotation": {"angle": -22.5, "axis": "z", "origin": [7.99926, 20.84902, 8]},
			"faces": {
				"north": {"uv": [1.5, 0.25, 0, 0], "texture": "#4"},
				"east": {"uv": [1.5, 0.25, 0, 0], "texture": "#4"},
				"south": {"uv": [1.5, 0.25, 0, 0], "texture": "#4"},
				"west": {"uv": [1.5, 0.25, 0, 0], "texture": "#4"},
				"up": {"uv": [1.5, 1.5, 0, 0], "texture": "#4"},
				"down": {"uv": [1.5, 1.5, 0, 0], "texture": "#4"}
			}
		},
		{
			"name": "Gold14",
			"from": [7.0303, 19.36367, 7.775],
			"to": [7.3803, 20.48867, 8.225],
			"rotation": {"angle": 0, "axis": "y", "origin": [8.03072, 21.26061, 8]},
			"faces": {
				"north": {"uv": [12, 2, 13, 5], "rotation": 270, "texture": "#5"},
				"east": {"uv": [12, 2, 13, 5], "rotation": 270, "texture": "#5"},
				"south": {"uv": [12, 2, 13, 5], "rotation": 270, "texture": "#5"},
				"west": {"uv": [12, 2, 13, 5], "rotation": 270, "texture": "#5"},
				"up": {"uv": [12, 2, 13, 5], "rotation": 270, "texture": "#5"},
				"down": {"uv": [12, 2, 13, 5], "rotation": 270, "texture": "#5"}
			}
		},
		{
			"name": "Gold15",
			"from": [8.67864, 19.36367, 7.775],
			"to": [9.02864, 20.48867, 8.225],
			"rotation": {"angle": 0, "axis": "y", "origin": [8.03072, 21.26061, 8]},
			"faces": {
				"north": {"uv": [12, 2, 13, 5], "rotation": 270, "texture": "#5"},
				"east": {"uv": [12, 2, 13, 5], "rotation": 270, "texture": "#5"},
				"south": {"uv": [12, 2, 13, 5], "rotation": 270, "texture": "#5"},
				"west": {"uv": [12, 2, 13, 5], "rotation": 270, "texture": "#5"},
				"up": {"uv": [12, 2, 13, 5], "rotation": 270, "texture": "#5"},
				"down": {"uv": [12, 2, 13, 5], "rotation": 270, "texture": "#5"}
			}
		},
		{
			"name": "Gold16",
			"from": [8.17593, 19.36327, 7.875],
			"to": [8.52593, 20.48827, 8.125],
			"rotation": {"angle": 0, "axis": "y", "origin": [7.99926, 20.84902, 8]},
			"faces": {
				"north": {"uv": [12, 10, 15, 14], "texture": "#2"},
				"east": {"uv": [12, 10, 15, 14], "texture": "#2"},
				"south": {"uv": [12, 10, 15, 14], "texture": "#2"},
				"west": {"uv": [12, 10, 15, 14], "texture": "#2"},
				"up": {"uv": [12, 10, 15, 14], "texture": "#2"},
				"down": {"uv": [12, 10, 15, 14], "texture": "#2"}
			}
		},
		{
			"name": "Gold17",
			"from": [7.47593, 19.36327, 7.875],
			"to": [7.82593, 20.48827, 8.125],
			"rotation": {"angle": 0, "axis": "y", "origin": [7.99926, 20.84902, 8]},
			"faces": {
				"north": {"uv": [12, 10, 15, 14], "texture": "#2"},
				"east": {"uv": [12, 10, 15, 14], "texture": "#2"},
				"south": {"uv": [12, 10, 15, 14], "texture": "#2"},
				"west": {"uv": [12, 10, 15, 14], "texture": "#2"},
				"up": {"uv": [12, 10, 15, 14], "texture": "#2"},
				"down": {"uv": [12, 10, 15, 14], "texture": "#2"}
			}
		},
		{
			"name": "Gold18",
			"from": [7.82593, 19.23827, 7.875],
			"to": [8.17593, 20.33827, 8.125],
			"rotation": {"angle": 0, "axis": "y", "origin": [7.99926, 20.84902, 8]},
			"faces": {
				"north": {"uv": [12, 10, 15, 14], "texture": "#2"},
				"east": {"uv": [12, 10, 15, 14], "texture": "#2"},
				"south": {"uv": [12, 10, 15, 14], "texture": "#2"},
				"west": {"uv": [12, 10, 15, 14], "texture": "#2"},
				"up": {"uv": [12, 10, 15, 14], "texture": "#2"},
				"down": {"uv": [12, 10, 15, 14], "texture": "#2"}
			}
		},
		{
			"name": "Gold9",
			"from": [7.82613, 18.01389, 7.75],
			"to": [8.17613, 19.36389, 8.25],
			"rotation": {"angle": 0, "axis": "y", "origin": [7.99926, 20.84902, 8]},
			"faces": {
				"north": {"uv": [12, 2, 13, 5], "rotation": 270, "texture": "#4"},
				"east": {"uv": [12, 2, 13, 5], "rotation": 270, "texture": "#4"},
				"south": {"uv": [12, 2, 13, 5], "rotation": 270, "texture": "#4"},
				"west": {"uv": [12, 2, 13, 5], "rotation": 270, "texture": "#4"},
				"up": {"uv": [12, 2, 13, 5], "rotation": 270, "texture": "#4"},
				"down": {"uv": [12, 2, 13, 5], "rotation": 270, "texture": "#4"}
			}
		},
		{
			"name": "Gold10",
			"from": [8.52613, 19.76389, 7.75],
			"to": [8.87613, 20.48889, 8.25],
			"rotation": {"angle": 0, "axis": "y", "origin": [7.99926, 20.84902, 8]},
			"faces": {
				"north": {"uv": [0, 0, 1.5, 0.25], "rotation": 90, "texture": "#4"},
				"east": {"uv": [0, 0, 1.5, 1.5], "rotation": 270, "texture": "#4"},
				"south": {"uv": [12, 10, 15, 14], "rotation": 270, "texture": "#4"},
				"west": {"uv": [0, 0, 1.5, 1.5], "rotation": 270, "texture": "#4"},
				"up": {"uv": [0, 0, 1.5, 0.25], "rotation": 270, "texture": "#4"},
				"down": {"uv": [0, 0, 1.5, 0.25], "rotation": 270, "texture": "#4"}
			}
		},
		{
			"name": "Gold11",
			"from": [7.12738, 19.76389, 7.75],
			"to": [7.47738, 20.48889, 8.25],
			"rotation": {"angle": 0, "axis": "y", "origin": [7.99926, 20.84902, 8]},
			"faces": {
				"north": {"uv": [0, 0.25, 1.5, 0], "rotation": 90, "texture": "#4"},
				"east": {"uv": [0, 1.5, 1.5, 0], "rotation": 270, "texture": "#4"},
				"south": {"uv": [12, 10, 15, 14], "rotation": 270, "texture": "#4"},
				"west": {"uv": [0, 1.5, 1.5, 0], "rotation": 270, "texture": "#4"},
				"up": {"uv": [0, 0.25, 1.5, 0], "rotation": 270, "texture": "#4"},
				"down": {"uv": [0, 0.25, 1.5, 0], "rotation": 270, "texture": "#4"}
			}
		},
		{
			"name": "Gold10",
			"from": [9.13839, 19.68755, 7.75],
			"to": [9.38839, 20.71255, 8.25],
			"rotation": {"angle": -45, "axis": "z", "origin": [7.99926, 20.84902, 8]},
			"faces": {
				"north": {"uv": [0, 0, 1.5, 0.25], "rotation": 90, "texture": "#4"},
				"east": {"uv": [0, 0, 1.5, 1.5], "rotation": 270, "texture": "#4"},
				"south": {"uv": [12, 10, 15, 14], "rotation": 270, "texture": "#4"},
				"west": {"uv": [0, 0, 1.5, 1.5], "rotation": 270, "texture": "#4"},
				"up": {"uv": [0, 0, 1.5, 0.25], "rotation": 270, "texture": "#4"},
				"down": {"uv": [0, 0, 1.5, 0.25], "rotation": 270, "texture": "#4"}
			}
		},
		{
			"name": "Gold11",
			"from": [6.61367, 19.68402, 7.75],
			"to": [6.86367, 20.70902, 8.25],
			"rotation": {"angle": 45, "axis": "z", "origin": [7.99926, 20.84902, 8]},
			"faces": {
				"north": {"uv": [0, 0.25, 1.5, 0], "rotation": 90, "texture": "#4"},
				"east": {"uv": [0, 1.5, 1.5, 0], "rotation": 270, "texture": "#4"},
				"south": {"uv": [12, 10, 15, 14], "rotation": 270, "texture": "#4"},
				"west": {"uv": [0, 1.5, 1.5, 0], "rotation": 270, "texture": "#4"},
				"up": {"uv": [0, 0.25, 1.5, 0], "rotation": 270, "texture": "#4"},
				"down": {"uv": [0, 0.25, 1.5, 0], "rotation": 270, "texture": "#4"}
			}
		},
		{
			"name": "hexadecagon",
			"from": [7.90054, 0.1375, 7.5],
			"to": [8.09946, 16.9625, 8.5],
			"rotation": {"angle": -45, "axis": "y", "origin": [8, 8.9125, 8]},
			"faces": {
				"north": {"uv": [0, 0, 1, 1], "texture": "#1"},
				"east": {"uv": [0, 0, 1, 1], "texture": "#1"},
				"south": {"uv": [0, 0, 1, 1], "texture": "#1"},
				"west": {"uv": [0, 0, 1, 1], "texture": "#1"},
				"up": {"uv": [0, 0, 1, 1], "texture": "#1"},
				"down": {"uv": [0, 0, 1, 1], "texture": "#1"}
			}
		},
		{
			"name": "hexadecagon",
			"from": [7.90054, 0.1375, 7.5],
			"to": [8.09946, 16.9625, 8.5],
			"rotation": {"angle": -22.5, "axis": "y", "origin": [8, 8.9125, 8]},
			"faces": {
				"north": {"uv": [0, 0, 1, 1], "texture": "#1"},
				"east": {"uv": [0, 0, 1, 1], "texture": "#1"},
				"south": {"uv": [0, 0, 1, 1], "texture": "#1"},
				"west": {"uv": [0, 0, 1, 1], "texture": "#1"},
				"up": {"uv": [0, 0, 1, 1], "texture": "#1"},
				"down": {"uv": [0, 0, 1, 1], "texture": "#1"}
			}
		},
		{
			"name": "hexadecagon",
			"from": [7.90054, 0.1375, 7.5],
			"to": [8.09946, 16.9625, 8.5],
			"rotation": {"angle": 0, "axis": "y", "origin": [8, 8.9125, 8]},
			"faces": {
				"north": {"uv": [0, 0, 1, 1], "texture": "#1"},
				"east": {"uv": [0, 0, 1, 1], "texture": "#1"},
				"south": {"uv": [0, 0, 1, 1], "texture": "#1"},
				"west": {"uv": [0, 0, 1, 1], "texture": "#1"},
				"up": {"uv": [0, 0, 1, 1], "texture": "#1"},
				"down": {"uv": [0, 0, 1, 1], "texture": "#1"}
			}
		},
		{
			"name": "hexadecagon",
			"from": [7.90054, 0.1375, 7.5],
			"to": [8.09946, 16.9625, 8.5],
			"rotation": {"angle": 22.5, "axis": "y", "origin": [8, 8.9125, 8]},
			"faces": {
				"north": {"uv": [0, 0, 1, 1], "texture": "#1"},
				"east": {"uv": [0, 0, 1, 1], "texture": "#1"},
				"south": {"uv": [0, 0, 1, 1], "texture": "#1"},
				"west": {"uv": [0, 0, 1, 1], "texture": "#1"},
				"up": {"uv": [0, 0, 1, 1], "texture": "#1"},
				"down": {"uv": [0, 0, 1, 1], "texture": "#1"}
			}
		},
		{
			"name": "hexadecagon",
			"from": [7.90054, 0.1375, 7.5],
			"to": [8.09946, 16.9625, 8.5],
			"rotation": {"angle": 45, "axis": "y", "origin": [8, 8.9125, 8]},
			"faces": {
				"north": {"uv": [0, 0, 1, 1], "texture": "#1"},
				"east": {"uv": [0, 0, 1, 1], "texture": "#1"},
				"south": {"uv": [0, 0, 1, 1], "texture": "#1"},
				"west": {"uv": [0, 0, 1, 1], "texture": "#1"},
				"up": {"uv": [0, 0, 1, 1], "texture": "#1"},
				"down": {"uv": [0, 0, 1, 1], "texture": "#1"}
			}
		},
		{
			"name": "hexadecagon",
			"from": [7.5, 0.1375, 7.90054],
			"to": [8.5, 16.9625, 8.09946],
			"rotation": {"angle": -22.5, "axis": "y", "origin": [8, 8.9125, 8]},
			"faces": {
				"north": {"uv": [0, 0, 1, 1], "texture": "#1"},
				"east": {"uv": [0, 0, 1, 1], "texture": "#1"},
				"south": {"uv": [0, 0, 1, 1], "texture": "#1"},
				"west": {"uv": [0, 0, 1, 1], "texture": "#1"},
				"up": {"uv": [0, 0, 1, 1], "texture": "#1"},
				"down": {"uv": [0, 0, 1, 1], "texture": "#1"}
			}
		},
		{
			"name": "hexadecagon",
			"from": [7.5, 0.1375, 7.90054],
			"to": [8.5, 16.9625, 8.09946],
			"rotation": {"angle": 0, "axis": "y", "origin": [8, 8.9125, 8]},
			"faces": {
				"north": {"uv": [0, 0, 1, 1], "texture": "#1"},
				"east": {"uv": [0, 0, 1, 1], "texture": "#1"},
				"south": {"uv": [0, 0, 1, 1], "texture": "#1"},
				"west": {"uv": [0, 0, 1, 1], "texture": "#1"},
				"up": {"uv": [0, 0, 1, 1], "texture": "#1"},
				"down": {"uv": [0, 0, 1, 1], "texture": "#1"}
			}
		},
		{
			"name": "hexadecagon",
			"from": [7.5, 0.1375, 7.90054],
			"to": [8.5, 16.9625, 8.09946],
			"rotation": {"angle": 22.5, "axis": "y", "origin": [8, 8.9125, 8]},
			"faces": {
				"north": {"uv": [0, 0, 1, 1], "texture": "#1"},
				"east": {"uv": [0, 0, 1, 1], "texture": "#1"},
				"south": {"uv": [0, 0, 1, 1], "texture": "#1"},
				"west": {"uv": [0, 0, 1, 1], "texture": "#1"},
				"up": {"uv": [0, 0, 1, 1], "texture": "#1"},
				"down": {"uv": [0, 0, 1, 1], "texture": "#1"}
			}
		},
		{
			"name": "hexadecagon",
			"from": [7.85082, 16.725, 7.25],
			"to": [8.14918, 18.025, 8.75],
			"rotation": {"angle": -45, "axis": "y", "origin": [8, 15.45, 8]},
			"faces": {
				"north": {"uv": [0, 0, 1, 1], "texture": "#1"},
				"east": {"uv": [0, 0, 1, 1], "texture": "#1"},
				"south": {"uv": [0, 0, 1, 1], "texture": "#1"},
				"west": {"uv": [0, 0, 1, 1], "texture": "#1"},
				"up": {"uv": [0, 0, 1, 1], "texture": "#1"},
				"down": {"uv": [0, 0, 1, 1], "texture": "#1"}
			}
		},
		{
			"name": "hexadecagon",
			"from": [7.85082, 16.725, 7.25],
			"to": [8.14918, 18.025, 8.75],
			"rotation": {"angle": -22.5, "axis": "y", "origin": [8, 15.45, 8]},
			"faces": {
				"north": {"uv": [0, 0, 1, 1], "texture": "#1"},
				"east": {"uv": [0, 0, 1, 1], "texture": "#1"},
				"south": {"uv": [0, 0, 1, 1], "texture": "#1"},
				"west": {"uv": [0, 0, 1, 1], "texture": "#1"},
				"up": {"uv": [0, 0, 1, 1], "texture": "#1"},
				"down": {"uv": [0, 0, 1, 1], "texture": "#1"}
			}
		},
		{
			"name": "hexadecagon",
			"from": [7.85082, 16.725, 7.25],
			"to": [8.14918, 18.025, 8.75],
			"rotation": {"angle": 0, "axis": "y", "origin": [8, 15.45, 8]},
			"faces": {
				"north": {"uv": [0, 0, 1, 1], "texture": "#1"},
				"east": {"uv": [0, 0, 1, 1], "texture": "#1"},
				"south": {"uv": [0, 0, 1, 1], "texture": "#1"},
				"west": {"uv": [0, 0, 1, 1], "texture": "#1"},
				"up": {"uv": [0, 0, 1, 1], "texture": "#1"},
				"down": {"uv": [0, 0, 1, 1], "texture": "#1"}
			}
		},
		{
			"name": "hexadecagon",
			"from": [7.85082, 16.725, 7.25],
			"to": [8.14918, 18.025, 8.75],
			"rotation": {"angle": 22.5, "axis": "y", "origin": [8, 15.45, 8]},
			"faces": {
				"north": {"uv": [0, 0, 1, 1], "texture": "#1"},
				"east": {"uv": [0, 0, 1, 1], "texture": "#1"},
				"south": {"uv": [0, 0, 1, 1], "texture": "#1"},
				"west": {"uv": [0, 0, 1, 1], "texture": "#1"},
				"up": {"uv": [0, 0, 1, 1], "texture": "#1"},
				"down": {"uv": [0, 0, 1, 1], "texture": "#1"}
			}
		},
		{
			"name": "hexadecagon",
			"from": [7.85082, 16.725, 7.25],
			"to": [8.14918, 18.025, 8.75],
			"rotation": {"angle": 45, "axis": "y", "origin": [8, 15.45, 8]},
			"faces": {
				"north": {"uv": [0, 0, 1, 1], "texture": "#1"},
				"east": {"uv": [0, 0, 1, 1], "texture": "#1"},
				"south": {"uv": [0, 0, 1, 1], "texture": "#1"},
				"west": {"uv": [0, 0, 1, 1], "texture": "#1"},
				"up": {"uv": [0, 0, 1, 1], "texture": "#1"},
				"down": {"uv": [0, 0, 1, 1], "texture": "#1"}
			}
		},
		{
			"name": "hexadecagon",
			"from": [7.25, 16.725, 7.85082],
			"to": [8.75, 18.025, 8.14918],
			"rotation": {"angle": -22.5, "axis": "y", "origin": [8, 15.45, 8]},
			"faces": {
				"north": {"uv": [0, 0, 1, 1], "texture": "#1"},
				"east": {"uv": [0, 0, 1, 1], "texture": "#1"},
				"south": {"uv": [0, 0, 1, 1], "texture": "#1"},
				"west": {"uv": [0, 0, 1, 1], "texture": "#1"},
				"up": {"uv": [0, 0, 1, 1], "texture": "#1"},
				"down": {"uv": [0, 0, 1, 1], "texture": "#1"}
			}
		},
		{
			"name": "hexadecagon",
			"from": [7.25, 16.725, 7.85082],
			"to": [8.75, 18.025, 8.14918],
			"rotation": {"angle": 0, "axis": "y", "origin": [8, 15.45, 8]},
			"faces": {
				"north": {"uv": [0, 0, 1, 1], "texture": "#1"},
				"east": {"uv": [0, 0, 1, 1], "texture": "#1"},
				"south": {"uv": [0, 0, 1, 1], "texture": "#1"},
				"west": {"uv": [0, 0, 1, 1], "texture": "#1"},
				"up": {"uv": [0, 0, 1, 1], "texture": "#1"},
				"down": {"uv": [0, 0, 1, 1], "texture": "#1"}
			}
		},
		{
			"name": "hexadecagon",
			"from": [7.25, 16.725, 7.85082],
			"to": [8.75, 18.025, 8.14918],
			"rotation": {"angle": 22.5, "axis": "y", "origin": [8, 15.45, 8]},
			"faces": {
				"north": {"uv": [0, 0, 1, 1], "texture": "#1"},
				"east": {"uv": [0, 0, 1, 1], "texture": "#1"},
				"south": {"uv": [0, 0, 1, 1], "texture": "#1"},
				"west": {"uv": [0, 0, 1, 1], "texture": "#1"},
				"up": {"uv": [0, 0, 1, 1], "texture": "#1"},
				"down": {"uv": [0, 0, 1, 1], "texture": "#1"}
			}
		},
		{
			"name": "hexadecagon",
			"from": [7.8509, 15.7246, 7.36907],
			"to": [8.10948, 16.7996, 8.66907],
			"rotation": {"angle": -45, "axis": "y", "origin": [7.99926, 20.97402, 8]},
			"faces": {
				"north": {"uv": [0, 0, 1, 1], "texture": "#1"},
				"east": {"uv": [0, 0, 1, 1], "texture": "#1"},
				"south": {"uv": [0, 0, 1, 1], "texture": "#1"},
				"west": {"uv": [0, 0, 1, 1], "texture": "#1"},
				"up": {"uv": [0, 0, 1, 1], "texture": "#1"},
				"down": {"uv": [0, 0, 1, 1], "texture": "#1"}
			}
		},
		{
			"name": "hexadecagon",
			"from": [7.84505, 15.7246, 7.36032],
			"to": [8.10364, 16.7996, 8.66032],
			"rotation": {"angle": -22.5, "axis": "y", "origin": [7.99926, 20.97402, 8]},
			"faces": {
				"north": {"uv": [0, 0, 1, 1], "texture": "#1"},
				"east": {"uv": [0, 0, 1, 1], "texture": "#1"},
				"south": {"uv": [0, 0, 1, 1], "texture": "#1"},
				"west": {"uv": [0, 0, 1, 1], "texture": "#1"},
				"up": {"uv": [0, 0, 1, 1], "texture": "#1"},
				"down": {"uv": [0, 0, 1, 1], "texture": "#1"}
			}
		},
		{
			"name": "hexadecagon",
			"from": [7.87071, 15.725, 7.35],
			"to": [8.12929, 16.8, 8.65],
			"rotation": {"angle": 0, "axis": "y", "origin": [8, 14.3, 8]},
			"faces": {
				"north": {"uv": [0, 0, 1, 1], "texture": "#1"},
				"east": {"uv": [0, 0, 1, 1], "texture": "#1"},
				"south": {"uv": [0, 0, 1, 1], "texture": "#1"},
				"west": {"uv": [0, 0, 1, 1], "texture": "#1"},
				"up": {"uv": [0, 0, 1, 1], "texture": "#1"},
				"down": {"uv": [0, 0, 1, 1], "texture": "#1"}
			}
		},
		{
			"name": "hexadecagon",
			"from": [7.84505, 15.7246, 7.33968],
			"to": [8.10364, 16.7996, 8.63968],
			"rotation": {"angle": 22.5, "axis": "y", "origin": [7.99926, 20.97402, 8]},
			"faces": {
				"north": {"uv": [0, 0, 1, 1], "texture": "#1"},
				"east": {"uv": [0, 0, 1, 1], "texture": "#1"},
				"south": {"uv": [0, 0, 1, 1], "texture": "#1"},
				"west": {"uv": [0, 0, 1, 1], "texture": "#1"},
				"up": {"uv": [0, 0, 1, 1], "texture": "#1"},
				"down": {"uv": [0, 0, 1, 1], "texture": "#1"}
			}
		},
		{
			"name": "hexadecagon",
			"from": [7.8509, 15.7246, 7.33093],
			"to": [8.10948, 16.7996, 8.63093],
			"rotation": {"angle": 45, "axis": "y", "origin": [7.99926, 20.97402, 8]},
			"faces": {
				"north": {"uv": [0, 0, 1, 1], "texture": "#1"},
				"east": {"uv": [0, 0, 1, 1], "texture": "#1"},
				"south": {"uv": [0, 0, 1, 1], "texture": "#1"},
				"west": {"uv": [0, 0, 1, 1], "texture": "#1"},
				"up": {"uv": [0, 0, 1, 1], "texture": "#1"},
				"down": {"uv": [0, 0, 1, 1], "texture": "#1"}
			}
		},
		{
			"name": "hexadecagon",
			"from": [7.32434, 15.7246, 7.88103],
			"to": [8.62434, 16.7996, 8.13962],
			"rotation": {"angle": -22.5, "axis": "y", "origin": [7.99926, 20.97402, 8]},
			"faces": {
				"north": {"uv": [0, 0, 1, 1], "texture": "#1"},
				"east": {"uv": [0, 0, 1, 1], "texture": "#1"},
				"south": {"uv": [0, 0, 1, 1], "texture": "#1"},
				"west": {"uv": [0, 0, 1, 1], "texture": "#1"},
				"up": {"uv": [0, 0, 1, 1], "texture": "#1"},
				"down": {"uv": [0, 0, 1, 1], "texture": "#1"}
			}
		},
		{
			"name": "hexadecagon",
			"from": [7.32229, 15.7246, 7.87071],
			"to": [8.62229, 16.7996, 8.12929],
			"rotation": {"angle": 0, "axis": "y", "origin": [7.99926, 20.97402, 8]},
			"faces": {
				"north": {"uv": [0, 0, 1, 1], "texture": "#1"},
				"east": {"uv": [0, 0, 1, 1], "texture": "#1"},
				"south": {"uv": [0, 0, 1, 1], "texture": "#1"},
				"west": {"uv": [0, 0, 1, 1], "texture": "#1"},
				"up": {"uv": [0, 0, 1, 1], "texture": "#1"},
				"down": {"uv": [0, 0, 1, 1], "texture": "#1"}
			}
		},
		{
			"name": "hexadecagon",
			"from": [7.32434, 15.7246, 7.86038],
			"to": [8.62434, 16.7996, 8.11897],
			"rotation": {"angle": 22.5, "axis": "y", "origin": [7.99926, 20.97402, 8]},
			"faces": {
				"north": {"uv": [0, 0, 1, 1], "texture": "#1"},
				"east": {"uv": [0, 0, 1, 1], "texture": "#1"},
				"south": {"uv": [0, 0, 1, 1], "texture": "#1"},
				"west": {"uv": [0, 0, 1, 1], "texture": "#1"},
				"up": {"uv": [0, 0, 1, 1], "texture": "#1"},
				"down": {"uv": [0, 0, 1, 1], "texture": "#1"}
			}
		},
		{
			"name": "hexadecagon",
			"from": [7.88065, -0.275, 7.4],
			"to": [8.11935, 0.3, 8.6],
			"rotation": {"angle": -45, "axis": "y", "origin": [8, 0.65, 8]},
			"faces": {
				"north": {"uv": [0, 0, 1, 1], "texture": "#1"},
				"east": {"uv": [0, 0, 1, 1], "texture": "#1"},
				"south": {"uv": [0, 0, 1, 1], "texture": "#1"},
				"west": {"uv": [0, 0, 1, 1], "texture": "#1"},
				"up": {"uv": [0, 0, 1, 1], "texture": "#1"},
				"down": {"uv": [0, 0, 1, 1], "texture": "#1"}
			}
		},
		{
			"name": "hexadecagon",
			"from": [7.88065, -0.275, 7.4],
			"to": [8.11935, 0.3, 8.6],
			"rotation": {"angle": -22.5, "axis": "y", "origin": [8, 0.65, 8]},
			"faces": {
				"north": {"uv": [0, 0, 1, 1], "texture": "#1"},
				"east": {"uv": [0, 0, 1, 1], "texture": "#1"},
				"south": {"uv": [0, 0, 1, 1], "texture": "#1"},
				"west": {"uv": [0, 0, 1, 1], "texture": "#1"},
				"up": {"uv": [0, 0, 1, 1], "texture": "#1"},
				"down": {"uv": [0, 0, 1, 1], "texture": "#1"}
			}
		},
		{
			"name": "hexadecagon",
			"from": [7.88065, -0.275, 7.4],
			"to": [8.11935, 0.3, 8.6],
			"rotation": {"angle": 0, "axis": "y", "origin": [8, 0.65, 8]},
			"faces": {
				"north": {"uv": [0, 0, 1, 1], "texture": "#1"},
				"east": {"uv": [0, 0, 1, 1], "texture": "#1"},
				"south": {"uv": [0, 0, 1, 1], "texture": "#1"},
				"west": {"uv": [0, 0, 1, 1], "texture": "#1"},
				"up": {"uv": [0, 0, 1, 1], "texture": "#1"},
				"down": {"uv": [0, 0, 1, 1], "texture": "#1"}
			}
		},
		{
			"name": "hexadecagon",
			"from": [7.88065, -0.275, 7.4],
			"to": [8.11935, 0.3, 8.6],
			"rotation": {"angle": 22.5, "axis": "y", "origin": [8, 0.65, 8]},
			"faces": {
				"north": {"uv": [0, 0, 1, 1], "texture": "#1"},
				"east": {"uv": [0, 0, 1, 1], "texture": "#1"},
				"south": {"uv": [0, 0, 1, 1], "texture": "#1"},
				"west": {"uv": [0, 0, 1, 1], "texture": "#1"},
				"up": {"uv": [0, 0, 1, 1], "texture": "#1"},
				"down": {"uv": [0, 0, 1, 1], "texture": "#1"}
			}
		},
		{
			"name": "hexadecagon",
			"from": [7.88065, -0.275, 7.4],
			"to": [8.11935, 0.3, 8.6],
			"rotation": {"angle": 45, "axis": "y", "origin": [8, 0.65, 8]},
			"faces": {
				"north": {"uv": [0, 0, 1, 1], "texture": "#1"},
				"east": {"uv": [0, 0, 1, 1], "texture": "#1"},
				"south": {"uv": [0, 0, 1, 1], "texture": "#1"},
				"west": {"uv": [0, 0, 1, 1], "texture": "#1"},
				"up": {"uv": [0, 0, 1, 1], "texture": "#1"},
				"down": {"uv": [0, 0, 1, 1], "texture": "#1"}
			}
		},
		{
			"name": "hexadecagon",
			"from": [7.4, -0.275, 7.88065],
			"to": [8.6, 0.3, 8.11935],
			"rotation": {"angle": -22.5, "axis": "y", "origin": [8, 0.65, 8]},
			"faces": {
				"north": {"uv": [0, 0, 1, 1], "texture": "#1"},
				"east": {"uv": [0, 0, 1, 1], "texture": "#1"},
				"south": {"uv": [0, 0, 1, 1], "texture": "#1"},
				"west": {"uv": [0, 0, 1, 1], "texture": "#1"},
				"up": {"uv": [0, 0, 1, 1], "texture": "#1"},
				"down": {"uv": [0, 0, 1, 1], "texture": "#1"}
			}
		},
		{
			"name": "hexadecagon",
			"from": [7.4, -0.275, 7.88065],
			"to": [8.6, 0.3, 8.11935],
			"rotation": {"angle": 0, "axis": "y", "origin": [8, 0.65, 8]},
			"faces": {
				"north": {"uv": [0, 0, 1, 1], "texture": "#1"},
				"east": {"uv": [0, 0, 1, 1], "texture": "#1"},
				"south": {"uv": [0, 0, 1, 1], "texture": "#1"},
				"west": {"uv": [0, 0, 1, 1], "texture": "#1"},
				"up": {"uv": [0, 0, 1, 1], "texture": "#1"},
				"down": {"uv": [0, 0, 1, 1], "texture": "#1"}
			}
		},
		{
			"name": "hexadecagon",
			"from": [7.4, -0.275, 7.88065],
			"to": [8.6, 0.3, 8.11935],
			"rotation": {"angle": 22.5, "axis": "y", "origin": [8, 0.65, 8]},
			"faces": {
				"north": {"uv": [0, 0, 1, 1], "texture": "#1"},
				"east": {"uv": [0, 0, 1, 1], "texture": "#1"},
				"south": {"uv": [0, 0, 1, 1], "texture": "#1"},
				"west": {"uv": [0, 0, 1, 1], "texture": "#1"},
				"up": {"uv": [0, 0, 1, 1], "texture": "#1"},
				"down": {"uv": [0, 0, 1, 1], "texture": "#1"}
			}
		},
		{
			"name": "hexadecagon",
			"from": [7.72527, 20, 7.425],
			"to": [8.32473, 21, 8.55],
			"rotation": {"angle": -45, "axis": "z", "origin": [8.025, 20.5, 8]},
			"faces": {
				"north": {"uv": [0, 0, 1, 1], "texture": "#6"},
				"east": {"uv": [0, 0, 1, 1], "texture": "#6"},
				"south": {"uv": [0, 0, 2, 1], "texture": "#6"},
				"west": {"uv": [0, 0, 1, 1], "texture": "#6"},
				"up": {"uv": [0, 0, 1, 1], "texture": "#6"},
				"down": {"uv": [0, 0, 1, 1], "texture": "#6"}
			}
		},
		{
			"name": "hexadecagon",
			"from": [7.72527, 20, 7.425],
			"to": [8.32473, 21, 8.55],
			"rotation": {"angle": -22.5, "axis": "z", "origin": [8.025, 20.5, 8]},
			"faces": {
				"north": {"uv": [0, 0, 1, 1], "texture": "#6"},
				"east": {"uv": [0, 0, 1, 1], "texture": "#6"},
				"south": {"uv": [0, 0, 2, 1], "texture": "#6"},
				"west": {"uv": [0, 0, 1, 1], "texture": "#6"},
				"up": {"uv": [0, 0, 1, 1], "texture": "#6"},
				"down": {"uv": [0, 0, 1, 1], "texture": "#6"}
			}
		},
		{
			"name": "hexadecagon",
			"from": [7.72527, 20, 7.425],
			"to": [8.32473, 21, 8.55],
			"rotation": {"angle": 0, "axis": "z", "origin": [8.025, 20.5, 8]},
			"faces": {
				"north": {"uv": [0, 0, 1, 1], "texture": "#6"},
				"east": {"uv": [0, 0, 1, 1], "texture": "#6"},
				"south": {"uv": [0, 0, 2, 1], "texture": "#6"},
				"west": {"uv": [0, 0, 1, 1], "texture": "#6"},
				"up": {"uv": [0, 0, 1, 1], "texture": "#6"},
				"down": {"uv": [0, 0, 1, 1], "texture": "#6"}
			}
		},
		{
			"name": "hexadecagon",
			"from": [7.72527, 20, 7.425],
			"to": [8.32473, 21, 8.55],
			"rotation": {"angle": 22.5, "axis": "z", "origin": [8.025, 20.5, 8]},
			"faces": {
				"north": {"uv": [0, 0, 1, 1], "texture": "#6"},
				"east": {"uv": [0, 0, 1, 1], "texture": "#6"},
				"south": {"uv": [0, 0, 2, 1], "texture": "#6"},
				"west": {"uv": [0, 0, 1, 1], "texture": "#6"},
				"up": {"uv": [0, 0, 1, 1], "texture": "#6"},
				"down": {"uv": [0, 0, 1, 1], "texture": "#6"}
			}
		},
		{
			"name": "hexadecagon",
			"from": [7.72527, 20, 7.425],
			"to": [8.32473, 21, 8.55],
			"rotation": {"angle": 45, "axis": "z", "origin": [8.025, 20.5, 8]},
			"faces": {
				"north": {"uv": [0, 0, 1, 1], "texture": "#6"},
				"east": {"uv": [0, 0, 1, 1], "texture": "#6"},
				"south": {"uv": [0, 0, 2, 1], "texture": "#6"},
				"west": {"uv": [0, 0, 1, 1], "texture": "#6"},
				"up": {"uv": [0, 0, 1, 1], "texture": "#6"},
				"down": {"uv": [0, 0, 1, 1], "texture": "#6"}
			}
		},
		{
			"name": "hexadecagon",
			"from": [7.525, 20.20027, 7.425],
			"to": [8.525, 20.79973, 8.55],
			"rotation": {"angle": -22.5, "axis": "z", "origin": [8.025, 20.5, 8]},
			"faces": {
				"north": {"uv": [0, 0, 1, 1], "texture": "#6"},
				"east": {"uv": [0, 0, 1, 1], "texture": "#6"},
				"south": {"uv": [0, 0, 2, 1], "texture": "#6"},
				"west": {"uv": [0, 0, 1, 1], "texture": "#6"},
				"up": {"uv": [0, 0, 1, 1], "texture": "#6"},
				"down": {"uv": [0, 0, 1, 1], "texture": "#6"}
			}
		},
		{
			"name": "hexadecagon",
			"from": [7.525, 20.20027, 7.425],
			"to": [8.525, 20.79973, 8.55],
			"rotation": {"angle": 0, "axis": "z", "origin": [8.025, 20.5, 8]},
			"faces": {
				"north": {"uv": [0, 0, 1, 1], "texture": "#6"},
				"east": {"uv": [0, 0, 1, 1], "texture": "#6"},
				"south": {"uv": [0, 0, 2, 1], "texture": "#6"},
				"west": {"uv": [0, 0, 1, 1], "texture": "#6"},
				"up": {"uv": [0, 0, 1, 1], "texture": "#6"},
				"down": {"uv": [0, 0, 1, 1], "texture": "#6"}
			}
		},
		{
			"name": "hexadecagon",
			"from": [7.525, 20.20027, 7.425],
			"to": [8.525, 20.79973, 8.55],
			"rotation": {"angle": 22.5, "axis": "z", "origin": [8.025, 20.5, 8]},
			"faces": {
				"north": {"uv": [0, 0, 1, 1], "texture": "#6"},
				"east": {"uv": [0, 0, 1, 1], "texture": "#6"},
				"south": {"uv": [0, 0, 2, 1], "texture": "#6"},
				"west": {"uv": [0, 0, 1, 1], "texture": "#6"},
				"up": {"uv": [0, 0, 1, 1], "texture": "#6"},
				"down": {"uv": [0, 0, 1, 1], "texture": "#6"}
			}
		},
		{
			"name": "hexadecagon",
			"from": [7.88065, -0.5, 7.4],
			"to": [8.11935, -0.275, 8.6],
			"rotation": {"angle": -45, "axis": "y", "origin": [8, 0.075, 8]},
			"faces": {
				"north": {"uv": [0, 0, 1, 3], "texture": "#2"},
				"east": {"uv": [0, 0, 1, 3], "texture": "#2"},
				"south": {"uv": [0, 0, 1, 3], "texture": "#2"},
				"west": {"uv": [0, 0, 1, 3], "texture": "#2"},
				"up": {"uv": [0, 0, 1, 3], "texture": "#2"},
				"down": {"uv": [0, 0, 1, 3], "texture": "#2"}
			}
		},
		{
			"name": "hexadecagon",
			"from": [7.88065, -0.5, 7.4],
			"to": [8.11935, -0.275, 8.6],
			"rotation": {"angle": -22.5, "axis": "y", "origin": [8, 0.075, 8]},
			"faces": {
				"north": {"uv": [0, 0, 1, 3], "texture": "#2"},
				"east": {"uv": [0, 0, 1, 3], "texture": "#2"},
				"south": {"uv": [0, 0, 1, 3], "texture": "#2"},
				"west": {"uv": [0, 0, 1, 3], "texture": "#2"},
				"up": {"uv": [0, 0, 1, 3], "texture": "#2"},
				"down": {"uv": [0, 0, 1, 3], "texture": "#2"}
			}
		},
		{
			"name": "hexadecagon",
			"from": [7.88065, -0.5, 7.4],
			"to": [8.11935, -0.275, 8.6],
			"rotation": {"angle": 0, "axis": "y", "origin": [8, 0.075, 8]},
			"faces": {
				"north": {"uv": [0, 0, 1, 3], "texture": "#2"},
				"east": {"uv": [0, 0, 1, 3], "texture": "#2"},
				"south": {"uv": [0, 0, 1, 3], "texture": "#2"},
				"west": {"uv": [0, 0, 1, 3], "texture": "#2"},
				"up": {"uv": [0, 0, 1, 3], "texture": "#2"},
				"down": {"uv": [0, 0, 1, 3], "texture": "#2"}
			}
		},
		{
			"name": "hexadecagon",
			"from": [7.88065, -0.5, 7.4],
			"to": [8.11935, -0.275, 8.6],
			"rotation": {"angle": 22.5, "axis": "y", "origin": [8, 0.075, 8]},
			"faces": {
				"north": {"uv": [0, 0, 1, 3], "texture": "#2"},
				"east": {"uv": [0, 0, 1, 3], "texture": "#2"},
				"south": {"uv": [0, 0, 1, 3], "texture": "#2"},
				"west": {"uv": [0, 0, 1, 3], "texture": "#2"},
				"up": {"uv": [0, 0, 1, 3], "texture": "#2"},
				"down": {"uv": [0, 0, 1, 3], "texture": "#2"}
			}
		},
		{
			"name": "hexadecagon",
			"from": [7.88065, -0.5, 7.4],
			"to": [8.11935, -0.275, 8.6],
			"rotation": {"angle": 45, "axis": "y", "origin": [8, 0.075, 8]},
			"faces": {
				"north": {"uv": [0, 0, 1, 3], "texture": "#2"},
				"east": {"uv": [0, 0, 1, 3], "texture": "#2"},
				"south": {"uv": [0, 0, 1, 3], "texture": "#2"},
				"west": {"uv": [0, 0, 1, 3], "texture": "#2"},
				"up": {"uv": [0, 0, 1, 3], "texture": "#2"},
				"down": {"uv": [0, 0, 1, 3], "texture": "#2"}
			}
		},
		{
			"name": "hexadecagon",
			"from": [7.4, -0.5, 7.88065],
			"to": [8.6, -0.275, 8.11935],
			"rotation": {"angle": -22.5, "axis": "y", "origin": [8, 0.075, 8]},
			"faces": {
				"north": {"uv": [0, 0, 1, 3], "texture": "#2"},
				"east": {"uv": [0, 0, 1, 3], "texture": "#2"},
				"south": {"uv": [0, 0, 1, 3], "texture": "#2"},
				"west": {"uv": [0, 0, 1, 3], "texture": "#2"},
				"up": {"uv": [0, 0, 1, 3], "texture": "#2"},
				"down": {"uv": [0, 0, 1, 3], "texture": "#2"}
			}
		},
		{
			"name": "hexadecagon",
			"from": [7.4, -0.5, 7.88065],
			"to": [8.6, -0.275, 8.11935],
			"rotation": {"angle": 0, "axis": "y", "origin": [8, 0.075, 8]},
			"faces": {
				"north": {"uv": [0, 0, 1, 3], "texture": "#2"},
				"east": {"uv": [0, 0, 1, 3], "texture": "#2"},
				"south": {"uv": [0, 0, 1, 3], "texture": "#2"},
				"west": {"uv": [0, 0, 1, 3], "texture": "#2"},
				"up": {"uv": [0, 0, 1, 3], "texture": "#2"},
				"down": {"uv": [0, 0, 1, 3], "texture": "#2"}
			}
		},
		{
			"name": "hexadecagon",
			"from": [7.4, -0.5, 7.88065],
			"to": [8.6, -0.275, 8.11935],
			"rotation": {"angle": 22.5, "axis": "y", "origin": [8, 0.075, 8]},
			"faces": {
				"north": {"uv": [0, 0, 1, 3], "texture": "#2"},
				"east": {"uv": [0, 0, 1, 3], "texture": "#2"},
				"south": {"uv": [0, 0, 1, 3], "texture": "#2"},
				"west": {"uv": [0, 0, 1, 3], "texture": "#2"},
				"up": {"uv": [0, 0, 1, 3], "texture": "#2"},
				"down": {"uv": [0, 0, 1, 3], "texture": "#2"}
			}
		},
		{
			"name": "hexadecagon",
			"from": [7.92044, -0.625, 7.6],
			"to": [8.07956, -0.475, 8.4],
			"rotation": {"angle": -45, "axis": "y", "origin": [8, -2.975, 8]},
			"faces": {
				"north": {"uv": [0, 0, 1, 3], "texture": "#2"},
				"east": {"uv": [0, 0, 1, 3], "texture": "#2"},
				"south": {"uv": [0, 0, 1, 3], "texture": "#2"},
				"west": {"uv": [0, 0, 1, 3], "texture": "#2"},
				"up": {"uv": [0, 0, 1, 3], "texture": "#2"},
				"down": {"uv": [0, 0, 1, 3], "texture": "#2"}
			}
		},
		{
			"name": "hexadecagon",
			"from": [7.92044, -0.625, 7.6],
			"to": [8.07956, -0.475, 8.4],
			"rotation": {"angle": -22.5, "axis": "y", "origin": [8, -2.975, 8]},
			"faces": {
				"north": {"uv": [0, 0, 1, 3], "texture": "#2"},
				"east": {"uv": [0, 0, 1, 3], "texture": "#2"},
				"south": {"uv": [0, 0, 1, 3], "texture": "#2"},
				"west": {"uv": [0, 0, 1, 3], "texture": "#2"},
				"up": {"uv": [0, 0, 1, 3], "texture": "#2"},
				"down": {"uv": [0, 0, 1, 3], "texture": "#2"}
			}
		},
		{
			"name": "hexadecagon",
			"from": [7.92044, -0.625, 7.6],
			"to": [8.07956, -0.475, 8.4],
			"rotation": {"angle": 0, "axis": "y", "origin": [8, -2.975, 8]},
			"faces": {
				"north": {"uv": [0, 0, 1, 3], "texture": "#2"},
				"east": {"uv": [0, 0, 1, 3], "texture": "#2"},
				"south": {"uv": [0, 0, 1, 3], "texture": "#2"},
				"west": {"uv": [0, 0, 1, 3], "texture": "#2"},
				"up": {"uv": [0, 0, 1, 3], "texture": "#2"},
				"down": {"uv": [0, 0, 1, 3], "texture": "#2"}
			}
		},
		{
			"name": "hexadecagon",
			"from": [7.92044, -0.625, 7.6],
			"to": [8.07956, -0.475, 8.4],
			"rotation": {"angle": 22.5, "axis": "y", "origin": [8, -2.975, 8]},
			"faces": {
				"north": {"uv": [0, 0, 1, 3], "texture": "#2"},
				"east": {"uv": [0, 0, 1, 3], "texture": "#2"},
				"south": {"uv": [0, 0, 1, 3], "texture": "#2"},
				"west": {"uv": [0, 0, 1, 3], "texture": "#2"},
				"up": {"uv": [0, 0, 1, 3], "texture": "#2"},
				"down": {"uv": [0, 0, 1, 3], "texture": "#2"}
			}
		},
		{
			"name": "hexadecagon",
			"from": [7.92044, -0.625, 7.6],
			"to": [8.07956, -0.475, 8.4],
			"rotation": {"angle": 45, "axis": "y", "origin": [8, -2.975, 8]},
			"faces": {
				"north": {"uv": [0, 0, 1, 3], "texture": "#2"},
				"east": {"uv": [0, 0, 1, 3], "texture": "#2"},
				"south": {"uv": [0, 0, 1, 3], "texture": "#2"},
				"west": {"uv": [0, 0, 1, 3], "texture": "#2"},
				"up": {"uv": [0, 0, 1, 3], "texture": "#2"},
				"down": {"uv": [0, 0, 1, 3], "texture": "#2"}
			}
		},
		{
			"name": "hexadecagon",
			"from": [7.6, -0.625, 7.92044],
			"to": [8.4, -0.475, 8.07956],
			"rotation": {"angle": -22.5, "axis": "y", "origin": [8, -2.975, 8]},
			"faces": {
				"north": {"uv": [0, 0, 1, 3], "texture": "#2"},
				"east": {"uv": [0, 0, 1, 3], "texture": "#2"},
				"south": {"uv": [0, 0, 1, 3], "texture": "#2"},
				"west": {"uv": [0, 0, 1, 3], "texture": "#2"},
				"up": {"uv": [0, 0, 1, 3], "texture": "#2"},
				"down": {"uv": [0, 0, 1, 3], "texture": "#2"}
			}
		},
		{
			"name": "hexadecagon",
			"from": [7.6, -0.625, 7.92044],
			"to": [8.4, -0.475, 8.07956],
			"rotation": {"angle": 0, "axis": "y", "origin": [8, -2.975, 8]},
			"faces": {
				"north": {"uv": [0, 0, 1, 3], "texture": "#2"},
				"east": {"uv": [0, 0, 1, 3], "texture": "#2"},
				"south": {"uv": [0, 0, 1, 3], "texture": "#2"},
				"west": {"uv": [0, 0, 1, 3], "texture": "#2"},
				"up": {"uv": [0, 0, 1, 3], "texture": "#2"},
				"down": {"uv": [0, 0, 1, 3], "texture": "#2"}
			}
		},
		{
			"name": "hexadecagon",
			"from": [7.6, -0.625, 7.92044],
			"to": [8.4, -0.475, 8.07956],
			"rotation": {"angle": 22.5, "axis": "y", "origin": [8, -2.975, 8]},
			"faces": {
				"north": {"uv": [0, 0, 1, 3], "texture": "#2"},
				"east": {"uv": [0, 0, 1, 3], "texture": "#2"},
				"south": {"uv": [0, 0, 1, 3], "texture": "#2"},
				"west": {"uv": [0, 0, 1, 3], "texture": "#2"},
				"up": {"uv": [0, 0, 1, 3], "texture": "#2"},
				"down": {"uv": [0, 0, 1, 3], "texture": "#2"}
			}
		},
		{
			"name": "hexadecagon",
			"from": [7.94033, -0.725, 7.7],
			"to": [8.05967, -0.575, 8.3],
			"rotation": {"angle": -45, "axis": "y", "origin": [8, -3.075, 8]},
			"faces": {
				"north": {"uv": [0, 0, 1, 3], "texture": "#2"},
				"east": {"uv": [0, 0, 1, 3], "texture": "#2"},
				"south": {"uv": [0, 0, 1, 3], "texture": "#2"},
				"west": {"uv": [0, 0, 1, 3], "texture": "#2"},
				"up": {"uv": [0, 0, 1, 3], "texture": "#2"},
				"down": {"uv": [0, 0, 1, 3], "texture": "#2"}
			}
		},
		{
			"name": "hexadecagon",
			"from": [7.94033, -0.725, 7.7],
			"to": [8.05967, -0.575, 8.3],
			"rotation": {"angle": -22.5, "axis": "y", "origin": [8, -3.075, 8]},
			"faces": {
				"north": {"uv": [0, 0, 1, 3], "texture": "#2"},
				"east": {"uv": [0, 0, 1, 3], "texture": "#2"},
				"south": {"uv": [0, 0, 1, 3], "texture": "#2"},
				"west": {"uv": [0, 0, 1, 3], "texture": "#2"},
				"up": {"uv": [0, 0, 1, 3], "texture": "#2"},
				"down": {"uv": [0, 0, 1, 3], "texture": "#2"}
			}
		},
		{
			"name": "hexadecagon",
			"from": [7.94033, -0.725, 7.7],
			"to": [8.05967, -0.575, 8.3],
			"rotation": {"angle": 0, "axis": "y", "origin": [8, -3.075, 8]},
			"faces": {
				"north": {"uv": [0, 0, 1, 3], "texture": "#2"},
				"east": {"uv": [0, 0, 1, 3], "texture": "#2"},
				"south": {"uv": [0, 0, 1, 3], "texture": "#2"},
				"west": {"uv": [0, 0, 1, 3], "texture": "#2"},
				"up": {"uv": [0, 0, 1, 3], "texture": "#2"},
				"down": {"uv": [0, 0, 1, 3], "texture": "#2"}
			}
		},
		{
			"name": "hexadecagon",
			"from": [7.94033, -0.725, 7.7],
			"to": [8.05967, -0.575, 8.3],
			"rotation": {"angle": 22.5, "axis": "y", "origin": [8, -3.075, 8]},
			"faces": {
				"north": {"uv": [0, 0, 1, 3], "texture": "#2"},
				"east": {"uv": [0, 0, 1, 3], "texture": "#2"},
				"south": {"uv": [0, 0, 1, 3], "texture": "#2"},
				"west": {"uv": [0, 0, 1, 3], "texture": "#2"},
				"up": {"uv": [0, 0, 1, 3], "texture": "#2"},
				"down": {"uv": [0, 0, 1, 3], "texture": "#2"}
			}
		},
		{
			"name": "hexadecagon",
			"from": [7.94033, -0.725, 7.7],
			"to": [8.05967, -0.575, 8.3],
			"rotation": {"angle": 45, "axis": "y", "origin": [8, -3.075, 8]},
			"faces": {
				"north": {"uv": [0, 0, 1, 3], "texture": "#2"},
				"east": {"uv": [0, 0, 1, 3], "texture": "#2"},
				"south": {"uv": [0, 0, 1, 3], "texture": "#2"},
				"west": {"uv": [0, 0, 1, 3], "texture": "#2"},
				"up": {"uv": [0, 0, 1, 3], "texture": "#2"},
				"down": {"uv": [0, 0, 1, 3], "texture": "#2"}
			}
		},
		{
			"name": "hexadecagon",
			"from": [7.7, -0.725, 7.94033],
			"to": [8.3, -0.575, 8.05967],
			"rotation": {"angle": -22.5, "axis": "y", "origin": [8, -3.075, 8]},
			"faces": {
				"north": {"uv": [0, 0, 1, 3], "texture": "#2"},
				"east": {"uv": [0, 0, 1, 3], "texture": "#2"},
				"south": {"uv": [0, 0, 1, 3], "texture": "#2"},
				"west": {"uv": [0, 0, 1, 3], "texture": "#2"},
				"up": {"uv": [0, 0, 1, 3], "texture": "#2"},
				"down": {"uv": [0, 0, 1, 3], "texture": "#2"}
			}
		},
		{
			"name": "hexadecagon",
			"from": [7.7, -0.725, 7.94033],
			"to": [8.3, -0.575, 8.05967],
			"rotation": {"angle": 0, "axis": "y", "origin": [8, -3.075, 8]},
			"faces": {
				"north": {"uv": [0, 0, 1, 3], "texture": "#2"},
				"east": {"uv": [0, 0, 1, 3], "texture": "#2"},
				"south": {"uv": [0, 0, 1, 3], "texture": "#2"},
				"west": {"uv": [0, 0, 1, 3], "texture": "#2"},
				"up": {"uv": [0, 0, 1, 3], "texture": "#2"},
				"down": {"uv": [0, 0, 1, 3], "texture": "#2"}
			}
		},
		{
			"name": "hexadecagon",
			"from": [7.7, -0.725, 7.94033],
			"to": [8.3, -0.575, 8.05967],
			"rotation": {"angle": 22.5, "axis": "y", "origin": [8, -3.075, 8]},
			"faces": {
				"north": {"uv": [0, 0, 1, 3], "texture": "#2"},
				"east": {"uv": [0, 0, 1, 3], "texture": "#2"},
				"south": {"uv": [0, 0, 1, 3], "texture": "#2"},
				"west": {"uv": [0, 0, 1, 3], "texture": "#2"},
				"up": {"uv": [0, 0, 1, 3], "texture": "#2"},
				"down": {"uv": [0, 0, 1, 3], "texture": "#2"}
			}
		},
		{
			"name": "hexadecagon",
			"from": [7.88065, 1.25, 7.4],
			"to": [8.11935, 1.6, 8.6],
			"rotation": {"angle": -45, "axis": "y", "origin": [8, 3.75, 8]},
			"faces": {
				"north": {"uv": [0, 0, 1, 1], "texture": "#2"},
				"east": {"uv": [0, 0, 1, 1], "texture": "#2"},
				"south": {"uv": [0, 0, 1, 1], "texture": "#2"},
				"west": {"uv": [0, 0, 1, 1], "texture": "#2"},
				"up": {"uv": [0, 0, 1, 1], "texture": "#2"},
				"down": {"uv": [0, 0, 1, 1], "texture": "#2"}
			}
		},
		{
			"name": "hexadecagon",
			"from": [7.88065, 1.25, 7.4],
			"to": [8.11935, 1.6, 8.6],
			"rotation": {"angle": -22.5, "axis": "y", "origin": [8, 3.75, 8]},
			"faces": {
				"north": {"uv": [0, 0, 1, 1], "texture": "#2"},
				"east": {"uv": [0, 0, 1, 1], "texture": "#2"},
				"south": {"uv": [0, 0, 1, 1], "texture": "#2"},
				"west": {"uv": [0, 0, 1, 1], "texture": "#2"},
				"up": {"uv": [0, 0, 1, 1], "texture": "#2"},
				"down": {"uv": [0, 0, 1, 1], "texture": "#2"}
			}
		},
		{
			"name": "hexadecagon",
			"from": [7.88065, 1.25, 7.4],
			"to": [8.11935, 1.6, 8.6],
			"rotation": {"angle": 0, "axis": "y", "origin": [8, 3.75, 8]},
			"faces": {
				"north": {"uv": [0, 0, 1, 1], "texture": "#2"},
				"east": {"uv": [0, 0, 1, 1], "texture": "#2"},
				"south": {"uv": [0, 0, 1, 1], "texture": "#2"},
				"west": {"uv": [0, 0, 1, 1], "texture": "#2"},
				"up": {"uv": [0, 0, 1, 1], "texture": "#2"},
				"down": {"uv": [0, 0, 1, 1], "texture": "#2"}
			}
		},
		{
			"name": "hexadecagon",
			"from": [7.88065, 1.25, 7.4],
			"to": [8.11935, 1.6, 8.6],
			"rotation": {"angle": 22.5, "axis": "y", "origin": [8, 3.75, 8]},
			"faces": {
				"north": {"uv": [0, 0, 1, 1], "texture": "#2"},
				"east": {"uv": [0, 0, 1, 1], "texture": "#2"},
				"south": {"uv": [0, 0, 1, 1], "texture": "#2"},
				"west": {"uv": [0, 0, 1, 1], "texture": "#2"},
				"up": {"uv": [0, 0, 1, 1], "texture": "#2"},
				"down": {"uv": [0, 0, 1, 1], "texture": "#2"}
			}
		},
		{
			"name": "hexadecagon",
			"from": [7.88065, 1.25, 7.4],
			"to": [8.11935, 1.6, 8.6],
			"rotation": {"angle": 45, "axis": "y", "origin": [8, 3.75, 8]},
			"faces": {
				"north": {"uv": [0, 0, 1, 1], "texture": "#2"},
				"east": {"uv": [0, 0, 1, 1], "texture": "#2"},
				"south": {"uv": [0, 0, 1, 1], "texture": "#2"},
				"west": {"uv": [0, 0, 1, 1], "texture": "#2"},
				"up": {"uv": [0, 0, 1, 1], "texture": "#2"},
				"down": {"uv": [0, 0, 1, 1], "texture": "#2"}
			}
		},
		{
			"name": "hexadecagon",
			"from": [7.4, 1.25, 7.88065],
			"to": [8.6, 1.6, 8.11935],
			"rotation": {"angle": -22.5, "axis": "y", "origin": [8, 3.75, 8]},
			"faces": {
				"north": {"uv": [0, 0, 1, 1], "texture": "#2"},
				"east": {"uv": [0, 0, 1, 1], "texture": "#2"},
				"south": {"uv": [0, 0, 1, 1], "texture": "#2"},
				"west": {"uv": [0, 0, 1, 1], "texture": "#2"},
				"up": {"uv": [0, 0, 1, 1], "texture": "#2"},
				"down": {"uv": [0, 0, 1, 1], "texture": "#2"}
			}
		},
		{
			"name": "hexadecagon",
			"from": [7.4, 1.25, 7.88065],
			"to": [8.6, 1.6, 8.11935],
			"rotation": {"angle": 0, "axis": "y", "origin": [8, 3.75, 8]},
			"faces": {
				"north": {"uv": [0, 0, 1, 1], "texture": "#2"},
				"east": {"uv": [0, 0, 1, 1], "texture": "#2"},
				"south": {"uv": [0, 0, 1, 1], "texture": "#2"},
				"west": {"uv": [0, 0, 1, 1], "texture": "#2"},
				"up": {"uv": [0, 0, 1, 1], "texture": "#2"},
				"down": {"uv": [0, 0, 1, 1], "texture": "#2"}
			}
		},
		{
			"name": "hexadecagon",
			"from": [7.4, 1.25, 7.88065],
			"to": [8.6, 1.6, 8.11935],
			"rotation": {"angle": 22.5, "axis": "y", "origin": [8, 3.75, 8]},
			"faces": {
				"north": {"uv": [0, 0, 1, 1], "texture": "#2"},
				"east": {"uv": [0, 0, 1, 1], "texture": "#2"},
				"south": {"uv": [0, 0, 1, 1], "texture": "#2"},
				"west": {"uv": [0, 0, 1, 1], "texture": "#2"},
				"up": {"uv": [0, 0, 1, 1], "texture": "#2"},
				"down": {"uv": [0, 0, 1, 1], "texture": "#2"}
			}
		},
		{
			"name": "hexadecagon",
			"from": [7.88065, 14.85, 7.4],
			"to": [8.11935, 15.2, 8.6],
			"rotation": {"angle": -45, "axis": "y", "origin": [8, 17.35, 8]},
			"faces": {
				"north": {"uv": [0, 0, 1, 1], "texture": "#2"},
				"east": {"uv": [0, 0, 1, 1], "texture": "#2"},
				"south": {"uv": [0, 0, 1, 1], "texture": "#2"},
				"west": {"uv": [0, 0, 1, 1], "texture": "#2"},
				"up": {"uv": [0, 0, 1, 1], "texture": "#2"},
				"down": {"uv": [0, 0, 1, 1], "texture": "#2"}
			}
		},
		{
			"name": "hexadecagon",
			"from": [7.88065, 14.85, 7.4],
			"to": [8.11935, 15.2, 8.6],
			"rotation": {"angle": -22.5, "axis": "y", "origin": [8, 17.35, 8]},
			"faces": {
				"north": {"uv": [0, 0, 1, 1], "texture": "#2"},
				"east": {"uv": [0, 0, 1, 1], "texture": "#2"},
				"south": {"uv": [0, 0, 1, 1], "texture": "#2"},
				"west": {"uv": [0, 0, 1, 1], "texture": "#2"},
				"up": {"uv": [0, 0, 1, 1], "texture": "#2"},
				"down": {"uv": [0, 0, 1, 1], "texture": "#2"}
			}
		},
		{
			"name": "hexadecagon",
			"from": [7.88065, 14.85, 7.4],
			"to": [8.11935, 15.2, 8.6],
			"rotation": {"angle": 0, "axis": "y", "origin": [8, 17.35, 8]},
			"faces": {
				"north": {"uv": [0, 0, 1, 1], "texture": "#2"},
				"east": {"uv": [0, 0, 1, 1], "texture": "#2"},
				"south": {"uv": [0, 0, 1, 1], "texture": "#2"},
				"west": {"uv": [0, 0, 1, 1], "texture": "#2"},
				"up": {"uv": [0, 0, 1, 1], "texture": "#2"},
				"down": {"uv": [0, 0, 1, 1], "texture": "#2"}
			}
		},
		{
			"name": "hexadecagon",
			"from": [7.88065, 14.85, 7.4],
			"to": [8.11935, 15.2, 8.6],
			"rotation": {"angle": 22.5, "axis": "y", "origin": [8, 17.35, 8]},
			"faces": {
				"north": {"uv": [0, 0, 1, 1], "texture": "#2"},
				"east": {"uv": [0, 0, 1, 1], "texture": "#2"},
				"south": {"uv": [0, 0, 1, 1], "texture": "#2"},
				"west": {"uv": [0, 0, 1, 1], "texture": "#2"},
				"up": {"uv": [0, 0, 1, 1], "texture": "#2"},
				"down": {"uv": [0, 0, 1, 1], "texture": "#2"}
			}
		},
		{
			"name": "hexadecagon",
			"from": [7.88065, 14.85, 7.4],
			"to": [8.11935, 15.2, 8.6],
			"rotation": {"angle": 45, "axis": "y", "origin": [8, 17.35, 8]},
			"faces": {
				"north": {"uv": [0, 0, 1, 1], "texture": "#2"},
				"east": {"uv": [0, 0, 1, 1], "texture": "#2"},
				"south": {"uv": [0, 0, 1, 1], "texture": "#2"},
				"west": {"uv": [0, 0, 1, 1], "texture": "#2"},
				"up": {"uv": [0, 0, 1, 1], "texture": "#2"},
				"down": {"uv": [0, 0, 1, 1], "texture": "#2"}
			}
		},
		{
			"name": "hexadecagon",
			"from": [7.4, 14.85, 7.88065],
			"to": [8.6, 15.2, 8.11935],
			"rotation": {"angle": -22.5, "axis": "y", "origin": [8, 17.35, 8]},
			"faces": {
				"north": {"uv": [0, 0, 1, 1], "texture": "#2"},
				"east": {"uv": [0, 0, 1, 1], "texture": "#2"},
				"south": {"uv": [0, 0, 1, 1], "texture": "#2"},
				"west": {"uv": [0, 0, 1, 1], "texture": "#2"},
				"up": {"uv": [0, 0, 1, 1], "texture": "#2"},
				"down": {"uv": [0, 0, 1, 1], "texture": "#2"}
			}
		},
		{
			"name": "hexadecagon",
			"from": [7.4, 14.85, 7.88065],
			"to": [8.6, 15.2, 8.11935],
			"rotation": {"angle": 0, "axis": "y", "origin": [8, 17.35, 8]},
			"faces": {
				"north": {"uv": [0, 0, 1, 1], "texture": "#2"},
				"east": {"uv": [0, 0, 1, 1], "texture": "#2"},
				"south": {"uv": [0, 0, 1, 1], "texture": "#2"},
				"west": {"uv": [0, 0, 1, 1], "texture": "#2"},
				"up": {"uv": [0, 0, 1, 1], "texture": "#2"},
				"down": {"uv": [0, 0, 1, 1], "texture": "#2"}
			}
		},
		{
			"name": "hexadecagon",
			"from": [7.4, 14.85, 7.88065],
			"to": [8.6, 15.2, 8.11935],
			"rotation": {"angle": 22.5, "axis": "y", "origin": [8, 17.35, 8]},
			"faces": {
				"north": {"uv": [0, 0, 1, 1], "texture": "#2"},
				"east": {"uv": [0, 0, 1, 1], "texture": "#2"},
				"south": {"uv": [0, 0, 1, 1], "texture": "#2"},
				"west": {"uv": [0, 0, 1, 1], "texture": "#2"},
				"up": {"uv": [0, 0, 1, 1], "texture": "#2"},
				"down": {"uv": [0, 0, 1, 1], "texture": "#2"}
			}
		},
		{
			"name": "hexadecagon",
			"from": [7.84087, 17.875, 7.2],
			"to": [8.15913, 18.125, 8.8],
			"rotation": {"angle": -45, "axis": "y", "origin": [8, 15.625, 8]},
			"faces": {
				"north": {"uv": [0, 0, 1, 1], "texture": "#2"},
				"east": {"uv": [0, 0, 1, 1], "texture": "#2"},
				"south": {"uv": [0, 0, 1, 1], "texture": "#2"},
				"west": {"uv": [0, 0, 1, 1], "texture": "#2"},
				"up": {"uv": [0, 0, 1, 1], "texture": "#2"},
				"down": {"uv": [0, 0, 1, 1], "texture": "#2"}
			}
		},
		{
			"name": "hexadecagon",
			"from": [7.84087, 17.875, 7.2],
			"to": [8.15913, 18.125, 8.8],
			"rotation": {"angle": -22.5, "axis": "y", "origin": [8, 15.625, 8]},
			"faces": {
				"north": {"uv": [0, 0, 1, 1], "texture": "#2"},
				"east": {"uv": [0, 0, 1, 1], "texture": "#2"},
				"south": {"uv": [0, 0, 1, 1], "texture": "#2"},
				"west": {"uv": [0, 0, 1, 1], "texture": "#2"},
				"up": {"uv": [0, 0, 1, 1], "texture": "#2"},
				"down": {"uv": [0, 0, 1, 1], "texture": "#2"}
			}
		},
		{
			"name": "hexadecagon",
			"from": [7.84087, 17.875, 7.2],
			"to": [8.15913, 18.125, 8.8],
			"rotation": {"angle": 0, "axis": "y", "origin": [8, 15.625, 8]},
			"faces": {
				"north": {"uv": [0, 0, 1, 1], "texture": "#2"},
				"east": {"uv": [0, 0, 1, 1], "texture": "#2"},
				"south": {"uv": [0, 0, 1, 1], "texture": "#2"},
				"west": {"uv": [0, 0, 1, 1], "texture": "#2"},
				"up": {"uv": [0, 0, 1, 1], "texture": "#2"},
				"down": {"uv": [0, 0, 1, 1], "texture": "#2"}
			}
		},
		{
			"name": "hexadecagon",
			"from": [7.84087, 17.875, 7.2],
			"to": [8.15913, 18.125, 8.8],
			"rotation": {"angle": 22.5, "axis": "y", "origin": [8, 15.625, 8]},
			"faces": {
				"north": {"uv": [0, 0, 1, 1], "texture": "#2"},
				"east": {"uv": [0, 0, 1, 1], "texture": "#2"},
				"south": {"uv": [0, 0, 1, 1], "texture": "#2"},
				"west": {"uv": [0, 0, 1, 1], "texture": "#2"},
				"up": {"uv": [0, 0, 1, 1], "texture": "#2"},
				"down": {"uv": [0, 0, 1, 1], "texture": "#2"}
			}
		},
		{
			"name": "hexadecagon",
			"from": [7.84087, 17.875, 7.2],
			"to": [8.15913, 18.125, 8.8],
			"rotation": {"angle": 45, "axis": "y", "origin": [8, 15.625, 8]},
			"faces": {
				"north": {"uv": [0, 0, 1, 1], "texture": "#2"},
				"east": {"uv": [0, 0, 1, 1], "texture": "#2"},
				"south": {"uv": [0, 0, 1, 1], "texture": "#2"},
				"west": {"uv": [0, 0, 1, 1], "texture": "#2"},
				"up": {"uv": [0, 0, 1, 1], "texture": "#2"},
				"down": {"uv": [0, 0, 1, 1], "texture": "#2"}
			}
		},
		{
			"name": "hexadecagon",
			"from": [7.2, 17.875, 7.84087],
			"to": [8.8, 18.125, 8.15913],
			"rotation": {"angle": -22.5, "axis": "y", "origin": [8, 15.625, 8]},
			"faces": {
				"north": {"uv": [0, 0, 1, 1], "texture": "#2"},
				"east": {"uv": [0, 0, 1, 1], "texture": "#2"},
				"south": {"uv": [0, 0, 1, 1], "texture": "#2"},
				"west": {"uv": [0, 0, 1, 1], "texture": "#2"},
				"up": {"uv": [0, 0, 1, 1], "texture": "#2"},
				"down": {"uv": [0, 0, 1, 1], "texture": "#2"}
			}
		},
		{
			"name": "hexadecagon",
			"from": [7.2, 17.875, 7.84087],
			"to": [8.8, 18.125, 8.15913],
			"rotation": {"angle": 0, "axis": "y", "origin": [8, 15.625, 8]},
			"faces": {
				"north": {"uv": [0, 0, 1, 1], "texture": "#2"},
				"east": {"uv": [0, 0, 1, 1], "texture": "#2"},
				"south": {"uv": [0, 0, 1, 1], "texture": "#2"},
				"west": {"uv": [0, 0, 1, 1], "texture": "#2"},
				"up": {"uv": [0, 0, 1, 1], "texture": "#2"},
				"down": {"uv": [0, 0, 1, 1], "texture": "#2"}
			}
		},
		{
			"name": "hexadecagon",
			"from": [7.2, 17.875, 7.84087],
			"to": [8.8, 18.125, 8.15913],
			"rotation": {"angle": 22.5, "axis": "y", "origin": [8, 15.625, 8]},
			"faces": {
				"north": {"uv": [0, 0, 1, 1], "texture": "#2"},
				"east": {"uv": [0, 0, 1, 1], "texture": "#2"},
				"south": {"uv": [0, 0, 1, 1], "texture": "#2"},
				"west": {"uv": [0, 0, 1, 1], "texture": "#2"},
				"up": {"uv": [0, 0, 1, 1], "texture": "#2"},
				"down": {"uv": [0, 0, 1, 1], "texture": "#2"}
			}
		},
		{
			"name": "hexadecagon",
			"from": [7.85082, 18.1, 7.25],
			"to": [8.14918, 18.25, 8.75],
			"rotation": {"angle": -45, "axis": "y", "origin": [8, 15.75, 8]},
			"faces": {
				"north": {"uv": [0, 0, 1, 1], "texture": "#2"},
				"east": {"uv": [0, 0, 1, 1], "texture": "#2"},
				"south": {"uv": [0, 0, 1, 1], "texture": "#2"},
				"west": {"uv": [0, 0, 1, 1], "texture": "#2"},
				"up": {"uv": [0, 0, 1, 1], "texture": "#2"},
				"down": {"uv": [0, 0, 1, 1], "texture": "#2"}
			}
		},
		{
			"name": "hexadecagon",
			"from": [7.85082, 18.1, 7.25],
			"to": [8.14918, 18.25, 8.75],
			"rotation": {"angle": -22.5, "axis": "y", "origin": [8, 15.75, 8]},
			"faces": {
				"north": {"uv": [0, 0, 1, 1], "texture": "#2"},
				"east": {"uv": [0, 0, 1, 1], "texture": "#2"},
				"south": {"uv": [0, 0, 1, 1], "texture": "#2"},
				"west": {"uv": [0, 0, 1, 1], "texture": "#2"},
				"up": {"uv": [0, 0, 1, 1], "texture": "#2"},
				"down": {"uv": [0, 0, 1, 1], "texture": "#2"}
			}
		},
		{
			"name": "hexadecagon",
			"from": [7.85082, 18.1, 7.25],
			"to": [8.14918, 18.25, 8.75],
			"rotation": {"angle": 0, "axis": "y", "origin": [8, 15.75, 8]},
			"faces": {
				"north": {"uv": [0, 0, 1, 1], "texture": "#2"},
				"east": {"uv": [0, 0, 1, 1], "texture": "#2"},
				"south": {"uv": [0, 0, 1, 1], "texture": "#2"},
				"west": {"uv": [0, 0, 1, 1], "texture": "#2"},
				"up": {"uv": [0, 0, 1, 1], "texture": "#2"},
				"down": {"uv": [0, 0, 1, 1], "texture": "#2"}
			}
		},
		{
			"name": "hexadecagon",
			"from": [7.85082, 18.1, 7.25],
			"to": [8.14918, 18.25, 8.75],
			"rotation": {"angle": 22.5, "axis": "y", "origin": [8, 15.75, 8]},
			"faces": {
				"north": {"uv": [0, 0, 1, 1], "texture": "#2"},
				"east": {"uv": [0, 0, 1, 1], "texture": "#2"},
				"south": {"uv": [0, 0, 1, 1], "texture": "#2"},
				"west": {"uv": [0, 0, 1, 1], "texture": "#2"},
				"up": {"uv": [0, 0, 1, 1], "texture": "#2"},
				"down": {"uv": [0, 0, 1, 1], "texture": "#2"}
			}
		},
		{
			"name": "hexadecagon",
			"from": [7.85082, 18.1, 7.25],
			"to": [8.14918, 18.25, 8.75],
			"rotation": {"angle": 45, "axis": "y", "origin": [8, 15.75, 8]},
			"faces": {
				"north": {"uv": [0, 0, 1, 1], "texture": "#2"},
				"east": {"uv": [0, 0, 1, 1], "texture": "#2"},
				"south": {"uv": [0, 0, 1, 1], "texture": "#2"},
				"west": {"uv": [0, 0, 1, 1], "texture": "#2"},
				"up": {"uv": [0, 0, 1, 1], "texture": "#2"},
				"down": {"uv": [0, 0, 1, 1], "texture": "#2"}
			}
		},
		{
			"name": "hexadecagon",
			"from": [7.25, 18.1, 7.85082],
			"to": [8.75, 18.25, 8.14918],
			"rotation": {"angle": -22.5, "axis": "y", "origin": [8, 15.75, 8]},
			"faces": {
				"north": {"uv": [0, 0, 1, 1], "texture": "#2"},
				"east": {"uv": [0, 0, 1, 1], "texture": "#2"},
				"south": {"uv": [0, 0, 1, 1], "texture": "#2"},
				"west": {"uv": [0, 0, 1, 1], "texture": "#2"},
				"up": {"uv": [0, 0, 1, 1], "texture": "#2"},
				"down": {"uv": [0, 0, 1, 1], "texture": "#2"}
			}
		},
		{
			"name": "hexadecagon",
			"from": [7.25, 18.1, 7.85082],
			"to": [8.75, 18.25, 8.14918],
			"rotation": {"angle": 0, "axis": "y", "origin": [8, 15.75, 8]},
			"faces": {
				"north": {"uv": [0, 0, 1, 1], "texture": "#2"},
				"east": {"uv": [0, 0, 1, 1], "texture": "#2"},
				"south": {"uv": [0, 0, 1, 1], "texture": "#2"},
				"west": {"uv": [0, 0, 1, 1], "texture": "#2"},
				"up": {"uv": [0, 0, 1, 1], "texture": "#2"},
				"down": {"uv": [0, 0, 1, 1], "texture": "#2"}
			}
		},
		{
			"name": "hexadecagon",
			"from": [7.25, 18.1, 7.85082],
			"to": [8.75, 18.25, 8.14918],
			"rotation": {"angle": 22.5, "axis": "y", "origin": [8, 15.75, 8]},
			"faces": {
				"north": {"uv": [0, 0, 1, 1], "texture": "#2"},
				"east": {"uv": [0, 0, 1, 1], "texture": "#2"},
				"south": {"uv": [0, 0, 1, 1], "texture": "#2"},
				"west": {"uv": [0, 0, 1, 1], "texture": "#2"},
				"up": {"uv": [0, 0, 1, 1], "texture": "#2"},
				"down": {"uv": [0, 0, 1, 1], "texture": "#2"}
			}
		},
		{
			"name": "hexadecagon",
			"from": [7.86076, 18.175, 7.3],
			"to": [8.13924, 18.35, 8.7],
			"rotation": {"angle": -45, "axis": "y", "origin": [8, 15.85, 8]},
			"faces": {
				"north": {"uv": [0, 0, 1, 1], "texture": "#2"},
				"east": {"uv": [0, 0, 1, 1], "texture": "#2"},
				"south": {"uv": [0, 0, 1, 1], "texture": "#2"},
				"west": {"uv": [0, 0, 1, 1], "texture": "#2"},
				"up": {"uv": [0, 0, 1, 1], "texture": "#2"},
				"down": {"uv": [0, 0, 1, 1], "texture": "#2"}
			}
		},
		{
			"name": "hexadecagon",
			"from": [7.86076, 18.175, 7.3],
			"to": [8.13924, 18.35, 8.7],
			"rotation": {"angle": -22.5, "axis": "y", "origin": [8, 15.85, 8]},
			"faces": {
				"north": {"uv": [0, 0, 1, 1], "texture": "#2"},
				"east": {"uv": [0, 0, 1, 1], "texture": "#2"},
				"south": {"uv": [0, 0, 1, 1], "texture": "#2"},
				"west": {"uv": [0, 0, 1, 1], "texture": "#2"},
				"up": {"uv": [0, 0, 1, 1], "texture": "#2"},
				"down": {"uv": [0, 0, 1, 1], "texture": "#2"}
			}
		},
		{
			"name": "hexadecagon",
			"from": [7.86076, 18.175, 7.3],
			"to": [8.13924, 18.35, 8.7],
			"rotation": {"angle": 0, "axis": "y", "origin": [8, 15.85, 8]},
			"faces": {
				"north": {"uv": [0, 0, 1, 1], "texture": "#2"},
				"east": {"uv": [0, 0, 1, 1], "texture": "#2"},
				"south": {"uv": [0, 0, 1, 1], "texture": "#2"},
				"west": {"uv": [0, 0, 1, 1], "texture": "#2"},
				"up": {"uv": [0, 0, 1, 1], "texture": "#2"},
				"down": {"uv": [0, 0, 1, 1], "texture": "#2"}
			}
		},
		{
			"name": "hexadecagon",
			"from": [7.86076, 18.175, 7.3],
			"to": [8.13924, 18.35, 8.7],
			"rotation": {"angle": 22.5, "axis": "y", "origin": [8, 15.85, 8]},
			"faces": {
				"north": {"uv": [0, 0, 1, 1], "texture": "#2"},
				"east": {"uv": [0, 0, 1, 1], "texture": "#2"},
				"south": {"uv": [0, 0, 1, 1], "texture": "#2"},
				"west": {"uv": [0, 0, 1, 1], "texture": "#2"},
				"up": {"uv": [0, 0, 1, 1], "texture": "#2"},
				"down": {"uv": [0, 0, 1, 1], "texture": "#2"}
			}
		},
		{
			"name": "hexadecagon",
			"from": [7.86076, 18.175, 7.3],
			"to": [8.13924, 18.35, 8.7],
			"rotation": {"angle": 45, "axis": "y", "origin": [8, 15.85, 8]},
			"faces": {
				"north": {"uv": [0, 0, 1, 1], "texture": "#2"},
				"east": {"uv": [0, 0, 1, 1], "texture": "#2"},
				"south": {"uv": [0, 0, 1, 1], "texture": "#2"},
				"west": {"uv": [0, 0, 1, 1], "texture": "#2"},
				"up": {"uv": [0, 0, 1, 1], "texture": "#2"},
				"down": {"uv": [0, 0, 1, 1], "texture": "#2"}
			}
		},
		{
			"name": "hexadecagon",
			"from": [7.3, 18.175, 7.86076],
			"to": [8.7, 18.35, 8.13924],
			"rotation": {"angle": -22.5, "axis": "y", "origin": [8, 15.85, 8]},
			"faces": {
				"north": {"uv": [0, 0, 1, 1], "texture": "#2"},
				"east": {"uv": [0, 0, 1, 1], "texture": "#2"},
				"south": {"uv": [0, 0, 1, 1], "texture": "#2"},
				"west": {"uv": [0, 0, 1, 1], "texture": "#2"},
				"up": {"uv": [0, 0, 1, 1], "texture": "#2"},
				"down": {"uv": [0, 0, 1, 1], "texture": "#2"}
			}
		},
		{
			"name": "hexadecagon",
			"from": [7.3, 18.175, 7.86076],
			"to": [8.7, 18.35, 8.13924],
			"rotation": {"angle": 0, "axis": "y", "origin": [8, 15.85, 8]},
			"faces": {
				"north": {"uv": [0, 0, 1, 1], "texture": "#2"},
				"east": {"uv": [0, 0, 1, 1], "texture": "#2"},
				"south": {"uv": [0, 0, 1, 1], "texture": "#2"},
				"west": {"uv": [0, 0, 1, 1], "texture": "#2"},
				"up": {"uv": [0, 0, 1, 1], "texture": "#2"},
				"down": {"uv": [0, 0, 1, 1], "texture": "#2"}
			}
		},
		{
			"name": "hexadecagon",
			"from": [7.3, 18.175, 7.86076],
			"to": [8.7, 18.35, 8.13924],
			"rotation": {"angle": 22.5, "axis": "y", "origin": [8, 15.85, 8]},
			"faces": {
				"north": {"uv": [0, 0, 1, 1], "texture": "#2"},
				"east": {"uv": [0, 0, 1, 1], "texture": "#2"},
				"south": {"uv": [0, 0, 1, 1], "texture": "#2"},
				"west": {"uv": [0, 0, 1, 1], "texture": "#2"},
				"up": {"uv": [0, 0, 1, 1], "texture": "#2"},
				"down": {"uv": [0, 0, 1, 1], "texture": "#2"}
			}
		},
		{
			"name": "hexadecagon",
			"from": [7.86076, 18.35, 7.3],
			"to": [8.13924, 18.55, 8.7],
			"rotation": {"angle": -45, "axis": "y", "origin": [8, 16.05, 8]},
			"faces": {
				"north": {"uv": [0, 0, 1, 1], "texture": "#4"},
				"east": {"uv": [0, 0, 1, 1], "texture": "#4"},
				"south": {"uv": [0, 0, 1, 1], "texture": "#4"},
				"west": {"uv": [0, 0, 1, 1], "texture": "#4"},
				"up": {"uv": [0, 0, 1, 1], "texture": "#4"},
				"down": {"uv": [0, 0, 1, 1], "texture": "#4"}
			}
		},
		{
			"name": "hexadecagon",
			"from": [7.86076, 18.35, 7.3],
			"to": [8.13924, 18.55, 8.7],
			"rotation": {"angle": -22.5, "axis": "y", "origin": [8, 16.05, 8]},
			"faces": {
				"north": {"uv": [0, 0, 1, 1], "texture": "#4"},
				"east": {"uv": [0, 0, 1, 1], "texture": "#4"},
				"south": {"uv": [0, 0, 1, 1], "texture": "#4"},
				"west": {"uv": [0, 0, 1, 1], "texture": "#4"},
				"up": {"uv": [0, 0, 1, 1], "texture": "#4"},
				"down": {"uv": [0, 0, 1, 1], "texture": "#4"}
			}
		},
		{
			"name": "hexadecagon",
			"from": [7.86076, 18.35, 7.3],
			"to": [8.13924, 18.55, 8.7],
			"rotation": {"angle": 0, "axis": "y", "origin": [8, 16.05, 8]},
			"faces": {
				"north": {"uv": [0, 0, 1, 1], "texture": "#4"},
				"east": {"uv": [0, 0, 1, 1], "texture": "#4"},
				"south": {"uv": [0, 0, 1, 1], "texture": "#4"},
				"west": {"uv": [0, 0, 1, 1], "texture": "#4"},
				"up": {"uv": [0, 0, 1, 1], "texture": "#4"},
				"down": {"uv": [0, 0, 1, 1], "texture": "#4"}
			}
		},
		{
			"name": "hexadecagon",
			"from": [7.86076, 18.35, 7.3],
			"to": [8.13924, 18.55, 8.7],
			"rotation": {"angle": 22.5, "axis": "y", "origin": [8, 16.05, 8]},
			"faces": {
				"north": {"uv": [0, 0, 1, 1], "texture": "#4"},
				"east": {"uv": [0, 0, 1, 1], "texture": "#4"},
				"south": {"uv": [0, 0, 1, 1], "texture": "#4"},
				"west": {"uv": [0, 0, 1, 1], "texture": "#4"},
				"up": {"uv": [0, 0, 1, 1], "texture": "#4"},
				"down": {"uv": [0, 0, 1, 1], "texture": "#4"}
			}
		},
		{
			"name": "hexadecagon",
			"from": [7.86076, 18.35, 7.3],
			"to": [8.13924, 18.55, 8.7],
			"rotation": {"angle": 45, "axis": "y", "origin": [8, 16.05, 8]},
			"faces": {
				"north": {"uv": [0, 0, 1, 1], "texture": "#4"},
				"east": {"uv": [0, 0, 1, 1], "texture": "#4"},
				"south": {"uv": [0, 0, 1, 1], "texture": "#4"},
				"west": {"uv": [0, 0, 1, 1], "texture": "#4"},
				"up": {"uv": [0, 0, 1, 1], "texture": "#4"},
				"down": {"uv": [0, 0, 1, 1], "texture": "#4"}
			}
		},
		{
			"name": "hexadecagon",
			"from": [7.3, 18.35, 7.86076],
			"to": [8.7, 18.55, 8.13924],
			"rotation": {"angle": -22.5, "axis": "y", "origin": [8, 16.05, 8]},
			"faces": {
				"north": {"uv": [0, 0, 1, 1], "texture": "#4"},
				"east": {"uv": [0, 0, 1, 1], "texture": "#4"},
				"south": {"uv": [0, 0, 1, 1], "texture": "#4"},
				"west": {"uv": [0, 0, 1, 1], "texture": "#4"},
				"up": {"uv": [0, 0, 1, 1], "texture": "#4"},
				"down": {"uv": [0, 0, 1, 1], "texture": "#4"}
			}
		},
		{
			"name": "hexadecagon",
			"from": [7.3, 18.35, 7.86076],
			"to": [8.7, 18.55, 8.13924],
			"rotation": {"angle": 0, "axis": "y", "origin": [8, 16.05, 8]},
			"faces": {
				"north": {"uv": [0, 0, 1, 1], "texture": "#4"},
				"east": {"uv": [0, 0, 1, 1], "texture": "#4"},
				"south": {"uv": [0, 0, 1, 1], "texture": "#4"},
				"west": {"uv": [0, 0, 1, 1], "texture": "#4"},
				"up": {"uv": [0, 0, 1, 1], "texture": "#4"},
				"down": {"uv": [0, 0, 1, 1], "texture": "#4"}
			}
		},
		{
			"name": "hexadecagon",
			"from": [7.3, 18.35, 7.86076],
			"to": [8.7, 18.55, 8.13924],
			"rotation": {"angle": 22.5, "axis": "y", "origin": [8, 16.05, 8]},
			"faces": {
				"north": {"uv": [0, 0, 1, 1], "texture": "#4"},
				"east": {"uv": [0, 0, 1, 1], "texture": "#4"},
				"south": {"uv": [0, 0, 1, 1], "texture": "#4"},
				"west": {"uv": [0, 0, 1, 1], "texture": "#4"},
				"up": {"uv": [0, 0, 1, 1], "texture": "#4"},
				"down": {"uv": [0, 0, 1, 1], "texture": "#4"}
			}
		}
	],
	"display": {
		"thirdperson_righthand": {
			"rotation": [0, -90, 0],
			"translation": [0, -5, 0.75],
			"scale": [1, 1.5, 1]
		},
		"thirdperson_lefthand": {
			"rotation": [0, -90, 0],
			"translation": [0, -5, 0.75],
			"scale": [1, 1.5, 1]
		},
		"firstperson_righthand": {
			"rotation": [0, 65, 0],
			"translation": [1, -13, 0],
			"scale": [1, 2.32, 1]
		},
		"firstperson_lefthand": {
			"rotation": [0, 65, 0],
			"translation": [1, -13, 0],
			"scale": [1, 2.32, 1]
		},
		"ground": {
			"rotation": [-12, 0, 0],
			"translation": [0, 11.5, 0],
			"scale": [1.67, 1.7, 1.74]
		},
		"gui": {
			"rotation": [0, 0, -45],
			"translation": [-1.75, -1.75, 0],
			"scale": [0.49, 0.65, 0.95]
		},
		"head": {
			"rotation": [-89, 0, 0],
			"scale": [2, 2.81, 2]
		},
		"fixed": {
			"rotation": [0, 0, 46],
			"translation": [1.5, -1.25, 0],
			"scale": [0.87, 0.83, 1]
		}
	},
	"groups": [
		{
			"name": "Body",
			"origin": [8, 8, 8],
			"children": []
		},
		{
			"name": "Gold",
			"origin": [8, 8, 8],
			"children": [0, 1, 2, 3, 4, 5, 6, 7, 8, 9, 10, 11, 12, 13, 14, 15, 16, 17, 18, 19, 20, 21, 22, 23, 24, 25, 26, 27, 28, 29, 30, 31, 32, 33, 34, 35, 36, 37, 38, 39, 40, 41]
		},
		{
			"name": "Metal",
			"origin": [8, 8, 8],
			"children": []
		},
		{
			"name": "Black",
			"origin": [8, 8, 8],
			"children": []
		},
		{
			"name": "hexadecagon",
			"origin": [8, 8, 8],
			"children": [42, 43, 44, 45, 46, 47, 48, 49]
		},
		{
			"name": "hexadecagon",
			"origin": [8, 8, 8],
			"children": [50, 51, 52, 53, 54, 55, 56, 57]
		},
		{
			"name": "hexadecagon",
			"origin": [8, 8, 8],
			"children": [58, 59, 60, 61, 62, 63, 64, 65]
		},
		{
			"name": "hexadecagon",
			"origin": [8, 8, 8],
			"children": [66, 67, 68, 69, 70, 71, 72, 73]
		},
		{
			"name": "hexadecagon",
			"origin": [8, 8, 8],
			"children": [74, 75, 76, 77, 78, 79, 80, 81]
		},
		{
			"name": "hexadecagon",
			"origin": [8, 8, 8],
			"children": [82, 83, 84, 85, 86, 87, 88, 89]
		},
		{
			"name": "hexadecagon",
			"origin": [8, 8, 8],
			"children": [90, 91, 92, 93, 94, 95, 96, 97]
		},
		{
			"name": "hexadecagon",
			"origin": [8, 8, 8],
			"children": [98, 99, 100, 101, 102, 103, 104, 105]
		},
		{
			"name": "hexadecagon",
			"origin": [8, 8, 8],
			"children": [106, 107, 108, 109, 110, 111, 112, 113]
		},
		{
			"name": "hexadecagon",
			"origin": [8, 8, 8],
			"children": [114, 115, 116, 117, 118, 119, 120, 121]
		},
		{
			"name": "hexadecagon",
			"origin": [8, 8, 8],
			"children": [122, 123, 124, 125, 126, 127, 128, 129]
		},
		{
			"name": "hexadecagon",
			"origin": [8, 8, 8],
			"children": [130, 131, 132, 133, 134, 135, 136, 137]
		},
		{
			"name": "hexadecagon",
			"origin": [8, 8, 8],
			"children": [138, 139, 140, 141, 142, 143, 144, 145]
		},
		{
			"name": "hexadecagon",
			"origin": [8, 8, 8],
			"children": [146, 147, 148, 149, 150, 151, 152, 153]
		}
	]
}