{
	"credit": "Made with Blockbench",
	"textures": {
		"0": "shield_repo:bio-shield.png",
		"particle": "shield_repo:bio-shield.png"
	},
	"elements": [
		{
			"from": [8, 8, 8.16667],
			"to": [10, 8.4, 9.16667],
			"rotation": {"angle": 0, "axis": "y", "origin": [0, 0, -4.83333]},
			"faces": {
				"north": {"uv": [6.85714, 8, 7.71429, 8.4], "texture": "#0"},
				"east": {"uv": [6.85714, 8, 7.85714, 8.4], "texture": "#0"},
				"south": {"uv": [6.85714, 8, 7.71429, 8.4], "texture": "#0"},
				"west": {"uv": [6.85714, 8, 7.85714, 8.4], "texture": "#0"},
				"up": {"uv": [6.85714, 8, 7.71429, 8], "texture": "#0"},
				"down": {"uv": [6.85714, 8, 7.71429, 8], "texture": "#0"}
			}
		},
		{
			"from": [8, 8, 8.16667],
			"to": [10, 8.4, 9.16667],
			"rotation": {"angle": 22.5, "axis": "z", "origin": [9, 8.2, 8.16667]},
			"faces": {
				"north": {"uv": [6.85714, 8, 7.71429, 8.4], "texture": "#0"},
				"east": {"uv": [6.85714, 8, 7.85714, 8.4], "texture": "#0"},
				"south": {"uv": [6.85714, 8, 7.71429, 8.4], "texture": "#0"},
				"west": {"uv": [6.85714, 8, 7.85714, 8.4], "texture": "#0"},
				"up": {"uv": [6.85714, 8, 7.71429, 8], "texture": "#0"},
				"down": {"uv": [6.85714, 8, 7.71429, 8], "texture": "#0"}
			}
		},
		{
			"from": [8, 8, 8.16667],
			"to": [10, 8.4, 9.16667],
			"rotation": {"angle": 45, "axis": "z", "origin": [9, 8.2, 8.16667]},
			"faces": {
				"north": {"uv": [6.85714, 8, 7.71429, 8.4], "texture": "#0"},
				"east": {"uv": [6.85714, 8, 7.85714, 8.4], "texture": "#0"},
				"south": {"uv": [6.85714, 8, 7.71429, 8.4], "texture": "#0"},
				"west": {"uv": [6.85714, 8, 7.85714, 8.4], "texture": "#0"},
				"up": {"uv": [6.85714, 8, 7.71429, 8], "texture": "#0"},
				"down": {"uv": [6.85714, 8, 7.71429, 8], "texture": "#0"}
			}
		},
		{
			"from": [8.8, 7.2, 8.16667],
			"to": [9.2, 9.2, 9.16667],
			"rotation": {"angle": -22.5, "axis": "z", "origin": [9, 8.2, 8.16667]},
			"faces": {
				"north": {"uv": [6.85714, 8, 7.71429, 8.4], "rotation": 90, "texture": "#0"},
				"east": {"uv": [6.85714, 8, 7.71429, 8], "rotation": 270, "texture": "#0"},
				"south": {"uv": [6.85714, 8, 7.71429, 8.4], "rotation": 270, "texture": "#0"},
				"west": {"uv": [6.85714, 8, 7.71429, 8], "rotation": 270, "texture": "#0"},
				"up": {"uv": [6.85714, 8, 7.85714, 8.4], "rotation": 270, "texture": "#0"},
				"down": {"uv": [6.85714, 8, 7.85714, 8.4], "rotation": 270, "texture": "#0"}
			}
		},
		{
			"from": [8.8, 7.2, 8.16667],
			"to": [9.2, 9.2, 9.16667],
			"rotation": {"angle": 0, "axis": "z", "origin": [9, 8.2, 8.16667]},
			"faces": {
				"north": {"uv": [6.85714, 8, 7.71429, 8.4], "rotation": 90, "texture": "#0"},
				"east": {"uv": [6.85714, 8, 7.71429, 8], "rotation": 270, "texture": "#0"},
				"south": {"uv": [6.85714, 8, 7.71429, 8.4], "rotation": 270, "texture": "#0"},
				"west": {"uv": [6.85714, 8, 7.71429, 8], "rotation": 270, "texture": "#0"},
				"up": {"uv": [6.85714, 8, 7.85714, 8.4], "rotation": 270, "texture": "#0"},
				"down": {"uv": [6.85714, 8, 7.85714, 8.4], "rotation": 270, "texture": "#0"}
			}
		},
		{
			"from": [8.8, 7.2, 8.16667],
			"to": [9.2, 9.2, 9.16667],
			"rotation": {"angle": 22.5, "axis": "z", "origin": [9, 8.2, 8.16667]},
			"faces": {
				"north": {"uv": [6.85714, 8, 7.71429, 8.4], "rotation": 90, "texture": "#0"},
				"east": {"uv": [6.85714, 8, 7.71429, 8], "rotation": 270, "texture": "#0"},
				"south": {"uv": [6.85714, 8, 7.71429, 8.4], "rotation": 270, "texture": "#0"},
				"west": {"uv": [6.85714, 8, 7.71429, 8], "rotation": 270, "texture": "#0"},
				"up": {"uv": [6.85714, 8, 7.85714, 8.4], "rotation": 270, "texture": "#0"},
				"down": {"uv": [6.85714, 8, 7.85714, 8.4], "rotation": 270, "texture": "#0"}
			}
		},
		{
			"from": [8, 8, 8.16667],
			"to": [10, 8.4, 9.16667],
			"rotation": {"angle": -45, "axis": "z", "origin": [9, 8.2, 8.16667]},
			"faces": {
				"north": {"uv": [6.85714, 8, 7.71429, 8.4], "rotation": 180, "texture": "#0"},
				"east": {"uv": [6.85714, 8, 7.85714, 8.4], "rotation": 180, "texture": "#0"},
				"south": {"uv": [6.85714, 8, 7.71429, 8.4], "rotation": 180, "texture": "#0"},
				"west": {"uv": [6.85714, 8, 7.85714, 8.4], "rotation": 180, "texture": "#0"},
				"up": {"uv": [6.85714, 8, 7.71429, 8], "rotation": 180, "texture": "#0"},
				"down": {"uv": [6.85714, 8, 7.71429, 8], "rotation": 180, "texture": "#0"}
			}
		},
		{
			"from": [8, 8, 8.16667],
			"to": [10, 8.4, 9.16667],
			"rotation": {"angle": -22.5, "axis": "z", "origin": [9, 8.2, 8.16667]},
			"faces": {
				"north": {"uv": [6.85714, 8, 7.71429, 8.4], "rotation": 180, "texture": "#0"},
				"east": {"uv": [6.85714, 8, 7.85714, 8.4], "rotation": 180, "texture": "#0"},
				"south": {"uv": [6.85714, 8, 7.71429, 8.4], "rotation": 180, "texture": "#0"},
				"west": {"uv": [6.85714, 8, 7.85714, 8.4], "rotation": 180, "texture": "#0"},
				"up": {"uv": [6.85714, 8, 7.71429, 8], "rotation": 180, "texture": "#0"},
				"down": {"uv": [6.85714, 8, 7.71429, 8], "rotation": 180, "texture": "#0"}
			}
		},
		{
			"from": [7, 7.8, 8.46667],
			"to": [11, 8.6, 9.16667],
			"rotation": {"angle": 0, "axis": "z", "origin": [9, 8.2, 8.16667]},
			"faces": {
				"north": {"uv": [5.71429, 8, 6.57143, 8.4], "texture": "#0"},
				"east": {"uv": [5.71429, 8, 6.71429, 8.4], "texture": "#0"},
				"south": {"uv": [5.71429, 8, 6.57143, 8.4], "texture": "#0"},
				"west": {"uv": [5.71429, 8, 6.71429, 8.4], "texture": "#0"},
				"up": {"uv": [5.71429, 8, 6.57143, 8], "texture": "#0"},
				"down": {"uv": [5.71429, 8, 6.57143, 8], "texture": "#0"}
			}
		},
		{
			"from": [7, 7.8, 8.46667],
			"to": [11, 8.6, 9.16667],
			"rotation": {"angle": 22.5, "axis": "z", "origin": [9, 8.2, 8.16667]},
			"faces": {
				"north": {"uv": [5.71429, 8, 6.57143, 8.4], "texture": "#0"},
				"east": {"uv": [5.71429, 8, 6.71429, 8.4], "texture": "#0"},
				"south": {"uv": [5.71429, 8, 6.57143, 8.4], "texture": "#0"},
				"west": {"uv": [5.71429, 8, 6.71429, 8.4], "texture": "#0"},
				"up": {"uv": [5.71429, 8, 6.57143, 8], "texture": "#0"},
				"down": {"uv": [5.71429, 8, 6.57143, 8], "texture": "#0"}
			}
		},
		{
			"from": [7, 7.8, 8.46667],
			"to": [11, 8.6, 9.16667],
			"rotation": {"angle": 45, "axis": "z", "origin": [9, 8.2, 8.16667]},
			"faces": {
				"north": {"uv": [5.71429, 8, 6.57143, 8.4], "texture": "#0"},
				"east": {"uv": [5.71429, 8, 6.71429, 8.4], "texture": "#0"},
				"south": {"uv": [5.71429, 8, 6.57143, 8.4], "texture": "#0"},
				"west": {"uv": [5.71429, 8, 6.71429, 8.4], "texture": "#0"},
				"up": {"uv": [5.71429, 8, 6.57143, 8], "texture": "#0"},
				"down": {"uv": [5.71429, 8, 6.57143, 8], "texture": "#0"}
			}
		},
		{
			"from": [8.6, 6.2, 8.46667],
			"to": [9.4, 10.2, 9.16667],
			"rotation": {"angle": -22.5, "axis": "z", "origin": [9, 8.2, 8.16667]},
			"faces": {
				"north": {"uv": [5.71429, 8, 6.57143, 8.4], "rotation": 90, "texture": "#0"},
				"east": {"uv": [5.71429, 8, 6.57143, 8], "rotation": 270, "texture": "#0"},
				"south": {"uv": [5.71429, 8, 6.57143, 8.4], "rotation": 270, "texture": "#0"},
				"west": {"uv": [5.71429, 8, 6.57143, 8], "rotation": 270, "texture": "#0"},
				"up": {"uv": [5.71429, 8, 6.71429, 8.4], "rotation": 270, "texture": "#0"},
				"down": {"uv": [5.71429, 8, 6.71429, 8.4], "rotation": 270, "texture": "#0"}
			}
		},
		{
			"from": [8.6, 6.2, 8.46667],
			"to": [9.4, 10.2, 9.16667],
			"rotation": {"angle": 0, "axis": "z", "origin": [9, 8.2, 8.16667]},
			"faces": {
				"north": {"uv": [5.71429, 8, 6.57143, 8.4], "rotation": 90, "texture": "#0"},
				"east": {"uv": [5.71429, 8, 6.57143, 8], "rotation": 270, "texture": "#0"},
				"south": {"uv": [5.71429, 8, 6.57143, 8.4], "rotation": 270, "texture": "#0"},
				"west": {"uv": [5.71429, 8, 6.57143, 8], "rotation": 270, "texture": "#0"},
				"up": {"uv": [5.71429, 8, 6.71429, 8.4], "rotation": 270, "texture": "#0"},
				"down": {"uv": [5.71429, 8, 6.71429, 8.4], "rotation": 270, "texture": "#0"}
			}
		},
		{
			"from": [8.6, 6.2, 8.46667],
			"to": [9.4, 10.2, 9.16667],
			"rotation": {"angle": 22.5, "axis": "z", "origin": [9, 8.2, 8.16667]},
			"faces": {
				"north": {"uv": [5.71429, 8, 6.57143, 8.4], "rotation": 90, "texture": "#0"},
				"east": {"uv": [5.71429, 8, 6.57143, 8], "rotation": 270, "texture": "#0"},
				"south": {"uv": [5.71429, 8, 6.57143, 8.4], "rotation": 270, "texture": "#0"},
				"west": {"uv": [5.71429, 8, 6.57143, 8], "rotation": 270, "texture": "#0"},
				"up": {"uv": [5.71429, 8, 6.71429, 8.4], "rotation": 270, "texture": "#0"},
				"down": {"uv": [5.71429, 8, 6.71429, 8.4], "rotation": 270, "texture": "#0"}
			}
		},
		{
			"from": [8.6, 6.2, 8.46667],
			"to": [9.4, 10.2, 9.16667],
			"rotation": {"angle": 45, "axis": "z", "origin": [9, 8.2, 8.16667]},
			"faces": {
				"north": {"uv": [5.71429, 8, 6.57143, 8.4], "rotation": 90, "texture": "#0"},
				"east": {"uv": [5.71429, 8, 6.57143, 8], "rotation": 270, "texture": "#0"},
				"south": {"uv": [5.71429, 8, 6.57143, 8.4], "rotation": 270, "texture": "#0"},
				"west": {"uv": [5.71429, 8, 6.57143, 8], "rotation": 270, "texture": "#0"},
				"up": {"uv": [5.71429, 8, 6.71429, 8.4], "rotation": 270, "texture": "#0"},
				"down": {"uv": [5.71429, 8, 6.71429, 8.4], "rotation": 270, "texture": "#0"}
			}
		},
		{
			"from": [7, 7.8, 8.46667],
			"to": [11, 8.6, 9.16667],
			"rotation": {"angle": -22.5, "axis": "z", "origin": [9, 8.2, 8.16667]},
			"faces": {
				"north": {"uv": [5.71429, 8, 6.57143, 8.4], "rotation": 180, "texture": "#0"},
				"east": {"uv": [5.71429, 8, 6.71429, 8.4], "rotation": 180, "texture": "#0"},
				"south": {"uv": [5.71429, 8, 6.57143, 8.4], "rotation": 180, "texture": "#0"},
				"west": {"uv": [5.71429, 8, 6.71429, 8.4], "rotation": 180, "texture": "#0"},
				"up": {"uv": [5.71429, 8, 6.57143, 8], "rotation": 180, "texture": "#0"},
				"down": {"uv": [5.71429, 8, 6.57143, 8], "rotation": 180, "texture": "#0"}
			}
		},
		{
			"from": [10.25, 7.85, 8.16667],
			"to": [10.75, 8.55, 8.86667],
			"rotation": {"angle": 0, "axis": "y", "origin": [9, 8.2, 8.16667]},
			"faces": {
				"north": {"uv": [5.71429, 8, 6.57143, 8.4], "texture": "#0"},
				"east": {"uv": [5.71429, 8, 6.71429, 8.4], "texture": "#0"},
				"south": {"uv": [5.71429, 8, 6.57143, 8.4], "texture": "#0"},
				"west": {"uv": [5.71429, 8, 6.71429, 8.4], "texture": "#0"},
				"up": {"uv": [5.71429, 8, 6.57143, 8], "texture": "#0"},
				"down": {"uv": [5.71429, 8, 6.57143, 8], "texture": "#0"}
			}
		},
		{
			"from": [10.25, 7.85, 8.16667],
			"to": [10.75, 8.55, 8.86667],
			"rotation": {"angle": 22.5, "axis": "z", "origin": [9, 8.2, 8.16667]},
			"faces": {
				"north": {"uv": [5.71429, 8, 6.57143, 8.4], "texture": "#0"},
				"east": {"uv": [5.71429, 8, 6.71429, 8.4], "texture": "#0"},
				"south": {"uv": [5.71429, 8, 6.57143, 8.4], "texture": "#0"},
				"west": {"uv": [5.71429, 8, 6.71429, 8.4], "texture": "#0"},
				"up": {"uv": [5.71429, 8, 6.57143, 8], "texture": "#0"},
				"down": {"uv": [5.71429, 8, 6.57143, 8], "texture": "#0"}
			}
		},
		{
			"from": [10.25, 7.85, 8.16667],
			"to": [10.75, 8.55, 8.86667],
			"rotation": {"angle": 45, "axis": "z", "origin": [9, 8.2, 8.16667]},
			"faces": {
				"north": {"uv": [5.71429, 8, 6.57143, 8.4], "texture": "#0"},
				"east": {"uv": [5.71429, 8, 6.71429, 8.4], "texture": "#0"},
				"south": {"uv": [5.71429, 8, 6.57143, 8.4], "texture": "#0"},
				"west": {"uv": [5.71429, 8, 6.71429, 8.4], "texture": "#0"},
				"up": {"uv": [5.71429, 8, 6.57143, 8], "texture": "#0"},
				"down": {"uv": [5.71429, 8, 6.57143, 8], "texture": "#0"}
			}
		},
		{
			"from": [8.65, 9.45, 8.16667],
			"to": [9.35, 9.95, 8.86667],
			"rotation": {"angle": -22.5, "axis": "z", "origin": [9, 8.2, 8.16667]},
			"faces": {
				"north": {"uv": [5.71429, 8, 6.57143, 8.4], "rotation": 90, "texture": "#0"},
				"east": {"uv": [5.71429, 8, 6.57143, 8], "rotation": 270, "texture": "#0"},
				"south": {"uv": [5.71429, 8, 6.57143, 8.4], "rotation": 270, "texture": "#0"},
				"west": {"uv": [5.71429, 8, 6.57143, 8], "rotation": 270, "texture": "#0"},
				"up": {"uv": [5.71429, 8, 6.71429, 8.4], "rotation": 270, "texture": "#0"},
				"down": {"uv": [5.71429, 8, 6.71429, 8.4], "rotation": 270, "texture": "#0"}
			}
		},
		{
			"from": [8.65, 9.45, 8.16667],
			"to": [9.35, 9.95, 8.86667],
			"rotation": {"angle": 0, "axis": "z", "origin": [9, 8.2, 8.16667]},
			"faces": {
				"north": {"uv": [5.71429, 8, 6.57143, 8.4], "rotation": 90, "texture": "#0"},
				"east": {"uv": [5.71429, 8, 6.57143, 8], "rotation": 270, "texture": "#0"},
				"south": {"uv": [5.71429, 8, 6.57143, 8.4], "rotation": 270, "texture": "#0"},
				"west": {"uv": [5.71429, 8, 6.57143, 8], "rotation": 270, "texture": "#0"},
				"up": {"uv": [5.71429, 8, 6.71429, 8.4], "rotation": 270, "texture": "#0"},
				"down": {"uv": [5.71429, 8, 6.71429, 8.4], "rotation": 270, "texture": "#0"}
			}
		},
		{
			"from": [8.65, 9.45, 8.16667],
			"to": [9.35, 9.95, 8.86667],
			"rotation": {"angle": 22.5, "axis": "z", "origin": [9, 8.2, 8.16667]},
			"faces": {
				"north": {"uv": [5.71429, 8, 6.57143, 8.4], "rotation": 90, "texture": "#0"},
				"east": {"uv": [5.71429, 8, 6.57143, 8], "rotation": 270, "texture": "#0"},
				"south": {"uv": [5.71429, 8, 6.57143, 8.4], "rotation": 270, "texture": "#0"},
				"west": {"uv": [5.71429, 8, 6.57143, 8], "rotation": 270, "texture": "#0"},
				"up": {"uv": [5.71429, 8, 6.71429, 8.4], "rotation": 270, "texture": "#0"},
				"down": {"uv": [5.71429, 8, 6.71429, 8.4], "rotation": 270, "texture": "#0"}
			}
		},
		{
			"from": [8.65, 9.45, 8.16667],
			"to": [9.35, 9.95, 8.86667],
			"rotation": {"angle": 45, "axis": "z", "origin": [9, 8.2, 8.16667]},
			"faces": {
				"north": {"uv": [5.71429, 8, 6.57143, 8.4], "rotation": 90, "texture": "#0"},
				"east": {"uv": [5.71429, 8, 6.57143, 8], "rotation": 270, "texture": "#0"},
				"south": {"uv": [5.71429, 8, 6.57143, 8.4], "rotation": 270, "texture": "#0"},
				"west": {"uv": [5.71429, 8, 6.57143, 8], "rotation": 270, "texture": "#0"},
				"up": {"uv": [5.71429, 8, 6.71429, 8.4], "rotation": 270, "texture": "#0"},
				"down": {"uv": [5.71429, 8, 6.71429, 8.4], "rotation": 270, "texture": "#0"}
			}
		},
		{
			"from": [7.25, 7.85, 8.16667],
			"to": [7.75, 8.55, 8.86667],
			"rotation": {"angle": -22.5, "axis": "z", "origin": [9, 8.2, 8.16667]},
			"faces": {
				"north": {"uv": [5.71429, 8, 6.57143, 8.4], "rotation": 180, "texture": "#0"},
				"east": {"uv": [5.71429, 8, 6.71429, 8.4], "rotation": 180, "texture": "#0"},
				"south": {"uv": [5.71429, 8, 6.57143, 8.4], "rotation": 180, "texture": "#0"},
				"west": {"uv": [5.71429, 8, 6.71429, 8.4], "rotation": 180, "texture": "#0"},
				"up": {"uv": [5.71429, 8, 6.57143, 8], "rotation": 180, "texture": "#0"},
				"down": {"uv": [5.71429, 8, 6.57143, 8], "rotation": 180, "texture": "#0"}
			}
		},
		{
			"from": [7.25, 7.85, 8.16667],
			"to": [7.75, 8.55, 8.86667],
			"rotation": {"angle": 0, "axis": "z", "origin": [9, 8.2, 8.16667]},
			"faces": {
				"north": {"uv": [5.71429, 8, 6.57143, 8.4], "rotation": 180, "texture": "#0"},
				"east": {"uv": [5.71429, 8, 6.71429, 8.4], "rotation": 180, "texture": "#0"},
				"south": {"uv": [5.71429, 8, 6.57143, 8.4], "rotation": 180, "texture": "#0"},
				"west": {"uv": [5.71429, 8, 6.71429, 8.4], "rotation": 180, "texture": "#0"},
				"up": {"uv": [5.71429, 8, 6.57143, 8], "rotation": 180, "texture": "#0"},
				"down": {"uv": [5.71429, 8, 6.57143, 8], "rotation": 180, "texture": "#0"}
			}
		},
		{
			"from": [7.25, 7.85, 8.16667],
			"to": [7.75, 8.55, 8.86667],
			"rotation": {"angle": 22.5, "axis": "z", "origin": [9, 8.2, 8.16667]},
			"faces": {
				"north": {"uv": [5.71429, 8, 6.57143, 8.4], "rotation": 180, "texture": "#0"},
				"east": {"uv": [5.71429, 8, 6.71429, 8.4], "rotation": 180, "texture": "#0"},
				"south": {"uv": [5.71429, 8, 6.57143, 8.4], "rotation": 180, "texture": "#0"},
				"west": {"uv": [5.71429, 8, 6.71429, 8.4], "rotation": 180, "texture": "#0"},
				"up": {"uv": [5.71429, 8, 6.57143, 8], "rotation": 180, "texture": "#0"},
				"down": {"uv": [5.71429, 8, 6.57143, 8], "rotation": 180, "texture": "#0"}
			}
		},
		{
			"from": [7.25, 7.85, 8.16667],
			"to": [7.75, 8.55, 8.86667],
			"rotation": {"angle": 45, "axis": "z", "origin": [9, 8.2, 8.16667]},
			"faces": {
				"north": {"uv": [5.71429, 8, 6.57143, 8.4], "rotation": 180, "texture": "#0"},
				"east": {"uv": [5.71429, 8, 6.71429, 8.4], "rotation": 180, "texture": "#0"},
				"south": {"uv": [5.71429, 8, 6.57143, 8.4], "rotation": 180, "texture": "#0"},
				"west": {"uv": [5.71429, 8, 6.71429, 8.4], "rotation": 180, "texture": "#0"},
				"up": {"uv": [5.71429, 8, 6.57143, 8], "rotation": 180, "texture": "#0"},
				"down": {"uv": [5.71429, 8, 6.57143, 8], "rotation": 180, "texture": "#0"}
			}
		},
		{
			"from": [8.65, 6.45, 8.16667],
			"to": [9.35, 6.95, 8.86667],
			"rotation": {"angle": -22.5, "axis": "z", "origin": [9, 8.2, 8.16667]},
			"faces": {
				"north": {"uv": [5.71429, 8, 6.57143, 8.4], "rotation": 270, "texture": "#0"},
				"east": {"uv": [5.71429, 8, 6.57143, 8], "rotation": 90, "texture": "#0"},
				"south": {"uv": [5.71429, 8, 6.57143, 8.4], "rotation": 90, "texture": "#0"},
				"west": {"uv": [5.71429, 8, 6.57143, 8], "rotation": 90, "texture": "#0"},
				"up": {"uv": [5.71429, 8, 6.71429, 8.4], "rotation": 90, "texture": "#0"},
				"down": {"uv": [5.71429, 8, 6.71429, 8.4], "rotation": 90, "texture": "#0"}
			}
		},
		{
			"from": [8.65, 6.45, 8.16667],
			"to": [9.35, 6.95, 8.86667],
			"rotation": {"angle": 0, "axis": "z", "origin": [9, 8.2, 8.16667]},
			"faces": {
				"north": {"uv": [5.71429, 8, 6.57143, 8.4], "rotation": 270, "texture": "#0"},
				"east": {"uv": [5.71429, 8, 6.57143, 8], "rotation": 90, "texture": "#0"},
				"south": {"uv": [5.71429, 8, 6.57143, 8.4], "rotation": 90, "texture": "#0"},
				"west": {"uv": [5.71429, 8, 6.57143, 8], "rotation": 90, "texture": "#0"},
				"up": {"uv": [5.71429, 8, 6.71429, 8.4], "rotation": 90, "texture": "#0"},
				"down": {"uv": [5.71429, 8, 6.71429, 8.4], "rotation": 90, "texture": "#0"}
			}
		},
		{
			"from": [8.65, 6.45, 8.16667],
			"to": [9.35, 6.95, 8.86667],
			"rotation": {"angle": 22.5, "axis": "z", "origin": [9, 8.2, 8.16667]},
			"faces": {
				"north": {"uv": [5.71429, 8, 6.57143, 8.4], "rotation": 270, "texture": "#0"},
				"east": {"uv": [5.71429, 8, 6.57143, 8], "rotation": 90, "texture": "#0"},
				"south": {"uv": [5.71429, 8, 6.57143, 8.4], "rotation": 90, "texture": "#0"},
				"west": {"uv": [5.71429, 8, 6.57143, 8], "rotation": 90, "texture": "#0"},
				"up": {"uv": [5.71429, 8, 6.71429, 8.4], "rotation": 90, "texture": "#0"},
				"down": {"uv": [5.71429, 8, 6.71429, 8.4], "rotation": 90, "texture": "#0"}
			}
		},
		{
			"from": [8.65, 6.45, 8.16667],
			"to": [9.35, 6.95, 8.86667],
			"rotation": {"angle": 45, "axis": "z", "origin": [9, 8.2, 8.16667]},
			"faces": {
				"north": {"uv": [5.71429, 8, 6.57143, 8.4], "rotation": 270, "texture": "#0"},
				"east": {"uv": [5.71429, 8, 6.57143, 8], "rotation": 90, "texture": "#0"},
				"south": {"uv": [5.71429, 8, 6.57143, 8.4], "rotation": 90, "texture": "#0"},
				"west": {"uv": [5.71429, 8, 6.57143, 8], "rotation": 90, "texture": "#0"},
				"up": {"uv": [5.71429, 8, 6.71429, 8.4], "rotation": 90, "texture": "#0"},
				"down": {"uv": [5.71429, 8, 6.71429, 8.4], "rotation": 90, "texture": "#0"}
			}
		},
		{
			"from": [10.25, 7.85, 8.16667],
			"to": [10.75, 8.55, 8.86667],
			"rotation": {"angle": -22.5, "axis": "z", "origin": [9, 8.2, 8.16667]},
			"faces": {
				"north": {"uv": [5.71429, 8, 6.57143, 8.4], "texture": "#0"},
				"east": {"uv": [5.71429, 8, 6.71429, 8.4], "texture": "#0"},
				"south": {"uv": [5.71429, 8, 6.57143, 8.4], "texture": "#0"},
				"west": {"uv": [5.71429, 8, 6.71429, 8.4], "texture": "#0"},
				"up": {"uv": [5.71429, 8, 6.57143, 8], "texture": "#0"},
				"down": {"uv": [5.71429, 8, 6.57143, 8], "texture": "#0"}
			}
		},
		{
			"from": [8.6, 8.2, 8.76667],
			"to": [9.4, 14.2, 8.86667],
			"rotation": {"angle": 0, "axis": "x", "origin": [9, 8.2, 8.16667]},
			"faces": {
				"north": {"uv": [3.42857, 9.14286, 4.28571, 9.54286], "rotation": 90, "texture": "#0"},
				"east": {"uv": [3.42857, 9.14286, 4.28571, 9.14286], "rotation": 270, "texture": "#0"},
				"south": {"uv": [3.42857, 9.14286, 4.28571, 9.54286], "rotation": 270, "texture": "#0"},
				"west": {"uv": [3.42857, 9.14286, 4.28571, 9.14286], "rotation": 270, "texture": "#0"},
				"up": {"uv": [3.42857, 9.14286, 4.42857, 9.54286], "rotation": 270, "texture": "#0"},
				"down": {"uv": [3.42857, 9.14286, 4.42857, 9.54286], "rotation": 270, "texture": "#0"}
			}
		},
		{
			"from": [8.6, 8.2, 8.86667],
			"to": [9.4, 14.2, 9.36667],
			"rotation": {"angle": 0, "axis": "y", "origin": [9, 8.2, 8.16667]},
			"faces": {
				"north": {"uv": [4.57143, 8, 5.42857, 8.4], "rotation": 90, "texture": "#0"},
				"east": {"uv": [4.57143, 8, 5.42857, 8], "rotation": 270, "texture": "#0"},
				"south": {"uv": [4.57143, 8, 5.42857, 8.4], "rotation": 270, "texture": "#0"},
				"west": {"uv": [4.57143, 8, 5.42857, 8], "rotation": 270, "texture": "#0"},
				"up": {"uv": [4.57143, 8, 5.57143, 8.4], "rotation": 270, "texture": "#0"},
				"down": {"uv": [4.57143, 8, 5.57143, 8.4], "rotation": 270, "texture": "#0"}
			}
		},
		{
			"from": [9.2, 8.2, 8.66667],
			"to": [10, 14.2, 9.36667],
			"rotation": {"angle": 0, "axis": "y", "origin": [9, 8.2, 8.16667]},
			"faces": {
				"north": {"uv": [4.57143, 8, 5.42857, 8.4], "rotation": 90, "texture": "#0"},
				"east": {"uv": [4.57143, 8, 5.42857, 8], "rotation": 270, "texture": "#0"},
				"south": {"uv": [4.57143, 8, 5.42857, 8.4], "rotation": 270, "texture": "#0"},
				"west": {"uv": [4.57143, 8, 5.42857, 8], "rotation": 270, "texture": "#0"},
				"up": {"uv": [4.57143, 8, 5.57143, 8.4], "rotation": 270, "texture": "#0"},
				"down": {"uv": [4.57143, 8, 5.57143, 8.4], "rotation": 270, "texture": "#0"}
			}
		},
		{
			"from": [8, 8.2, 8.66667],
			"to": [8.8, 14.2, 9.36667],
			"rotation": {"angle": 0, "axis": "y", "origin": [9, 8.2, 8.16667]},
			"faces": {
				"north": {"uv": [4.57143, 8, 5.42857, 8.4], "rotation": 90, "texture": "#0"},
				"east": {"uv": [4.57143, 8, 5.42857, 8], "rotation": 270, "texture": "#0"},
				"south": {"uv": [4.57143, 8, 5.42857, 8.4], "rotation": 270, "texture": "#0"},
				"west": {"uv": [4.57143, 8, 5.42857, 8], "rotation": 270, "texture": "#0"},
				"up": {"uv": [4.57143, 8, 5.57143, 8.4], "rotation": 270, "texture": "#0"},
				"down": {"uv": [4.57143, 8, 5.57143, 8.4], "rotation": 270, "texture": "#0"}
			}
		},
		{
			"from": [11, 11.6, 8.66667],
			"to": [12, 12.6, 9.36667],
			"rotation": {"angle": 45, "axis": "z", "origin": [9, 8.2, 8.16667]},
			"faces": {
				"north": {"uv": [4.57143, 8, 5.42857, 8.4], "rotation": 90, "texture": "#0"},
				"east": {"uv": [4.57143, 8, 5.42857, 8], "rotation": 270, "texture": "#0"},
				"south": {"uv": [4.57143, 8, 5.42857, 8.4], "rotation": 270, "texture": "#0"},
				"west": {"uv": [4.57143, 8, 5.42857, 8], "rotation": 270, "texture": "#0"},
				"up": {"uv": [4.57143, 8, 5.57143, 8.4], "rotation": 270, "texture": "#0"},
				"down": {"uv": [4.57143, 8, 5.57143, 8.4], "rotation": 270, "texture": "#0"}
			}
		},
		{
			"from": [12.4, 10.2, 8.66667],
			"to": [13.4, 11.2, 9.36667],
			"rotation": {"angle": 45, "axis": "z", "origin": [9, 8.2, 8.16667]},
			"faces": {
				"north": {"uv": [4.57143, 8, 5.42857, 8.4], "rotation": 90, "texture": "#0"},
				"east": {"uv": [4.57143, 8, 5.42857, 8], "rotation": 270, "texture": "#0"},
				"south": {"uv": [4.57143, 8, 5.42857, 8.4], "rotation": 270, "texture": "#0"},
				"west": {"uv": [4.57143, 8, 5.42857, 8], "rotation": 270, "texture": "#0"},
				"up": {"uv": [4.57143, 8, 5.57143, 8.4], "rotation": 270, "texture": "#0"},
				"down": {"uv": [4.57143, 8, 5.57143, 8.4], "rotation": 270, "texture": "#0"}
			}
		},
		{
			"from": [11.4, 9.2, 8.66667],
			"to": [13.4, 10.2, 9.36667],
			"rotation": {"angle": 45, "axis": "z", "origin": [9, 8.2, 8.16667]},
			"faces": {
				"north": {"uv": [4.57143, 8, 5.42857, 8.4], "rotation": 90, "texture": "#0"},
				"east": {"uv": [4.57143, 8, 5.42857, 8], "rotation": 270, "texture": "#0"},
				"south": {"uv": [4.57143, 8, 5.42857, 8.4], "rotation": 270, "texture": "#0"},
				"west": {"uv": [4.57143, 8, 5.42857, 8], "rotation": 270, "texture": "#0"},
				"up": {"uv": [4.57143, 8, 5.57143, 8.4], "rotation": 270, "texture": "#0"},
				"down": {"uv": [4.57143, 8, 5.57143, 8.4], "rotation": 270, "texture": "#0"}
			}
		},
		{
			"from": [10.8, 8.6, 8.66667],
			"to": [13.8, 9.6, 9.36667],
			"rotation": {"angle": 45, "axis": "z", "origin": [9, 8.2, 8.16667]},
			"faces": {
				"north": {"uv": [4.57143, 8, 5.42857, 8.4], "rotation": 90, "texture": "#0"},
				"east": {"uv": [4.57143, 8, 5.42857, 8], "rotation": 270, "texture": "#0"},
				"south": {"uv": [4.57143, 8, 5.42857, 8.4], "rotation": 270, "texture": "#0"},
				"west": {"uv": [4.57143, 8, 5.42857, 8], "rotation": 270, "texture": "#0"},
				"up": {"uv": [4.57143, 8, 5.57143, 8.4], "rotation": 270, "texture": "#0"},
				"down": {"uv": [4.57143, 8, 5.57143, 8.4], "rotation": 270, "texture": "#0"}
			}
		},
		{
			"from": [10, 10.6, 8.66667],
			"to": [11, 12.6, 9.36667],
			"rotation": {"angle": 45, "axis": "z", "origin": [9, 8.2, 8.16667]},
			"faces": {
				"north": {"uv": [4.57143, 8, 5.42857, 8.4], "rotation": 90, "texture": "#0"},
				"east": {"uv": [4.57143, 8, 5.42857, 8], "rotation": 270, "texture": "#0"},
				"south": {"uv": [4.57143, 8, 5.42857, 8.4], "rotation": 270, "texture": "#0"},
				"west": {"uv": [4.57143, 8, 5.42857, 8], "rotation": 270, "texture": "#0"},
				"up": {"uv": [4.57143, 8, 5.57143, 8.4], "rotation": 270, "texture": "#0"},
				"down": {"uv": [4.57143, 8, 5.57143, 8.4], "rotation": 270, "texture": "#0"}
			}
		},
		{
			"from": [9.4, 10, 8.66667],
			"to": [10.4, 12.6, 9.36667],
			"rotation": {"angle": 45, "axis": "z", "origin": [9, 8.2, 8.16667]},
			"faces": {
				"north": {"uv": [4.57143, 8, 5.42857, 8.4], "rotation": 90, "texture": "#0"},
				"east": {"uv": [4.57143, 8, 5.42857, 8], "rotation": 270, "texture": "#0"},
				"south": {"uv": [4.57143, 8, 5.42857, 8.4], "rotation": 270, "texture": "#0"},
				"west": {"uv": [4.57143, 8, 5.42857, 8], "rotation": 270, "texture": "#0"},
				"up": {"uv": [4.57143, 8, 5.57143, 8.4], "rotation": 270, "texture": "#0"},
				"down": {"uv": [4.57143, 8, 5.57143, 8.4], "rotation": 270, "texture": "#0"}
			}
		},
		{
			"from": [13.2, 8.6, 8.66667],
			"to": [14, 13.2, 9.36667],
			"rotation": {"angle": 45, "axis": "z", "origin": [9, 8.2, 8.16667]},
			"faces": {
				"north": {"uv": [4.57143, 8, 5.42857, 8.4], "rotation": 90, "texture": "#0"},
				"east": {"uv": [4.57143, 8, 5.42857, 8], "rotation": 270, "texture": "#0"},
				"south": {"uv": [4.57143, 8, 5.42857, 8.4], "rotation": 270, "texture": "#0"},
				"west": {"uv": [4.57143, 8, 5.42857, 8], "rotation": 270, "texture": "#0"},
				"up": {"uv": [4.57143, 8, 5.57143, 8.4], "rotation": 270, "texture": "#0"},
				"down": {"uv": [4.57143, 8, 5.57143, 8.4], "rotation": 270, "texture": "#0"}
			}
		},
		{
			"from": [4, 8.6, 8.66667],
			"to": [4.8, 13.2, 9.36667],
			"rotation": {"angle": -45, "axis": "z", "origin": [9, 8.2, 8.16667]},
			"faces": {
				"north": {"uv": [4.57143, 8, 5.42857, 8.4], "rotation": 90, "texture": "#0"},
				"east": {"uv": [4.57143, 8, 5.42857, 8], "rotation": 270, "texture": "#0"},
				"south": {"uv": [4.57143, 8, 5.42857, 8.4], "rotation": 270, "texture": "#0"},
				"west": {"uv": [4.57143, 8, 5.42857, 8], "rotation": 270, "texture": "#0"},
				"up": {"uv": [4.57143, 8, 5.57143, 8.4], "rotation": 270, "texture": "#0"},
				"down": {"uv": [4.57143, 8, 5.57143, 8.4], "rotation": 270, "texture": "#0"}
			}
		},
		{
			"from": [12.2, 11.4, 8.71667],
			"to": [13.2, 12.4, 9.01667],
			"rotation": {"angle": 45, "axis": "z", "origin": [9, 8.2, 8.16667]},
			"faces": {
				"north": {"uv": [5.71429, 8, 6.57143, 8.4], "rotation": 90, "texture": "#0"},
				"east": {"uv": [5.71429, 8, 6.57143, 8], "rotation": 270, "texture": "#0"},
				"south": {"uv": [5.71429, 8, 6.57143, 8.4], "rotation": 270, "texture": "#0"},
				"west": {"uv": [5.71429, 8, 6.57143, 8], "rotation": 270, "texture": "#0"},
				"up": {"uv": [5.71429, 8, 6.71429, 8.4], "rotation": 270, "texture": "#0"},
				"down": {"uv": [5.71429, 8, 6.71429, 8.4], "rotation": 270, "texture": "#0"}
			}
		},
		{
			"from": [3, 7.8, 8.76667],
			"to": [9, 8.6, 8.86667],
			"rotation": {"angle": -22.5, "axis": "z", "origin": [9, 8.2, 8.16667]},
			"faces": {
				"north": {"uv": [3.42857, 9.14286, 4.28571, 9.54286], "rotation": 180, "texture": "#0"},
				"east": {"uv": [3.42857, 9.14286, 4.42857, 9.54286], "rotation": 180, "texture": "#0"},
				"south": {"uv": [3.42857, 9.14286, 4.28571, 9.54286], "rotation": 180, "texture": "#0"},
				"west": {"uv": [3.42857, 9.14286, 4.42857, 9.54286], "rotation": 180, "texture": "#0"},
				"up": {"uv": [3.42857, 9.14286, 4.28571, 9.14286], "rotation": 180, "texture": "#0"},
				"down": {"uv": [3.42857, 9.14286, 4.28571, 9.14286], "rotation": 180, "texture": "#0"}
			}
		},
		{
			"from": [3, 7.8, 8.86667],
			"to": [9, 8.6, 9.36667],
			"rotation": {"angle": -22.5, "axis": "z", "origin": [9, 8.2, 8.16667]},
			"faces": {
				"north": {"uv": [4.57143, 8, 5.42857, 8.4], "rotation": 180, "texture": "#0"},
				"east": {"uv": [4.57143, 8, 5.57143, 8.4], "rotation": 180, "texture": "#0"},
				"south": {"uv": [4.57143, 8, 5.42857, 8.4], "rotation": 180, "texture": "#0"},
				"west": {"uv": [4.57143, 8, 5.57143, 8.4], "rotation": 180, "texture": "#0"},
				"up": {"uv": [4.57143, 8, 5.42857, 8], "rotation": 180, "texture": "#0"},
				"down": {"uv": [4.57143, 8, 5.42857, 8], "rotation": 180, "texture": "#0"}
			}
		},
		{
			"from": [3, 8.4, 8.66667],
			"to": [9, 9.2, 9.36667],
			"rotation": {"angle": -22.5, "axis": "z", "origin": [9, 8.2, 8.16667]},
			"faces": {
				"north": {"uv": [4.57143, 8, 5.42857, 8.4], "rotation": 180, "texture": "#0"},
				"east": {"uv": [4.57143, 8, 5.57143, 8.4], "rotation": 180, "texture": "#0"},
				"south": {"uv": [4.57143, 8, 5.42857, 8.4], "rotation": 180, "texture": "#0"},
				"west": {"uv": [4.57143, 8, 5.57143, 8.4], "rotation": 180, "texture": "#0"},
				"up": {"uv": [4.57143, 8, 5.42857, 8], "rotation": 180, "texture": "#0"},
				"down": {"uv": [4.57143, 8, 5.42857, 8], "rotation": 180, "texture": "#0"}
			}
		},
		{
			"from": [3, 7.2, 8.66667],
			"to": [9, 8, 9.36667],
			"rotation": {"angle": -22.5, "axis": "z", "origin": [9, 8.2, 8.16667]},
			"faces": {
				"north": {"uv": [4.57143, 8, 5.42857, 8.4], "rotation": 180, "texture": "#0"},
				"east": {"uv": [4.57143, 8, 5.57143, 8.4], "rotation": 180, "texture": "#0"},
				"south": {"uv": [4.57143, 8, 5.42857, 8.4], "rotation": 180, "texture": "#0"},
				"west": {"uv": [4.57143, 8, 5.57143, 8.4], "rotation": 180, "texture": "#0"},
				"up": {"uv": [4.57143, 8, 5.42857, 8], "rotation": 180, "texture": "#0"},
				"down": {"uv": [4.57143, 8, 5.42857, 8], "rotation": 180, "texture": "#0"}
			}
		},
		{
			"from": [4.6, 10.2, 8.66667],
			"to": [5.6, 11.2, 9.36667],
			"rotation": {"angle": 22.5, "axis": "z", "origin": [9, 8.2, 8.16667]},
			"faces": {
				"north": {"uv": [4.57143, 8, 5.42857, 8.4], "rotation": 180, "texture": "#0"},
				"east": {"uv": [4.57143, 8, 5.57143, 8.4], "rotation": 180, "texture": "#0"},
				"south": {"uv": [4.57143, 8, 5.42857, 8.4], "rotation": 180, "texture": "#0"},
				"west": {"uv": [4.57143, 8, 5.57143, 8.4], "rotation": 180, "texture": "#0"},
				"up": {"uv": [4.57143, 8, 5.42857, 8], "rotation": 180, "texture": "#0"},
				"down": {"uv": [4.57143, 8, 5.42857, 8], "rotation": 180, "texture": "#0"}
			}
		},
		{
			"from": [6, 11.6, 8.66667],
			"to": [7, 12.6, 9.36667],
			"rotation": {"angle": 22.5, "axis": "z", "origin": [9, 8.2, 8.16667]},
			"faces": {
				"north": {"uv": [4.57143, 8, 5.42857, 8.4], "rotation": 180, "texture": "#0"},
				"east": {"uv": [4.57143, 8, 5.57143, 8.4], "rotation": 180, "texture": "#0"},
				"south": {"uv": [4.57143, 8, 5.42857, 8.4], "rotation": 180, "texture": "#0"},
				"west": {"uv": [4.57143, 8, 5.57143, 8.4], "rotation": 180, "texture": "#0"},
				"up": {"uv": [4.57143, 8, 5.42857, 8], "rotation": 180, "texture": "#0"},
				"down": {"uv": [4.57143, 8, 5.42857, 8], "rotation": 180, "texture": "#0"}
			}
		},
		{
			"from": [7, 10.6, 8.66667],
			"to": [8, 12.6, 9.36667],
			"rotation": {"angle": 22.5, "axis": "z", "origin": [9, 8.2, 8.16667]},
			"faces": {
				"north": {"uv": [4.57143, 8, 5.42857, 8.4], "rotation": 180, "texture": "#0"},
				"east": {"uv": [4.57143, 8, 5.57143, 8.4], "rotation": 180, "texture": "#0"},
				"south": {"uv": [4.57143, 8, 5.42857, 8.4], "rotation": 180, "texture": "#0"},
				"west": {"uv": [4.57143, 8, 5.57143, 8.4], "rotation": 180, "texture": "#0"},
				"up": {"uv": [4.57143, 8, 5.42857, 8], "rotation": 180, "texture": "#0"},
				"down": {"uv": [4.57143, 8, 5.42857, 8], "rotation": 180, "texture": "#0"}
			}
		},
		{
			"from": [7.6, 10, 8.66667],
			"to": [8.6, 13, 9.36667],
			"rotation": {"angle": 22.5, "axis": "z", "origin": [9, 8.2, 8.16667]},
			"faces": {
				"north": {"uv": [4.57143, 8, 5.42857, 8.4], "rotation": 180, "texture": "#0"},
				"east": {"uv": [4.57143, 8, 5.57143, 8.4], "rotation": 180, "texture": "#0"},
				"south": {"uv": [4.57143, 8, 5.42857, 8.4], "rotation": 180, "texture": "#0"},
				"west": {"uv": [4.57143, 8, 5.57143, 8.4], "rotation": 180, "texture": "#0"},
				"up": {"uv": [4.57143, 8, 5.42857, 8], "rotation": 180, "texture": "#0"},
				"down": {"uv": [4.57143, 8, 5.42857, 8], "rotation": 180, "texture": "#0"}
			}
		},
		{
			"from": [4.6, 9.2, 8.66667],
			"to": [6.6, 10.2, 9.36667],
			"rotation": {"angle": 22.5, "axis": "z", "origin": [9, 8.2, 8.16667]},
			"faces": {
				"north": {"uv": [4.57143, 8, 5.42857, 8.4], "rotation": 180, "texture": "#0"},
				"east": {"uv": [4.57143, 8, 5.57143, 8.4], "rotation": 180, "texture": "#0"},
				"south": {"uv": [4.57143, 8, 5.42857, 8.4], "rotation": 180, "texture": "#0"},
				"west": {"uv": [4.57143, 8, 5.57143, 8.4], "rotation": 180, "texture": "#0"},
				"up": {"uv": [4.57143, 8, 5.42857, 8], "rotation": 180, "texture": "#0"},
				"down": {"uv": [4.57143, 8, 5.42857, 8], "rotation": 180, "texture": "#0"}
			}
		},
		{
			"from": [4.6, 8.6, 8.66667],
			"to": [7.2, 9.6, 9.36667],
			"rotation": {"angle": 22.5, "axis": "z", "origin": [9, 8.2, 8.16667]},
			"faces": {
				"north": {"uv": [4.57143, 8, 5.42857, 8.4], "rotation": 180, "texture": "#0"},
				"east": {"uv": [4.57143, 8, 5.57143, 8.4], "rotation": 180, "texture": "#0"},
				"south": {"uv": [4.57143, 8, 5.42857, 8.4], "rotation": 180, "texture": "#0"},
				"west": {"uv": [4.57143, 8, 5.57143, 8.4], "rotation": 180, "texture": "#0"},
				"up": {"uv": [4.57143, 8, 5.42857, 8], "rotation": 180, "texture": "#0"},
				"down": {"uv": [4.57143, 8, 5.42857, 8], "rotation": 180, "texture": "#0"}
			}
		},
		{
			"from": [4, 12.4, 8.66667],
			"to": [8.6, 13.2, 9.36667],
			"rotation": {"angle": 22.5, "axis": "z", "origin": [9, 8.2, 8.16667]},
			"faces": {
				"north": {"uv": [4.57143, 8, 5.42857, 8.4], "rotation": 180, "texture": "#0"},
				"east": {"uv": [4.57143, 8, 5.57143, 8.4], "rotation": 180, "texture": "#0"},
				"south": {"uv": [4.57143, 8, 5.42857, 8.4], "rotation": 180, "texture": "#0"},
				"west": {"uv": [4.57143, 8, 5.57143, 8.4], "rotation": 180, "texture": "#0"},
				"up": {"uv": [4.57143, 8, 5.42857, 8], "rotation": 180, "texture": "#0"},
				"down": {"uv": [4.57143, 8, 5.42857, 8], "rotation": 180, "texture": "#0"}
			}
		},
		{
			"from": [4, 8.6, 8.66667],
			"to": [4.8, 13.2, 9.36667],
			"rotation": {"angle": 22.5, "axis": "z", "origin": [9, 8.2, 8.16667]},
			"faces": {
				"north": {"uv": [4.57143, 8, 5.42857, 8.4], "rotation": 90, "texture": "#0"},
				"east": {"uv": [4.57143, 8, 5.42857, 8], "rotation": 270, "texture": "#0"},
				"south": {"uv": [4.57143, 8, 5.42857, 8.4], "rotation": 270, "texture": "#0"},
				"west": {"uv": [4.57143, 8, 5.42857, 8], "rotation": 270, "texture": "#0"},
				"up": {"uv": [4.57143, 8, 5.57143, 8.4], "rotation": 270, "texture": "#0"},
				"down": {"uv": [4.57143, 8, 5.57143, 8.4], "rotation": 270, "texture": "#0"}
			}
		},
		{
			"from": [4.8, 11.4, 8.71667],
			"to": [5.8, 12.4, 9.01667],
			"rotation": {"angle": 22.5, "axis": "z", "origin": [9, 8.2, 8.16667]},
			"faces": {
				"north": {"uv": [5.71429, 8, 6.57143, 8.4], "rotation": 180, "texture": "#0"},
				"east": {"uv": [5.71429, 8, 6.71429, 8.4], "rotation": 180, "texture": "#0"},
				"south": {"uv": [5.71429, 8, 6.57143, 8.4], "rotation": 180, "texture": "#0"},
				"west": {"uv": [5.71429, 8, 6.71429, 8.4], "rotation": 180, "texture": "#0"},
				"up": {"uv": [5.71429, 8, 6.57143, 8], "rotation": 180, "texture": "#0"},
				"down": {"uv": [5.71429, 8, 6.57143, 8], "rotation": 180, "texture": "#0"}
			}
		},
		{
			"from": [9, 7.8, 8.76667],
			"to": [15, 8.6, 8.86667],
			"rotation": {"angle": 22.5, "axis": "z", "origin": [9, 8.2, 8.16667]},
			"faces": {
				"north": {"uv": [3.42857, 9.14286, 4.28571, 9.54286], "texture": "#0"},
				"east": {"uv": [3.42857, 9.14286, 4.42857, 9.54286], "texture": "#0"},
				"south": {"uv": [3.42857, 9.14286, 4.28571, 9.54286], "texture": "#0"},
				"west": {"uv": [3.42857, 9.14286, 4.42857, 9.54286], "texture": "#0"},
				"up": {"uv": [3.42857, 9.14286, 4.28571, 9.14286], "texture": "#0"},
				"down": {"uv": [3.42857, 9.14286, 4.28571, 9.14286], "texture": "#0"}
			}
		},
		{
			"from": [9, 7.8, 8.86667],
			"to": [15, 8.6, 9.36667],
			"rotation": {"angle": 22.5, "axis": "z", "origin": [9, 8.2, 8.16667]},
			"faces": {
				"north": {"uv": [4.57143, 8, 5.42857, 8.4], "texture": "#0"},
				"east": {"uv": [4.57143, 8, 5.57143, 8.4], "texture": "#0"},
				"south": {"uv": [4.57143, 8, 5.42857, 8.4], "texture": "#0"},
				"west": {"uv": [4.57143, 8, 5.57143, 8.4], "texture": "#0"},
				"up": {"uv": [4.57143, 8, 5.42857, 8], "texture": "#0"},
				"down": {"uv": [4.57143, 8, 5.42857, 8], "texture": "#0"}
			}
		},
		{
			"from": [9, 7.2, 8.66667],
			"to": [15, 8, 9.36667],
			"rotation": {"angle": 22.5, "axis": "z", "origin": [9, 8.2, 8.16667]},
			"faces": {
				"north": {"uv": [4.57143, 8, 5.42857, 8.4], "texture": "#0"},
				"east": {"uv": [4.57143, 8, 5.57143, 8.4], "texture": "#0"},
				"south": {"uv": [4.57143, 8, 5.42857, 8.4], "texture": "#0"},
				"west": {"uv": [4.57143, 8, 5.57143, 8.4], "texture": "#0"},
				"up": {"uv": [4.57143, 8, 5.42857, 8], "texture": "#0"},
				"down": {"uv": [4.57143, 8, 5.42857, 8], "texture": "#0"}
			}
		},
		{
			"from": [9, 8.4, 8.66667],
			"to": [15, 9.2, 9.36667],
			"rotation": {"angle": 22.5, "axis": "z", "origin": [9, 8.2, 8.16667]},
			"faces": {
				"north": {"uv": [4.57143, 8, 5.42857, 8.4], "texture": "#0"},
				"east": {"uv": [4.57143, 8, 5.57143, 8.4], "texture": "#0"},
				"south": {"uv": [4.57143, 8, 5.42857, 8.4], "texture": "#0"},
				"west": {"uv": [4.57143, 8, 5.57143, 8.4], "texture": "#0"},
				"up": {"uv": [4.57143, 8, 5.42857, 8], "texture": "#0"},
				"down": {"uv": [4.57143, 8, 5.42857, 8], "texture": "#0"}
			}
		},
		{
			"from": [11, 11.6, 8.66667],
			"to": [12, 12.6, 9.36667],
			"rotation": {"angle": -22.5, "axis": "z", "origin": [9, 8.2, 8.16667]},
			"faces": {
				"north": {"uv": [4.57143, 8, 5.42857, 8.4], "rotation": 90, "texture": "#0"},
				"east": {"uv": [4.57143, 8, 5.42857, 8], "rotation": 270, "texture": "#0"},
				"south": {"uv": [4.57143, 8, 5.42857, 8.4], "rotation": 270, "texture": "#0"},
				"west": {"uv": [4.57143, 8, 5.42857, 8], "rotation": 270, "texture": "#0"},
				"up": {"uv": [4.57143, 8, 5.57143, 8.4], "rotation": 270, "texture": "#0"},
				"down": {"uv": [4.57143, 8, 5.57143, 8.4], "rotation": 270, "texture": "#0"}
			}
		},
		{
			"from": [12.4, 10.2, 8.66667],
			"to": [13.4, 11.2, 9.36667],
			"rotation": {"angle": -22.5, "axis": "z", "origin": [9, 8.2, 8.16667]},
			"faces": {
				"north": {"uv": [4.57143, 8, 5.42857, 8.4], "rotation": 90, "texture": "#0"},
				"east": {"uv": [4.57143, 8, 5.42857, 8], "rotation": 270, "texture": "#0"},
				"south": {"uv": [4.57143, 8, 5.42857, 8.4], "rotation": 270, "texture": "#0"},
				"west": {"uv": [4.57143, 8, 5.42857, 8], "rotation": 270, "texture": "#0"},
				"up": {"uv": [4.57143, 8, 5.57143, 8.4], "rotation": 270, "texture": "#0"},
				"down": {"uv": [4.57143, 8, 5.57143, 8.4], "rotation": 270, "texture": "#0"}
			}
		},
		{
			"from": [11.4, 9.2, 8.66667],
			"to": [13.4, 10.2, 9.36667],
			"rotation": {"angle": -22.5, "axis": "z", "origin": [9, 8.2, 8.16667]},
			"faces": {
				"north": {"uv": [4.57143, 8, 5.42857, 8.4], "rotation": 90, "texture": "#0"},
				"east": {"uv": [4.57143, 8, 5.42857, 8], "rotation": 270, "texture": "#0"},
				"south": {"uv": [4.57143, 8, 5.42857, 8.4], "rotation": 270, "texture": "#0"},
				"west": {"uv": [4.57143, 8, 5.42857, 8], "rotation": 270, "texture": "#0"},
				"up": {"uv": [4.57143, 8, 5.57143, 8.4], "rotation": 270, "texture": "#0"},
				"down": {"uv": [4.57143, 8, 5.57143, 8.4], "rotation": 270, "texture": "#0"}
			}
		},
		{
			"from": [10.8, 8.6, 8.66667],
			"to": [13.8, 9.6, 9.36667],
			"rotation": {"angle": -22.5, "axis": "z", "origin": [9, 8.2, 8.16667]},
			"faces": {
				"north": {"uv": [4.57143, 8, 5.42857, 8.4], "rotation": 90, "texture": "#0"},
				"east": {"uv": [4.57143, 8, 5.42857, 8], "rotation": 270, "texture": "#0"},
				"south": {"uv": [4.57143, 8, 5.42857, 8.4], "rotation": 270, "texture": "#0"},
				"west": {"uv": [4.57143, 8, 5.42857, 8], "rotation": 270, "texture": "#0"},
				"up": {"uv": [4.57143, 8, 5.57143, 8.4], "rotation": 270, "texture": "#0"},
				"down": {"uv": [4.57143, 8, 5.57143, 8.4], "rotation": 270, "texture": "#0"}
			}
		},
		{
			"from": [10, 10.6, 8.66667],
			"to": [11, 12.6, 9.36667],
			"rotation": {"angle": -22.5, "axis": "z", "origin": [9, 8.2, 8.16667]},
			"faces": {
				"north": {"uv": [4.57143, 8, 5.42857, 8.4], "rotation": 90, "texture": "#0"},
				"east": {"uv": [4.57143, 8, 5.42857, 8], "rotation": 270, "texture": "#0"},
				"south": {"uv": [4.57143, 8, 5.42857, 8.4], "rotation": 270, "texture": "#0"},
				"west": {"uv": [4.57143, 8, 5.42857, 8], "rotation": 270, "texture": "#0"},
				"up": {"uv": [4.57143, 8, 5.57143, 8.4], "rotation": 270, "texture": "#0"},
				"down": {"uv": [4.57143, 8, 5.57143, 8.4], "rotation": 270, "texture": "#0"}
			}
		},
		{
			"from": [9.4, 10, 8.66667],
			"to": [10.4, 12.6, 9.36667],
			"rotation": {"angle": -22.5, "axis": "z", "origin": [9, 8.2, 8.16667]},
			"faces": {
				"north": {"uv": [4.57143, 8, 5.42857, 8.4], "rotation": 90, "texture": "#0"},
				"east": {"uv": [4.57143, 8, 5.42857, 8], "rotation": 270, "texture": "#0"},
				"south": {"uv": [4.57143, 8, 5.42857, 8.4], "rotation": 270, "texture": "#0"},
				"west": {"uv": [4.57143, 8, 5.42857, 8], "rotation": 270, "texture": "#0"},
				"up": {"uv": [4.57143, 8, 5.57143, 8.4], "rotation": 270, "texture": "#0"},
				"down": {"uv": [4.57143, 8, 5.57143, 8.4], "rotation": 270, "texture": "#0"}
			}
		},
		{
			"from": [13.2, 8.6, 8.66667],
			"to": [14, 13.2, 9.36667],
			"rotation": {"angle": -22.5, "axis": "z", "origin": [9, 8.2, 8.16667]},
			"faces": {
				"north": {"uv": [4.57143, 8, 5.42857, 8.4], "rotation": 90, "texture": "#0"},
				"east": {"uv": [4.57143, 8, 5.42857, 8], "rotation": 270, "texture": "#0"},
				"south": {"uv": [4.57143, 8, 5.42857, 8.4], "rotation": 270, "texture": "#0"},
				"west": {"uv": [4.57143, 8, 5.42857, 8], "rotation": 270, "texture": "#0"},
				"up": {"uv": [4.57143, 8, 5.57143, 8.4], "rotation": 270, "texture": "#0"},
				"down": {"uv": [4.57143, 8, 5.57143, 8.4], "rotation": 270, "texture": "#0"}
			}
		},
		{
			"from": [9.4, 12.4, 8.66667],
			"to": [14, 13.2, 9.36667],
			"rotation": {"angle": -22.5, "axis": "z", "origin": [9, 8.2, 8.16667]},
			"faces": {
				"north": {"uv": [4.57143, 8, 5.42857, 8.4], "texture": "#0"},
				"east": {"uv": [4.57143, 8, 5.57143, 8.4], "texture": "#0"},
				"south": {"uv": [4.57143, 8, 5.42857, 8.4], "texture": "#0"},
				"west": {"uv": [4.57143, 8, 5.57143, 8.4], "texture": "#0"},
				"up": {"uv": [4.57143, 8, 5.42857, 8], "texture": "#0"},
				"down": {"uv": [4.57143, 8, 5.42857, 8], "texture": "#0"}
			}
		},
		{
			"from": [12.2, 11.4, 8.71667],
			"to": [13.2, 12.4, 9.01667],
			"rotation": {"angle": -22.5, "axis": "z", "origin": [9, 8.2, 8.16667]},
			"faces": {
				"north": {"uv": [5.71429, 8, 6.57143, 8.4], "rotation": 90, "texture": "#0"},
				"east": {"uv": [5.71429, 8, 6.57143, 8], "rotation": 270, "texture": "#0"},
				"south": {"uv": [5.71429, 8, 6.57143, 8.4], "rotation": 270, "texture": "#0"},
				"west": {"uv": [5.71429, 8, 6.57143, 8], "rotation": 270, "texture": "#0"},
				"up": {"uv": [5.71429, 8, 6.71429, 8.4], "rotation": 270, "texture": "#0"},
				"down": {"uv": [5.71429, 8, 6.71429, 8.4], "rotation": 270, "texture": "#0"}
			}
		},
		{
			"from": [9, 7.8, 8.76667],
			"to": [15, 8.6, 8.86667],
			"rotation": {"angle": -22.5, "axis": "z", "origin": [9, 8.2, 8.16667]},
			"faces": {
				"north": {"uv": [3.42857, 9.14286, 4.28571, 9.54286], "texture": "#0"},
				"east": {"uv": [3.42857, 9.14286, 4.42857, 9.54286], "texture": "#0"},
				"south": {"uv": [3.42857, 9.14286, 4.28571, 9.54286], "texture": "#0"},
				"west": {"uv": [3.42857, 9.14286, 4.42857, 9.54286], "texture": "#0"},
				"up": {"uv": [3.42857, 9.14286, 4.28571, 9.14286], "texture": "#0"},
				"down": {"uv": [3.42857, 9.14286, 4.28571, 9.14286], "texture": "#0"}
			}
		},
		{
			"from": [9, 7.8, 8.86667],
			"to": [15, 8.6, 9.36667],
			"rotation": {"angle": -22.5, "axis": "z", "origin": [9, 8.2, 8.16667]},
			"faces": {
				"north": {"uv": [4.57143, 8, 5.42857, 8.4], "texture": "#0"},
				"east": {"uv": [4.57143, 8, 5.57143, 8.4], "texture": "#0"},
				"south": {"uv": [4.57143, 8, 5.42857, 8.4], "texture": "#0"},
				"west": {"uv": [4.57143, 8, 5.57143, 8.4], "texture": "#0"},
				"up": {"uv": [4.57143, 8, 5.42857, 8], "texture": "#0"},
				"down": {"uv": [4.57143, 8, 5.42857, 8], "texture": "#0"}
			}
		},
		{
			"from": [9, 7.2, 8.66667],
			"to": [15, 8, 9.36667],
			"rotation": {"angle": -22.5, "axis": "z", "origin": [9, 8.2, 8.16667]},
			"faces": {
				"north": {"uv": [4.57143, 8, 5.42857, 8.4], "texture": "#0"},
				"east": {"uv": [4.57143, 8, 5.57143, 8.4], "texture": "#0"},
				"south": {"uv": [4.57143, 8, 5.42857, 8.4], "texture": "#0"},
				"west": {"uv": [4.57143, 8, 5.57143, 8.4], "texture": "#0"},
				"up": {"uv": [4.57143, 8, 5.42857, 8], "texture": "#0"},
				"down": {"uv": [4.57143, 8, 5.42857, 8], "texture": "#0"}
			}
		},
		{
			"from": [9, 8.4, 8.66667],
			"to": [15, 9.2, 9.36667],
			"rotation": {"angle": -22.5, "axis": "z", "origin": [9, 8.2, 8.16667]},
			"faces": {
				"north": {"uv": [4.57143, 8, 5.42857, 8.4], "texture": "#0"},
				"east": {"uv": [4.57143, 8, 5.57143, 8.4], "texture": "#0"},
				"south": {"uv": [4.57143, 8, 5.42857, 8.4], "texture": "#0"},
				"west": {"uv": [4.57143, 8, 5.57143, 8.4], "texture": "#0"},
				"up": {"uv": [4.57143, 8, 5.42857, 8], "texture": "#0"},
				"down": {"uv": [4.57143, 8, 5.42857, 8], "texture": "#0"}
			}
		},
		{
			"from": [12.4, 5.2, 8.66667],
			"to": [13.4, 6.2, 9.36667],
			"rotation": {"angle": 22.5, "axis": "z", "origin": [9, 8.2, 8.16667]},
			"faces": {
				"north": {"uv": [4.57143, 8, 5.42857, 8.4], "texture": "#0"},
				"east": {"uv": [4.57143, 8, 5.57143, 8.4], "texture": "#0"},
				"south": {"uv": [4.57143, 8, 5.42857, 8.4], "texture": "#0"},
				"west": {"uv": [4.57143, 8, 5.57143, 8.4], "texture": "#0"},
				"up": {"uv": [4.57143, 8, 5.42857, 8], "texture": "#0"},
				"down": {"uv": [4.57143, 8, 5.42857, 8], "texture": "#0"}
			}
		},
		{
			"from": [11, 3.8, 8.66667],
			"to": [12, 4.8, 9.36667],
			"rotation": {"angle": 22.5, "axis": "z", "origin": [9, 8.2, 8.16667]},
			"faces": {
				"north": {"uv": [4.57143, 8, 5.42857, 8.4], "texture": "#0"},
				"east": {"uv": [4.57143, 8, 5.57143, 8.4], "texture": "#0"},
				"south": {"uv": [4.57143, 8, 5.42857, 8.4], "texture": "#0"},
				"west": {"uv": [4.57143, 8, 5.57143, 8.4], "texture": "#0"},
				"up": {"uv": [4.57143, 8, 5.42857, 8], "texture": "#0"},
				"down": {"uv": [4.57143, 8, 5.42857, 8], "texture": "#0"}
			}
		},
		{
			"from": [10, 3.8, 8.66667],
			"to": [11, 5.8, 9.36667],
			"rotation": {"angle": 22.5, "axis": "z", "origin": [9, 8.2, 8.16667]},
			"faces": {
				"north": {"uv": [4.57143, 8, 5.42857, 8.4], "texture": "#0"},
				"east": {"uv": [4.57143, 8, 5.57143, 8.4], "texture": "#0"},
				"south": {"uv": [4.57143, 8, 5.42857, 8.4], "texture": "#0"},
				"west": {"uv": [4.57143, 8, 5.57143, 8.4], "texture": "#0"},
				"up": {"uv": [4.57143, 8, 5.42857, 8], "texture": "#0"},
				"down": {"uv": [4.57143, 8, 5.42857, 8], "texture": "#0"}
			}
		},
		{
			"from": [9.4, 3.4, 8.66667],
			"to": [10.4, 6.4, 9.36667],
			"rotation": {"angle": 22.5, "axis": "z", "origin": [9, 8.2, 8.16667]},
			"faces": {
				"north": {"uv": [4.57143, 8, 5.42857, 8.4], "texture": "#0"},
				"east": {"uv": [4.57143, 8, 5.57143, 8.4], "texture": "#0"},
				"south": {"uv": [4.57143, 8, 5.42857, 8.4], "texture": "#0"},
				"west": {"uv": [4.57143, 8, 5.57143, 8.4], "texture": "#0"},
				"up": {"uv": [4.57143, 8, 5.42857, 8], "texture": "#0"},
				"down": {"uv": [4.57143, 8, 5.42857, 8], "texture": "#0"}
			}
		},
		{
			"from": [11.4, 6.2, 8.66667],
			"to": [13.4, 7.2, 9.36667],
			"rotation": {"angle": 22.5, "axis": "z", "origin": [9, 8.2, 8.16667]},
			"faces": {
				"north": {"uv": [4.57143, 8, 5.42857, 8.4], "texture": "#0"},
				"east": {"uv": [4.57143, 8, 5.57143, 8.4], "texture": "#0"},
				"south": {"uv": [4.57143, 8, 5.42857, 8.4], "texture": "#0"},
				"west": {"uv": [4.57143, 8, 5.57143, 8.4], "texture": "#0"},
				"up": {"uv": [4.57143, 8, 5.42857, 8], "texture": "#0"},
				"down": {"uv": [4.57143, 8, 5.42857, 8], "texture": "#0"}
			}
		},
		{
			"from": [10.8, 6.8, 8.66667],
			"to": [13.4, 7.8, 9.36667],
			"rotation": {"angle": 22.5, "axis": "z", "origin": [9, 8.2, 8.16667]},
			"faces": {
				"north": {"uv": [4.57143, 8, 5.42857, 8.4], "texture": "#0"},
				"east": {"uv": [4.57143, 8, 5.57143, 8.4], "texture": "#0"},
				"south": {"uv": [4.57143, 8, 5.42857, 8.4], "texture": "#0"},
				"west": {"uv": [4.57143, 8, 5.57143, 8.4], "texture": "#0"},
				"up": {"uv": [4.57143, 8, 5.42857, 8], "texture": "#0"},
				"down": {"uv": [4.57143, 8, 5.42857, 8], "texture": "#0"}
			}
		},
		{
			"from": [9.4, 3.2, 8.66667],
			"to": [14, 4, 9.36667],
			"rotation": {"angle": 22.5, "axis": "z", "origin": [9, 8.2, 8.16667]},
			"faces": {
				"north": {"uv": [4.57143, 8, 5.42857, 8.4], "texture": "#0"},
				"east": {"uv": [4.57143, 8, 5.57143, 8.4], "texture": "#0"},
				"south": {"uv": [4.57143, 8, 5.42857, 8.4], "texture": "#0"},
				"west": {"uv": [4.57143, 8, 5.57143, 8.4], "texture": "#0"},
				"up": {"uv": [4.57143, 8, 5.42857, 8], "texture": "#0"},
				"down": {"uv": [4.57143, 8, 5.42857, 8], "texture": "#0"}
			}
		},
		{
			"from": [13.2, 3.2, 8.66667],
			"to": [14, 7.8, 9.36667],
			"rotation": {"angle": 22.5, "axis": "z", "origin": [9, 8.2, 8.16667]},
			"faces": {
				"north": {"uv": [4.57143, 8, 5.42857, 8.4], "rotation": 270, "texture": "#0"},
				"east": {"uv": [4.57143, 8, 5.42857, 8], "rotation": 90, "texture": "#0"},
				"south": {"uv": [4.57143, 8, 5.42857, 8.4], "rotation": 90, "texture": "#0"},
				"west": {"uv": [4.57143, 8, 5.42857, 8], "rotation": 90, "texture": "#0"},
				"up": {"uv": [4.57143, 8, 5.57143, 8.4], "rotation": 90, "texture": "#0"},
				"down": {"uv": [4.57143, 8, 5.57143, 8.4], "rotation": 90, "texture": "#0"}
			}
		},
		{
			"from": [12.2, 4, 8.71667],
			"to": [13.2, 5, 9.01667],
			"rotation": {"angle": 22.5, "axis": "z", "origin": [9, 8.2, 8.16667]},
			"faces": {
				"north": {"uv": [5.71429, 8, 6.57143, 8.4], "texture": "#0"},
				"east": {"uv": [5.71429, 8, 6.71429, 8.4], "texture": "#0"},
				"south": {"uv": [5.71429, 8, 6.57143, 8.4], "texture": "#0"},
				"west": {"uv": [5.71429, 8, 6.71429, 8.4], "texture": "#0"},
				"up": {"uv": [5.71429, 8, 6.57143, 8], "texture": "#0"},
				"down": {"uv": [5.71429, 8, 6.57143, 8], "texture": "#0"}
			}
		},
		{
			"from": [3, 7.8, 8.76667],
			"to": [9, 8.6, 8.86667],
			"rotation": {"angle": 22.5, "axis": "z", "origin": [9, 8.2, 8.16667]},
			"faces": {
				"north": {"uv": [3.42857, 9.14286, 4.28571, 9.54286], "rotation": 180, "texture": "#0"},
				"east": {"uv": [3.42857, 9.14286, 4.42857, 9.54286], "rotation": 180, "texture": "#0"},
				"south": {"uv": [3.42857, 9.14286, 4.28571, 9.54286], "rotation": 180, "texture": "#0"},
				"west": {"uv": [3.42857, 9.14286, 4.42857, 9.54286], "rotation": 180, "texture": "#0"},
				"up": {"uv": [3.42857, 9.14286, 4.28571, 9.14286], "rotation": 180, "texture": "#0"},
				"down": {"uv": [3.42857, 9.14286, 4.28571, 9.14286], "rotation": 180, "texture": "#0"}
			}
		},
		{
			"from": [3, 7.8, 8.86667],
			"to": [9, 8.6, 9.36667],
			"rotation": {"angle": 22.5, "axis": "z", "origin": [9, 8.2, 8.16667]},
			"faces": {
				"north": {"uv": [4.57143, 8, 5.42857, 8.4], "rotation": 180, "texture": "#0"},
				"east": {"uv": [4.57143, 8, 5.57143, 8.4], "rotation": 180, "texture": "#0"},
				"south": {"uv": [4.57143, 8, 5.42857, 8.4], "rotation": 180, "texture": "#0"},
				"west": {"uv": [4.57143, 8, 5.57143, 8.4], "rotation": 180, "texture": "#0"},
				"up": {"uv": [4.57143, 8, 5.42857, 8], "rotation": 180, "texture": "#0"},
				"down": {"uv": [4.57143, 8, 5.42857, 8], "rotation": 180, "texture": "#0"}
			}
		},
		{
			"from": [3, 8.4, 8.66667],
			"to": [9, 9.2, 9.36667],
			"rotation": {"angle": 22.5, "axis": "z", "origin": [9, 8.2, 8.16667]},
			"faces": {
				"north": {"uv": [4.57143, 8, 5.42857, 8.4], "rotation": 180, "texture": "#0"},
				"east": {"uv": [4.57143, 8, 5.57143, 8.4], "rotation": 180, "texture": "#0"},
				"south": {"uv": [4.57143, 8, 5.42857, 8.4], "rotation": 180, "texture": "#0"},
				"west": {"uv": [4.57143, 8, 5.57143, 8.4], "rotation": 180, "texture": "#0"},
				"up": {"uv": [4.57143, 8, 5.42857, 8], "rotation": 180, "texture": "#0"},
				"down": {"uv": [4.57143, 8, 5.42857, 8], "rotation": 180, "texture": "#0"}
			}
		},
		{
			"from": [3, 7.2, 8.66667],
			"to": [9, 8, 9.36667],
			"rotation": {"angle": 22.5, "axis": "z", "origin": [9, 8.2, 8.16667]},
			"faces": {
				"north": {"uv": [4.57143, 8, 5.42857, 8.4], "rotation": 180, "texture": "#0"},
				"east": {"uv": [4.57143, 8, 5.57143, 8.4], "rotation": 180, "texture": "#0"},
				"south": {"uv": [4.57143, 8, 5.42857, 8.4], "rotation": 180, "texture": "#0"},
				"west": {"uv": [4.57143, 8, 5.57143, 8.4], "rotation": 180, "texture": "#0"},
				"up": {"uv": [4.57143, 8, 5.42857, 8], "rotation": 180, "texture": "#0"},
				"down": {"uv": [4.57143, 8, 5.42857, 8], "rotation": 180, "texture": "#0"}
			}
		},
		{
			"from": [6, 3.8, 8.66667],
			"to": [7, 4.8, 9.36667],
			"rotation": {"angle": -22.5, "axis": "z", "origin": [9, 8.2, 8.16667]},
			"faces": {
				"north": {"uv": [4.57143, 8, 5.42857, 8.4], "rotation": 270, "texture": "#0"},
				"east": {"uv": [4.57143, 8, 5.42857, 8], "rotation": 90, "texture": "#0"},
				"south": {"uv": [4.57143, 8, 5.42857, 8.4], "rotation": 90, "texture": "#0"},
				"west": {"uv": [4.57143, 8, 5.42857, 8], "rotation": 90, "texture": "#0"},
				"up": {"uv": [4.57143, 8, 5.57143, 8.4], "rotation": 90, "texture": "#0"},
				"down": {"uv": [4.57143, 8, 5.57143, 8.4], "rotation": 90, "texture": "#0"}
			}
		},
		{
			"from": [4.6, 5.2, 8.66667],
			"to": [5.6, 6.2, 9.36667],
			"rotation": {"angle": -22.5, "axis": "z", "origin": [9, 8.2, 8.16667]},
			"faces": {
				"north": {"uv": [4.57143, 8, 5.42857, 8.4], "rotation": 270, "texture": "#0"},
				"east": {"uv": [4.57143, 8, 5.42857, 8], "rotation": 90, "texture": "#0"},
				"south": {"uv": [4.57143, 8, 5.42857, 8.4], "rotation": 90, "texture": "#0"},
				"west": {"uv": [4.57143, 8, 5.42857, 8], "rotation": 90, "texture": "#0"},
				"up": {"uv": [4.57143, 8, 5.57143, 8.4], "rotation": 90, "texture": "#0"},
				"down": {"uv": [4.57143, 8, 5.57143, 8.4], "rotation": 90, "texture": "#0"}
			}
		},
		{
			"from": [4.6, 6.2, 8.66667],
			"to": [6.6, 7.2, 9.36667],
			"rotation": {"angle": -22.5, "axis": "z", "origin": [9, 8.2, 8.16667]},
			"faces": {
				"north": {"uv": [4.57143, 8, 5.42857, 8.4], "rotation": 270, "texture": "#0"},
				"east": {"uv": [4.57143, 8, 5.42857, 8], "rotation": 90, "texture": "#0"},
				"south": {"uv": [4.57143, 8, 5.42857, 8.4], "rotation": 90, "texture": "#0"},
				"west": {"uv": [4.57143, 8, 5.42857, 8], "rotation": 90, "texture": "#0"},
				"up": {"uv": [4.57143, 8, 5.57143, 8.4], "rotation": 90, "texture": "#0"},
				"down": {"uv": [4.57143, 8, 5.57143, 8.4], "rotation": 90, "texture": "#0"}
			}
		},
		{
			"from": [4.2, 6.8, 8.66667],
			"to": [7.2, 7.8, 9.36667],
			"rotation": {"angle": -22.5, "axis": "z", "origin": [9, 8.2, 8.16667]},
			"faces": {
				"north": {"uv": [4.57143, 8, 5.42857, 8.4], "rotation": 270, "texture": "#0"},
				"east": {"uv": [4.57143, 8, 5.42857, 8], "rotation": 90, "texture": "#0"},
				"south": {"uv": [4.57143, 8, 5.42857, 8.4], "rotation": 90, "texture": "#0"},
				"west": {"uv": [4.57143, 8, 5.42857, 8], "rotation": 90, "texture": "#0"},
				"up": {"uv": [4.57143, 8, 5.57143, 8.4], "rotation": 90, "texture": "#0"},
				"down": {"uv": [4.57143, 8, 5.57143, 8.4], "rotation": 90, "texture": "#0"}
			}
		},
		{
			"from": [7, 3.8, 8.66667],
			"to": [8, 5.8, 9.36667],
			"rotation": {"angle": -22.5, "axis": "z", "origin": [9, 8.2, 8.16667]},
			"faces": {
				"north": {"uv": [4.57143, 8, 5.42857, 8.4], "rotation": 270, "texture": "#0"},
				"east": {"uv": [4.57143, 8, 5.42857, 8], "rotation": 90, "texture": "#0"},
				"south": {"uv": [4.57143, 8, 5.42857, 8.4], "rotation": 90, "texture": "#0"},
				"west": {"uv": [4.57143, 8, 5.42857, 8], "rotation": 90, "texture": "#0"},
				"up": {"uv": [4.57143, 8, 5.57143, 8.4], "rotation": 90, "texture": "#0"},
				"down": {"uv": [4.57143, 8, 5.57143, 8.4], "rotation": 90, "texture": "#0"}
			}
		},
		{
			"from": [7.6, 3.8, 8.66667],
			"to": [8.6, 6.4, 9.36667],
			"rotation": {"angle": -22.5, "axis": "z", "origin": [9, 8.2, 8.16667]},
			"faces": {
				"north": {"uv": [4.57143, 8, 5.42857, 8.4], "rotation": 270, "texture": "#0"},
				"east": {"uv": [4.57143, 8, 5.42857, 8], "rotation": 90, "texture": "#0"},
				"south": {"uv": [4.57143, 8, 5.42857, 8.4], "rotation": 90, "texture": "#0"},
				"west": {"uv": [4.57143, 8, 5.42857, 8], "rotation": 90, "texture": "#0"},
				"up": {"uv": [4.57143, 8, 5.57143, 8.4], "rotation": 90, "texture": "#0"},
				"down": {"uv": [4.57143, 8, 5.57143, 8.4], "rotation": 90, "texture": "#0"}
			}
		},
		{
			"from": [4, 3.2, 8.66667],
			"to": [4.8, 7.8, 9.36667],
			"rotation": {"angle": -22.5, "axis": "z", "origin": [9, 8.2, 8.16667]},
			"faces": {
				"north": {"uv": [4.57143, 8, 5.42857, 8.4], "rotation": 270, "texture": "#0"},
				"east": {"uv": [4.57143, 8, 5.42857, 8], "rotation": 90, "texture": "#0"},
				"south": {"uv": [4.57143, 8, 5.42857, 8.4], "rotation": 90, "texture": "#0"},
				"west": {"uv": [4.57143, 8, 5.42857, 8], "rotation": 90, "texture": "#0"},
				"up": {"uv": [4.57143, 8, 5.57143, 8.4], "rotation": 90, "texture": "#0"},
				"down": {"uv": [4.57143, 8, 5.57143, 8.4], "rotation": 90, "texture": "#0"}
			}
		},
		{
			"from": [4, 3.2, 8.66667],
			"to": [8.6, 4, 9.36667],
			"rotation": {"angle": -22.5, "axis": "z", "origin": [9, 8.2, 8.16667]},
			"faces": {
				"north": {"uv": [4.57143, 8, 5.42857, 8.4], "rotation": 180, "texture": "#0"},
				"east": {"uv": [4.57143, 8, 5.57143, 8.4], "rotation": 180, "texture": "#0"},
				"south": {"uv": [4.57143, 8, 5.42857, 8.4], "rotation": 180, "texture": "#0"},
				"west": {"uv": [4.57143, 8, 5.57143, 8.4], "rotation": 180, "texture": "#0"},
				"up": {"uv": [4.57143, 8, 5.42857, 8], "rotation": 180, "texture": "#0"},
				"down": {"uv": [4.57143, 8, 5.42857, 8], "rotation": 180, "texture": "#0"}
			}
		},
		{
			"from": [4.8, 4, 8.71667],
			"to": [5.8, 5, 9.01667],
			"rotation": {"angle": -22.5, "axis": "z", "origin": [9, 8.2, 8.16667]},
			"faces": {
				"north": {"uv": [5.71429, 8, 6.57143, 8.4], "rotation": 270, "texture": "#0"},
				"east": {"uv": [5.71429, 8, 6.57143, 8], "rotation": 90, "texture": "#0"},
				"south": {"uv": [5.71429, 8, 6.57143, 8.4], "rotation": 90, "texture": "#0"},
				"west": {"uv": [5.71429, 8, 6.57143, 8], "rotation": 90, "texture": "#0"},
				"up": {"uv": [5.71429, 8, 6.71429, 8.4], "rotation": 90, "texture": "#0"},
				"down": {"uv": [5.71429, 8, 6.71429, 8.4], "rotation": 90, "texture": "#0"}
			}
		},
		{
			"from": [8.6, 2.2, 8.76667],
			"to": [9.4, 8.2, 8.86667],
			"rotation": {"angle": 0, "axis": "z", "origin": [9, 8.2, 8.16667]},
			"faces": {
				"north": {"uv": [3.42857, 9.14286, 4.28571, 9.54286], "rotation": 270, "texture": "#0"},
				"east": {"uv": [3.42857, 9.14286, 4.28571, 9.14286], "rotation": 90, "texture": "#0"},
				"south": {"uv": [3.42857, 9.14286, 4.28571, 9.54286], "rotation": 90, "texture": "#0"},
				"west": {"uv": [3.42857, 9.14286, 4.28571, 9.14286], "rotation": 90, "texture": "#0"},
				"up": {"uv": [3.42857, 9.14286, 4.42857, 9.54286], "rotation": 90, "texture": "#0"},
				"down": {"uv": [3.42857, 9.14286, 4.42857, 9.54286], "rotation": 90, "texture": "#0"}
			}
		},
		{
			"from": [8.6, 2.2, 8.86667],
			"to": [9.4, 8.2, 9.36667],
			"rotation": {"angle": 0, "axis": "z", "origin": [9, 8.2, 8.16667]},
			"faces": {
				"north": {"uv": [4.57143, 8, 5.42857, 8.4], "rotation": 270, "texture": "#0"},
				"east": {"uv": [4.57143, 8, 5.42857, 8], "rotation": 90, "texture": "#0"},
				"south": {"uv": [4.57143, 8, 5.42857, 8.4], "rotation": 90, "texture": "#0"},
				"west": {"uv": [4.57143, 8, 5.42857, 8], "rotation": 90, "texture": "#0"},
				"up": {"uv": [4.57143, 8, 5.57143, 8.4], "rotation": 90, "texture": "#0"},
				"down": {"uv": [4.57143, 8, 5.57143, 8.4], "rotation": 90, "texture": "#0"}
			}
		},
		{
			"from": [8, 2.2, 8.66667],
			"to": [8.8, 8.2, 9.36667],
			"rotation": {"angle": 0, "axis": "z", "origin": [9, 8.2, 8.16667]},
			"faces": {
				"north": {"uv": [4.57143, 8, 5.42857, 8.4], "rotation": 270, "texture": "#0"},
				"east": {"uv": [4.57143, 8, 5.42857, 8], "rotation": 90, "texture": "#0"},
				"south": {"uv": [4.57143, 8, 5.42857, 8.4], "rotation": 90, "texture": "#0"},
				"west": {"uv": [4.57143, 8, 5.42857, 8], "rotation": 90, "texture": "#0"},
				"up": {"uv": [4.57143, 8, 5.57143, 8.4], "rotation": 90, "texture": "#0"},
				"down": {"uv": [4.57143, 8, 5.57143, 8.4], "rotation": 90, "texture": "#0"}
			}
		},
		{
			"from": [9.2, 2.2, 8.66667],
			"to": [10, 8.2, 9.36667],
			"rotation": {"angle": 0, "axis": "z", "origin": [9, 8.2, 8.16667]},
			"faces": {
				"north": {"uv": [4.57143, 8, 5.42857, 8.4], "rotation": 270, "texture": "#0"},
				"east": {"uv": [4.57143, 8, 5.42857, 8], "rotation": 90, "texture": "#0"},
				"south": {"uv": [4.57143, 8, 5.42857, 8.4], "rotation": 90, "texture": "#0"},
				"west": {"uv": [4.57143, 8, 5.42857, 8], "rotation": 90, "texture": "#0"},
				"up": {"uv": [4.57143, 8, 5.57143, 8.4], "rotation": 90, "texture": "#0"},
				"down": {"uv": [4.57143, 8, 5.57143, 8.4], "rotation": 90, "texture": "#0"}
			}
		},
		{
			"from": [6, 3.8, 8.66667],
			"to": [7, 4.8, 9.36667],
			"rotation": {"angle": 45, "axis": "z", "origin": [9, 8.2, 8.16667]},
			"faces": {
				"north": {"uv": [4.57143, 8, 5.42857, 8.4], "rotation": 270, "texture": "#0"},
				"east": {"uv": [4.57143, 8, 5.42857, 8], "rotation": 90, "texture": "#0"},
				"south": {"uv": [4.57143, 8, 5.42857, 8.4], "rotation": 90, "texture": "#0"},
				"west": {"uv": [4.57143, 8, 5.42857, 8], "rotation": 90, "texture": "#0"},
				"up": {"uv": [4.57143, 8, 5.57143, 8.4], "rotation": 90, "texture": "#0"},
				"down": {"uv": [4.57143, 8, 5.57143, 8.4], "rotation": 90, "texture": "#0"}
			}
		},
		{
			"from": [4.6, 5.2, 8.66667],
			"to": [5.6, 6.2, 9.36667],
			"rotation": {"angle": 45, "axis": "z", "origin": [9, 8.2, 8.16667]},
			"faces": {
				"north": {"uv": [4.57143, 8, 5.42857, 8.4], "rotation": 270, "texture": "#0"},
				"east": {"uv": [4.57143, 8, 5.42857, 8], "rotation": 90, "texture": "#0"},
				"south": {"uv": [4.57143, 8, 5.42857, 8.4], "rotation": 90, "texture": "#0"},
				"west": {"uv": [4.57143, 8, 5.42857, 8], "rotation": 90, "texture": "#0"},
				"up": {"uv": [4.57143, 8, 5.57143, 8.4], "rotation": 90, "texture": "#0"},
				"down": {"uv": [4.57143, 8, 5.57143, 8.4], "rotation": 90, "texture": "#0"}
			}
		},
		{
			"from": [4.6, 6.2, 8.66667],
			"to": [6.6, 7.2, 9.36667],
			"rotation": {"angle": 45, "axis": "z", "origin": [9, 8.2, 8.16667]},
			"faces": {
				"north": {"uv": [4.57143, 8, 5.42857, 8.4], "rotation": 270, "texture": "#0"},
				"east": {"uv": [4.57143, 8, 5.42857, 8], "rotation": 90, "texture": "#0"},
				"south": {"uv": [4.57143, 8, 5.42857, 8.4], "rotation": 90, "texture": "#0"},
				"west": {"uv": [4.57143, 8, 5.42857, 8], "rotation": 90, "texture": "#0"},
				"up": {"uv": [4.57143, 8, 5.57143, 8.4], "rotation": 90, "texture": "#0"},
				"down": {"uv": [4.57143, 8, 5.57143, 8.4], "rotation": 90, "texture": "#0"}
			}
		},
		{
			"from": [4.2, 6.8, 8.66667],
			"to": [7.2, 7.8, 9.36667],
			"rotation": {"angle": 45, "axis": "z", "origin": [9, 8.2, 8.16667]},
			"faces": {
				"north": {"uv": [4.57143, 8, 5.42857, 8.4], "rotation": 270, "texture": "#0"},
				"east": {"uv": [4.57143, 8, 5.42857, 8], "rotation": 90, "texture": "#0"},
				"south": {"uv": [4.57143, 8, 5.42857, 8.4], "rotation": 90, "texture": "#0"},
				"west": {"uv": [4.57143, 8, 5.42857, 8], "rotation": 90, "texture": "#0"},
				"up": {"uv": [4.57143, 8, 5.57143, 8.4], "rotation": 90, "texture": "#0"},
				"down": {"uv": [4.57143, 8, 5.57143, 8.4], "rotation": 90, "texture": "#0"}
			}
		},
		{
			"from": [7, 3.8, 8.66667],
			"to": [8, 5.8, 9.36667],
			"rotation": {"angle": 45, "axis": "z", "origin": [9, 8.2, 8.16667]},
			"faces": {
				"north": {"uv": [4.57143, 8, 5.42857, 8.4], "rotation": 270, "texture": "#0"},
				"east": {"uv": [4.57143, 8, 5.42857, 8], "rotation": 90, "texture": "#0"},
				"south": {"uv": [4.57143, 8, 5.42857, 8.4], "rotation": 90, "texture": "#0"},
				"west": {"uv": [4.57143, 8, 5.42857, 8], "rotation": 90, "texture": "#0"},
				"up": {"uv": [4.57143, 8, 5.57143, 8.4], "rotation": 90, "texture": "#0"},
				"down": {"uv": [4.57143, 8, 5.57143, 8.4], "rotation": 90, "texture": "#0"}
			}
		},
		{
			"from": [7.6, 3.8, 8.66667],
			"to": [8.6, 6.4, 9.36667],
			"rotation": {"angle": 45, "axis": "z", "origin": [9, 8.2, 8.16667]},
			"faces": {
				"north": {"uv": [4.57143, 8, 5.42857, 8.4], "rotation": 270, "texture": "#0"},
				"east": {"uv": [4.57143, 8, 5.42857, 8], "rotation": 90, "texture": "#0"},
				"south": {"uv": [4.57143, 8, 5.42857, 8.4], "rotation": 90, "texture": "#0"},
				"west": {"uv": [4.57143, 8, 5.42857, 8], "rotation": 90, "texture": "#0"},
				"up": {"uv": [4.57143, 8, 5.57143, 8.4], "rotation": 90, "texture": "#0"},
				"down": {"uv": [4.57143, 8, 5.57143, 8.4], "rotation": 90, "texture": "#0"}
			}
		},
		{
			"from": [4, 3.2, 8.66667],
			"to": [4.8, 7.8, 9.36667],
			"rotation": {"angle": 45, "axis": "z", "origin": [9, 8.2, 8.16667]},
			"faces": {
				"north": {"uv": [4.57143, 8, 5.42857, 8.4], "rotation": 270, "texture": "#0"},
				"east": {"uv": [4.57143, 8, 5.42857, 8], "rotation": 90, "texture": "#0"},
				"south": {"uv": [4.57143, 8, 5.42857, 8.4], "rotation": 90, "texture": "#0"},
				"west": {"uv": [4.57143, 8, 5.42857, 8], "rotation": 90, "texture": "#0"},
				"up": {"uv": [4.57143, 8, 5.57143, 8.4], "rotation": 90, "texture": "#0"},
				"down": {"uv": [4.57143, 8, 5.57143, 8.4], "rotation": 90, "texture": "#0"}
			}
		},
		{
			"from": [4, 3.2, 8.66667],
			"to": [8.6, 4, 9.36667],
			"rotation": {"angle": 45, "axis": "z", "origin": [9, 8.2, 8.16667]},
			"faces": {
				"north": {"uv": [4.57143, 8, 5.42857, 8.4], "rotation": 180, "texture": "#0"},
				"east": {"uv": [4.57143, 8, 5.57143, 8.4], "rotation": 180, "texture": "#0"},
				"south": {"uv": [4.57143, 8, 5.42857, 8.4], "rotation": 180, "texture": "#0"},
				"west": {"uv": [4.57143, 8, 5.57143, 8.4], "rotation": 180, "texture": "#0"},
				"up": {"uv": [4.57143, 8, 5.42857, 8], "rotation": 180, "texture": "#0"},
				"down": {"uv": [4.57143, 8, 5.42857, 8], "rotation": 180, "texture": "#0"}
			}
		},
		{
			"from": [4.8, 4, 8.71667],
			"to": [5.8, 5, 9.01667],
			"rotation": {"angle": 45, "axis": "z", "origin": [9, 8.2, 8.16667]},
			"faces": {
				"north": {"uv": [5.71429, 8, 6.57143, 8.4], "rotation": 270, "texture": "#0"},
				"east": {"uv": [5.71429, 8, 6.57143, 8], "rotation": 90, "texture": "#0"},
				"south": {"uv": [5.71429, 8, 6.57143, 8.4], "rotation": 90, "texture": "#0"},
				"west": {"uv": [5.71429, 8, 6.57143, 8], "rotation": 90, "texture": "#0"},
				"up": {"uv": [5.71429, 8, 6.71429, 8.4], "rotation": 90, "texture": "#0"},
				"down": {"uv": [5.71429, 8, 6.71429, 8.4], "rotation": 90, "texture": "#0"}
			}
		}
	],
	"display": {
		"thirdperson_righthand": {
			"rotation": [48.21, -63.14, 46.07],
			"translation": [3.75, -0.75, 0]
		},
		"thirdperson_lefthand": {
			"rotation": [48.38, -48.8, 42.78],
			"translation": [3.25, 0.75, 2.25]
		},
		"firstperson_righthand": {
			"rotation": [0, -12, 0],
			"translation": [-3, 0, 0]
		},
		"firstperson_lefthand": {
			"rotation": [0, -11, 0],
			"translation": [-2, 0.25, 0]
		},
		"ground": {
			"translation": [0, 4.25, 0]
		},
		"gui": {
			"rotation": [0, -180, 0],
			"translation": [1.25, 0, 0],
			"scale": [1.15, 1.15, 1.15]
		},
		"fixed": {
			"translation": [0, 0, -1.75]
		}
	},
	"groups": [
		{
			"name": "group",
			"origin": [0, 0, 0],
			"color": 0,
			"children": [
				{
					"name": "Gem",
					"origin": [0, 0, 0],
					"color": 0,
					"children": [0, 1, 2, 3, 4, 5, 6, 7]
				},
				{
					"name": "Gold Rim",
					"origin": [0, 0, 0],
					"color": 0,
					"children": [8, 9, 10, 11, 12, 13, 14, 15]
				},
				{
					"name": "Gold Rim Top",
					"origin": [0, 0, 0],
					"color": 0,
					"children": [16, 17, 18, 19, 20, 21, 22, 23, 24, 25, 26, 27, 28, 29, 30, 31]
				},
				{
					"name": "Leaf 1",
					"origin": [0, 0, 0],
					"color": 0,
					"children": [32, 33, 34, 35, 36, 37, 38, 39, 40, 41, 42, 43, 44]
				},
				{
					"name": "Leaf 1",
					"origin": [0, 0, 0],
					"color": 0,
					"children": [45, 46, 47, 48, 49, 50, 51, 52, 53, 54, 55, 56, 57]
				},
				{
					"name": "Leaf 1",
					"origin": [0, 0, 0],
					"color": 0,
					"children": [58, 59, 60, 61, 62, 63, 64, 65, 66, 67, 68, 69, 70]
				},
				{
					"name": "Leaf 1",
					"origin": [0, 0, 0],
					"color": 0,
					"children": [71, 72, 73, 74, 75, 76, 77, 78, 79, 80, 81, 82, 83]
				},
				{
					"name": "Leaf 1",
					"origin": [0, 0, 0],
					"color": 0,
					"children": [84, 85, 86, 87, 88, 89, 90, 91, 92, 93, 94, 95, 96]
				},
				{
					"name": "Leaf 1",
					"origin": [0, 0, 0],
					"color": 0,
					"children": [97, 98, 99, 100, 101, 102, 103, 104, 105, 106, 107, 108, 109]
				}
			]
		}
	]
}
