{
	"credit": "Made with Blockbench",
	"textures": {
		"0": "block/gray_stained_glass",
		"1": "block/yellow_concrete",
		"2": "block/red_concrete",
		"particle": "block/gray_stained_glass"
	},
	"elements": [
		{
			"from": [6.125, 4, 5.5625],
			"to": [9.625, 4.6875, 9.0625],
			"rotation": {"angle": 0, "axis": "y", "origin": [0, 4, 0]},
			"faces": {
				"north": {"uv": [0, 0, 3.5, 0.6875], "texture": "#0"},
				"east": {"uv": [0, 0, 3.5, 0.6875], "texture": "#0"},
				"south": {"uv": [0, 0, 3.5, 0.6875], "texture": "#0"},
				"west": {"uv": [0, 0, 3.5, 0.6875], "texture": "#0"},
				"up": {"uv": [0, 0, 3.5, 3.5], "texture": "#0"},
				"down": {"uv": [0, 0, 3.5, 3.5], "texture": "#0"}
			}
		},
		{
			"from": [5.5, 4.6875, 5.5625],
			"to": [10.375, 5.375, 9.0625],
			"rotation": {"angle": 0, "axis": "y", "origin": [0, 4, 0]},
			"faces": {
				"north": {"uv": [0, 0, 4.875, 0.6875], "texture": "#0"},
				"east": {"uv": [0, 0, 3.5, 0.6875], "texture": "#0"},
				"south": {"uv": [0, 0, 4.875, 0.6875], "texture": "#0"},
				"west": {"uv": [0, 0, 3.5, 0.6875], "texture": "#0"},
				"up": {"uv": [0, 0, 4.875, 3.5], "texture": "#0"},
				"down": {"uv": [0, 0, 4.875, 3.5], "texture": "#0"}
			}
		},
		{
			"from": [5.1875, 5.375, 5.5625],
			"to": [10.625, 6.0625, 9.0625],
			"rotation": {"angle": 0, "axis": "y", "origin": [0, 4, 0]},
			"faces": {
				"north": {"uv": [0, 0, 5.4375, 0.6875], "texture": "#0"},
				"east": {"uv": [0, 0, 3.5, 0.6875], "texture": "#0"},
				"south": {"uv": [0, 0, 5.4375, 0.6875], "texture": "#0"},
				"west": {"uv": [0, 0, 3.5, 0.6875], "texture": "#0"},
				"up": {"uv": [0, 0, 5.4375, 3.5], "texture": "#0"},
				"down": {"uv": [0, 0, 5.4375, 3.5], "texture": "#0"}
			}
		},
		{
			"from": [5.1875, 7.5, 5.5625],
			"to": [10.625, 8.1875, 9.0625],
			"rotation": {"angle": 0, "axis": "y", "origin": [0, 4, 0]},
			"faces": {
				"north": {"uv": [0, 0, 5.4375, 0.6875], "texture": "#0"},
				"east": {"uv": [0, 0, 3.5, 0.6875], "texture": "#0"},
				"south": {"uv": [0, 0, 5.4375, 0.6875], "texture": "#0"},
				"west": {"uv": [0, 0, 3.5, 0.6875], "texture": "#0"},
				"up": {"uv": [0, 0, 5.4375, 3.5], "texture": "#0"},
				"down": {"uv": [0, 0, 5.4375, 3.5], "texture": "#0"}
			}
		},
		{
			"from": [5.625, 8.1875, 5.5625],
			"to": [10.1875, 8.875, 9.0625],
			"rotation": {"angle": 0, "axis": "y", "origin": [0, 4, 0]},
			"faces": {
				"north": {"uv": [0, 0, 4.5625, 0.6875], "texture": "#0"},
				"east": {"uv": [0, 0, 3.5, 0.6875], "texture": "#0"},
				"south": {"uv": [0, 0, 4.5625, 0.6875], "texture": "#0"},
				"west": {"uv": [0, 0, 3.5, 0.6875], "texture": "#0"},
				"up": {"uv": [0, 0, 4.5625, 3.5], "texture": "#0"},
				"down": {"uv": [0, 0, 4.5625, 3.5], "texture": "#0"}
			}
		},
		{
			"from": [6.25, 8.875, 5.8125],
			"to": [9.5625, 9.5625, 8.8125],
			"rotation": {"angle": 0, "axis": "y", "origin": [0, 4, 0]},
			"faces": {
				"north": {"uv": [0, 0, 3.3125, 0.6875], "texture": "#0"},
				"east": {"uv": [0, 0, 3, 0.6875], "texture": "#0"},
				"south": {"uv": [0, 0, 3.3125, 0.6875], "texture": "#0"},
				"west": {"uv": [0, 0, 3, 0.6875], "texture": "#0"},
				"up": {"uv": [0, 0, 3.3125, 3], "texture": "#0"},
				"down": {"uv": [0, 0, 3.3125, 3], "texture": "#0"}
			}
		},
		{
			"from": [4.9375, 6.0625, 5.5625],
			"to": [10.8125, 7.5, 9.0625],
			"rotation": {"angle": 0, "axis": "y", "origin": [0, 4, 0]},
			"faces": {
				"north": {"uv": [0, 0, 5.875, 1.4375], "texture": "#0"},
				"east": {"uv": [0, 0, 3.5, 1.4375], "texture": "#0"},
				"south": {"uv": [0, 0, 5.875, 1.4375], "texture": "#0"},
				"west": {"uv": [0, 0, 3.5, 1.4375], "texture": "#0"},
				"up": {"uv": [0, 0, 5.875, 3.5], "texture": "#0"},
				"down": {"uv": [0, 0, 5.875, 3.5], "texture": "#0"}
			}
		},
		{
			"name": "cdenter",
			"from": [7.5625, 9.4375, 6.75],
			"to": [8.25, 10.125, 7.75],
			"rotation": {"angle": 0, "axis": "y", "origin": [0, 4, 0]},
			"faces": {
				"north": {"uv": [0, 0, 0.6875, 0.6875], "texture": "#0"},
				"east": {"uv": [0, 0, 1, 0.6875], "texture": "#0"},
				"south": {"uv": [0, 0, 0.6875, 0.6875], "texture": "#0"},
				"west": {"uv": [0, 0, 1, 0.6875], "texture": "#0"},
				"up": {"uv": [0, 0, 0.6875, 1], "texture": "#0"},
				"down": {"uv": [0, 0, 0.6875, 1], "texture": "#0"}
			}
		},
		{
			"name": "cdenter",
			"from": [7.5625, 13.6875, 6.75],
			"to": [8.25, 14.375, 7.75],
			"rotation": {"angle": 0, "axis": "y", "origin": [0, 4, 0]},
			"faces": {
				"north": {"uv": [0, 0, 0.6875, 0.6875], "texture": "#0"},
				"east": {"uv": [0, 0, 1, 0.6875], "texture": "#0"},
				"south": {"uv": [0, 0, 0.6875, 0.6875], "texture": "#0"},
				"west": {"uv": [0, 0, 1, 0.6875], "texture": "#0"},
				"up": {"uv": [0, 0, 0.6875, 1], "texture": "#0"},
				"down": {"uv": [0, 0, 0.6875, 1], "texture": "#0"}
			}
		},
		{
			"name": "cdenter",
			"from": [7.5625, 18, 6.75],
			"to": [8.25, 18.75, 7.75],
			"rotation": {"angle": 0, "axis": "y", "origin": [0, 4, 0]},
			"faces": {
				"north": {"uv": [0, 0, 0.6875, 0.75], "texture": "#0"},
				"east": {"uv": [0, 0, 1, 0.75], "texture": "#0"},
				"south": {"uv": [0, 0, 0.6875, 0.75], "texture": "#0"},
				"west": {"uv": [0, 0, 1, 0.75], "texture": "#0"},
				"up": {"uv": [0, 0, 0.6875, 1], "texture": "#0"},
				"down": {"uv": [0, 0, 0.6875, 1], "texture": "#0"}
			}
		},
		{
			"from": [6.76539, 13.31156, 6.52852],
			"to": [9.07539, 13.76531, 7.96352],
			"rotation": {"angle": 0, "axis": "z", "origin": [7.90234, 14.04688, 7.30078]},
			"faces": {
				"north": {"uv": [0, 0, 3.5, 0.6875], "rotation": 180, "texture": "#0"},
				"east": {"uv": [0, 0, 3.5, 0.6875], "rotation": 180, "texture": "#0"},
				"south": {"uv": [0, 0, 3.5, 0.6875], "rotation": 180, "texture": "#0"},
				"west": {"uv": [0, 0, 3.5, 0.6875], "rotation": 180, "texture": "#0"},
				"up": {"uv": [0, 0, 3.5, 3.5], "rotation": 180, "texture": "#0"},
				"down": {"uv": [0, 0, 3.5, 3.5], "rotation": 180, "texture": "#0"}
			}
		},
		{
			"from": [6.27039, 12.85781, 6.34102],
			"to": [9.48789, 13.31156, 8.15102],
			"rotation": {"angle": 0, "axis": "z", "origin": [7.90234, 14.04688, 7.30078]},
			"faces": {
				"north": {"uv": [0, 0, 4.875, 0.6875], "rotation": 180, "texture": "#0"},
				"east": {"uv": [0, 0, 3.5, 0.6875], "rotation": 180, "texture": "#0"},
				"south": {"uv": [0, 0, 4.875, 0.6875], "rotation": 180, "texture": "#0"},
				"west": {"uv": [0, 0, 3.5, 0.6875], "rotation": 180, "texture": "#0"},
				"up": {"uv": [0, 0, 4.875, 3.5], "rotation": 180, "texture": "#0"},
				"down": {"uv": [0, 0, 4.875, 3.5], "rotation": 180, "texture": "#0"}
			}
		},
		{
			"from": [6.10539, 12.40406, 6.15352],
			"to": [9.69414, 12.85781, 8.46352],
			"rotation": {"angle": 0, "axis": "z", "origin": [7.90234, 14.04688, 7.30078]},
			"faces": {
				"north": {"uv": [0, 0, 5.4375, 0.6875], "rotation": 180, "texture": "#0"},
				"east": {"uv": [0, 0, 3.5, 0.6875], "rotation": 180, "texture": "#0"},
				"south": {"uv": [0, 0, 5.4375, 0.6875], "rotation": 180, "texture": "#0"},
				"west": {"uv": [0, 0, 3.5, 0.6875], "rotation": 180, "texture": "#0"},
				"up": {"uv": [0, 0, 5.4375, 3.5], "rotation": 180, "texture": "#0"},
				"down": {"uv": [0, 0, 5.4375, 3.5], "rotation": 180, "texture": "#0"}
			}
		},
		{
			"from": [6.10539, 11.00156, 6.15352],
			"to": [9.69414, 11.45531, 8.46352],
			"rotation": {"angle": 0, "axis": "z", "origin": [7.90234, 14.04688, 7.30078]},
			"faces": {
				"north": {"uv": [0, 0, 5.4375, 0.6875], "rotation": 180, "texture": "#0"},
				"east": {"uv": [0, 0, 3.5, 0.6875], "rotation": 180, "texture": "#0"},
				"south": {"uv": [0, 0, 5.4375, 0.6875], "rotation": 180, "texture": "#0"},
				"west": {"uv": [0, 0, 3.5, 0.6875], "rotation": 180, "texture": "#0"},
				"up": {"uv": [0, 0, 5.4375, 3.5], "rotation": 180, "texture": "#0"},
				"down": {"uv": [0, 0, 5.4375, 3.5], "rotation": 180, "texture": "#0"}
			}
		},
		{
			"from": [6.39414, 10.54781, 6.34102],
			"to": [9.40539, 11.00156, 8.21352],
			"rotation": {"angle": 0, "axis": "z", "origin": [7.90234, 14.04688, 7.30078]},
			"faces": {
				"north": {"uv": [0, 0, 4.5625, 0.6875], "rotation": 180, "texture": "#0"},
				"east": {"uv": [0, 0, 3.5, 0.6875], "rotation": 180, "texture": "#0"},
				"south": {"uv": [0, 0, 4.5625, 0.6875], "rotation": 180, "texture": "#0"},
				"west": {"uv": [0, 0, 3.5, 0.6875], "rotation": 180, "texture": "#0"},
				"up": {"uv": [0, 0, 4.5625, 3.5], "rotation": 180, "texture": "#0"},
				"down": {"uv": [0, 0, 4.5625, 3.5], "rotation": 180, "texture": "#0"}
			}
		},
		{
			"from": [6.80664, 10.09406, 6.52727],
			"to": [8.99289, 10.54781, 8.04852],
			"rotation": {"angle": 0, "axis": "z", "origin": [7.90234, 14.04688, 7.30078]},
			"faces": {
				"north": {"uv": [0, 0, 3.3125, 0.6875], "rotation": 180, "texture": "#0"},
				"east": {"uv": [0, 0, 3.0625, 0.6875], "rotation": 180, "texture": "#0"},
				"south": {"uv": [0, 0, 3.3125, 0.6875], "rotation": 180, "texture": "#0"},
				"west": {"uv": [0, 0, 3.0625, 0.6875], "rotation": 180, "texture": "#0"},
				"up": {"uv": [0, 0, 3.3125, 3.0625], "rotation": 180, "texture": "#0"},
				"down": {"uv": [0, 0, 3.3125, 3.0625], "rotation": 180, "texture": "#0"}
			}
		},
		{
			"from": [5.98164, 11.45531, 6.15352],
			"to": [9.85914, 12.40406, 8.46352],
			"rotation": {"angle": 0, "axis": "z", "origin": [7.90234, 14.04688, 7.30078]},
			"faces": {
				"north": {"uv": [0, 0, 5.875, 1.4375], "rotation": 180, "texture": "#0"},
				"east": {"uv": [0, 0, 3.5, 1.4375], "rotation": 180, "texture": "#0"},
				"south": {"uv": [0, 0, 5.875, 1.4375], "rotation": 180, "texture": "#0"},
				"west": {"uv": [0, 0, 3.5, 1.4375], "rotation": 180, "texture": "#0"},
				"up": {"uv": [0, 0, 5.875, 3.5], "rotation": 180, "texture": "#0"},
				"down": {"uv": [0, 0, 5.875, 3.5], "rotation": 180, "texture": "#0"}
			}
		},
		{
			"from": [6.76539, 17.56156, 6.46602],
			"to": [9.07539, 18.01531, 8.08852],
			"rotation": {"angle": 0, "axis": "z", "origin": [7.90234, 14.04688, 7.30078]},
			"faces": {
				"north": {"uv": [0, 0, 3.5, 0.6875], "rotation": 180, "texture": "#0"},
				"east": {"uv": [0, 0, 3.5, 0.6875], "rotation": 180, "texture": "#0"},
				"south": {"uv": [0, 0, 3.5, 0.6875], "rotation": 180, "texture": "#0"},
				"west": {"uv": [0, 0, 3.5, 0.6875], "rotation": 180, "texture": "#0"},
				"up": {"uv": [0, 0, 3.5, 3.5], "rotation": 180, "texture": "#0"},
				"down": {"uv": [0, 0, 3.5, 3.5], "rotation": 180, "texture": "#0"}
			}
		},
		{
			"from": [6.27039, 17.10781, 6.34102],
			"to": [9.48789, 17.56156, 8.27602],
			"rotation": {"angle": 0, "axis": "z", "origin": [7.90234, 14.04688, 7.30078]},
			"faces": {
				"north": {"uv": [0, 0, 4.875, 0.6875], "rotation": 180, "texture": "#0"},
				"east": {"uv": [0, 0, 3.5, 0.6875], "rotation": 180, "texture": "#0"},
				"south": {"uv": [0, 0, 4.875, 0.6875], "rotation": 180, "texture": "#0"},
				"west": {"uv": [0, 0, 3.5, 0.6875], "rotation": 180, "texture": "#0"},
				"up": {"uv": [0, 0, 4.875, 3.5], "rotation": 180, "texture": "#0"},
				"down": {"uv": [0, 0, 4.875, 3.5], "rotation": 180, "texture": "#0"}
			}
		},
		{
			"from": [6.10539, 16.65406, 6.15352],
			"to": [9.69414, 17.10781, 8.46352],
			"rotation": {"angle": 0, "axis": "z", "origin": [7.90234, 14.04688, 7.30078]},
			"faces": {
				"north": {"uv": [0, 0, 5.4375, 0.6875], "rotation": 180, "texture": "#0"},
				"east": {"uv": [0, 0, 3.5, 0.6875], "rotation": 180, "texture": "#0"},
				"south": {"uv": [0, 0, 5.4375, 0.6875], "rotation": 180, "texture": "#0"},
				"west": {"uv": [0, 0, 3.5, 0.6875], "rotation": 180, "texture": "#0"},
				"up": {"uv": [0, 0, 5.4375, 3.5], "rotation": 180, "texture": "#0"},
				"down": {"uv": [0, 0, 5.4375, 3.5], "rotation": 180, "texture": "#0"}
			}
		},
		{
			"from": [6.10539, 15.25156, 6.15352],
			"to": [9.69414, 15.70531, 8.46352],
			"rotation": {"angle": 0, "axis": "z", "origin": [7.90234, 14.04688, 7.30078]},
			"faces": {
				"north": {"uv": [0, 0, 5.4375, 0.6875], "rotation": 180, "texture": "#0"},
				"east": {"uv": [0, 0, 3.5, 0.6875], "rotation": 180, "texture": "#0"},
				"south": {"uv": [0, 0, 5.4375, 0.6875], "rotation": 180, "texture": "#0"},
				"west": {"uv": [0, 0, 3.5, 0.6875], "rotation": 180, "texture": "#0"},
				"up": {"uv": [0, 0, 5.4375, 3.5], "rotation": 180, "texture": "#0"},
				"down": {"uv": [0, 0, 5.4375, 3.5], "rotation": 180, "texture": "#0"}
			}
		},
		{
			"from": [6.39414, 14.79781, 6.27852],
			"to": [9.40539, 15.25156, 8.33852],
			"rotation": {"angle": 0, "axis": "z", "origin": [7.90234, 14.04688, 7.30078]},
			"faces": {
				"north": {"uv": [0, 0, 4.5625, 0.6875], "rotation": 180, "texture": "#0"},
				"east": {"uv": [0, 0, 3.5, 0.6875], "rotation": 180, "texture": "#0"},
				"south": {"uv": [0, 0, 4.5625, 0.6875], "rotation": 180, "texture": "#0"},
				"west": {"uv": [0, 0, 3.5, 0.6875], "rotation": 180, "texture": "#0"},
				"up": {"uv": [0, 0, 4.5625, 3.5], "rotation": 180, "texture": "#0"},
				"down": {"uv": [0, 0, 4.5625, 3.5], "rotation": 180, "texture": "#0"}
			}
		},
		{
			"from": [6.80664, 14.34406, 6.40227],
			"to": [8.99289, 14.79781, 8.11102],
			"rotation": {"angle": 0, "axis": "z", "origin": [7.90234, 14.04688, 7.30078]},
			"faces": {
				"north": {"uv": [0, 0, 3.3125, 0.6875], "rotation": 180, "texture": "#0"},
				"east": {"uv": [0, 0, 3.0625, 0.6875], "rotation": 180, "texture": "#0"},
				"south": {"uv": [0, 0, 3.3125, 0.6875], "rotation": 180, "texture": "#0"},
				"west": {"uv": [0, 0, 3.0625, 0.6875], "rotation": 180, "texture": "#0"},
				"up": {"uv": [0, 0, 3.3125, 3.0625], "rotation": 180, "texture": "#0"},
				"down": {"uv": [0, 0, 3.3125, 3.0625], "rotation": 180, "texture": "#0"}
			}
		},
		{
			"from": [5.98164, 15.70531, 6.15352],
			"to": [9.85914, 16.65406, 8.46352],
			"rotation": {"angle": 0, "axis": "z", "origin": [7.90234, 14.04688, 7.30078]},
			"faces": {
				"north": {"uv": [0, 0, 5.875, 1.4375], "rotation": 180, "texture": "#0"},
				"east": {"uv": [0, 0, 3.5, 1.4375], "rotation": 180, "texture": "#0"},
				"south": {"uv": [0, 0, 5.875, 1.4375], "rotation": 180, "texture": "#0"},
				"west": {"uv": [0, 0, 3.5, 1.4375], "rotation": 180, "texture": "#0"},
				"up": {"uv": [0, 0, 5.875, 3.5], "rotation": 180, "texture": "#0"},
				"down": {"uv": [0, 0, 5.875, 3.5], "rotation": 180, "texture": "#0"}
			}
		},
		{
			"from": [6.125, 18.5, 6.3125],
			"to": [9.625, 19.1875, 8.25],
			"rotation": {"angle": 0, "axis": "y", "origin": [0, 4, 0]},
			"faces": {
				"north": {"uv": [0, 0, 3.5, 0.6875], "texture": "#0"},
				"east": {"uv": [0, 0, 1.9375, 0.6875], "texture": "#0"},
				"south": {"uv": [0, 0, 3.5, 0.6875], "texture": "#0"},
				"west": {"uv": [0, 0, 1.9375, 0.6875], "texture": "#0"},
				"up": {"uv": [0, 0, 3.5, 1.9375], "texture": "#0"},
				"down": {"uv": [0, 0, 3.5, 1.9375], "texture": "#0"}
			}
		},
		{
			"from": [5.5, 19.1875, 5.9375],
			"to": [10.375, 19.875, 8.625],
			"rotation": {"angle": 0, "axis": "y", "origin": [0, 4, 0]},
			"faces": {
				"north": {"uv": [0, 0, 4.875, 0.6875], "texture": "#0"},
				"east": {"uv": [0, 0, 2.6875, 0.6875], "texture": "#0"},
				"south": {"uv": [0, 0, 4.875, 0.6875], "texture": "#0"},
				"west": {"uv": [0, 0, 2.6875, 0.6875], "texture": "#0"},
				"up": {"uv": [0, 0, 4.875, 2.6875], "texture": "#0"},
				"down": {"uv": [0, 0, 4.875, 2.6875], "texture": "#0"}
			}
		},
		{
			"from": [5.1875, 19.875, 5.5625],
			"to": [10.625, 20.5625, 9.0625],
			"rotation": {"angle": 0, "axis": "y", "origin": [0, 4, 0]},
			"faces": {
				"north": {"uv": [0, 0, 5.4375, 0.6875], "texture": "#0"},
				"east": {"uv": [0, 0, 3.5, 0.6875], "texture": "#0"},
				"south": {"uv": [0, 0, 5.4375, 0.6875], "texture": "#0"},
				"west": {"uv": [0, 0, 3.5, 0.6875], "texture": "#0"},
				"up": {"uv": [0, 0, 5.4375, 3.5], "texture": "#0"},
				"down": {"uv": [0, 0, 5.4375, 3.5], "texture": "#0"}
			}
		},
		{
			"from": [5.1875, 22, 5.5625],
			"to": [10.625, 22.6875, 9.0625],
			"rotation": {"angle": 0, "axis": "y", "origin": [0, 4, 0]},
			"faces": {
				"north": {"uv": [0, 0, 5.4375, 0.6875], "texture": "#0"},
				"east": {"uv": [0, 0, 3.5, 0.6875], "texture": "#0"},
				"south": {"uv": [0, 0, 5.4375, 0.6875], "texture": "#0"},
				"west": {"uv": [0, 0, 3.5, 0.6875], "texture": "#0"},
				"up": {"uv": [0, 0, 5.4375, 3.5], "texture": "#0"},
				"down": {"uv": [0, 0, 5.4375, 3.5], "texture": "#0"}
			}
		},
		{
			"from": [5.625, 22.6875, 5.5625],
			"to": [10.1875, 23.375, 9.0625],
			"rotation": {"angle": 0, "axis": "y", "origin": [0, 4, 0]},
			"faces": {
				"north": {"uv": [0, 0, 4.5625, 0.6875], "texture": "#0"},
				"east": {"uv": [0, 0, 3.5, 0.6875], "texture": "#0"},
				"south": {"uv": [0, 0, 4.5625, 0.6875], "texture": "#0"},
				"west": {"uv": [0, 0, 3.5, 0.6875], "texture": "#0"},
				"up": {"uv": [0, 0, 4.5625, 3.5], "texture": "#0"},
				"down": {"uv": [0, 0, 4.5625, 3.5], "texture": "#0"}
			}
		},
		{
			"from": [6.25, 23.375, 5.8125],
			"to": [9.5625, 24.0625, 8.8125],
			"rotation": {"angle": 0, "axis": "y", "origin": [0, 4, 0]},
			"faces": {
				"north": {"uv": [0, 0, 3.3125, 0.6875], "texture": "#0"},
				"east": {"uv": [0, 0, 3, 0.6875], "texture": "#0"},
				"south": {"uv": [0, 0, 3.3125, 0.6875], "texture": "#0"},
				"west": {"uv": [0, 0, 3, 0.6875], "texture": "#0"},
				"up": {"uv": [0, 0, 3.3125, 3], "texture": "#0"},
				"down": {"uv": [0, 0, 3.3125, 3], "texture": "#0"}
			}
		},
		{
			"from": [4.9375, 20.5625, 5.5625],
			"to": [10.8125, 22, 9.0625],
			"rotation": {"angle": 0, "axis": "y", "origin": [0, 4, 0]},
			"faces": {
				"north": {"uv": [0, 0, 5.875, 1.4375], "texture": "#0"},
				"east": {"uv": [0, 0, 3.5, 1.4375], "texture": "#0"},
				"south": {"uv": [0, 0, 5.875, 1.4375], "texture": "#0"},
				"west": {"uv": [0, 0, 3.5, 1.4375], "texture": "#0"},
				"up": {"uv": [0, 0, 5.875, 3.5], "texture": "#0"},
				"down": {"uv": [0, 0, 5.875, 3.5], "texture": "#0"}
			}
		},
		{
			"from": [5.0625, 13.9375, 7.1875],
			"to": [5.3125, 14.25, 7.4375],
			"rotation": {"angle": 0, "axis": "x", "origin": [3.46875, 14.18087, 7.3125]},
			"faces": {
				"north": {"uv": [0, 0, 0.25, 0.3125], "texture": "#1"},
				"east": {"uv": [0, 0, 0.25, 0.3125], "texture": "#1"},
				"south": {"uv": [0, 0, 0.25, 0.3125], "texture": "#1"},
				"west": {"uv": [0, 0, 0.25, 0.3125], "texture": "#1"},
				"up": {"uv": [0, 0, 0.25, 0.25], "texture": "#1"},
				"down": {"uv": [0, 0, 0.25, 0.25], "texture": "#1"}
			}
		},
		{
			"from": [4.8125, 13.5, 7.1875],
			"to": [5.0625, 14.8125, 7.4375],
			"rotation": {"angle": 0, "axis": "x", "origin": [3.46875, 14.18087, 7.3125]},
			"faces": {
				"north": {"uv": [0, 0, 0.25, 1.3125], "texture": "#1"},
				"east": {"uv": [0, 0, 0.25, 1.3125], "texture": "#1"},
				"south": {"uv": [0, 0, 0.25, 1.3125], "texture": "#1"},
				"west": {"uv": [0, 0, 0.25, 1.3125], "texture": "#1"},
				"up": {"uv": [0, 0, 0.25, 0.25], "texture": "#1"},
				"down": {"uv": [0, 0, 0.25, 0.25], "texture": "#1"}
			}
		},
		{
			"from": [2.6875, 13.4375, 7.1875],
			"to": [2.9375, 14.875, 7.4375],
			"rotation": {"angle": 0, "axis": "x", "origin": [3.46875, 14.18087, 7.3125]},
			"faces": {
				"north": {"uv": [0, 0, 0.25, 1.4375], "texture": "#1"},
				"east": {"uv": [0, 0, 0.25, 1.4375], "texture": "#1"},
				"south": {"uv": [0, 0, 0.25, 1.4375], "texture": "#1"},
				"west": {"uv": [0, 0, 0.25, 1.4375], "texture": "#1"},
				"up": {"uv": [0, 0, 0.25, 0.25], "texture": "#1"},
				"down": {"uv": [0, 0, 0.25, 0.25], "texture": "#1"}
			}
		},
		{
			"from": [2.125, 13.4375, 7.0625],
			"to": [2.4375, 14.9375, 7.5625],
			"rotation": {"angle": 0, "axis": "x", "origin": [3.46875, 14.18087, 7.3125]},
			"faces": {
				"north": {"uv": [0, 0, 0.3125, 1.5], "texture": "#1"},
				"east": {"uv": [0, 0, 0.5, 1.5], "texture": "#1"},
				"south": {"uv": [0, 0, 0.3125, 1.5], "texture": "#1"},
				"west": {"uv": [0, 0, 0.5, 1.5], "texture": "#1"},
				"up": {"uv": [0, 0, 0.3125, 0.5], "texture": "#1"},
				"down": {"uv": [0, 0, 0.3125, 0.5], "texture": "#1"}
			}
		},
		{
			"from": [2.25, 14.9375, 7.0625],
			"to": [2.5625, 15.4375, 7.5625],
			"rotation": {"angle": 0, "axis": "x", "origin": [3.46875, 14.18087, 7.3125]},
			"faces": {
				"north": {"uv": [0, 0, 0.3125, 0.5], "texture": "#1"},
				"east": {"uv": [0, 0, 0.5, 0.5], "texture": "#1"},
				"south": {"uv": [0, 0, 0.3125, 0.5], "texture": "#1"},
				"west": {"uv": [0, 0, 0.5, 0.5], "texture": "#1"},
				"up": {"uv": [0, 0, 0.3125, 0.5], "texture": "#1"},
				"down": {"uv": [0, 0, 0.3125, 0.5], "texture": "#1"}
			}
		},
		{
			"from": [2.25, 12.9375, 7.0625],
			"to": [2.5625, 13.4375, 7.5625],
			"rotation": {"angle": 0, "axis": "x", "origin": [3.46875, 14.18087, 7.3125]},
			"faces": {
				"north": {"uv": [0, 0, 0.3125, 0.5], "texture": "#1"},
				"east": {"uv": [0, 0, 0.5, 0.5], "texture": "#1"},
				"south": {"uv": [0, 0, 0.3125, 0.5], "texture": "#1"},
				"west": {"uv": [0, 0, 0.5, 0.5], "texture": "#1"},
				"up": {"uv": [0, 0, 0.3125, 0.5], "texture": "#1"},
				"down": {"uv": [0, 0, 0.3125, 0.5], "texture": "#1"}
			}
		},
		{
			"from": [2.4375, 15.4375, 7.0625],
			"to": [3, 15.875, 7.5625],
			"rotation": {"angle": 0, "axis": "x", "origin": [3.46875, 14.18087, 7.3125]},
			"faces": {
				"north": {"uv": [0, 0, 0.5625, 0.4375], "texture": "#1"},
				"east": {"uv": [0, 0, 0.5, 0.4375], "texture": "#1"},
				"south": {"uv": [0, 0, 0.5625, 0.4375], "texture": "#1"},
				"west": {"uv": [0, 0, 0.5, 0.4375], "texture": "#1"},
				"up": {"uv": [0, 0, 0.5625, 0.5], "texture": "#1"},
				"down": {"uv": [0, 0, 0.5625, 0.5], "texture": "#1"}
			}
		},
		{
			"from": [2.4375, 12.5, 7.0625],
			"to": [3, 12.9375, 7.5625],
			"rotation": {"angle": 0, "axis": "x", "origin": [3.46875, 14.18087, 7.3125]},
			"faces": {
				"north": {"uv": [0, 0, 0.5625, 0.4375], "texture": "#1"},
				"east": {"uv": [0, 0, 0.5, 0.4375], "texture": "#1"},
				"south": {"uv": [0, 0, 0.5625, 0.4375], "texture": "#1"},
				"west": {"uv": [0, 0, 0.5, 0.4375], "texture": "#1"},
				"up": {"uv": [0, 0, 0.5625, 0.5], "texture": "#1"},
				"down": {"uv": [0, 0, 0.5625, 0.5], "texture": "#1"}
			}
		},
		{
			"from": [2.6875, 15.875, 7.0625],
			"to": [4.4375, 16.1875, 7.5625],
			"rotation": {"angle": 0, "axis": "x", "origin": [3.46875, 14.18087, 7.3125]},
			"faces": {
				"north": {"uv": [0, 0, 1.75, 0.3125], "texture": "#1"},
				"east": {"uv": [0, 0, 0.5, 0.3125], "texture": "#1"},
				"south": {"uv": [0, 0, 1.75, 0.3125], "texture": "#1"},
				"west": {"uv": [0, 0, 0.5, 0.3125], "texture": "#1"},
				"up": {"uv": [0, 0, 1.75, 0.5], "texture": "#1"},
				"down": {"uv": [0, 0, 1.75, 0.5], "texture": "#1"}
			}
		},
		{
			"from": [2.6875, 12.1875, 7.0625],
			"to": [4.4375, 12.5, 7.5625],
			"rotation": {"angle": 0, "axis": "x", "origin": [3.46875, 14.18087, 7.3125]},
			"faces": {
				"north": {"uv": [0, 0, 1.75, 0.3125], "texture": "#1"},
				"east": {"uv": [0, 0, 0.5, 0.3125], "texture": "#1"},
				"south": {"uv": [0, 0, 1.75, 0.3125], "texture": "#1"},
				"west": {"uv": [0, 0, 0.5, 0.3125], "texture": "#1"},
				"up": {"uv": [0, 0, 1.75, 0.5], "texture": "#1"},
				"down": {"uv": [0, 0, 1.75, 0.5], "texture": "#1"}
			}
		},
		{
			"from": [2.5625, 16.1875, 7.0625],
			"to": [4.1875, 16.5, 7.5625],
			"rotation": {"angle": 0, "axis": "x", "origin": [3.46875, 14.18087, 7.3125]},
			"faces": {
				"north": {"uv": [0, 0, 1.625, 0.3125], "texture": "#1"},
				"east": {"uv": [0, 0, 0.5, 0.3125], "texture": "#1"},
				"south": {"uv": [0, 0, 1.625, 0.3125], "texture": "#1"},
				"west": {"uv": [0, 0, 0.5, 0.3125], "texture": "#1"},
				"up": {"uv": [0, 0, 1.625, 0.5], "texture": "#1"},
				"down": {"uv": [0, 0, 1.625, 0.5], "texture": "#1"}
			}
		},
		{
			"from": [2.5625, 11.875, 7.0625],
			"to": [4.1875, 12.1875, 7.5625],
			"rotation": {"angle": 0, "axis": "x", "origin": [3.46875, 14.18087, 7.3125]},
			"faces": {
				"north": {"uv": [0, 0, 1.625, 0.3125], "texture": "#1"},
				"east": {"uv": [0, 0, 0.5, 0.3125], "texture": "#1"},
				"south": {"uv": [0, 0, 1.625, 0.3125], "texture": "#1"},
				"west": {"uv": [0, 0, 0.5, 0.3125], "texture": "#1"},
				"up": {"uv": [0, 0, 1.625, 0.5], "texture": "#1"},
				"down": {"uv": [0, 0, 1.625, 0.5], "texture": "#1"}
			}
		},
		{
			"from": [2.5625, 16.8125, 7.0625],
			"to": [4.1875, 17.125, 7.5625],
			"rotation": {"angle": 0, "axis": "x", "origin": [3.46875, 14.18087, 7.3125]},
			"faces": {
				"north": {"uv": [0, 0, 1.625, 0.3125], "texture": "#1"},
				"east": {"uv": [0, 0, 0.5, 0.3125], "texture": "#1"},
				"south": {"uv": [0, 0, 1.625, 0.3125], "texture": "#1"},
				"west": {"uv": [0, 0, 0.5, 0.3125], "texture": "#1"},
				"up": {"uv": [0, 0, 1.625, 0.5], "texture": "#1"},
				"down": {"uv": [0, 0, 1.625, 0.5], "texture": "#1"}
			}
		},
		{
			"from": [2.5625, 11.25, 7.0625],
			"to": [4.1875, 11.5625, 7.5625],
			"rotation": {"angle": 0, "axis": "x", "origin": [3.46875, 14.18087, 7.3125]},
			"faces": {
				"north": {"uv": [0, 0, 1.625, 0.3125], "texture": "#1"},
				"east": {"uv": [0, 0, 0.5, 0.3125], "texture": "#1"},
				"south": {"uv": [0, 0, 1.625, 0.3125], "texture": "#1"},
				"west": {"uv": [0, 0, 0.5, 0.3125], "texture": "#1"},
				"up": {"uv": [0, 0, 1.625, 0.5], "texture": "#1"},
				"down": {"uv": [0, 0, 1.625, 0.5], "texture": "#1"}
			}
		},
		{
			"from": [2.75, 17.125, 7.0625],
			"to": [4.375, 17.4375, 7.5625],
			"rotation": {"angle": 0, "axis": "x", "origin": [3.46875, 14.18087, 7.3125]},
			"faces": {
				"north": {"uv": [0, 0, 1.625, 0.3125], "texture": "#1"},
				"east": {"uv": [0, 0, 0.5, 0.3125], "texture": "#1"},
				"south": {"uv": [0, 0, 1.625, 0.3125], "texture": "#1"},
				"west": {"uv": [0, 0, 0.5, 0.3125], "texture": "#1"},
				"up": {"uv": [0, 0, 1.625, 0.5], "texture": "#1"},
				"down": {"uv": [0, 0, 1.625, 0.5], "texture": "#1"}
			}
		},
		{
			"from": [2.75, 10.9375, 7.0625],
			"to": [4.375, 11.25, 7.5625],
			"rotation": {"angle": 0, "axis": "x", "origin": [3.46875, 14.18087, 7.3125]},
			"faces": {
				"north": {"uv": [0, 0, 1.625, 0.3125], "texture": "#1"},
				"east": {"uv": [0, 0, 0.5, 0.3125], "texture": "#1"},
				"south": {"uv": [0, 0, 1.625, 0.3125], "texture": "#1"},
				"west": {"uv": [0, 0, 0.5, 0.3125], "texture": "#1"},
				"up": {"uv": [0, 0, 1.625, 0.5], "texture": "#1"},
				"down": {"uv": [0, 0, 1.625, 0.5], "texture": "#1"}
			}
		},
		{
			"from": [3, 17.4375, 7.0625],
			"to": [4.0625, 17.75, 7.5625],
			"rotation": {"angle": 0, "axis": "x", "origin": [3.46875, 14.18087, 7.3125]},
			"faces": {
				"north": {"uv": [0, 0, 1.0625, 0.3125], "texture": "#1"},
				"east": {"uv": [0, 0, 0.5, 0.3125], "texture": "#1"},
				"south": {"uv": [0, 0, 1.0625, 0.3125], "texture": "#1"},
				"west": {"uv": [0, 0, 0.5, 0.3125], "texture": "#1"},
				"up": {"uv": [0, 0, 1.0625, 0.5], "texture": "#1"},
				"down": {"uv": [0, 0, 1.0625, 0.5], "texture": "#1"}
			}
		},
		{
			"from": [3, 10.625, 7.0625],
			"to": [4.0625, 10.9375, 7.5625],
			"rotation": {"angle": 0, "axis": "x", "origin": [3.46875, 14.18087, 7.3125]},
			"faces": {
				"north": {"uv": [0, 0, 1.0625, 0.3125], "texture": "#1"},
				"east": {"uv": [0, 0, 0.5, 0.3125], "texture": "#1"},
				"south": {"uv": [0, 0, 1.0625, 0.3125], "texture": "#1"},
				"west": {"uv": [0, 0, 0.5, 0.3125], "texture": "#1"},
				"up": {"uv": [0, 0, 1.0625, 0.5], "texture": "#1"},
				"down": {"uv": [0, 0, 1.0625, 0.5], "texture": "#1"}
			}
		},
		{
			"from": [3.25, 17.75, 7.0625],
			"to": [4.3125, 18.0625, 7.5625],
			"rotation": {"angle": 0, "axis": "x", "origin": [3.46875, 14.18087, 7.3125]},
			"faces": {
				"north": {"uv": [0, 0, 1.0625, 0.3125], "texture": "#1"},
				"east": {"uv": [0, 0, 0.5, 0.3125], "texture": "#1"},
				"south": {"uv": [0, 0, 1.0625, 0.3125], "texture": "#1"},
				"west": {"uv": [0, 0, 0.5, 0.3125], "texture": "#1"},
				"up": {"uv": [0, 0, 1.0625, 0.5], "texture": "#1"},
				"down": {"uv": [0, 0, 1.0625, 0.5], "texture": "#1"}
			}
		},
		{
			"from": [3.25, 10.3125, 7.0625],
			"to": [4.3125, 10.625, 7.5625],
			"rotation": {"angle": 0, "axis": "x", "origin": [3.46875, 14.18087, 7.3125]},
			"faces": {
				"north": {"uv": [0, 0, 1.0625, 0.3125], "texture": "#1"},
				"east": {"uv": [0, 0, 0.5, 0.3125], "texture": "#1"},
				"south": {"uv": [0, 0, 1.0625, 0.3125], "texture": "#1"},
				"west": {"uv": [0, 0, 0.5, 0.3125], "texture": "#1"},
				"up": {"uv": [0, 0, 1.0625, 0.5], "texture": "#1"},
				"down": {"uv": [0, 0, 1.0625, 0.5], "texture": "#1"}
			}
		},
		{
			"from": [3.625, 18.0625, 7.125],
			"to": [4.4375, 18.375, 7.5],
			"rotation": {"angle": 0, "axis": "x", "origin": [3.46875, 14.18087, 7.3125]},
			"faces": {
				"north": {"uv": [0, 0, 0.8125, 0.3125], "texture": "#1"},
				"east": {"uv": [0, 0, 0.375, 0.3125], "texture": "#1"},
				"south": {"uv": [0, 0, 0.8125, 0.3125], "texture": "#1"},
				"west": {"uv": [0, 0, 0.375, 0.3125], "texture": "#1"},
				"up": {"uv": [0, 0, 0.8125, 0.375], "texture": "#1"},
				"down": {"uv": [0, 0, 0.8125, 0.375], "texture": "#1"}
			}
		},
		{
			"from": [3.625, 10, 7.125],
			"to": [4.4375, 10.3125, 7.5],
			"rotation": {"angle": 0, "axis": "x", "origin": [3.46875, 14.18087, 7.3125]},
			"faces": {
				"north": {"uv": [0, 0, 0.8125, 0.3125], "texture": "#1"},
				"east": {"uv": [0, 0, 0.375, 0.3125], "texture": "#1"},
				"south": {"uv": [0, 0, 0.8125, 0.3125], "texture": "#1"},
				"west": {"uv": [0, 0, 0.375, 0.3125], "texture": "#1"},
				"up": {"uv": [0, 0, 0.8125, 0.375], "texture": "#1"},
				"down": {"uv": [0, 0, 0.8125, 0.375], "texture": "#1"}
			}
		},
		{
			"from": [3.9375, 18.375, 7.1875],
			"to": [4.625, 18.6875, 7.4375],
			"rotation": {"angle": 0, "axis": "x", "origin": [3.46875, 14.18087, 7.3125]},
			"faces": {
				"north": {"uv": [0, 0, 0.6875, 0.3125], "texture": "#1"},
				"east": {"uv": [0, 0, 0.25, 0.3125], "texture": "#1"},
				"south": {"uv": [0, 0, 0.6875, 0.3125], "texture": "#1"},
				"west": {"uv": [0, 0, 0.25, 0.3125], "texture": "#1"},
				"up": {"uv": [0, 0, 0.6875, 0.25], "texture": "#1"},
				"down": {"uv": [0, 0, 0.6875, 0.25], "texture": "#1"}
			}
		},
		{
			"from": [3.9375, 9.6875, 7.1875],
			"to": [4.625, 10, 7.4375],
			"rotation": {"angle": 0, "axis": "x", "origin": [3.46875, 14.18087, 7.3125]},
			"faces": {
				"north": {"uv": [0, 0, 0.6875, 0.3125], "texture": "#1"},
				"east": {"uv": [0, 0, 0.25, 0.3125], "texture": "#1"},
				"south": {"uv": [0, 0, 0.6875, 0.3125], "texture": "#1"},
				"west": {"uv": [0, 0, 0.25, 0.3125], "texture": "#1"},
				"up": {"uv": [0, 0, 0.6875, 0.25], "texture": "#1"},
				"down": {"uv": [0, 0, 0.6875, 0.25], "texture": "#1"}
			}
		},
		{
			"from": [2.3125, 16.5, 7.0625],
			"to": [4.4375, 16.8125, 7.5625],
			"rotation": {"angle": 0, "axis": "x", "origin": [3.46875, 14.18087, 7.3125]},
			"faces": {
				"north": {"uv": [0, 0, 2.125, 0.3125], "texture": "#1"},
				"east": {"uv": [0, 0, 0.5, 0.3125], "texture": "#1"},
				"south": {"uv": [0, 0, 2.125, 0.3125], "texture": "#1"},
				"west": {"uv": [0, 0, 0.5, 0.3125], "texture": "#1"},
				"up": {"uv": [0, 0, 2.125, 0.5], "texture": "#1"},
				"down": {"uv": [0, 0, 2.125, 0.5], "texture": "#1"}
			}
		},
		{
			"from": [2.3125, 11.5625, 7.0625],
			"to": [4.4375, 11.875, 7.5625],
			"rotation": {"angle": 0, "axis": "x", "origin": [3.46875, 14.18087, 7.3125]},
			"faces": {
				"north": {"uv": [0, 0, 2.125, 0.3125], "texture": "#1"},
				"east": {"uv": [0, 0, 0.5, 0.3125], "texture": "#1"},
				"south": {"uv": [0, 0, 2.125, 0.3125], "texture": "#1"},
				"west": {"uv": [0, 0, 0.5, 0.3125], "texture": "#1"},
				"up": {"uv": [0, 0, 2.125, 0.5], "texture": "#1"},
				"down": {"uv": [0, 0, 2.125, 0.5], "texture": "#1"}
			}
		},
		{
			"from": [1.875, 13.5625, 7.125],
			"to": [2.125, 14.75, 7.5],
			"rotation": {"angle": 0, "axis": "x", "origin": [3.46875, 14.18087, 7.3125]},
			"faces": {
				"north": {"uv": [0, 0, 0.25, 1.1875], "texture": "#1"},
				"east": {"uv": [0, 0, 0.375, 1.1875], "texture": "#1"},
				"south": {"uv": [0, 0, 0.25, 1.1875], "texture": "#1"},
				"west": {"uv": [0, 0, 0.375, 1.1875], "texture": "#1"},
				"up": {"uv": [0, 0, 0.25, 0.375], "texture": "#1"},
				"down": {"uv": [0, 0, 0.25, 0.375], "texture": "#1"}
			}
		},
		{
			"from": [1.625, 13.875, 7.1875],
			"to": [1.875, 14.4375, 7.4375],
			"rotation": {"angle": 0, "axis": "x", "origin": [3.46875, 14.18087, 7.3125]},
			"faces": {
				"north": {"uv": [0, 0, 0.25, 0.5625], "texture": "#1"},
				"east": {"uv": [0, 0, 0.25, 0.5625], "texture": "#1"},
				"south": {"uv": [0, 0, 0.25, 0.5625], "texture": "#1"},
				"west": {"uv": [0, 0, 0.25, 0.5625], "texture": "#1"},
				"up": {"uv": [0, 0, 0.25, 0.25], "texture": "#1"},
				"down": {"uv": [0, 0, 0.25, 0.25], "texture": "#1"}
			}
		},
		{
			"from": [4.5625, 13.25, 7.1875],
			"to": [4.8125, 15.125, 7.4375],
			"rotation": {"angle": 0, "axis": "x", "origin": [3.46875, 14.18087, 7.3125]},
			"faces": {
				"north": {"uv": [0, 0, 0.25, 1.875], "texture": "#1"},
				"east": {"uv": [0, 0, 0.25, 1.875], "texture": "#1"},
				"south": {"uv": [0, 0, 0.25, 1.875], "texture": "#1"},
				"west": {"uv": [0, 0, 0.25, 1.875], "texture": "#1"},
				"up": {"uv": [0, 0, 0.25, 0.25], "texture": "#1"},
				"down": {"uv": [0, 0, 0.25, 0.25], "texture": "#1"}
			}
		},
		{
			"from": [2.9375, 13.25, 7.1875],
			"to": [3.25, 15.125, 7.4375],
			"rotation": {"angle": 0, "axis": "x", "origin": [3.46875, 14.18087, 7.3125]},
			"faces": {
				"north": {"uv": [0, 0, 0.3125, 1.875], "texture": "#1"},
				"east": {"uv": [0, 0, 0.25, 1.875], "texture": "#1"},
				"south": {"uv": [0, 0, 0.3125, 1.875], "texture": "#1"},
				"west": {"uv": [0, 0, 0.25, 1.875], "texture": "#1"},
				"up": {"uv": [0, 0, 0.3125, 0.25], "texture": "#1"},
				"down": {"uv": [0, 0, 0.3125, 0.25], "texture": "#1"}
			}
		},
		{
			"from": [4.3125, 13.0625, 7.1875],
			"to": [4.5625, 15.3125, 7.4375],
			"rotation": {"angle": 0, "axis": "x", "origin": [3.46875, 14.18087, 7.3125]},
			"faces": {
				"north": {"uv": [0, 0, 0.25, 2.25], "texture": "#1"},
				"east": {"uv": [0, 0, 0.25, 2.25], "texture": "#1"},
				"south": {"uv": [0, 0, 0.25, 2.25], "texture": "#1"},
				"west": {"uv": [0, 0, 0.25, 2.25], "texture": "#1"},
				"up": {"uv": [0, 0, 0.25, 0.25], "texture": "#1"},
				"down": {"uv": [0, 0, 0.25, 0.25], "texture": "#1"}
			}
		},
		{
			"from": [3.25, 13.0625, 7.1875],
			"to": [3.5, 15.3125, 7.4375],
			"rotation": {"angle": 0, "axis": "x", "origin": [3.46875, 14.18087, 7.3125]},
			"faces": {
				"north": {"uv": [0, 0, 0.25, 2.25], "texture": "#1"},
				"east": {"uv": [0, 0, 0.25, 2.25], "texture": "#1"},
				"south": {"uv": [0, 0, 0.25, 2.25], "texture": "#1"},
				"west": {"uv": [0, 0, 0.25, 2.25], "texture": "#1"},
				"up": {"uv": [0, 0, 0.25, 0.25], "texture": "#1"},
				"down": {"uv": [0, 0, 0.25, 0.25], "texture": "#1"}
			}
		},
		{
			"from": [3.5, 12.9375, 7.1875],
			"to": [4.3125, 15.4375, 7.4375],
			"rotation": {"angle": 0, "axis": "x", "origin": [3.46875, 14.18087, 7.3125]},
			"faces": {
				"north": {"uv": [0, 0, 0.8125, 2.5], "texture": "#1"},
				"east": {"uv": [0, 0, 0.25, 2.5], "texture": "#1"},
				"south": {"uv": [0, 0, 0.8125, 2.5], "texture": "#1"},
				"west": {"uv": [0, 0, 0.25, 2.5], "texture": "#1"},
				"up": {"uv": [0, 0, 0.8125, 0.25], "texture": "#1"},
				"down": {"uv": [0, 0, 0.8125, 0.25], "texture": "#1"}
			}
		},
		{
			"from": [3.75, 13.75, 7.0625],
			"to": [3.92, 14.5625, 7.625],
			"rotation": {"angle": 0, "axis": "y", "origin": [3.835, 14.15625, 7.34375]},
			"faces": {
				"north": {"uv": [0, 0, 0.17, 0.8125], "texture": "#2"},
				"east": {"uv": [0, 0, 0.5625, 0.8125], "texture": "#2"},
				"south": {"uv": [0, 0, 0.17, 0.8125], "texture": "#2"},
				"west": {"uv": [0, 0, 0.5625, 0.8125], "texture": "#2"},
				"up": {"uv": [0, 0, 0.17, 0.5625], "texture": "#2"},
				"down": {"uv": [0, 0, 0.17, 0.5625], "texture": "#2"}
			}
		},
		{
			"from": [3.75, 13.75, 7.0625],
			"to": [3.92, 14.5625, 7.625],
			"rotation": {"angle": 22.5, "axis": "z", "origin": [3.835, 14.15625, 7.34375]},
			"faces": {
				"north": {"uv": [0, 0, 0.17, 0.8125], "texture": "#2"},
				"east": {"uv": [0, 0, 0.5625, 0.8125], "texture": "#2"},
				"south": {"uv": [0, 0, 0.17, 0.8125], "texture": "#2"},
				"west": {"uv": [0, 0, 0.5625, 0.8125], "texture": "#2"},
				"up": {"uv": [0, 0, 0.17, 0.5625], "texture": "#2"},
				"down": {"uv": [0, 0, 0.17, 0.5625], "texture": "#2"}
			}
		},
		{
			"from": [3.75, 13.75, 7.0625],
			"to": [3.92, 14.5625, 7.625],
			"rotation": {"angle": 45, "axis": "z", "origin": [3.835, 14.15625, 7.34375]},
			"faces": {
				"north": {"uv": [0, 0, 0.17, 0.8125], "texture": "#2"},
				"east": {"uv": [0, 0, 0.5625, 0.8125], "texture": "#2"},
				"south": {"uv": [0, 0, 0.17, 0.8125], "texture": "#2"},
				"west": {"uv": [0, 0, 0.5625, 0.8125], "texture": "#2"},
				"up": {"uv": [0, 0, 0.17, 0.5625], "texture": "#2"},
				"down": {"uv": [0, 0, 0.17, 0.5625], "texture": "#2"}
			}
		},
		{
			"from": [3.42875, 14.07125, 7.0625],
			"to": [4.24125, 14.24125, 7.625],
			"rotation": {"angle": -22.5, "axis": "z", "origin": [3.835, 14.15625, 7.34375]},
			"faces": {
				"north": {"uv": [0, 0, 0.17, 0.8125], "rotation": 90, "texture": "#2"},
				"east": {"uv": [0, 0, 0.17, 0.5625], "rotation": 270, "texture": "#2"},
				"south": {"uv": [0, 0, 0.17, 0.8125], "rotation": 270, "texture": "#2"},
				"west": {"uv": [0, 0, 0.17, 0.5625], "rotation": 270, "texture": "#2"},
				"up": {"uv": [0, 0, 0.5625, 0.8125], "rotation": 270, "texture": "#2"},
				"down": {"uv": [0, 0, 0.5625, 0.8125], "rotation": 270, "texture": "#2"}
			}
		},
		{
			"from": [3.42875, 14.07125, 7.0625],
			"to": [4.24125, 14.24125, 7.625],
			"rotation": {"angle": 0, "axis": "z", "origin": [3.835, 14.15625, 7.34375]},
			"faces": {
				"north": {"uv": [0, 0, 0.17, 0.8125], "rotation": 90, "texture": "#2"},
				"east": {"uv": [0, 0, 0.17, 0.5625], "rotation": 270, "texture": "#2"},
				"south": {"uv": [0, 0, 0.17, 0.8125], "rotation": 270, "texture": "#2"},
				"west": {"uv": [0, 0, 0.17, 0.5625], "rotation": 270, "texture": "#2"},
				"up": {"uv": [0, 0, 0.5625, 0.8125], "rotation": 270, "texture": "#2"},
				"down": {"uv": [0, 0, 0.5625, 0.8125], "rotation": 270, "texture": "#2"}
			}
		},
		{
			"from": [3.42875, 14.07125, 7.0625],
			"to": [4.24125, 14.24125, 7.625],
			"rotation": {"angle": 22.5, "axis": "z", "origin": [3.835, 14.15625, 7.34375]},
			"faces": {
				"north": {"uv": [0, 0, 0.17, 0.8125], "rotation": 90, "texture": "#2"},
				"east": {"uv": [0, 0, 0.17, 0.5625], "rotation": 270, "texture": "#2"},
				"south": {"uv": [0, 0, 0.17, 0.8125], "rotation": 270, "texture": "#2"},
				"west": {"uv": [0, 0, 0.17, 0.5625], "rotation": 270, "texture": "#2"},
				"up": {"uv": [0, 0, 0.5625, 0.8125], "rotation": 270, "texture": "#2"},
				"down": {"uv": [0, 0, 0.5625, 0.8125], "rotation": 270, "texture": "#2"}
			}
		},
		{
			"from": [3.42875, 14.07125, 7.0625],
			"to": [4.24125, 14.24125, 7.625],
			"rotation": {"angle": 45, "axis": "z", "origin": [3.835, 14.15625, 7.34375]},
			"faces": {
				"north": {"uv": [0, 0, 0.17, 0.8125], "rotation": 90, "texture": "#2"},
				"east": {"uv": [0, 0, 0.17, 0.5625], "rotation": 270, "texture": "#2"},
				"south": {"uv": [0, 0, 0.17, 0.8125], "rotation": 270, "texture": "#2"},
				"west": {"uv": [0, 0, 0.17, 0.5625], "rotation": 270, "texture": "#2"},
				"up": {"uv": [0, 0, 0.5625, 0.8125], "rotation": 270, "texture": "#2"},
				"down": {"uv": [0, 0, 0.5625, 0.8125], "rotation": 270, "texture": "#2"}
			}
		},
		{
			"from": [3.75, 13.75, 7.0625],
			"to": [3.92, 14.5625, 7.625],
			"rotation": {"angle": -22.5, "axis": "z", "origin": [3.835, 14.15625, 7.34375]},
			"faces": {
				"north": {"uv": [0, 0, 0.17, 0.8125], "rotation": 180, "texture": "#2"},
				"east": {"uv": [0, 0, 0.5625, 0.8125], "rotation": 180, "texture": "#2"},
				"south": {"uv": [0, 0, 0.17, 0.8125], "rotation": 180, "texture": "#2"},
				"west": {"uv": [0, 0, 0.5625, 0.8125], "rotation": 180, "texture": "#2"},
				"up": {"uv": [0, 0, 0.17, 0.5625], "rotation": 180, "texture": "#2"},
				"down": {"uv": [0, 0, 0.17, 0.5625], "rotation": 180, "texture": "#2"}
			}
		},
		{
			"from": [10.625, 13.9375, 7.1875],
			"to": [10.875, 14.25, 7.4375],
			"rotation": {"angle": 0, "axis": "x", "origin": [3.46875, 14.18087, 7.3125]},
			"faces": {
				"north": {"uv": [0, 0, 0.25, 0.3125], "texture": "#1"},
				"east": {"uv": [0, 0, 0.25, 0.3125], "texture": "#1"},
				"south": {"uv": [0, 0, 0.25, 0.3125], "texture": "#1"},
				"west": {"uv": [0, 0, 0.25, 0.3125], "texture": "#1"},
				"up": {"uv": [0, 0, 0.25, 0.25], "texture": "#1"},
				"down": {"uv": [0, 0, 0.25, 0.25], "texture": "#1"}
			}
		},
		{
			"from": [10.875, 13.5, 7.1875],
			"to": [11.125, 14.8125, 7.4375],
			"rotation": {"angle": 0, "axis": "x", "origin": [3.46875, 14.18087, 7.3125]},
			"faces": {
				"north": {"uv": [0, 0, 0.25, 1.3125], "texture": "#1"},
				"east": {"uv": [0, 0, 0.25, 1.3125], "texture": "#1"},
				"south": {"uv": [0, 0, 0.25, 1.3125], "texture": "#1"},
				"west": {"uv": [0, 0, 0.25, 1.3125], "texture": "#1"},
				"up": {"uv": [0, 0, 0.25, 0.25], "texture": "#1"},
				"down": {"uv": [0, 0, 0.25, 0.25], "texture": "#1"}
			}
		},
		{
			"from": [13, 13.4375, 7.1875],
			"to": [13.25, 14.875, 7.4375],
			"rotation": {"angle": 0, "axis": "x", "origin": [3.46875, 14.18087, 7.3125]},
			"faces": {
				"north": {"uv": [0, 0, 0.25, 1.4375], "texture": "#1"},
				"east": {"uv": [0, 0, 0.25, 1.4375], "texture": "#1"},
				"south": {"uv": [0, 0, 0.25, 1.4375], "texture": "#1"},
				"west": {"uv": [0, 0, 0.25, 1.4375], "texture": "#1"},
				"up": {"uv": [0, 0, 0.25, 0.25], "texture": "#1"},
				"down": {"uv": [0, 0, 0.25, 0.25], "texture": "#1"}
			}
		},
		{
			"from": [13.5, 13.4375, 7.0625],
			"to": [13.8125, 14.9375, 7.5625],
			"rotation": {"angle": 0, "axis": "x", "origin": [3.46875, 14.18087, 7.3125]},
			"faces": {
				"north": {"uv": [0, 0, 0.3125, 1.5], "texture": "#1"},
				"east": {"uv": [0, 0, 0.5, 1.5], "texture": "#1"},
				"south": {"uv": [0, 0, 0.3125, 1.5], "texture": "#1"},
				"west": {"uv": [0, 0, 0.5, 1.5], "texture": "#1"},
				"up": {"uv": [0, 0, 0.3125, 0.5], "texture": "#1"},
				"down": {"uv": [0, 0, 0.3125, 0.5], "texture": "#1"}
			}
		},
		{
			"from": [13.375, 14.9375, 7.0625],
			"to": [13.6875, 15.4375, 7.5625],
			"rotation": {"angle": 0, "axis": "x", "origin": [3.46875, 14.18087, 7.3125]},
			"faces": {
				"north": {"uv": [0, 0, 0.3125, 0.5], "texture": "#1"},
				"east": {"uv": [0, 0, 0.5, 0.5], "texture": "#1"},
				"south": {"uv": [0, 0, 0.3125, 0.5], "texture": "#1"},
				"west": {"uv": [0, 0, 0.5, 0.5], "texture": "#1"},
				"up": {"uv": [0, 0, 0.3125, 0.5], "texture": "#1"},
				"down": {"uv": [0, 0, 0.3125, 0.5], "texture": "#1"}
			}
		},
		{
			"from": [13.375, 12.9375, 7.0625],
			"to": [13.6875, 13.4375, 7.5625],
			"rotation": {"angle": 0, "axis": "x", "origin": [3.46875, 14.18087, 7.3125]},
			"faces": {
				"north": {"uv": [0, 0, 0.3125, 0.5], "texture": "#1"},
				"east": {"uv": [0, 0, 0.5, 0.5], "texture": "#1"},
				"south": {"uv": [0, 0, 0.3125, 0.5], "texture": "#1"},
				"west": {"uv": [0, 0, 0.5, 0.5], "texture": "#1"},
				"up": {"uv": [0, 0, 0.3125, 0.5], "texture": "#1"},
				"down": {"uv": [0, 0, 0.3125, 0.5], "texture": "#1"}
			}
		},
		{
			"from": [12.9375, 15.4375, 7.0625],
			"to": [13.5, 15.875, 7.5625],
			"rotation": {"angle": 0, "axis": "x", "origin": [3.46875, 14.18087, 7.3125]},
			"faces": {
				"north": {"uv": [0, 0, 0.5625, 0.4375], "texture": "#1"},
				"east": {"uv": [0, 0, 0.5, 0.4375], "texture": "#1"},
				"south": {"uv": [0, 0, 0.5625, 0.4375], "texture": "#1"},
				"west": {"uv": [0, 0, 0.5, 0.4375], "texture": "#1"},
				"up": {"uv": [0, 0, 0.5625, 0.5], "texture": "#1"},
				"down": {"uv": [0, 0, 0.5625, 0.5], "texture": "#1"}
			}
		},
		{
			"from": [12.9375, 12.5, 7.0625],
			"to": [13.5, 12.9375, 7.5625],
			"rotation": {"angle": 0, "axis": "x", "origin": [3.46875, 14.18087, 7.3125]},
			"faces": {
				"north": {"uv": [0, 0, 0.5625, 0.4375], "texture": "#1"},
				"east": {"uv": [0, 0, 0.5, 0.4375], "texture": "#1"},
				"south": {"uv": [0, 0, 0.5625, 0.4375], "texture": "#1"},
				"west": {"uv": [0, 0, 0.5, 0.4375], "texture": "#1"},
				"up": {"uv": [0, 0, 0.5625, 0.5], "texture": "#1"},
				"down": {"uv": [0, 0, 0.5625, 0.5], "texture": "#1"}
			}
		},
		{
			"from": [11.4375, 15.875, 7.0625],
			"to": [13.1875, 16.1875, 7.5625],
			"rotation": {"angle": 0, "axis": "x", "origin": [3.46875, 14.18087, 7.3125]},
			"faces": {
				"north": {"uv": [0, 0, 1.75, 0.3125], "texture": "#1"},
				"east": {"uv": [0, 0, 0.5, 0.3125], "texture": "#1"},
				"south": {"uv": [0, 0, 1.75, 0.3125], "texture": "#1"},
				"west": {"uv": [0, 0, 0.5, 0.3125], "texture": "#1"},
				"up": {"uv": [0, 0, 1.75, 0.5], "texture": "#1"},
				"down": {"uv": [0, 0, 1.75, 0.5], "texture": "#1"}
			}
		},
		{
			"from": [11.4375, 12.1875, 7.0625],
			"to": [13.1875, 12.5, 7.5625],
			"rotation": {"angle": 0, "axis": "x", "origin": [3.46875, 14.18087, 7.3125]},
			"faces": {
				"north": {"uv": [0, 0, 1.75, 0.3125], "texture": "#1"},
				"east": {"uv": [0, 0, 0.5, 0.3125], "texture": "#1"},
				"south": {"uv": [0, 0, 1.75, 0.3125], "texture": "#1"},
				"west": {"uv": [0, 0, 0.5, 0.3125], "texture": "#1"},
				"up": {"uv": [0, 0, 1.75, 0.5], "texture": "#1"},
				"down": {"uv": [0, 0, 1.75, 0.5], "texture": "#1"}
			}
		},
		{
			"from": [11.6875, 16.1875, 7.0625],
			"to": [13.3125, 16.5, 7.5625],
			"rotation": {"angle": 0, "axis": "x", "origin": [3.46875, 14.18087, 7.3125]},
			"faces": {
				"north": {"uv": [0, 0, 1.625, 0.3125], "texture": "#1"},
				"east": {"uv": [0, 0, 0.5, 0.3125], "texture": "#1"},
				"south": {"uv": [0, 0, 1.625, 0.3125], "texture": "#1"},
				"west": {"uv": [0, 0, 0.5, 0.3125], "texture": "#1"},
				"up": {"uv": [0, 0, 1.625, 0.5], "texture": "#1"},
				"down": {"uv": [0, 0, 1.625, 0.5], "texture": "#1"}
			}
		},
		{
			"from": [11.6875, 11.875, 7.0625],
			"to": [13.3125, 12.1875, 7.5625],
			"rotation": {"angle": 0, "axis": "x", "origin": [3.46875, 14.18087, 7.3125]},
			"faces": {
				"north": {"uv": [0, 0, 1.625, 0.3125], "texture": "#1"},
				"east": {"uv": [0, 0, 0.5, 0.3125], "texture": "#1"},
				"south": {"uv": [0, 0, 1.625, 0.3125], "texture": "#1"},
				"west": {"uv": [0, 0, 0.5, 0.3125], "texture": "#1"},
				"up": {"uv": [0, 0, 1.625, 0.5], "texture": "#1"},
				"down": {"uv": [0, 0, 1.625, 0.5], "texture": "#1"}
			}
		},
		{
			"from": [11.6875, 16.8125, 7.0625],
			"to": [13.3125, 17.125, 7.5625],
			"rotation": {"angle": 0, "axis": "x", "origin": [3.46875, 14.18087, 7.3125]},
			"faces": {
				"north": {"uv": [0, 0, 1.625, 0.3125], "texture": "#1"},
				"east": {"uv": [0, 0, 0.5, 0.3125], "texture": "#1"},
				"south": {"uv": [0, 0, 1.625, 0.3125], "texture": "#1"},
				"west": {"uv": [0, 0, 0.5, 0.3125], "texture": "#1"},
				"up": {"uv": [0, 0, 1.625, 0.5], "texture": "#1"},
				"down": {"uv": [0, 0, 1.625, 0.5], "texture": "#1"}
			}
		},
		{
			"from": [11.6875, 11.25, 7.0625],
			"to": [13.3125, 11.5625, 7.5625],
			"rotation": {"angle": 0, "axis": "x", "origin": [3.46875, 14.18087, 7.3125]},
			"faces": {
				"north": {"uv": [0, 0, 1.625, 0.3125], "texture": "#1"},
				"east": {"uv": [0, 0, 0.5, 0.3125], "texture": "#1"},
				"south": {"uv": [0, 0, 1.625, 0.3125], "texture": "#1"},
				"west": {"uv": [0, 0, 0.5, 0.3125], "texture": "#1"},
				"up": {"uv": [0, 0, 1.625, 0.5], "texture": "#1"},
				"down": {"uv": [0, 0, 1.625, 0.5], "texture": "#1"}
			}
		},
		{
			"from": [11.5, 17.125, 7.0625],
			"to": [13.125, 17.4375, 7.5625],
			"rotation": {"angle": 0, "axis": "x", "origin": [3.46875, 14.18087, 7.3125]},
			"faces": {
				"north": {"uv": [0, 0, 1.625, 0.3125], "texture": "#1"},
				"east": {"uv": [0, 0, 0.5, 0.3125], "texture": "#1"},
				"south": {"uv": [0, 0, 1.625, 0.3125], "texture": "#1"},
				"west": {"uv": [0, 0, 0.5, 0.3125], "texture": "#1"},
				"up": {"uv": [0, 0, 1.625, 0.5], "texture": "#1"},
				"down": {"uv": [0, 0, 1.625, 0.5], "texture": "#1"}
			}
		},
		{
			"from": [11.5, 10.9375, 7.0625],
			"to": [13.125, 11.25, 7.5625],
			"rotation": {"angle": 0, "axis": "x", "origin": [3.46875, 14.18087, 7.3125]},
			"faces": {
				"north": {"uv": [0, 0, 1.625, 0.3125], "texture": "#1"},
				"east": {"uv": [0, 0, 0.5, 0.3125], "texture": "#1"},
				"south": {"uv": [0, 0, 1.625, 0.3125], "texture": "#1"},
				"west": {"uv": [0, 0, 0.5, 0.3125], "texture": "#1"},
				"up": {"uv": [0, 0, 1.625, 0.5], "texture": "#1"},
				"down": {"uv": [0, 0, 1.625, 0.5], "texture": "#1"}
			}
		},
		{
			"from": [11.75, 17.4375, 7.0625],
			"to": [12.8125, 17.75, 7.5625],
			"rotation": {"angle": 0, "axis": "x", "origin": [3.46875, 14.18087, 7.3125]},
			"faces": {
				"north": {"uv": [0, 0, 1.0625, 0.3125], "texture": "#1"},
				"east": {"uv": [0, 0, 0.5, 0.3125], "texture": "#1"},
				"south": {"uv": [0, 0, 1.0625, 0.3125], "texture": "#1"},
				"west": {"uv": [0, 0, 0.5, 0.3125], "texture": "#1"},
				"up": {"uv": [0, 0, 1.0625, 0.5], "texture": "#1"},
				"down": {"uv": [0, 0, 1.0625, 0.5], "texture": "#1"}
			}
		},
		{
			"from": [11.75, 10.625, 7.0625],
			"to": [12.8125, 10.9375, 7.5625],
			"rotation": {"angle": 0, "axis": "x", "origin": [3.46875, 14.18087, 7.3125]},
			"faces": {
				"north": {"uv": [0, 0, 1.0625, 0.3125], "texture": "#1"},
				"east": {"uv": [0, 0, 0.5, 0.3125], "texture": "#1"},
				"south": {"uv": [0, 0, 1.0625, 0.3125], "texture": "#1"},
				"west": {"uv": [0, 0, 0.5, 0.3125], "texture": "#1"},
				"up": {"uv": [0, 0, 1.0625, 0.5], "texture": "#1"},
				"down": {"uv": [0, 0, 1.0625, 0.5], "texture": "#1"}
			}
		},
		{
			"from": [11.5, 17.75, 7.0625],
			"to": [12.5625, 18.0625, 7.5625],
			"rotation": {"angle": 0, "axis": "x", "origin": [3.46875, 14.18087, 7.3125]},
			"faces": {
				"north": {"uv": [0, 0, 1.0625, 0.3125], "texture": "#1"},
				"east": {"uv": [0, 0, 0.5, 0.3125], "texture": "#1"},
				"south": {"uv": [0, 0, 1.0625, 0.3125], "texture": "#1"},
				"west": {"uv": [0, 0, 0.5, 0.3125], "texture": "#1"},
				"up": {"uv": [0, 0, 1.0625, 0.5], "texture": "#1"},
				"down": {"uv": [0, 0, 1.0625, 0.5], "texture": "#1"}
			}
		},
		{
			"from": [11.5, 10.3125, 7.0625],
			"to": [12.5625, 10.625, 7.5625],
			"rotation": {"angle": 0, "axis": "x", "origin": [3.46875, 14.18087, 7.3125]},
			"faces": {
				"north": {"uv": [0, 0, 1.0625, 0.3125], "texture": "#1"},
				"east": {"uv": [0, 0, 0.5, 0.3125], "texture": "#1"},
				"south": {"uv": [0, 0, 1.0625, 0.3125], "texture": "#1"},
				"west": {"uv": [0, 0, 0.5, 0.3125], "texture": "#1"},
				"up": {"uv": [0, 0, 1.0625, 0.5], "texture": "#1"},
				"down": {"uv": [0, 0, 1.0625, 0.5], "texture": "#1"}
			}
		},
		{
			"from": [11.375, 18.0625, 7.125],
			"to": [12.1875, 18.375, 7.5],
			"rotation": {"angle": 0, "axis": "x", "origin": [3.46875, 14.18087, 7.3125]},
			"faces": {
				"north": {"uv": [0, 0, 0.8125, 0.3125], "texture": "#1"},
				"east": {"uv": [0, 0, 0.375, 0.3125], "texture": "#1"},
				"south": {"uv": [0, 0, 0.8125, 0.3125], "texture": "#1"},
				"west": {"uv": [0, 0, 0.375, 0.3125], "texture": "#1"},
				"up": {"uv": [0, 0, 0.8125, 0.375], "texture": "#1"},
				"down": {"uv": [0, 0, 0.8125, 0.375], "texture": "#1"}
			}
		},
		{
			"from": [11.375, 10, 7.125],
			"to": [12.1875, 10.3125, 7.5],
			"rotation": {"angle": 0, "axis": "x", "origin": [3.46875, 14.18087, 7.3125]},
			"faces": {
				"north": {"uv": [0, 0, 0.8125, 0.3125], "texture": "#1"},
				"east": {"uv": [0, 0, 0.375, 0.3125], "texture": "#1"},
				"south": {"uv": [0, 0, 0.8125, 0.3125], "texture": "#1"},
				"west": {"uv": [0, 0, 0.375, 0.3125], "texture": "#1"},
				"up": {"uv": [0, 0, 0.8125, 0.375], "texture": "#1"},
				"down": {"uv": [0, 0, 0.8125, 0.375], "texture": "#1"}
			}
		},
		{
			"from": [11.125, 18.375, 7.1875],
			"to": [11.8125, 18.6875, 7.4375],
			"rotation": {"angle": 0, "axis": "x", "origin": [3.46875, 14.18087, 7.3125]},
			"faces": {
				"north": {"uv": [0, 0, 0.6875, 0.3125], "texture": "#1"},
				"east": {"uv": [0, 0, 0.25, 0.3125], "texture": "#1"},
				"south": {"uv": [0, 0, 0.6875, 0.3125], "texture": "#1"},
				"west": {"uv": [0, 0, 0.25, 0.3125], "texture": "#1"},
				"up": {"uv": [0, 0, 0.6875, 0.25], "texture": "#1"},
				"down": {"uv": [0, 0, 0.6875, 0.25], "texture": "#1"}
			}
		},
		{
			"from": [11.125, 9.6875, 7.1875],
			"to": [11.8125, 10, 7.4375],
			"rotation": {"angle": 0, "axis": "x", "origin": [3.46875, 14.18087, 7.3125]},
			"faces": {
				"north": {"uv": [0, 0, 0.6875, 0.3125], "texture": "#1"},
				"east": {"uv": [0, 0, 0.25, 0.3125], "texture": "#1"},
				"south": {"uv": [0, 0, 0.6875, 0.3125], "texture": "#1"},
				"west": {"uv": [0, 0, 0.25, 0.3125], "texture": "#1"},
				"up": {"uv": [0, 0, 0.6875, 0.25], "texture": "#1"},
				"down": {"uv": [0, 0, 0.6875, 0.25], "texture": "#1"}
			}
		},
		{
			"from": [11.4375, 16.5, 7.0625],
			"to": [13.5625, 16.8125, 7.5625],
			"rotation": {"angle": 0, "axis": "x", "origin": [3.46875, 14.18087, 7.3125]},
			"faces": {
				"north": {"uv": [0, 0, 2.125, 0.3125], "texture": "#1"},
				"east": {"uv": [0, 0, 0.5, 0.3125], "texture": "#1"},
				"south": {"uv": [0, 0, 2.125, 0.3125], "texture": "#1"},
				"west": {"uv": [0, 0, 0.5, 0.3125], "texture": "#1"},
				"up": {"uv": [0, 0, 2.125, 0.5], "texture": "#1"},
				"down": {"uv": [0, 0, 2.125, 0.5], "texture": "#1"}
			}
		},
		{
			"from": [11.4375, 11.5625, 7.0625],
			"to": [13.5625, 11.875, 7.5625],
			"rotation": {"angle": 0, "axis": "x", "origin": [3.46875, 14.18087, 7.3125]},
			"faces": {
				"north": {"uv": [0, 0, 2.125, 0.3125], "texture": "#1"},
				"east": {"uv": [0, 0, 0.5, 0.3125], "texture": "#1"},
				"south": {"uv": [0, 0, 2.125, 0.3125], "texture": "#1"},
				"west": {"uv": [0, 0, 0.5, 0.3125], "texture": "#1"},
				"up": {"uv": [0, 0, 2.125, 0.5], "texture": "#1"},
				"down": {"uv": [0, 0, 2.125, 0.5], "texture": "#1"}
			}
		},
		{
			"from": [13.8125, 13.5625, 7.125],
			"to": [14.0625, 14.75, 7.5],
			"rotation": {"angle": 0, "axis": "x", "origin": [3.46875, 14.18087, 7.3125]},
			"faces": {
				"north": {"uv": [0, 0, 0.25, 1.1875], "texture": "#1"},
				"east": {"uv": [0, 0, 0.375, 1.1875], "texture": "#1"},
				"south": {"uv": [0, 0, 0.25, 1.1875], "texture": "#1"},
				"west": {"uv": [0, 0, 0.375, 1.1875], "texture": "#1"},
				"up": {"uv": [0, 0, 0.25, 0.375], "texture": "#1"},
				"down": {"uv": [0, 0, 0.25, 0.375], "texture": "#1"}
			}
		},
		{
			"from": [14.0625, 13.875, 7.1875],
			"to": [14.3125, 14.4375, 7.4375],
			"rotation": {"angle": 0, "axis": "x", "origin": [3.46875, 14.18087, 7.3125]},
			"faces": {
				"north": {"uv": [0, 0, 0.25, 0.5625], "texture": "#1"},
				"east": {"uv": [0, 0, 0.25, 0.5625], "texture": "#1"},
				"south": {"uv": [0, 0, 0.25, 0.5625], "texture": "#1"},
				"west": {"uv": [0, 0, 0.25, 0.5625], "texture": "#1"},
				"up": {"uv": [0, 0, 0.25, 0.25], "texture": "#1"},
				"down": {"uv": [0, 0, 0.25, 0.25], "texture": "#1"}
			}
		},
		{
			"from": [11.125, 13.25, 7.1875],
			"to": [11.375, 15.125, 7.4375],
			"rotation": {"angle": 0, "axis": "x", "origin": [3.46875, 14.18087, 7.3125]},
			"faces": {
				"north": {"uv": [0, 0, 0.25, 1.875], "texture": "#1"},
				"east": {"uv": [0, 0, 0.25, 1.875], "texture": "#1"},
				"south": {"uv": [0, 0, 0.25, 1.875], "texture": "#1"},
				"west": {"uv": [0, 0, 0.25, 1.875], "texture": "#1"},
				"up": {"uv": [0, 0, 0.25, 0.25], "texture": "#1"},
				"down": {"uv": [0, 0, 0.25, 0.25], "texture": "#1"}
			}
		},
		{
			"from": [12.6875, 13.25, 7.1875],
			"to": [13, 15.125, 7.4375],
			"rotation": {"angle": 0, "axis": "x", "origin": [3.46875, 14.18087, 7.3125]},
			"faces": {
				"north": {"uv": [0, 0, 0.3125, 1.875], "texture": "#1"},
				"east": {"uv": [0, 0, 0.25, 1.875], "texture": "#1"},
				"south": {"uv": [0, 0, 0.3125, 1.875], "texture": "#1"},
				"west": {"uv": [0, 0, 0.25, 1.875], "texture": "#1"},
				"up": {"uv": [0, 0, 0.3125, 0.25], "texture": "#1"},
				"down": {"uv": [0, 0, 0.3125, 0.25], "texture": "#1"}
			}
		},
		{
			"from": [11.375, 13.0625, 7.1875],
			"to": [11.625, 15.3125, 7.4375],
			"rotation": {"angle": 0, "axis": "x", "origin": [3.46875, 14.18087, 7.3125]},
			"faces": {
				"north": {"uv": [0, 0, 0.25, 2.25], "texture": "#1"},
				"east": {"uv": [0, 0, 0.25, 2.25], "texture": "#1"},
				"south": {"uv": [0, 0, 0.25, 2.25], "texture": "#1"},
				"west": {"uv": [0, 0, 0.25, 2.25], "texture": "#1"},
				"up": {"uv": [0, 0, 0.25, 0.25], "texture": "#1"},
				"down": {"uv": [0, 0, 0.25, 0.25], "texture": "#1"}
			}
		},
		{
			"from": [12.4375, 13.0625, 7.1875],
			"to": [12.6875, 15.3125, 7.4375],
			"rotation": {"angle": 0, "axis": "x", "origin": [3.46875, 14.18087, 7.3125]},
			"faces": {
				"north": {"uv": [0, 0, 0.25, 2.25], "texture": "#1"},
				"east": {"uv": [0, 0, 0.25, 2.25], "texture": "#1"},
				"south": {"uv": [0, 0, 0.25, 2.25], "texture": "#1"},
				"west": {"uv": [0, 0, 0.25, 2.25], "texture": "#1"},
				"up": {"uv": [0, 0, 0.25, 0.25], "texture": "#1"},
				"down": {"uv": [0, 0, 0.25, 0.25], "texture": "#1"}
			}
		},
		{
			"from": [11.625, 12.9375, 7.1875],
			"to": [12.4375, 15.4375, 7.4375],
			"rotation": {"angle": 0, "axis": "x", "origin": [3.46875, 14.18087, 7.3125]},
			"faces": {
				"north": {"uv": [0, 0, 0.8125, 2.5], "texture": "#1"},
				"east": {"uv": [0, 0, 0.25, 2.5], "texture": "#1"},
				"south": {"uv": [0, 0, 0.8125, 2.5], "texture": "#1"},
				"west": {"uv": [0, 0, 0.25, 2.5], "texture": "#1"},
				"up": {"uv": [0, 0, 0.8125, 0.25], "texture": "#1"},
				"down": {"uv": [0, 0, 0.8125, 0.25], "texture": "#1"}
			}
		},
		{
			"from": [12, 13.75, 7.0625],
			"to": [12.17, 14.5625, 7.625],
			"rotation": {"angle": 0, "axis": "y", "origin": [12.085, 14.15625, 7.34375]},
			"faces": {
				"north": {"uv": [0, 0, 0.17, 0.8125], "texture": "#2"},
				"east": {"uv": [0, 0, 0.5625, 0.8125], "texture": "#2"},
				"south": {"uv": [0, 0, 0.17, 0.8125], "texture": "#2"},
				"west": {"uv": [0, 0, 0.5625, 0.8125], "texture": "#2"},
				"up": {"uv": [0, 0, 0.17, 0.5625], "texture": "#2"},
				"down": {"uv": [0, 0, 0.17, 0.5625], "texture": "#2"}
			}
		},
		{
			"from": [12, 13.75, 7.0625],
			"to": [12.17, 14.5625, 7.625],
			"rotation": {"angle": 22.5, "axis": "z", "origin": [12.085, 14.15625, 7.34375]},
			"faces": {
				"north": {"uv": [0, 0, 0.17, 0.8125], "texture": "#2"},
				"east": {"uv": [0, 0, 0.5625, 0.8125], "texture": "#2"},
				"south": {"uv": [0, 0, 0.17, 0.8125], "texture": "#2"},
				"west": {"uv": [0, 0, 0.5625, 0.8125], "texture": "#2"},
				"up": {"uv": [0, 0, 0.17, 0.5625], "texture": "#2"},
				"down": {"uv": [0, 0, 0.17, 0.5625], "texture": "#2"}
			}
		},
		{
			"from": [12, 13.75, 7.0625],
			"to": [12.17, 14.5625, 7.625],
			"rotation": {"angle": 45, "axis": "z", "origin": [12.085, 14.15625, 7.34375]},
			"faces": {
				"north": {"uv": [0, 0, 0.17, 0.8125], "texture": "#2"},
				"east": {"uv": [0, 0, 0.5625, 0.8125], "texture": "#2"},
				"south": {"uv": [0, 0, 0.17, 0.8125], "texture": "#2"},
				"west": {"uv": [0, 0, 0.5625, 0.8125], "texture": "#2"},
				"up": {"uv": [0, 0, 0.17, 0.5625], "texture": "#2"},
				"down": {"uv": [0, 0, 0.17, 0.5625], "texture": "#2"}
			}
		},
		{
			"from": [11.67875, 14.07125, 7.0625],
			"to": [12.49125, 14.24125, 7.625],
			"rotation": {"angle": -22.5, "axis": "z", "origin": [12.085, 14.15625, 7.34375]},
			"faces": {
				"north": {"uv": [0, 0, 0.17, 0.8125], "rotation": 90, "texture": "#2"},
				"east": {"uv": [0, 0, 0.17, 0.5625], "rotation": 270, "texture": "#2"},
				"south": {"uv": [0, 0, 0.17, 0.8125], "rotation": 270, "texture": "#2"},
				"west": {"uv": [0, 0, 0.17, 0.5625], "rotation": 270, "texture": "#2"},
				"up": {"uv": [0, 0, 0.5625, 0.8125], "rotation": 270, "texture": "#2"},
				"down": {"uv": [0, 0, 0.5625, 0.8125], "rotation": 270, "texture": "#2"}
			}
		},
		{
			"from": [11.67875, 14.07125, 7.0625],
			"to": [12.49125, 14.24125, 7.625],
			"rotation": {"angle": 0, "axis": "z", "origin": [12.085, 14.15625, 7.34375]},
			"faces": {
				"north": {"uv": [0, 0, 0.17, 0.8125], "rotation": 90, "texture": "#2"},
				"east": {"uv": [0, 0, 0.17, 0.5625], "rotation": 270, "texture": "#2"},
				"south": {"uv": [0, 0, 0.17, 0.8125], "rotation": 270, "texture": "#2"},
				"west": {"uv": [0, 0, 0.17, 0.5625], "rotation": 270, "texture": "#2"},
				"up": {"uv": [0, 0, 0.5625, 0.8125], "rotation": 270, "texture": "#2"},
				"down": {"uv": [0, 0, 0.5625, 0.8125], "rotation": 270, "texture": "#2"}
			}
		},
		{
			"from": [11.67875, 14.07125, 7.0625],
			"to": [12.49125, 14.24125, 7.625],
			"rotation": {"angle": 22.5, "axis": "z", "origin": [12.085, 14.15625, 7.34375]},
			"faces": {
				"north": {"uv": [0, 0, 0.17, 0.8125], "rotation": 90, "texture": "#2"},
				"east": {"uv": [0, 0, 0.17, 0.5625], "rotation": 270, "texture": "#2"},
				"south": {"uv": [0, 0, 0.17, 0.8125], "rotation": 270, "texture": "#2"},
				"west": {"uv": [0, 0, 0.17, 0.5625], "rotation": 270, "texture": "#2"},
				"up": {"uv": [0, 0, 0.5625, 0.8125], "rotation": 270, "texture": "#2"},
				"down": {"uv": [0, 0, 0.5625, 0.8125], "rotation": 270, "texture": "#2"}
			}
		},
		{
			"from": [11.67875, 14.07125, 7.0625],
			"to": [12.49125, 14.24125, 7.625],
			"rotation": {"angle": 45, "axis": "z", "origin": [12.085, 14.15625, 7.34375]},
			"faces": {
				"north": {"uv": [0, 0, 0.17, 0.8125], "rotation": 90, "texture": "#2"},
				"east": {"uv": [0, 0, 0.17, 0.5625], "rotation": 270, "texture": "#2"},
				"south": {"uv": [0, 0, 0.17, 0.8125], "rotation": 270, "texture": "#2"},
				"west": {"uv": [0, 0, 0.17, 0.5625], "rotation": 270, "texture": "#2"},
				"up": {"uv": [0, 0, 0.5625, 0.8125], "rotation": 270, "texture": "#2"},
				"down": {"uv": [0, 0, 0.5625, 0.8125], "rotation": 270, "texture": "#2"}
			}
		},
		{
			"from": [12, 13.75, 7.0625],
			"to": [12.17, 14.5625, 7.625],
			"rotation": {"angle": -22.5, "axis": "z", "origin": [12.085, 14.15625, 7.34375]},
			"faces": {
				"north": {"uv": [0, 0, 0.17, 0.8125], "rotation": 180, "texture": "#2"},
				"east": {"uv": [0, 0, 0.5625, 0.8125], "rotation": 180, "texture": "#2"},
				"south": {"uv": [0, 0, 0.17, 0.8125], "rotation": 180, "texture": "#2"},
				"west": {"uv": [0, 0, 0.5625, 0.8125], "rotation": 180, "texture": "#2"},
				"up": {"uv": [0, 0, 0.17, 0.5625], "rotation": 180, "texture": "#2"},
				"down": {"uv": [0, 0, 0.17, 0.5625], "rotation": 180, "texture": "#2"}
			}
		},
		{
			"from": [7.75, 0.75, 7.375],
			"to": [8.0625, 1, 7.5625],
			"rotation": {"angle": 0, "axis": "x", "origin": [3.46875, 14.18087, 7.3125]},
			"faces": {
				"north": {"uv": [0, 0, 0.3125, 0.25], "texture": "#1"},
				"east": {"uv": [0, 0, 0.1875, 0.25], "texture": "#1"},
				"south": {"uv": [0, 0, 0.3125, 0.25], "texture": "#1"},
				"west": {"uv": [0, 0, 0.1875, 0.25], "texture": "#1"},
				"up": {"uv": [0, 0, 0.3125, 0.1875], "texture": "#1"},
				"down": {"uv": [0, 0, 0.3125, 0.1875], "texture": "#1"}
			}
		},
		{
			"from": [7.1875, 1, 7.25],
			"to": [8.5625, 1.25, 7.6875],
			"rotation": {"angle": 0, "axis": "x", "origin": [3.46875, 14.18087, 7.3125]},
			"faces": {
				"north": {"uv": [0, 0, 1.375, 0.25], "texture": "#1"},
				"east": {"uv": [0, 0, 0.4375, 0.25], "texture": "#1"},
				"south": {"uv": [0, 0, 1.375, 0.25], "texture": "#1"},
				"west": {"uv": [0, 0, 0.4375, 0.25], "texture": "#1"},
				"up": {"uv": [0, 0, 1.375, 0.4375], "texture": "#1"},
				"down": {"uv": [0, 0, 1.375, 0.4375], "texture": "#1"}
			}
		},
		{
			"from": [7.1875, 2.6875, 7.25],
			"to": [8.5, 2.9375, 7.6875],
			"rotation": {"angle": 0, "axis": "x", "origin": [3.46875, 14.18087, 7.3125]},
			"faces": {
				"north": {"uv": [0, 0, 1.3125, 0.25], "texture": "#1"},
				"east": {"uv": [0, 0, 0.4375, 0.25], "texture": "#1"},
				"south": {"uv": [0, 0, 1.3125, 0.25], "texture": "#1"},
				"west": {"uv": [0, 0, 0.4375, 0.25], "texture": "#1"},
				"up": {"uv": [0, 0, 1.3125, 0.4375], "texture": "#1"},
				"down": {"uv": [0, 0, 1.3125, 0.4375], "texture": "#1"}
			}
		},
		{
			"from": [6.875, 1.25, 7],
			"to": [8.8125, 1.5, 7.9375],
			"rotation": {"angle": 0, "axis": "x", "origin": [3.46875, 14.18087, 7.3125]},
			"faces": {
				"north": {"uv": [0, 0, 1.9375, 0.25], "texture": "#1"},
				"east": {"uv": [0, 0, 0.9375, 0.25], "texture": "#1"},
				"south": {"uv": [0, 0, 1.9375, 0.25], "texture": "#1"},
				"west": {"uv": [0, 0, 0.9375, 0.25], "texture": "#1"},
				"up": {"uv": [0, 0, 1.9375, 0.9375], "texture": "#1"},
				"down": {"uv": [0, 0, 1.9375, 0.9375], "texture": "#1"}
			}
		},
		{
			"from": [6.875, 1.5, 7],
			"to": [8.8125, 2.6875, 7.9375],
			"rotation": {"angle": 0, "axis": "x", "origin": [3.46875, 14.18087, 7.3125]},
			"faces": {
				"north": {"uv": [0, 0, 1.9375, 1.1875], "texture": "#1"},
				"east": {"uv": [0, 0, 0.9375, 1.1875], "texture": "#1"},
				"south": {"uv": [0, 0, 1.9375, 1.1875], "texture": "#1"},
				"west": {"uv": [0, 0, 0.9375, 1.1875], "texture": "#1"},
				"up": {"uv": [0, 0, 1.9375, 0.9375], "texture": "#1"},
				"down": {"uv": [0, 0, 1.9375, 0.9375], "texture": "#1"}
			}
		},
		{
			"from": [7.75, 1.6875, 6.8125],
			"to": [7.92, 2.5, 8.0625],
			"rotation": {"angle": 0, "axis": "y", "origin": [7.835, 2.09375, 7.78125]},
			"faces": {
				"north": {"uv": [0, 0, 0.17, 0.8125], "texture": "#2"},
				"east": {"uv": [0, 0, 1.25, 0.8125], "texture": "#2"},
				"south": {"uv": [0, 0, 0.17, 0.8125], "texture": "#2"},
				"west": {"uv": [0, 0, 1.25, 0.8125], "texture": "#2"},
				"up": {"uv": [0, 0, 0.17, 1.25], "texture": "#2"},
				"down": {"uv": [0, 0, 0.17, 1.25], "texture": "#2"}
			}
		},
		{
			"from": [7.75, 1.6875, 6.8125],
			"to": [7.92, 2.5, 8.0625],
			"rotation": {"angle": 22.5, "axis": "z", "origin": [7.835, 2.09375, 7.78125]},
			"faces": {
				"north": {"uv": [0, 0, 0.17, 0.8125], "texture": "#2"},
				"east": {"uv": [0, 0, 1.25, 0.8125], "texture": "#2"},
				"south": {"uv": [0, 0, 0.17, 0.8125], "texture": "#2"},
				"west": {"uv": [0, 0, 1.25, 0.8125], "texture": "#2"},
				"up": {"uv": [0, 0, 0.17, 1.25], "texture": "#2"},
				"down": {"uv": [0, 0, 0.17, 1.25], "texture": "#2"}
			}
		},
		{
			"from": [7.75, 1.6875, 6.8125],
			"to": [7.92, 2.5, 8.0625],
			"rotation": {"angle": 45, "axis": "z", "origin": [7.835, 2.09375, 7.78125]},
			"faces": {
				"north": {"uv": [0, 0, 0.17, 0.8125], "texture": "#2"},
				"east": {"uv": [0, 0, 1.25, 0.8125], "texture": "#2"},
				"south": {"uv": [0, 0, 0.17, 0.8125], "texture": "#2"},
				"west": {"uv": [0, 0, 1.25, 0.8125], "texture": "#2"},
				"up": {"uv": [0, 0, 0.17, 1.25], "texture": "#2"},
				"down": {"uv": [0, 0, 0.17, 1.25], "texture": "#2"}
			}
		},
		{
			"from": [7.42875, 2.00875, 6.8125],
			"to": [8.24125, 2.17875, 8.0625],
			"rotation": {"angle": -22.5, "axis": "z", "origin": [7.835, 2.09375, 7.78125]},
			"faces": {
				"north": {"uv": [0, 0, 0.17, 0.8125], "rotation": 90, "texture": "#2"},
				"east": {"uv": [0, 0, 0.17, 1.25], "rotation": 270, "texture": "#2"},
				"south": {"uv": [0, 0, 0.17, 0.8125], "rotation": 270, "texture": "#2"},
				"west": {"uv": [0, 0, 0.17, 1.25], "rotation": 270, "texture": "#2"},
				"up": {"uv": [0, 0, 1.25, 0.8125], "rotation": 270, "texture": "#2"},
				"down": {"uv": [0, 0, 1.25, 0.8125], "rotation": 270, "texture": "#2"}
			}
		},
		{
			"from": [7.42875, 2.00875, 6.8125],
			"to": [8.24125, 2.17875, 8.0625],
			"rotation": {"angle": 0, "axis": "z", "origin": [7.835, 2.09375, 7.78125]},
			"faces": {
				"north": {"uv": [0, 0, 0.17, 0.8125], "rotation": 90, "texture": "#2"},
				"east": {"uv": [0, 0, 0.17, 1.25], "rotation": 270, "texture": "#2"},
				"south": {"uv": [0, 0, 0.17, 0.8125], "rotation": 270, "texture": "#2"},
				"west": {"uv": [0, 0, 0.17, 1.25], "rotation": 270, "texture": "#2"},
				"up": {"uv": [0, 0, 1.25, 0.8125], "rotation": 270, "texture": "#2"},
				"down": {"uv": [0, 0, 1.25, 0.8125], "rotation": 270, "texture": "#2"}
			}
		},
		{
			"from": [7.42875, 2.00875, 6.8125],
			"to": [8.24125, 2.17875, 8.0625],
			"rotation": {"angle": 22.5, "axis": "z", "origin": [7.835, 2.09375, 7.78125]},
			"faces": {
				"north": {"uv": [0, 0, 0.17, 0.8125], "rotation": 90, "texture": "#2"},
				"east": {"uv": [0, 0, 0.17, 1.25], "rotation": 270, "texture": "#2"},
				"south": {"uv": [0, 0, 0.17, 0.8125], "rotation": 270, "texture": "#2"},
				"west": {"uv": [0, 0, 0.17, 1.25], "rotation": 270, "texture": "#2"},
				"up": {"uv": [0, 0, 1.25, 0.8125], "rotation": 270, "texture": "#2"},
				"down": {"uv": [0, 0, 1.25, 0.8125], "rotation": 270, "texture": "#2"}
			}
		},
		{
			"from": [7.42875, 2.00875, 6.8125],
			"to": [8.24125, 2.17875, 8.0625],
			"rotation": {"angle": 45, "axis": "z", "origin": [7.835, 2.09375, 7.78125]},
			"faces": {
				"north": {"uv": [0, 0, 0.17, 0.8125], "rotation": 90, "texture": "#2"},
				"east": {"uv": [0, 0, 0.17, 1.25], "rotation": 270, "texture": "#2"},
				"south": {"uv": [0, 0, 0.17, 0.8125], "rotation": 270, "texture": "#2"},
				"west": {"uv": [0, 0, 0.17, 1.25], "rotation": 270, "texture": "#2"},
				"up": {"uv": [0, 0, 1.25, 0.8125], "rotation": 270, "texture": "#2"},
				"down": {"uv": [0, 0, 1.25, 0.8125], "rotation": 270, "texture": "#2"}
			}
		},
		{
			"from": [7.75, 1.6875, 6.8125],
			"to": [7.92, 2.5, 8.0625],
			"rotation": {"angle": -22.5, "axis": "z", "origin": [7.835, 2.09375, 7.78125]},
			"faces": {
				"north": {"uv": [0, 0, 0.17, 0.8125], "rotation": 180, "texture": "#2"},
				"east": {"uv": [0, 0, 1.25, 0.8125], "rotation": 180, "texture": "#2"},
				"south": {"uv": [0, 0, 0.17, 0.8125], "rotation": 180, "texture": "#2"},
				"west": {"uv": [0, 0, 1.25, 0.8125], "rotation": 180, "texture": "#2"},
				"up": {"uv": [0, 0, 0.17, 1.25], "rotation": 180, "texture": "#2"},
				"down": {"uv": [0, 0, 0.17, 1.25], "rotation": 180, "texture": "#2"}
			}
		}
	],
	"display": {
		"ground": {
			"translation": [0, 4.5, 0]
		},
		"gui": {
			"rotation": [0, 0, 41],
			"translation": [3.25, -3.25, 0],
			"scale": [0.77, 0.77, 0.77]
		},
		"head": {
			"translation": [0, -15.5, 2.25],
			"scale": [4, 4, 4]
		}
	},
	"groups": [
		{
			"name": "glass",
			"origin": [0, 0, 0],
			"children": [0, 1, 2, 3, 4, 5, 6]
		}, 7, 8, 9,
		{
			"name": "glass",
			"origin": [0, 0, 0],
			"children": [10, 11, 12, 13, 14, 15, 16]
		},
		{
			"name": "glass",
			"origin": [0, 0, 0],
			"children": [17, 18, 19, 20, 21, 22, 23]
		},
		{
			"name": "glass",
			"origin": [0, 0, 0],
			"children": [24, 25, 26, 27, 28, 29, 30]
		},
		{
			"name": "sides",
			"origin": [8, 8, 8],
			"children": [31, 32, 33, 34, 35, 36, 37, 38, 39, 40, 41, 42, 43, 44, 45, 46, 47, 48, 49, 50, 51, 52, 53, 54, 55, 56, 57, 58, 59, 60, 61, 62, 63]
		},
		{
			"name": "jewel",
			"origin": [0, 0, 0],
			"children": [64, 65, 66, 67, 68, 69, 70, 71]
		},
		{
			"name": "sides",
			"origin": [8, 8, 8],
			"children": [72, 73, 74, 75, 76, 77, 78, 79, 80, 81, 82, 83, 84, 85, 86, 87, 88, 89, 90, 91, 92, 93, 94, 95, 96, 97, 98, 99, 100, 101, 102, 103, 104]
		},
		{
			"name": "jewel",
			"origin": [0, 0, 0],
			"children": [105, 106, 107, 108, 109, 110, 111, 112]
		}, 113, 114, 115, 116, 117,
		{
			"name": "jewel",
			"origin": [0, 0, 0],
			"children": [118, 119, 120, 121, 122, 123, 124, 125]
		}
	]
}