{
	"credit": "Made with Blockbench",
	"textures": {
		"4": "shield_repo:block/shine",
		"5": "block/acacia_log",
		"6": "block/anvil",
		"7": "block/green_glazed_terracotta",
		"8": "block/yellow_shulker_box",
		"particle": "shield_repo:block/steel"
	},
	"elements": [
		{
			"from": [7.91735, 0.0331, 6.44078],
			"to": [8.08375, 0.5331, 7.27278],
			"rotation": {"angle": 0, "axis": "y", "origin": [8.02135, 0.5331, 6.85678]},
			"faces": {
				"north": {"uv": [0, 0, 0.125, 0.75], "texture": "#8"},
				"east": {"uv": [0, 0, 0.25, 0.75], "texture": "#8"},
				"south": {"uv": [0, 0, 0.125, 0.75], "texture": "#8"},
				"west": {"uv": [0, 0, 0.25, 0.75], "texture": "#8"},
				"up": {"uv": [0, 0, 0.125, 0.25], "texture": "#8"},
				"down": {"uv": [0, 0, 0.125, 0.25], "texture": "#8"}
			}
		},
		{
			"from": [7.91735, 0.0331, 6.44078],
			"to": [8.08375, 0.5331, 7.27278],
			"rotation": {"angle": -22.5, "axis": "y", "origin": [8.02135, 0.5331, 6.85678]},
			"faces": {
				"north": {"uv": [0, 0, 0.125, 0.75], "texture": "#8"},
				"east": {"uv": [0, 0, 0.25, 0.75], "texture": "#8"},
				"south": {"uv": [0, 0, 0.125, 0.75], "texture": "#8"},
				"west": {"uv": [0, 0, 0.25, 0.75], "texture": "#8"},
				"up": {"uv": [0, 0, 0.125, 0.25], "texture": "#8"},
				"down": {"uv": [0, 0, 0.125, 0.25], "texture": "#8"}
			}
		},
		{
			"from": [7.91735, 0.0331, 6.44078],
			"to": [8.08375, 0.5331, 7.27278],
			"rotation": {"angle": -45, "axis": "y", "origin": [8.02135, 0.5331, 6.85678]},
			"faces": {
				"north": {"uv": [0, 0, 0.125, 0.75], "texture": "#8"},
				"east": {"uv": [0, 0, 0.25, 0.75], "texture": "#8"},
				"south": {"uv": [0, 0, 0.125, 0.75], "texture": "#8"},
				"west": {"uv": [0, 0, 0.25, 0.75], "texture": "#8"},
				"up": {"uv": [0, 0, 0.125, 0.25], "texture": "#8"},
				"down": {"uv": [0, 0, 0.125, 0.25], "texture": "#8"}
			}
		},
		{
			"from": [7.60535, 0.0331, 6.75278],
			"to": [8.43735, 0.5331, 6.91918],
			"rotation": {"angle": 22.5, "axis": "y", "origin": [8.02135, 0.5331, 6.85678]},
			"faces": {
				"north": {"uv": [0, 0, 0.25, 0.75], "texture": "#8"},
				"east": {"uv": [0, 0, 0.125, 0.75], "texture": "#8"},
				"south": {"uv": [0, 0, 0.25, 0.75], "texture": "#8"},
				"west": {"uv": [0, 0, 0.125, 0.75], "texture": "#8"},
				"up": {"uv": [0, 0, 0.125, 0.25], "rotation": 90, "texture": "#8"},
				"down": {"uv": [0, 0, 0.125, 0.25], "rotation": 270, "texture": "#8"}
			}
		},
		{
			"from": [7.60535, 0.0331, 6.75278],
			"to": [8.43735, 0.5331, 6.91918],
			"rotation": {"angle": 0, "axis": "y", "origin": [8.02135, 0.5331, 6.85678]},
			"faces": {
				"north": {"uv": [0, 0, 0.25, 0.75], "texture": "#8"},
				"east": {"uv": [0, 0, 0.125, 0.75], "texture": "#8"},
				"south": {"uv": [0, 0, 0.25, 0.75], "texture": "#8"},
				"west": {"uv": [0, 0, 0.125, 0.75], "texture": "#8"},
				"up": {"uv": [0, 0, 0.125, 0.25], "rotation": 90, "texture": "#8"},
				"down": {"uv": [0, 0, 0.125, 0.25], "rotation": 270, "texture": "#8"}
			}
		},
		{
			"from": [7.60535, 0.0331, 6.75278],
			"to": [8.43735, 0.5331, 6.91918],
			"rotation": {"angle": -22.5, "axis": "y", "origin": [8.02135, 0.5331, 6.85678]},
			"faces": {
				"north": {"uv": [0, 0, 0.25, 0.75], "texture": "#8"},
				"east": {"uv": [0, 0, 0.125, 0.75], "texture": "#8"},
				"south": {"uv": [0, 0, 0.25, 0.75], "texture": "#8"},
				"west": {"uv": [0, 0, 0.125, 0.75], "texture": "#8"},
				"up": {"uv": [0, 0, 0.125, 0.25], "rotation": 90, "texture": "#8"},
				"down": {"uv": [0, 0, 0.125, 0.25], "rotation": 270, "texture": "#8"}
			}
		},
		{
			"from": [7.60535, 0.0331, 6.75278],
			"to": [8.43735, 0.5331, 6.91918],
			"rotation": {"angle": -45, "axis": "y", "origin": [8.02135, 0.5331, 6.85678]},
			"faces": {
				"north": {"uv": [0, 0, 0.25, 0.75], "texture": "#8"},
				"east": {"uv": [0, 0, 0.125, 0.75], "texture": "#8"},
				"south": {"uv": [0, 0, 0.25, 0.75], "texture": "#8"},
				"west": {"uv": [0, 0, 0.125, 0.75], "texture": "#8"},
				"up": {"uv": [0, 0, 0.125, 0.25], "rotation": 90, "texture": "#8"},
				"down": {"uv": [0, 0, 0.125, 0.25], "rotation": 270, "texture": "#8"}
			}
		},
		{
			"from": [7.95895, 0.0331, 6.44078],
			"to": [8.12535, 0.5331, 7.27278],
			"rotation": {"angle": 22.5, "axis": "y", "origin": [8.02135, 0.5331, 6.85678]},
			"faces": {
				"north": {"uv": [0, 0, 0.125, 0.75], "texture": "#8"},
				"east": {"uv": [0, 0, 0.25, 0.75], "texture": "#8"},
				"south": {"uv": [0, 0, 0.125, 0.75], "texture": "#8"},
				"west": {"uv": [0, 0, 0.25, 0.75], "texture": "#8"},
				"up": {"uv": [0, 0, 0.125, 0.25], "rotation": 180, "texture": "#8"},
				"down": {"uv": [0, 0, 0.125, 0.25], "rotation": 180, "texture": "#8"}
			}
		},
		{
			"from": [7.95895, 0.0331, 6.44078],
			"to": [8.12535, 0.5331, 7.27278],
			"rotation": {"angle": 0, "axis": "y", "origin": [8.02135, 0.5331, 6.85678]},
			"faces": {
				"north": {"uv": [0, 0, 0.125, 0.75], "texture": "#8"},
				"east": {"uv": [0, 0, 0.25, 0.75], "texture": "#8"},
				"south": {"uv": [0, 0, 0.125, 0.75], "texture": "#8"},
				"west": {"uv": [0, 0, 0.25, 0.75], "texture": "#8"},
				"up": {"uv": [0, 0, 0.125, 0.25], "rotation": 180, "texture": "#8"},
				"down": {"uv": [0, 0, 0.125, 0.25], "rotation": 180, "texture": "#8"}
			}
		},
		{
			"from": [7.95063, 0.5331, 6.57018],
			"to": [8.06378, 0.6581, 7.13594],
			"rotation": {"angle": 0, "axis": "y", "origin": [8.02135, 1.0331, 6.85306]},
			"faces": {
				"north": {"uv": [0, 0, 0.125, 0.75], "texture": "#5"},
				"east": {"uv": [0, 0, 0.25, 0.75], "texture": "#5"},
				"south": {"uv": [0, 0, 0.125, 0.75], "texture": "#5"},
				"west": {"uv": [0, 0, 0.25, 0.75], "texture": "#5"},
				"up": {"uv": [0, 0, 0.125, 0.25], "texture": "#5"},
				"down": {"uv": [0, 0, 0.125, 0.25], "texture": "#5"}
			}
		},
		{
			"from": [7.95063, 0.5331, 6.57018],
			"to": [8.06378, 0.6581, 7.13594],
			"rotation": {"angle": -22.5, "axis": "y", "origin": [8.02135, 1.0331, 6.85306]},
			"faces": {
				"north": {"uv": [0, 0, 0.125, 0.75], "texture": "#5"},
				"east": {"uv": [0, 0, 0.25, 0.75], "texture": "#5"},
				"south": {"uv": [0, 0, 0.125, 0.75], "texture": "#5"},
				"west": {"uv": [0, 0, 0.25, 0.75], "texture": "#5"},
				"up": {"uv": [0, 0, 0.125, 0.25], "texture": "#5"},
				"down": {"uv": [0, 0, 0.125, 0.25], "texture": "#5"}
			}
		},
		{
			"from": [7.95063, 0.5331, 6.57018],
			"to": [8.06378, 0.6581, 7.13594],
			"rotation": {"angle": -45, "axis": "y", "origin": [8.02135, 1.0331, 6.85306]},
			"faces": {
				"north": {"uv": [0, 0, 0.125, 0.75], "texture": "#5"},
				"east": {"uv": [0, 0, 0.25, 0.75], "texture": "#5"},
				"south": {"uv": [0, 0, 0.125, 0.75], "texture": "#5"},
				"west": {"uv": [0, 0, 0.25, 0.75], "texture": "#5"},
				"up": {"uv": [0, 0, 0.125, 0.25], "texture": "#5"},
				"down": {"uv": [0, 0, 0.125, 0.25], "texture": "#5"}
			}
		},
		{
			"from": [7.73847, 0.5331, 6.78234],
			"to": [8.30423, 0.6581, 6.8955],
			"rotation": {"angle": 22.5, "axis": "y", "origin": [8.02135, 1.0331, 6.85306]},
			"faces": {
				"north": {"uv": [0, 0, 0.25, 0.75], "texture": "#5"},
				"east": {"uv": [0, 0, 0.125, 0.75], "texture": "#5"},
				"south": {"uv": [0, 0, 0.25, 0.75], "texture": "#5"},
				"west": {"uv": [0, 0, 0.125, 0.75], "texture": "#5"},
				"up": {"uv": [0, 0, 0.125, 0.25], "rotation": 90, "texture": "#5"},
				"down": {"uv": [0, 0, 0.125, 0.25], "rotation": 270, "texture": "#5"}
			}
		},
		{
			"from": [7.73847, 0.5331, 6.78234],
			"to": [8.30423, 0.6581, 6.8955],
			"rotation": {"angle": 0, "axis": "y", "origin": [8.02135, 1.0331, 6.85306]},
			"faces": {
				"north": {"uv": [0, 0, 0.25, 0.75], "texture": "#5"},
				"east": {"uv": [0, 0, 0.125, 0.75], "texture": "#5"},
				"south": {"uv": [0, 0, 0.25, 0.75], "texture": "#5"},
				"west": {"uv": [0, 0, 0.125, 0.75], "texture": "#5"},
				"up": {"uv": [0, 0, 0.125, 0.25], "rotation": 90, "texture": "#5"},
				"down": {"uv": [0, 0, 0.125, 0.25], "rotation": 270, "texture": "#5"}
			}
		},
		{
			"from": [7.73847, 0.5331, 6.78234],
			"to": [8.30423, 0.6581, 6.8955],
			"rotation": {"angle": -22.5, "axis": "y", "origin": [8.02135, 1.0331, 6.85306]},
			"faces": {
				"north": {"uv": [0, 0, 0.25, 0.75], "texture": "#5"},
				"east": {"uv": [0, 0, 0.125, 0.75], "texture": "#5"},
				"south": {"uv": [0, 0, 0.25, 0.75], "texture": "#5"},
				"west": {"uv": [0, 0, 0.125, 0.75], "texture": "#5"},
				"up": {"uv": [0, 0, 0.125, 0.25], "rotation": 90, "texture": "#5"},
				"down": {"uv": [0, 0, 0.125, 0.25], "rotation": 270, "texture": "#5"}
			}
		},
		{
			"from": [7.73847, 0.5331, 6.78234],
			"to": [8.30423, 0.6581, 6.8955],
			"rotation": {"angle": -45, "axis": "y", "origin": [8.02135, 1.0331, 6.85306]},
			"faces": {
				"north": {"uv": [0, 0, 0.25, 0.75], "texture": "#5"},
				"east": {"uv": [0, 0, 0.125, 0.75], "texture": "#5"},
				"south": {"uv": [0, 0, 0.25, 0.75], "texture": "#5"},
				"west": {"uv": [0, 0, 0.125, 0.75], "texture": "#5"},
				"up": {"uv": [0, 0, 0.125, 0.25], "rotation": 90, "texture": "#5"},
				"down": {"uv": [0, 0, 0.125, 0.25], "rotation": 270, "texture": "#5"}
			}
		},
		{
			"from": [7.97892, 0.5331, 6.57018],
			"to": [8.09207, 0.6581, 7.13594],
			"rotation": {"angle": 22.5, "axis": "y", "origin": [8.02135, 1.0331, 6.85306]},
			"faces": {
				"north": {"uv": [0, 0, 0.125, 0.75], "texture": "#5"},
				"east": {"uv": [0, 0, 0.25, 0.75], "texture": "#5"},
				"south": {"uv": [0, 0, 0.125, 0.75], "texture": "#5"},
				"west": {"uv": [0, 0, 0.25, 0.75], "texture": "#5"},
				"up": {"uv": [0, 0, 0.125, 0.25], "rotation": 180, "texture": "#5"},
				"down": {"uv": [0, 0, 0.125, 0.25], "rotation": 180, "texture": "#5"}
			}
		},
		{
			"from": [7.97892, 0.5331, 6.57018],
			"to": [8.09207, 0.6581, 7.13594],
			"rotation": {"angle": 0, "axis": "y", "origin": [8.02135, 1.0331, 6.85306]},
			"faces": {
				"north": {"uv": [0, 0, 0.125, 0.75], "texture": "#5"},
				"east": {"uv": [0, 0, 0.25, 0.75], "texture": "#5"},
				"south": {"uv": [0, 0, 0.125, 0.75], "texture": "#5"},
				"west": {"uv": [0, 0, 0.25, 0.75], "texture": "#5"},
				"up": {"uv": [0, 0, 0.125, 0.25], "rotation": 180, "texture": "#5"},
				"down": {"uv": [0, 0, 0.125, 0.25], "rotation": 180, "texture": "#5"}
			}
		},
		{
			"from": [7.91735, 0.6581, 6.44078],
			"to": [8.08375, 0.8456, 7.27278],
			"rotation": {"angle": 0, "axis": "y", "origin": [8.02135, 1.1581, 6.85678]},
			"faces": {
				"north": {"uv": [0, 0, 0.125, 0.75], "texture": "#8"},
				"east": {"uv": [0, 0, 0.25, 0.75], "texture": "#8"},
				"south": {"uv": [0, 0, 0.125, 0.75], "texture": "#8"},
				"west": {"uv": [0, 0, 0.25, 0.75], "texture": "#8"},
				"up": {"uv": [0, 0, 0.125, 0.25], "texture": "#8"},
				"down": {"uv": [0, 0, 0.125, 0.25], "texture": "#8"}
			}
		},
		{
			"from": [7.91735, 0.6581, 6.44078],
			"to": [8.08375, 0.8456, 7.27278],
			"rotation": {"angle": -22.5, "axis": "y", "origin": [8.02135, 1.1581, 6.85678]},
			"faces": {
				"north": {"uv": [0, 0, 0.125, 0.75], "texture": "#8"},
				"east": {"uv": [0, 0, 0.25, 0.75], "texture": "#8"},
				"south": {"uv": [0, 0, 0.125, 0.75], "texture": "#8"},
				"west": {"uv": [0, 0, 0.25, 0.75], "texture": "#8"},
				"up": {"uv": [0, 0, 0.125, 0.25], "texture": "#8"},
				"down": {"uv": [0, 0, 0.125, 0.25], "texture": "#8"}
			}
		},
		{
			"from": [7.91735, 0.6581, 6.44078],
			"to": [8.08375, 0.8456, 7.27278],
			"rotation": {"angle": -45, "axis": "y", "origin": [8.02135, 1.1581, 6.85678]},
			"faces": {
				"north": {"uv": [0, 0, 0.125, 0.75], "texture": "#8"},
				"east": {"uv": [0, 0, 0.25, 0.75], "texture": "#8"},
				"south": {"uv": [0, 0, 0.125, 0.75], "texture": "#8"},
				"west": {"uv": [0, 0, 0.25, 0.75], "texture": "#8"},
				"up": {"uv": [0, 0, 0.125, 0.25], "texture": "#8"},
				"down": {"uv": [0, 0, 0.125, 0.25], "texture": "#8"}
			}
		},
		{
			"from": [7.60535, 0.6581, 6.75278],
			"to": [8.43735, 0.8456, 6.91918],
			"rotation": {"angle": 22.5, "axis": "y", "origin": [8.02135, 1.1581, 6.85678]},
			"faces": {
				"north": {"uv": [0, 0, 0.25, 0.75], "texture": "#8"},
				"east": {"uv": [0, 0, 0.125, 0.75], "texture": "#8"},
				"south": {"uv": [0, 0, 0.25, 0.75], "texture": "#8"},
				"west": {"uv": [0, 0, 0.125, 0.75], "texture": "#8"},
				"up": {"uv": [0, 0, 0.125, 0.25], "rotation": 90, "texture": "#8"},
				"down": {"uv": [0, 0, 0.125, 0.25], "rotation": 270, "texture": "#8"}
			}
		},
		{
			"from": [7.60535, 0.6581, 6.75278],
			"to": [8.43735, 0.8456, 6.91918],
			"rotation": {"angle": 0, "axis": "y", "origin": [8.02135, 1.1581, 6.85678]},
			"faces": {
				"north": {"uv": [0, 0, 0.25, 0.75], "texture": "#8"},
				"east": {"uv": [0, 0, 0.125, 0.75], "texture": "#8"},
				"south": {"uv": [0, 0, 0.25, 0.75], "texture": "#8"},
				"west": {"uv": [0, 0, 0.125, 0.75], "texture": "#8"},
				"up": {"uv": [0, 0, 0.125, 0.25], "rotation": 90, "texture": "#8"},
				"down": {"uv": [0, 0, 0.125, 0.25], "rotation": 270, "texture": "#8"}
			}
		},
		{
			"from": [7.60535, 0.6581, 6.75278],
			"to": [8.43735, 0.8456, 6.91918],
			"rotation": {"angle": -22.5, "axis": "y", "origin": [8.02135, 1.1581, 6.85678]},
			"faces": {
				"north": {"uv": [0, 0, 0.25, 0.75], "texture": "#8"},
				"east": {"uv": [0, 0, 0.125, 0.75], "texture": "#8"},
				"south": {"uv": [0, 0, 0.25, 0.75], "texture": "#8"},
				"west": {"uv": [0, 0, 0.125, 0.75], "texture": "#8"},
				"up": {"uv": [0, 0, 0.125, 0.25], "rotation": 90, "texture": "#8"},
				"down": {"uv": [0, 0, 0.125, 0.25], "rotation": 270, "texture": "#8"}
			}
		},
		{
			"from": [7.60535, 0.6581, 6.75278],
			"to": [8.43735, 0.8456, 6.91918],
			"rotation": {"angle": -45, "axis": "y", "origin": [8.02135, 1.1581, 6.85678]},
			"faces": {
				"north": {"uv": [0, 0, 0.25, 0.75], "texture": "#8"},
				"east": {"uv": [0, 0, 0.125, 0.75], "texture": "#8"},
				"south": {"uv": [0, 0, 0.25, 0.75], "texture": "#8"},
				"west": {"uv": [0, 0, 0.125, 0.75], "texture": "#8"},
				"up": {"uv": [0, 0, 0.125, 0.25], "rotation": 90, "texture": "#8"},
				"down": {"uv": [0, 0, 0.125, 0.25], "rotation": 270, "texture": "#8"}
			}
		},
		{
			"from": [7.95895, 0.6581, 6.44078],
			"to": [8.12535, 0.8456, 7.27278],
			"rotation": {"angle": 22.5, "axis": "y", "origin": [8.02135, 1.1581, 6.85678]},
			"faces": {
				"north": {"uv": [0, 0, 0.125, 0.75], "texture": "#8"},
				"east": {"uv": [0, 0, 0.25, 0.75], "texture": "#8"},
				"south": {"uv": [0, 0, 0.125, 0.75], "texture": "#8"},
				"west": {"uv": [0, 0, 0.25, 0.75], "texture": "#8"},
				"up": {"uv": [0, 0, 0.125, 0.25], "rotation": 180, "texture": "#8"},
				"down": {"uv": [0, 0, 0.125, 0.25], "rotation": 180, "texture": "#8"}
			}
		},
		{
			"from": [7.95895, 0.6581, 6.44078],
			"to": [8.12535, 0.8456, 7.27278],
			"rotation": {"angle": 0, "axis": "y", "origin": [8.02135, 1.1581, 6.85678]},
			"faces": {
				"north": {"uv": [0, 0, 0.125, 0.75], "texture": "#8"},
				"east": {"uv": [0, 0, 0.25, 0.75], "texture": "#8"},
				"south": {"uv": [0, 0, 0.125, 0.75], "texture": "#8"},
				"west": {"uv": [0, 0, 0.25, 0.75], "texture": "#8"},
				"up": {"uv": [0, 0, 0.125, 0.25], "rotation": 180, "texture": "#8"},
				"down": {"uv": [0, 0, 0.125, 0.25], "rotation": 180, "texture": "#8"}
			}
		},
		{
			"from": [7.95063, 0.8456, 6.57018],
			"to": [8.06378, 8.0331, 7.13594],
			"rotation": {"angle": 0, "axis": "y", "origin": [8.02135, 1.3456, 6.85306]},
			"faces": {
				"north": {"uv": [0, 0, 0.125, 0.75], "texture": "#5"},
				"east": {"uv": [0, 0, 0.25, 0.75], "texture": "#5"},
				"south": {"uv": [0, 0, 0.125, 0.75], "texture": "#5"},
				"west": {"uv": [0, 0, 0, 10], "texture": "#5"},
				"up": {"uv": [0, 0, 0.125, 0.25], "texture": "#5"},
				"down": {"uv": [0, 0, 0.125, 0.25], "texture": "#5"}
			}
		},
		{
			"from": [7.95063, 0.8456, 6.57018],
			"to": [8.06378, 8.0331, 7.13594],
			"rotation": {"angle": -22.5, "axis": "y", "origin": [8.02135, 1.3456, 6.85306]},
			"faces": {
				"north": {"uv": [0, 0, 0.125, 0.75], "texture": "#5"},
				"east": {"uv": [0, 0, 0.25, 0.75], "texture": "#5"},
				"south": {"uv": [0, 0, 0.125, 0.75], "texture": "#5"},
				"west": {"uv": [0, 0, 0, 10], "texture": "#5"},
				"up": {"uv": [0, 0, 0.125, 0.25], "texture": "#5"},
				"down": {"uv": [0, 0, 0.125, 0.25], "texture": "#5"}
			}
		},
		{
			"from": [7.95063, 0.8456, 6.57018],
			"to": [8.06378, 8.0331, 7.13594],
			"rotation": {"angle": -45, "axis": "y", "origin": [8.02135, 1.3456, 6.85306]},
			"faces": {
				"north": {"uv": [0, 0, 0.125, 0.75], "texture": "#5"},
				"east": {"uv": [0, 0, 0.25, 0.75], "texture": "#5"},
				"south": {"uv": [0, 0, 0.125, 0.75], "texture": "#5"},
				"west": {"uv": [0, 0, 0, 10], "texture": "#5"},
				"up": {"uv": [0, 0, 0.125, 0.25], "texture": "#5"},
				"down": {"uv": [0, 0, 0.125, 0.25], "texture": "#5"}
			}
		},
		{
			"from": [7.73847, 0.8456, 6.78234],
			"to": [8.30423, 8.0331, 6.8955],
			"rotation": {"angle": 22.5, "axis": "y", "origin": [8.02135, 1.3456, 6.85306]},
			"faces": {
				"north": {"uv": [0, 0, 0.25, 0.75], "texture": "#5"},
				"east": {"uv": [0, 0, 0.125, 0.75], "texture": "#5"},
				"south": {"uv": [0, 0, 0.25, 0.75], "texture": "#5"},
				"west": {"uv": [0, 0, 0, 10], "texture": "#5"},
				"up": {"uv": [0, 0, 0.125, 0.25], "rotation": 90, "texture": "#5"},
				"down": {"uv": [0, 0, 0.125, 0.25], "rotation": 270, "texture": "#5"}
			}
		},
		{
			"from": [7.73847, 0.8456, 6.78234],
			"to": [8.30423, 8.0331, 6.8955],
			"rotation": {"angle": 0, "axis": "y", "origin": [8.02135, 1.3456, 6.85306]},
			"faces": {
				"north": {"uv": [0, 0, 0.25, 0.75], "texture": "#5"},
				"east": {"uv": [0, 0, 0.125, 0.75], "texture": "#5"},
				"south": {"uv": [0, 0, 0.25, 0.75], "texture": "#5"},
				"west": {"uv": [0, 0, 0, 10], "texture": "#5"},
				"up": {"uv": [0, 0, 0.125, 0.25], "rotation": 90, "texture": "#5"},
				"down": {"uv": [0, 0, 0.125, 0.25], "rotation": 270, "texture": "#5"}
			}
		},
		{
			"from": [7.73847, 0.8456, 6.78234],
			"to": [8.30423, 8.0331, 6.8955],
			"rotation": {"angle": -22.5, "axis": "y", "origin": [8.02135, 1.3456, 6.85306]},
			"faces": {
				"north": {"uv": [0, 0, 0.25, 0.75], "texture": "#5"},
				"east": {"uv": [0, 0, 0.125, 0.75], "texture": "#5"},
				"south": {"uv": [0, 0, 0.25, 0.75], "texture": "#5"},
				"west": {"uv": [0, 0, 0, 10], "texture": "#5"},
				"up": {"uv": [0, 0, 0.125, 0.25], "rotation": 90, "texture": "#5"},
				"down": {"uv": [0, 0, 0.125, 0.25], "rotation": 270, "texture": "#5"}
			}
		},
		{
			"from": [7.73847, 0.8456, 6.78234],
			"to": [8.30423, 8.0331, 6.8955],
			"rotation": {"angle": -45, "axis": "y", "origin": [8.02135, 1.3456, 6.85306]},
			"faces": {
				"north": {"uv": [0, 0, 0.25, 0.75], "texture": "#5"},
				"east": {"uv": [0, 0, 0.125, 0.75], "texture": "#5"},
				"south": {"uv": [0, 0, 0.25, 0.75], "texture": "#5"},
				"west": {"uv": [0, 0, 0, 10], "texture": "#5"},
				"up": {"uv": [0, 0, 0.125, 0.25], "rotation": 90, "texture": "#5"},
				"down": {"uv": [0, 0, 0.125, 0.25], "rotation": 270, "texture": "#5"}
			}
		},
		{
			"from": [7.97892, 0.8456, 6.57018],
			"to": [8.09207, 8.0331, 7.13594],
			"rotation": {"angle": 22.5, "axis": "y", "origin": [8.02135, 1.3456, 6.85306]},
			"faces": {
				"north": {"uv": [0, 0, 0.125, 0.75], "texture": "#5"},
				"east": {"uv": [0, 0, 0.25, 0.75], "texture": "#5"},
				"south": {"uv": [0, 0, 0.125, 0.75], "texture": "#5"},
				"west": {"uv": [0, 0, 0, 10], "texture": "#5"},
				"up": {"uv": [0, 0, 0.125, 0.25], "rotation": 180, "texture": "#5"},
				"down": {"uv": [0, 0, 0.125, 0.25], "rotation": 180, "texture": "#5"}
			}
		},
		{
			"from": [7.97892, 0.8456, 6.57018],
			"to": [8.09207, 8.0331, 7.13594],
			"rotation": {"angle": 0, "axis": "y", "origin": [8.02135, 1.3456, 6.85306]},
			"faces": {
				"north": {"uv": [0, 0, 0.125, 0.75], "texture": "#5"},
				"east": {"uv": [0, 0, 0.25, 0.75], "texture": "#5"},
				"south": {"uv": [0, 0, 0.125, 0.75], "texture": "#5"},
				"west": {"uv": [0, 0, 0, 10], "texture": "#5"},
				"up": {"uv": [0, 0, 0.125, 0.25], "rotation": 180, "texture": "#5"},
				"down": {"uv": [0, 0, 0.125, 0.25], "rotation": 180, "texture": "#5"}
			}
		},
		{
			"from": [7.91735, 8.0331, 6.44078],
			"to": [8.08375, 8.5331, 7.27278],
			"rotation": {"angle": 0, "axis": "y", "origin": [8.02135, 8.5331, 6.85678]},
			"faces": {
				"north": {"uv": [0, 0, 0.125, 0.75], "texture": "#8"},
				"east": {"uv": [0, 0, 0.25, 0.75], "texture": "#8"},
				"south": {"uv": [0, 0, 0.125, 0.75], "texture": "#8"},
				"west": {"uv": [0, 0, 0.25, 0.75], "texture": "#8"},
				"up": {"uv": [0, 0, 0.125, 0.25], "texture": "#8"},
				"down": {"uv": [0, 0, 0.125, 0.25], "texture": "#8"}
			}
		},
		{
			"from": [7.91735, 8.0331, 6.44078],
			"to": [8.08375, 8.5331, 7.27278],
			"rotation": {"angle": -22.5, "axis": "y", "origin": [8.02135, 8.5331, 6.85678]},
			"faces": {
				"north": {"uv": [0, 0, 0.125, 0.75], "texture": "#8"},
				"east": {"uv": [0, 0, 0.25, 0.75], "texture": "#8"},
				"south": {"uv": [0, 0, 0.125, 0.75], "texture": "#8"},
				"west": {"uv": [0, 0, 0.25, 0.75], "texture": "#8"},
				"up": {"uv": [0, 0, 0.125, 0.25], "texture": "#8"},
				"down": {"uv": [0, 0, 0.125, 0.25], "texture": "#8"}
			}
		},
		{
			"from": [7.91735, 8.0331, 6.44078],
			"to": [8.08375, 8.5331, 7.27278],
			"rotation": {"angle": -45, "axis": "y", "origin": [8.02135, 8.5331, 6.85678]},
			"faces": {
				"north": {"uv": [0, 0, 0.125, 0.75], "texture": "#8"},
				"east": {"uv": [0, 0, 0.25, 0.75], "texture": "#8"},
				"south": {"uv": [0, 0, 0.125, 0.75], "texture": "#8"},
				"west": {"uv": [0, 0, 0.25, 0.75], "texture": "#8"},
				"up": {"uv": [0, 0, 0.125, 0.25], "texture": "#8"},
				"down": {"uv": [0, 0, 0.125, 0.25], "texture": "#8"}
			}
		},
		{
			"from": [7.60535, 8.0331, 6.75278],
			"to": [8.43735, 8.5331, 6.91918],
			"rotation": {"angle": 22.5, "axis": "y", "origin": [8.02135, 8.5331, 6.85678]},
			"faces": {
				"north": {"uv": [0, 0, 0.25, 0.75], "texture": "#8"},
				"east": {"uv": [0, 0, 0.125, 0.75], "texture": "#8"},
				"south": {"uv": [0, 0, 0.25, 0.75], "texture": "#8"},
				"west": {"uv": [0, 0, 0.125, 0.75], "texture": "#8"},
				"up": {"uv": [0, 0, 0.125, 0.25], "rotation": 90, "texture": "#8"},
				"down": {"uv": [0, 0, 0.125, 0.25], "rotation": 270, "texture": "#8"}
			}
		},
		{
			"from": [7.60535, 8.0331, 6.75278],
			"to": [8.43735, 8.5331, 6.91918],
			"rotation": {"angle": 0, "axis": "y", "origin": [8.02135, 8.5331, 6.85678]},
			"faces": {
				"north": {"uv": [0, 0, 0.25, 0.75], "texture": "#8"},
				"east": {"uv": [0, 0, 0.125, 0.75], "texture": "#8"},
				"south": {"uv": [0, 0, 0.25, 0.75], "texture": "#8"},
				"west": {"uv": [0, 0, 0.125, 0.75], "texture": "#8"},
				"up": {"uv": [0, 0, 0.125, 0.25], "rotation": 90, "texture": "#8"},
				"down": {"uv": [0, 0, 0.125, 0.25], "rotation": 270, "texture": "#8"}
			}
		},
		{
			"from": [7.60535, 8.0331, 6.75278],
			"to": [8.43735, 8.5331, 6.91918],
			"rotation": {"angle": -22.5, "axis": "y", "origin": [8.02135, 8.5331, 6.85678]},
			"faces": {
				"north": {"uv": [0, 0, 0.25, 0.75], "texture": "#8"},
				"east": {"uv": [0, 0, 0.125, 0.75], "texture": "#8"},
				"south": {"uv": [0, 0, 0.25, 0.75], "texture": "#8"},
				"west": {"uv": [0, 0, 0.125, 0.75], "texture": "#8"},
				"up": {"uv": [0, 0, 0.125, 0.25], "rotation": 90, "texture": "#8"},
				"down": {"uv": [0, 0, 0.125, 0.25], "rotation": 270, "texture": "#8"}
			}
		},
		{
			"from": [7.60535, 8.0331, 6.75278],
			"to": [8.43735, 8.5331, 6.91918],
			"rotation": {"angle": -45, "axis": "y", "origin": [8.02135, 8.5331, 6.85678]},
			"faces": {
				"north": {"uv": [0, 0, 0.25, 0.75], "texture": "#8"},
				"east": {"uv": [0, 0, 0.125, 0.75], "texture": "#8"},
				"south": {"uv": [0, 0, 0.25, 0.75], "texture": "#8"},
				"west": {"uv": [0, 0, 0.125, 0.75], "texture": "#8"},
				"up": {"uv": [0, 0, 0.125, 0.25], "rotation": 90, "texture": "#8"},
				"down": {"uv": [0, 0, 0.125, 0.25], "rotation": 270, "texture": "#8"}
			}
		},
		{
			"from": [7.95895, 8.0331, 6.44078],
			"to": [8.12535, 8.5331, 7.27278],
			"rotation": {"angle": 22.5, "axis": "y", "origin": [8.02135, 8.5331, 6.85678]},
			"faces": {
				"north": {"uv": [0, 0, 0.125, 0.75], "texture": "#8"},
				"east": {"uv": [0, 0, 0.25, 0.75], "texture": "#8"},
				"south": {"uv": [0, 0, 0.125, 0.75], "texture": "#8"},
				"west": {"uv": [0, 0, 0.25, 0.75], "texture": "#8"},
				"up": {"uv": [0, 0, 0.125, 0.25], "rotation": 180, "texture": "#8"},
				"down": {"uv": [0, 0, 0.125, 0.25], "rotation": 180, "texture": "#8"}
			}
		},
		{
			"from": [7.95895, 8.0331, 6.44078],
			"to": [8.12535, 8.5331, 7.27278],
			"rotation": {"angle": 0, "axis": "y", "origin": [8.02135, 8.5331, 6.85678]},
			"faces": {
				"north": {"uv": [0, 0, 0.125, 0.75], "texture": "#8"},
				"east": {"uv": [0, 0, 0.25, 0.75], "texture": "#8"},
				"south": {"uv": [0, 0, 0.125, 0.75], "texture": "#8"},
				"west": {"uv": [0, 0, 0.25, 0.75], "texture": "#8"},
				"up": {"uv": [0, 0, 0.125, 0.25], "rotation": 180, "texture": "#8"},
				"down": {"uv": [0, 0, 0.125, 0.25], "rotation": 180, "texture": "#8"}
			}
		},
		{
			"from": [7.8375, 7.375, 6.5],
			"to": [8.2125, 9.625, 7.1875],
			"faces": {
				"north": {"uv": [0, 0, 0.375, 2.25], "texture": "#6"},
				"east": {"uv": [0, 0, 0.6875, 2.25], "texture": "#6"},
				"south": {"uv": [0, 0, 0.375, 2.25], "texture": "#6"},
				"west": {"uv": [0, 0, 0.6875, 2.25], "texture": "#6"},
				"up": {"uv": [0, 0, 0.375, 0.6875], "texture": "#6"},
				"down": {"uv": [0, 0, 0.375, 0.6875], "texture": "#6"}
			}
		},
		{
			"from": [7.8375, 10.875, 6.5],
			"to": [8.2125, 11.0625, 7.1875],
			"faces": {
				"north": {"uv": [0, 0, 0.375, 0.1875], "texture": "#6"},
				"east": {"uv": [0, 0, 0.6875, 0.1875], "texture": "#6"},
				"south": {"uv": [0, 0, 0.375, 0.1875], "texture": "#6"},
				"west": {"uv": [0, 0, 0.6875, 0.1875], "texture": "#6"},
				"up": {"uv": [0, 0, 0.375, 0.6875], "texture": "#6"},
				"down": {"uv": [0, 0, 0.375, 0.6875], "texture": "#6"}
			}
		},
		{
			"from": [7.7125, 10.25, 6.5],
			"to": [8.3375, 10.38, 7.1875],
			"rotation": {"angle": -22.5, "axis": "x", "origin": [8.025, 10.315, 6.84375]},
			"faces": {
				"north": {"uv": [0, 0, 0.625, 0.13], "rotation": 180, "texture": "#7"},
				"east": {"uv": [0, 0, 0.6875, 0.13], "rotation": 180, "texture": "#7"},
				"south": {"uv": [0, 0, 0.625, 0.13], "rotation": 180, "texture": "#7"},
				"west": {"uv": [11, 8, 13, 10], "rotation": 180, "texture": "#7"},
				"up": {"uv": [0, 0, 0.625, 0.6875], "texture": "#7"},
				"down": {"uv": [0, 0, 0.625, 0.6875], "texture": "#7"}
			}
		},
		{
			"from": [7.7125, 10.25, 6.5],
			"to": [8.3375, 10.38, 7.1875],
			"rotation": {"angle": 0, "axis": "y", "origin": [8.025, 10.3125, 6.84375]},
			"faces": {
				"north": {"uv": [0, 0, 0.625, 0.13], "texture": "#7"},
				"east": {"uv": [0, 0, 0.6875, 0.13], "texture": "#7"},
				"south": {"uv": [0, 0, 0.625, 0.13], "texture": "#7"},
				"west": {"uv": [11, 8, 13, 10], "texture": "#7"},
				"up": {"uv": [0, 0, 0.625, 0.6875], "texture": "#7"},
				"down": {"uv": [0, 0, 0.625, 0.6875], "texture": "#7"}
			}
		},
		{
			"from": [7.7125, 10.25, 6.5],
			"to": [8.3375, 10.38, 7.1875],
			"rotation": {"angle": 22.5, "axis": "x", "origin": [8.025, 10.315, 6.84375]},
			"faces": {
				"north": {"uv": [0, 0, 0.625, 0.13], "texture": "#7"},
				"east": {"uv": [0, 0, 0.6875, 0.13], "texture": "#7"},
				"south": {"uv": [0, 0, 0.625, 0.13], "texture": "#7"},
				"west": {"uv": [11, 8, 13, 10], "texture": "#7"},
				"up": {"uv": [0, 0, 0.625, 0.6875], "texture": "#7"},
				"down": {"uv": [0, 0, 0.625, 0.6875], "texture": "#7"}
			}
		},
		{
			"from": [7.7125, 10.25, 6.5],
			"to": [8.3375, 10.38, 7.1875],
			"rotation": {"angle": 45, "axis": "x", "origin": [8.025, 10.315, 6.84375]},
			"faces": {
				"north": {"uv": [0, 0, 0.625, 0.13], "texture": "#7"},
				"east": {"uv": [0, 0, 0.6875, 0.13], "texture": "#7"},
				"south": {"uv": [0, 0, 0.625, 0.13], "texture": "#7"},
				"west": {"uv": [11, 8, 13, 10], "texture": "#7"},
				"up": {"uv": [0, 0, 0.625, 0.6875], "texture": "#7"},
				"down": {"uv": [0, 0, 0.625, 0.6875], "texture": "#7"}
			}
		},
		{
			"from": [7.7125, 9.97125, 6.77875],
			"to": [8.3375, 10.65875, 6.90875],
			"rotation": {"angle": -22.5, "axis": "x", "origin": [8.025, 10.315, 6.84375]},
			"faces": {
				"north": {"uv": [0, 0, 0.625, 0.6875], "rotation": 180, "texture": "#7"},
				"east": {"uv": [0, 0, 0.6875, 0.13], "rotation": 270, "texture": "#7"},
				"south": {"uv": [0, 0, 0.625, 0.6875], "texture": "#7"},
				"west": {"uv": [11, 8, 13, 10], "rotation": 90, "texture": "#7"},
				"up": {"uv": [0, 0, 0.625, 0.13], "rotation": 180, "texture": "#7"},
				"down": {"uv": [0, 0, 0.625, 0.13], "texture": "#7"}
			}
		},
		{
			"from": [7.7125, 9.97125, 6.77875],
			"to": [8.3375, 10.65875, 6.90875],
			"rotation": {"angle": 0, "axis": "x", "origin": [8.025, 10.315, 6.84375]},
			"faces": {
				"north": {"uv": [0, 0, 0.625, 0.6875], "rotation": 180, "texture": "#7"},
				"east": {"uv": [0, 0, 0.6875, 0.13], "rotation": 270, "texture": "#7"},
				"south": {"uv": [0, 0, 0.625, 0.6875], "texture": "#7"},
				"west": {"uv": [11, 8, 13, 10], "rotation": 90, "texture": "#7"},
				"up": {"uv": [0, 0, 0.625, 0.13], "rotation": 180, "texture": "#7"},
				"down": {"uv": [0, 0, 0.625, 0.13], "texture": "#7"}
			}
		},
		{
			"from": [7.7125, 9.97125, 6.77875],
			"to": [8.3375, 10.65875, 6.90875],
			"rotation": {"angle": 22.5, "axis": "x", "origin": [8.025, 10.315, 6.84375]},
			"faces": {
				"north": {"uv": [0, 0, 0.625, 0.6875], "rotation": 180, "texture": "#7"},
				"east": {"uv": [0, 0, 0.6875, 0.13], "rotation": 270, "texture": "#7"},
				"south": {"uv": [0, 0, 0.625, 0.6875], "texture": "#7"},
				"west": {"uv": [11, 8, 13, 10], "rotation": 90, "texture": "#7"},
				"up": {"uv": [0, 0, 0.625, 0.13], "rotation": 180, "texture": "#7"},
				"down": {"uv": [0, 0, 0.625, 0.13], "texture": "#7"}
			}
		},
		{
			"from": [7.7125, 9.97125, 6.77875],
			"to": [8.3375, 10.65875, 6.90875],
			"rotation": {"angle": 45, "axis": "x", "origin": [8.025, 10.315, 6.84375]},
			"faces": {
				"north": {"uv": [0, 0, 0.625, 0.6875], "rotation": 180, "texture": "#7"},
				"east": {"uv": [0, 0, 0.6875, 0.13], "rotation": 270, "texture": "#7"},
				"south": {"uv": [0, 0, 0.625, 0.6875], "texture": "#7"},
				"west": {"uv": [11, 8, 13, 10], "rotation": 90, "texture": "#7"},
				"up": {"uv": [0, 0, 0.625, 0.13], "rotation": 180, "texture": "#7"},
				"down": {"uv": [0, 0, 0.625, 0.13], "texture": "#7"}
			}
		},
		{
			"from": [7.8375, 11.0625, 6.625],
			"to": [8.2125, 11.25, 7.0625],
			"faces": {
				"north": {"uv": [0, 0, 0.375, 0.1875], "texture": "#6"},
				"east": {"uv": [0, 0, 0.4375, 0.1875], "texture": "#6"},
				"south": {"uv": [0, 0, 0.375, 0.1875], "texture": "#6"},
				"west": {"uv": [0, 0, 0.4375, 0.1875], "texture": "#6"},
				"up": {"uv": [0, 0, 0.375, 0.4375], "texture": "#6"},
				"down": {"uv": [0, 0, 0.375, 0.4375], "texture": "#6"}
			}
		},
		{
			"from": [7.9, 11.25, 6.6875],
			"to": [8.15, 11.4375, 7],
			"faces": {
				"north": {"uv": [0, 0, 0.25, 0.1875], "texture": "#6"},
				"east": {"uv": [0, 0, 0.3125, 0.1875], "texture": "#6"},
				"south": {"uv": [0, 0, 0.25, 0.1875], "texture": "#6"},
				"west": {"uv": [0, 0, 0.3125, 0.1875], "texture": "#6"},
				"up": {"uv": [0, 0, 0.25, 0.3125], "texture": "#6"},
				"down": {"uv": [0, 0, 0.25, 0.3125], "texture": "#6"}
			}
		},
		{
			"from": [7.9625, 11.4375, 6.75],
			"to": [8.0875, 11.625, 6.9375],
			"faces": {
				"north": {"uv": [0, 0, 0.125, 0.1875], "texture": "#6"},
				"east": {"uv": [0, 0, 0.1875, 0.1875], "texture": "#6"},
				"south": {"uv": [0, 0, 0.125, 0.1875], "texture": "#6"},
				"west": {"uv": [0, 0, 0.1875, 0.1875], "texture": "#6"},
				"up": {"uv": [0, 0, 0.125, 0.1875], "texture": "#6"},
				"down": {"uv": [0, 0, 0.125, 0.1875], "texture": "#6"}
			}
		},
		{
			"from": [7.775, 9.625, 6.125],
			"to": [8.275, 10.875, 7.625],
			"faces": {
				"north": {"uv": [0, 0, 0.5, 1.25], "texture": "#6"},
				"east": {"uv": [0, 0, 1.5, 1.25], "texture": "#6"},
				"south": {"uv": [0, 0, 0.5, 1.25], "texture": "#6"},
				"west": {"uv": [0, 0, 1.5, 1.25], "texture": "#6"},
				"up": {"uv": [0, 0, 0.5, 1.5], "texture": "#6"},
				"down": {"uv": [0, 0, 0.5, 1.5], "texture": "#6"}
			}
		},
		{
			"from": [7.8375, 9.875, 4.625],
			"to": [8.2125, 11.125, 6.125],
			"rotation": {"angle": 22.5, "axis": "x", "origin": [8.025, 10.25, 5.375]},
			"faces": {
				"north": {"uv": [0, 0, 0.375, 1.25], "texture": "#6"},
				"east": {"uv": [0, 0, 1.5, 1.25], "texture": "#6"},
				"south": {"uv": [0, 0, 0.375, 1.25], "texture": "#6"},
				"west": {"uv": [0, 0, 1.5, 1.25], "texture": "#6"},
				"up": {"uv": [0, 0, 0.375, 1.5], "texture": "#6"},
				"down": {"uv": [0, 0, 0.375, 1.5], "texture": "#6"}
			}
		},
		{
			"from": [7.8375, 9.4948, 7.73585],
			"to": [8.2125, 10.7448, 9.04835],
			"rotation": {"angle": -22.5, "axis": "x", "origin": [8.025, 10.1198, 7.48585]},
			"faces": {
				"north": {"uv": [0, 0, 0.375, 1.25], "texture": "#6"},
				"east": {"uv": [0, 0, 1.3125, 1.25], "texture": "#6"},
				"south": {"uv": [0, 0, 0.375, 1.25], "texture": "#6"},
				"west": {"uv": [0, 0, 1.3125, 1.25], "texture": "#6"},
				"up": {"uv": [0, 0, 0.375, 1.3125], "texture": "#6"},
				"down": {"uv": [0, 0, 0.375, 1.3125], "texture": "#6"}
			}
		},
		{
			"from": [7.9, 10.21661, 8.41687],
			"to": [8.15, 11.46661, 9.72937],
			"rotation": {"angle": 45, "axis": "x", "origin": [8.025, 10.46661, 8.32312]},
			"faces": {
				"north": {"uv": [0, 0, 0.25, 1.25], "texture": "#4"},
				"east": {"uv": [0, 0, 1.3125, 1.25], "texture": "#4"},
				"south": {"uv": [0, 0, 0.25, 1.25], "texture": "#4"},
				"west": {"uv": [0, 0, 1.3125, 1.25], "texture": "#4"},
				"up": {"uv": [0, 0, 0.25, 1.3125], "texture": "#4"},
				"down": {"uv": [0, 0, 0.25, 1.3125], "texture": "#4"}
			}
		},
		{
			"from": [7.8375, 9.31498, 7.65973],
			"to": [8.2125, 10.56498, 9.15973],
			"rotation": {"angle": 22.5, "axis": "x", "origin": [8.025, 10.50248, 8.40973]},
			"faces": {
				"north": {"uv": [0, 0, 0.375, 1.25], "texture": "#6"},
				"east": {"uv": [0, 0, 1.5, 1.25], "texture": "#6"},
				"south": {"uv": [0, 0, 0.375, 1.25], "texture": "#6"},
				"west": {"uv": [0, 0, 1.5, 1.25], "texture": "#6"},
				"up": {"uv": [0, 0, 0.375, 1.5], "texture": "#6"},
				"down": {"uv": [0, 0, 0.375, 1.5], "texture": "#6"}
			}
		},
		{
			"from": [7.8375, 8.9375, 4.5625],
			"to": [8.2125, 10.25, 5.375],
			"rotation": {"angle": 0, "axis": "x", "origin": [8.025, 10.25, 5.375]},
			"faces": {
				"north": {"uv": [0, 0, 0.375, 1.3125], "texture": "#6"},
				"east": {"uv": [0, 0, 0.8125, 1.3125], "texture": "#6"},
				"south": {"uv": [0, 0, 0.375, 1.3125], "texture": "#6"},
				"west": {"uv": [0, 0, 0.8125, 1.3125], "texture": "#6"},
				"up": {"uv": [0, 0, 0.375, 0.8125], "texture": "#6"},
				"down": {"uv": [0, 0, 0.375, 0.8125], "texture": "#6"}
			}
		},
		{
			"from": [7.8375, 8.5, 4.75],
			"to": [8.2125, 9, 5.375],
			"rotation": {"angle": 0, "axis": "x", "origin": [8.025, 10.25, 5.375]},
			"faces": {
				"north": {"uv": [0, 0, 0.375, 0.5], "texture": "#6"},
				"east": {"uv": [0, 0, 0.625, 0.5], "texture": "#6"},
				"south": {"uv": [0, 0, 0.375, 0.5], "texture": "#6"},
				"west": {"uv": [0, 0, 0.625, 0.5], "texture": "#6"},
				"up": {"uv": [0, 0, 0.375, 0.625], "texture": "#6"},
				"down": {"uv": [0, 0, 0.375, 0.625], "texture": "#6"}
			}
		},
		{
			"from": [7.8375, 8, 5],
			"to": [8.2125, 8.5, 5.6875],
			"rotation": {"angle": 0, "axis": "x", "origin": [8.025, 10.25, 5.375]},
			"faces": {
				"north": {"uv": [0, 0, 0.375, 0.5], "texture": "#6"},
				"east": {"uv": [0, 0, 0.6875, 0.5], "texture": "#6"},
				"south": {"uv": [0, 0, 0.375, 0.5], "texture": "#6"},
				"west": {"uv": [0, 0, 0.6875, 0.5], "texture": "#6"},
				"up": {"uv": [0, 0, 0.375, 0.6875], "texture": "#6"},
				"down": {"uv": [0, 0, 0.375, 0.6875], "texture": "#6"}
			}
		},
		{
			"from": [7.9625, 7.1875, 5.0625],
			"to": [8.0875, 7.8125, 5.375],
			"rotation": {"angle": 0, "axis": "x", "origin": [8.025, 10.25, 5.375]},
			"faces": {
				"north": {"uv": [0, 0, 0.125, 0.625], "texture": "#4"},
				"east": {"uv": [0, 0, 0.3125, 0.625], "texture": "#4"},
				"south": {"uv": [0, 0, 0.125, 0.625], "texture": "#4"},
				"west": {"uv": [0, 0, 0.3125, 0.625], "texture": "#4"},
				"up": {"uv": [0, 0, 0.125, 0.3125], "texture": "#4"},
				"down": {"uv": [0, 0, 0.125, 0.3125], "texture": "#4"}
			}
		},
		{
			"from": [7.8375, 7.625, 4.875],
			"to": [8.2125, 9.1875, 5.125],
			"rotation": {"angle": -22.5, "axis": "x", "origin": [8.025, 8.25, 5.25]},
			"faces": {
				"north": {"uv": [0, 0, 0.375, 1.5625], "texture": "#6"},
				"east": {"uv": [0, 0, 0.25, 1.5625], "texture": "#6"},
				"south": {"uv": [0, 0, 0.375, 1.5625], "texture": "#6"},
				"west": {"uv": [0, 0, 0.25, 1.5625], "texture": "#6"},
				"up": {"uv": [0, 0, 0.375, 0.25], "texture": "#6"},
				"down": {"uv": [0, 0, 0.375, 0.25], "texture": "#6"}
			}
		},
		{
			"from": [7.9625, 7.9375, 4.375],
			"to": [8.0875, 9.75, 5.3125],
			"rotation": {"angle": -45, "axis": "x", "origin": [8.025, 8.25, 5.25]},
			"faces": {
				"north": {"uv": [0, 0, 0.125, 1.8125], "texture": "#4"},
				"east": {"uv": [0, 0, 0.9375, 1.8125], "texture": "#4"},
				"south": {"uv": [0, 0, 0.125, 1.8125], "texture": "#4"},
				"west": {"uv": [0, 0, 0.9375, 1.8125], "texture": "#4"},
				"up": {"uv": [0, 0, 0.125, 0.9375], "texture": "#4"},
				"down": {"uv": [0, 0, 0.125, 0.9375], "texture": "#4"}
			}
		},
		{
			"from": [7.9625, 8.3125, 5.3125],
			"to": [8.0875, 9.375, 5.75],
			"rotation": {"angle": -22.5, "axis": "x", "origin": [8.025, 8.25, 5.25]},
			"faces": {
				"north": {"uv": [0, 0, 0.125, 1.0625], "texture": "#6"},
				"east": {"uv": [0, 0, 0.4375, 1.0625], "texture": "#6"},
				"south": {"uv": [0, 0, 0.125, 1.0625], "texture": "#6"},
				"west": {"uv": [0, 0, 0.4375, 1.0625], "texture": "#6"},
				"up": {"uv": [0, 0, 0.125, 0.4375], "texture": "#6"},
				"down": {"uv": [0, 0, 0.125, 0.4375], "texture": "#6"}
			}
		},
		{
			"from": [7.8375, 7.99993, 5.75137],
			"to": [8.2125, 8.56243, 6.18887],
			"rotation": {"angle": 45, "axis": "x", "origin": [8.025, 8.90618, 5.28262]},
			"faces": {
				"north": {"uv": [0, 0, 0.375, 0.5625], "texture": "#6"},
				"east": {"uv": [0, 0, 0.4375, 0.5625], "texture": "#6"},
				"south": {"uv": [0, 0, 0.375, 0.5625], "texture": "#6"},
				"west": {"uv": [0, 0, 0.4375, 0.5625], "texture": "#6"},
				"up": {"uv": [0, 0, 0.375, 0.4375], "texture": "#6"},
				"down": {"uv": [0, 0, 0.375, 0.4375], "texture": "#6"}
			}
		},
		{
			"from": [7.9625, 7.625, 4.375],
			"to": [8.0875, 8.1875, 4.6875],
			"rotation": {"angle": -45, "axis": "x", "origin": [8.025, 8.25, 5.25]},
			"faces": {
				"north": {"uv": [0, 0, 0.125, 0.5625], "texture": "#4"},
				"east": {"uv": [0, 0, 0.3125, 0.5625], "texture": "#4"},
				"south": {"uv": [0, 0, 0.125, 0.5625], "texture": "#4"},
				"west": {"uv": [0, 0, 0.3125, 0.5625], "texture": "#4"},
				"up": {"uv": [0, 0, 0.125, 0.3125], "texture": "#4"},
				"down": {"uv": [0, 0, 0.125, 0.3125], "texture": "#4"}
			}
		},
		{
			"from": [7.9625, 8.6875, 3.5625],
			"to": [8.0875, 10.5, 4.5625],
			"rotation": {"angle": 0, "axis": "x", "origin": [8.025, 8.25, 5.25]},
			"faces": {
				"north": {"uv": [0, 0, 0.125, 1.8125], "texture": "#4"},
				"east": {"uv": [0, 0, 1, 1.8125], "texture": "#4"},
				"south": {"uv": [0, 0, 0.125, 1.8125], "texture": "#4"},
				"west": {"uv": [0, 0, 1, 1.8125], "texture": "#4"},
				"up": {"uv": [0, 0, 0.125, 1], "texture": "#4"},
				"down": {"uv": [0, 0, 0.125, 1], "texture": "#4"}
			}
		},
		{
			"from": [7.9625, 10.1875, 3.8125],
			"to": [8.0875, 11.8125, 4.8125],
			"rotation": {"angle": 22.5, "axis": "x", "origin": [8.025, 10.9375, 4.40625]},
			"faces": {
				"north": {"uv": [0, 0, 0.125, 1.625], "texture": "#4"},
				"east": {"uv": [0, 0, 1, 1.625], "texture": "#4"},
				"south": {"uv": [0, 0, 0.125, 1.625], "texture": "#4"},
				"west": {"uv": [0, 0, 1, 1.625], "texture": "#4"},
				"up": {"uv": [0, 0, 0.125, 1], "texture": "#4"},
				"down": {"uv": [0, 0, 0.125, 1], "texture": "#4"}
			}
		},
		{
			"from": [7.9625, 11.03057, 4.10486],
			"to": [8.0875, 11.53057, 6.04236],
			"rotation": {"angle": 45, "axis": "x", "origin": [8.025, 11.37432, 5.22986]},
			"faces": {
				"north": {"uv": [0, 0, 0.125, 0.5], "texture": "#4"},
				"east": {"uv": [0, 0, 1.9375, 0.5], "texture": "#4"},
				"south": {"uv": [0, 0, 0.125, 0.5], "texture": "#4"},
				"west": {"uv": [0, 0, 1.9375, 0.5], "texture": "#4"},
				"up": {"uv": [0, 0, 0.125, 1.9375], "texture": "#4"},
				"down": {"uv": [0, 0, 0.125, 1.9375], "texture": "#4"}
			}
		},
		{
			"from": [7.8375, 9.4375, 5],
			"to": [8.2125, 10.25, 6.25],
			"rotation": {"angle": -22.5, "axis": "x", "origin": [8.025, 10.25, 5.375]},
			"faces": {
				"north": {"uv": [0, 0, 0.375, 0.8125], "rotation": 180, "texture": "#6"},
				"east": {"uv": [0, 0, 0.8125, 1.25], "rotation": 270, "texture": "#6"},
				"south": {"uv": [0, 0, 0.375, 0.8125], "texture": "#6"},
				"west": {"uv": [0, 0, 0.8125, 1.25], "rotation": 90, "texture": "#6"},
				"up": {"uv": [0, 0, 0.375, 1.25], "rotation": 180, "texture": "#6"},
				"down": {"uv": [0, 0, 0.375, 1.25], "texture": "#6"}
			}
		},
		{
			"from": [7.95063, -0.1544, 6.57018],
			"to": [8.06378, 0.0331, 7.13594],
			"rotation": {"angle": 0, "axis": "y", "origin": [8.02135, 0.3456, 6.85306]},
			"faces": {
				"north": {"uv": [0, 0, 0.125, 0.75], "texture": "#8"},
				"east": {"uv": [0, 0, 0.25, 0.75], "texture": "#8"},
				"south": {"uv": [0, 0, 0.125, 0.75], "texture": "#8"},
				"west": {"uv": [0, 0, 0.25, 0.75], "texture": "#8"},
				"up": {"uv": [0, 0, 0.125, 0.25], "texture": "#8"},
				"down": {"uv": [0, 0, 0.125, 0.25], "texture": "#8"}
			}
		},
		{
			"from": [7.95063, -0.1544, 6.57018],
			"to": [8.06378, 0.0331, 7.13594],
			"rotation": {"angle": -22.5, "axis": "y", "origin": [8.02135, 0.3456, 6.85306]},
			"faces": {
				"north": {"uv": [0, 0, 0.125, 0.75], "texture": "#8"},
				"east": {"uv": [0, 0, 0.25, 0.75], "texture": "#8"},
				"south": {"uv": [0, 0, 0.125, 0.75], "texture": "#8"},
				"west": {"uv": [0, 0, 0.25, 0.75], "texture": "#8"},
				"up": {"uv": [0, 0, 0.125, 0.25], "texture": "#8"},
				"down": {"uv": [0, 0, 0.125, 0.25], "texture": "#8"}
			}
		},
		{
			"from": [7.95063, -0.1544, 6.57018],
			"to": [8.06378, 0.0331, 7.13594],
			"rotation": {"angle": -45, "axis": "y", "origin": [8.02135, 0.3456, 6.85306]},
			"faces": {
				"north": {"uv": [0, 0, 0.125, 0.75], "texture": "#8"},
				"east": {"uv": [0, 0, 0.25, 0.75], "texture": "#8"},
				"south": {"uv": [0, 0, 0.125, 0.75], "texture": "#8"},
				"west": {"uv": [0, 0, 0.25, 0.75], "texture": "#8"},
				"up": {"uv": [0, 0, 0.125, 0.25], "texture": "#8"},
				"down": {"uv": [0, 0, 0.125, 0.25], "texture": "#8"}
			}
		},
		{
			"from": [7.73847, -0.1544, 6.78234],
			"to": [8.30423, 0.0331, 6.8955],
			"rotation": {"angle": 22.5, "axis": "y", "origin": [8.02135, 0.3456, 6.85306]},
			"faces": {
				"north": {"uv": [0, 0, 0.25, 0.75], "texture": "#8"},
				"east": {"uv": [0, 0, 0.125, 0.75], "texture": "#8"},
				"south": {"uv": [0, 0, 0.25, 0.75], "texture": "#8"},
				"west": {"uv": [0, 0, 0.125, 0.75], "texture": "#8"},
				"up": {"uv": [0, 0, 0.125, 0.25], "rotation": 90, "texture": "#8"},
				"down": {"uv": [0, 0, 0.125, 0.25], "rotation": 270, "texture": "#8"}
			}
		},
		{
			"from": [7.73847, -0.1544, 6.78234],
			"to": [8.30423, 0.0331, 6.8955],
			"rotation": {"angle": 0, "axis": "y", "origin": [8.02135, 0.3456, 6.85306]},
			"faces": {
				"north": {"uv": [0, 0, 0.25, 0.75], "texture": "#8"},
				"east": {"uv": [0, 0, 0.125, 0.75], "texture": "#8"},
				"south": {"uv": [0, 0, 0.25, 0.75], "texture": "#8"},
				"west": {"uv": [0, 0, 0.125, 0.75], "texture": "#8"},
				"up": {"uv": [0, 0, 0.125, 0.25], "rotation": 90, "texture": "#8"},
				"down": {"uv": [0, 0, 0.125, 0.25], "rotation": 270, "texture": "#8"}
			}
		},
		{
			"from": [7.73847, -0.1544, 6.78234],
			"to": [8.30423, 0.0331, 6.8955],
			"rotation": {"angle": -22.5, "axis": "y", "origin": [8.02135, 0.3456, 6.85306]},
			"faces": {
				"north": {"uv": [0, 0, 0.25, 0.75], "texture": "#8"},
				"east": {"uv": [0, 0, 0.125, 0.75], "texture": "#8"},
				"south": {"uv": [0, 0, 0.25, 0.75], "texture": "#8"},
				"west": {"uv": [0, 0, 0.125, 0.75], "texture": "#8"},
				"up": {"uv": [0, 0, 0.125, 0.25], "rotation": 90, "texture": "#8"},
				"down": {"uv": [0, 0, 0.125, 0.25], "rotation": 270, "texture": "#8"}
			}
		},
		{
			"from": [7.73847, -0.1544, 6.78234],
			"to": [8.30423, 0.0331, 6.8955],
			"rotation": {"angle": -45, "axis": "y", "origin": [8.02135, 0.3456, 6.85306]},
			"faces": {
				"north": {"uv": [0, 0, 0.25, 0.75], "texture": "#8"},
				"east": {"uv": [0, 0, 0.125, 0.75], "texture": "#8"},
				"south": {"uv": [0, 0, 0.25, 0.75], "texture": "#8"},
				"west": {"uv": [0, 0, 0.125, 0.75], "texture": "#8"},
				"up": {"uv": [0, 0, 0.125, 0.25], "rotation": 90, "texture": "#8"},
				"down": {"uv": [0, 0, 0.125, 0.25], "rotation": 270, "texture": "#8"}
			}
		},
		{
			"from": [7.97892, -0.1544, 6.57018],
			"to": [8.09207, 0.0331, 7.13594],
			"rotation": {"angle": 22.5, "axis": "y", "origin": [8.02135, 0.3456, 6.85306]},
			"faces": {
				"north": {"uv": [0, 0, 0.125, 0.75], "texture": "#8"},
				"east": {"uv": [0, 0, 0.25, 0.75], "texture": "#8"},
				"south": {"uv": [0, 0, 0.125, 0.75], "texture": "#8"},
				"west": {"uv": [0, 0, 0.25, 0.75], "texture": "#8"},
				"up": {"uv": [0, 0, 0.125, 0.25], "rotation": 180, "texture": "#8"},
				"down": {"uv": [0, 0, 0.125, 0.25], "rotation": 180, "texture": "#8"}
			}
		},
		{
			"from": [7.97892, -0.1544, 6.57018],
			"to": [8.09207, 0.0331, 7.13594],
			"rotation": {"angle": 0, "axis": "y", "origin": [8.02135, 0.3456, 6.85306]},
			"faces": {
				"north": {"uv": [0, 0, 0.125, 0.75], "texture": "#8"},
				"east": {"uv": [0, 0, 0.25, 0.75], "texture": "#8"},
				"south": {"uv": [0, 0, 0.125, 0.75], "texture": "#8"},
				"west": {"uv": [0, 0, 0.25, 0.75], "texture": "#8"},
				"up": {"uv": [0, 0, 0.125, 0.25], "rotation": 180, "texture": "#8"},
				"down": {"uv": [0, 0, 0.125, 0.25], "rotation": 180, "texture": "#8"}
			}
		}
	],
	"display": {
		"thirdperson_righthand": {
			"translation": [0, 5.25, 4.25],
			"scale": [2.15, 2.15, 2.15]
		},
		"thirdperson_lefthand": {
			"translation": [0, 5.5, 3.75],
			"scale": [2.15, 2.15, 2.15]
		},
		"firstperson_righthand": {
			"translation": [4.75, 0, 0],
			"scale": [4, 4, 4]
		},
		"firstperson_lefthand": {
			"translation": [5.75, 0, 0],
			"scale": [3.56, 3.56, 3.56]
		},
		"ground": {
			"rotation": [-135, 0, 0],
			"translation": [0, 11, 0],
			"scale": [2.5, 2.5, 2.5]
		},
		"gui": {
			"rotation": [-90, 42, 90],
			"translation": [0, 2.25, 0],
			"scale": [1.23, 1.23, 1.23]
		},
		"head": {
			"rotation": [0, 0, 90],
			"translation": [-9.25, 0, 4.25],
			"scale": [3.67, 3.67, 3.67]
		}
	},
	"groups": [
		{
			"name": "Pomeel1",
			"origin": [8, 8, 8],
			"children": [0, 1, 2, 3, 4, 5, 6, 7, 8]
		},
		{
			"name": "Pomeel1",
			"origin": [8, 8, 8],
			"children": [9, 10, 11, 12, 13, 14, 15, 16, 17]
		},
		{
			"name": "Pomeel1",
			"origin": [8, 8, 8],
			"children": [18, 19, 20, 21, 22, 23, 24, 25, 26]
		},
		{
			"name": "handle",
			"origin": [8, 8, 8],
			"children": [27, 28, 29, 30, 31, 32, 33, 34, 35]
		},
		{
			"name": "Pomeel1",
			"origin": [8, 8, 8],
			"children": [36, 37, 38, 39, 40, 41, 42, 43, 44]
		},
		{
			"name": "Head",
			"origin": [8, 8, 8],
			"children": [45, 46,
				{
					"name": "gen",
					"origin": [8.025, 10.315, 6.84375],
					"children": [47, 48, 49, 50, 51, 52, 53, 54]
				}, 55, 56, 57, 58, 59, 60, 61, 62, 63, 64, 65, 66, 67, 68, 69, 70, 71, 72, 73, 74, 75]
		},
		{
			"name": "pommel4",
			"origin": [8, 8, 8],
			"children": [76, 77, 78, 79, 80, 81, 82, 83, 84]
		}
	]
}