{
	"credit": "Made with Blockbench",
	"textures": {
		"0": "block/gold_block",
		"1": "block/blue_concrete",
		"2": "block/gray_stained_glass",
		"4": "block/light_gray_concrete",
		"5": "block/quartz_block_bottom",
		"particle": "block/gold_block"
	},
	"elements": [
		{
			"from": [7.675, 0, 7.5],
			"to": [7.875, 6.6, 8.5],
			"faces": {
				"north": {"uv": [0, 0, 0.2, 6.6], "texture": "#5"},
				"east": {"uv": [0, 0, 1, 6.6], "texture": "#5"},
				"south": {"uv": [0, 0, 0.2, 6.6], "texture": "#5"},
				"west": {"uv": [0, 0, 1, 6.6], "texture": "#5"},
				"up": {"uv": [0, 0, 0.2, 1], "texture": "#5"},
				"down": {"uv": [0, 0, 0.2, 1], "texture": "#5"}
			}
		},
		{
			"from": [7.675, 0, 7.5],
			"to": [7.875, 6.6, 8.5],
			"rotation": {"angle": -22.5, "axis": "y", "origin": [7.775, 0.5, 8]},
			"faces": {
				"north": {"uv": [0, 0, 0.2, 6.6], "texture": "#5"},
				"east": {"uv": [0, 0, 1, 6.6], "texture": "#5"},
				"south": {"uv": [0, 0, 0.2, 6.6], "texture": "#5"},
				"west": {"uv": [0, 0, 1, 6.6], "texture": "#5"},
				"up": {"uv": [0, 0, 0.2, 1], "texture": "#5"},
				"down": {"uv": [0, 0, 0.2, 1], "texture": "#5"}
			}
		},
		{
			"from": [7.675, 0, 7.5],
			"to": [7.875, 6.6, 8.5],
			"rotation": {"angle": -45, "axis": "y", "origin": [7.775, 0.5, 8]},
			"faces": {
				"north": {"uv": [0, 0, 0.2, 6.6], "texture": "#5"},
				"east": {"uv": [0, 0, 1, 6.6], "texture": "#5"},
				"south": {"uv": [0, 0, 0.2, 6.6], "texture": "#5"},
				"west": {"uv": [0, 0, 1, 6.6], "texture": "#5"},
				"up": {"uv": [0, 0, 0.2, 1], "texture": "#5"},
				"down": {"uv": [0, 0, 0.2, 1], "texture": "#5"}
			}
		},
		{
			"from": [7.275, 0, 7.9],
			"to": [8.275, 6.6, 8.1],
			"rotation": {"angle": 22.5, "axis": "y", "origin": [7.775, 0.5, 8]},
			"faces": {
				"north": {"uv": [0, 0, 1, 6.6], "texture": "#5"},
				"east": {"uv": [0, 0, 0.2, 6.6], "texture": "#5"},
				"south": {"uv": [0, 0, 1, 6.6], "texture": "#5"},
				"west": {"uv": [0, 0, 0.2, 6.6], "texture": "#5"},
				"up": {"uv": [0, 0, 0.2, 1], "rotation": 90, "texture": "#5"},
				"down": {"uv": [0, 0, 0.2, 1], "rotation": 270, "texture": "#5"}
			}
		},
		{
			"from": [7.275, 0, 7.9],
			"to": [8.275, 6.6, 8.1],
			"rotation": {"angle": 0, "axis": "y", "origin": [7.775, 0.5, 8]},
			"faces": {
				"north": {"uv": [0, 0, 1, 6.6], "texture": "#5"},
				"east": {"uv": [0, 0, 0.2, 6.6], "texture": "#5"},
				"south": {"uv": [0, 0, 1, 6.6], "texture": "#5"},
				"west": {"uv": [0, 0, 0.2, 6.6], "texture": "#5"},
				"up": {"uv": [0, 0, 0.2, 1], "rotation": 90, "texture": "#5"},
				"down": {"uv": [0, 0, 0.2, 1], "rotation": 270, "texture": "#5"}
			}
		},
		{
			"from": [7.275, 0, 7.9],
			"to": [8.275, 6.6, 8.1],
			"rotation": {"angle": -22.5, "axis": "y", "origin": [7.775, 0.5, 8]},
			"faces": {
				"north": {"uv": [0, 0, 1, 6.6], "texture": "#5"},
				"east": {"uv": [0, 0, 0.2, 6.6], "texture": "#5"},
				"south": {"uv": [0, 0, 1, 6.6], "texture": "#5"},
				"west": {"uv": [0, 0, 0.2, 6.6], "texture": "#5"},
				"up": {"uv": [0, 0, 0.2, 1], "rotation": 90, "texture": "#5"},
				"down": {"uv": [0, 0, 0.2, 1], "rotation": 270, "texture": "#5"}
			}
		},
		{
			"from": [7.275, 0, 7.9],
			"to": [8.275, 6.6, 8.1],
			"rotation": {"angle": -45, "axis": "y", "origin": [7.775, 0.5, 8]},
			"faces": {
				"north": {"uv": [0, 0, 1, 6.6], "texture": "#5"},
				"east": {"uv": [0, 0, 0.2, 6.6], "texture": "#5"},
				"south": {"uv": [0, 0, 1, 6.6], "texture": "#5"},
				"west": {"uv": [0, 0, 0.2, 6.6], "texture": "#5"},
				"up": {"uv": [0, 0, 0.2, 1], "rotation": 90, "texture": "#5"},
				"down": {"uv": [0, 0, 0.2, 1], "rotation": 270, "texture": "#5"}
			}
		},
		{
			"from": [7.675, 0, 7.5],
			"to": [7.875, 6.6, 8.5],
			"rotation": {"angle": 22.5, "axis": "y", "origin": [7.775, 0.5, 8]},
			"faces": {
				"north": {"uv": [0, 0, 0.2, 6.6], "texture": "#5"},
				"east": {"uv": [0, 0, 1, 6.6], "texture": "#5"},
				"south": {"uv": [0, 0, 0.2, 6.6], "texture": "#5"},
				"west": {"uv": [0, 0, 1, 6.6], "texture": "#5"},
				"up": {"uv": [0, 0, 0.2, 1], "rotation": 180, "texture": "#5"},
				"down": {"uv": [0, 0, 0.2, 1], "rotation": 180, "texture": "#5"}
			}
		},
		{
			"from": [7.637, 0.49658, 7.31],
			"to": [7.913, 0.72008, 8.69],
			"rotation": {"angle": 0, "axis": "y", "origin": [7.775, 0.49583, 8]},
			"faces": {
				"north": {"uv": [0, 0, 0.2, 0.325], "texture": "#0"},
				"east": {"uv": [0, 0, 1, 0.325], "texture": "#0"},
				"south": {"uv": [0, 0, 0.2, 0.325], "texture": "#0"},
				"west": {"uv": [0, 0, 1, 0.325], "texture": "#0"},
				"up": {"uv": [0, 0, 0.2, 1], "texture": "#0"},
				"down": {"uv": [0, 0, 0.2, 1], "texture": "#0"}
			}
		},
		{
			"from": [7.637, 0.49658, 7.31],
			"to": [7.913, 0.72008, 8.69],
			"rotation": {"angle": -22.5, "axis": "y", "origin": [7.775, 0.49583, 8]},
			"faces": {
				"north": {"uv": [0, 0, 0.2, 0.325], "texture": "#0"},
				"east": {"uv": [0, 0, 1, 0.325], "texture": "#0"},
				"south": {"uv": [0, 0, 0.2, 0.325], "texture": "#0"},
				"west": {"uv": [0, 0, 1, 0.325], "texture": "#0"},
				"up": {"uv": [0, 0, 0.2, 1], "texture": "#0"},
				"down": {"uv": [0, 0, 0.2, 1], "texture": "#0"}
			}
		},
		{
			"from": [7.637, 0.49658, 7.31],
			"to": [7.913, 0.72008, 8.69],
			"rotation": {"angle": -45, "axis": "y", "origin": [7.775, 0.49583, 8]},
			"faces": {
				"north": {"uv": [0, 0, 0.2, 0.325], "texture": "#0"},
				"east": {"uv": [0, 0, 1, 0.325], "texture": "#0"},
				"south": {"uv": [0, 0, 0.2, 0.325], "texture": "#0"},
				"west": {"uv": [0, 0, 1, 0.325], "texture": "#0"},
				"up": {"uv": [0, 0, 0.2, 1], "texture": "#0"},
				"down": {"uv": [0, 0, 0.2, 1], "texture": "#0"}
			}
		},
		{
			"from": [7.085, 0.49658, 7.862],
			"to": [8.465, 0.72008, 8.138],
			"rotation": {"angle": 22.5, "axis": "y", "origin": [7.775, 0.49583, 8]},
			"faces": {
				"north": {"uv": [0, 0, 1, 0.325], "texture": "#0"},
				"east": {"uv": [0, 0, 0.2, 0.325], "texture": "#0"},
				"south": {"uv": [0, 0, 1, 0.325], "texture": "#0"},
				"west": {"uv": [0, 0, 0.2, 0.325], "texture": "#0"},
				"up": {"uv": [0, 0, 0.2, 1], "rotation": 90, "texture": "#0"},
				"down": {"uv": [0, 0, 0.2, 1], "rotation": 270, "texture": "#0"}
			}
		},
		{
			"from": [7.085, 0.49658, 7.862],
			"to": [8.465, 0.72008, 8.138],
			"rotation": {"angle": 0, "axis": "y", "origin": [7.775, 0.49583, 8]},
			"faces": {
				"north": {"uv": [0, 0, 1, 0.325], "texture": "#0"},
				"east": {"uv": [0, 0, 0.2, 0.325], "texture": "#0"},
				"south": {"uv": [0, 0, 1, 0.325], "texture": "#0"},
				"west": {"uv": [0, 0, 0.2, 0.325], "texture": "#0"},
				"up": {"uv": [0, 0, 0.2, 1], "rotation": 90, "texture": "#0"},
				"down": {"uv": [0, 0, 0.2, 1], "rotation": 270, "texture": "#0"}
			}
		},
		{
			"from": [7.085, 0.49658, 7.862],
			"to": [8.465, 0.72008, 8.138],
			"rotation": {"angle": -22.5, "axis": "y", "origin": [7.775, 0.49583, 8]},
			"faces": {
				"north": {"uv": [0, 0, 1, 0.325], "texture": "#0"},
				"east": {"uv": [0, 0, 0.2, 0.325], "texture": "#0"},
				"south": {"uv": [0, 0, 1, 0.325], "texture": "#0"},
				"west": {"uv": [0, 0, 0.2, 0.325], "texture": "#0"},
				"up": {"uv": [0, 0, 0.2, 1], "rotation": 90, "texture": "#0"},
				"down": {"uv": [0, 0, 0.2, 1], "rotation": 270, "texture": "#0"}
			}
		},
		{
			"from": [7.085, 0.49658, 7.862],
			"to": [8.465, 0.72008, 8.138],
			"rotation": {"angle": -45, "axis": "y", "origin": [7.775, 0.49583, 8]},
			"faces": {
				"north": {"uv": [0, 0, 1, 0.325], "texture": "#0"},
				"east": {"uv": [0, 0, 0.2, 0.325], "texture": "#0"},
				"south": {"uv": [0, 0, 1, 0.325], "texture": "#0"},
				"west": {"uv": [0, 0, 0.2, 0.325], "texture": "#0"},
				"up": {"uv": [0, 0, 0.2, 1], "rotation": 90, "texture": "#0"},
				"down": {"uv": [0, 0, 0.2, 1], "rotation": 270, "texture": "#0"}
			}
		},
		{
			"from": [7.637, 0.49658, 7.31],
			"to": [7.913, 0.72008, 8.69],
			"rotation": {"angle": 22.5, "axis": "y", "origin": [7.775, 0.49583, 8]},
			"faces": {
				"north": {"uv": [0, 0, 0.2, 0.325], "texture": "#0"},
				"east": {"uv": [0, 0, 1, 0.325], "texture": "#0"},
				"south": {"uv": [0, 0, 0.2, 0.325], "texture": "#0"},
				"west": {"uv": [0, 0, 1, 0.325], "texture": "#0"},
				"up": {"uv": [0, 0, 0.2, 1], "rotation": 180, "texture": "#0"},
				"down": {"uv": [0, 0, 0.2, 1], "rotation": 180, "texture": "#0"}
			}
		},
		{
			"from": [7.62044, -0.58999, 7.2272],
			"to": [7.92956, 0.08033, 8.7728],
			"rotation": {"angle": 0, "axis": "y", "origin": [7.775, -0.17083, 8]},
			"faces": {
				"north": {"uv": [0, 0, 0.2, 0.325], "texture": "#0"},
				"east": {"uv": [0, 0, 1, 0.325], "texture": "#0"},
				"south": {"uv": [0, 0, 0.2, 0.325], "texture": "#0"},
				"west": {"uv": [0, 0, 1, 0.325], "texture": "#0"},
				"up": {"uv": [0, 0, 0.2, 1], "texture": "#0"},
				"down": {"uv": [0, 0, 0.2, 1], "texture": "#0"}
			}
		},
		{
			"from": [7.62044, -0.58999, 7.2272],
			"to": [7.92956, 0.08033, 8.7728],
			"rotation": {"angle": -22.5, "axis": "y", "origin": [7.775, -0.17083, 8]},
			"faces": {
				"north": {"uv": [0, 0, 0.2, 0.325], "texture": "#0"},
				"east": {"uv": [0, 0, 1, 0.325], "texture": "#0"},
				"south": {"uv": [0, 0, 0.2, 0.325], "texture": "#0"},
				"west": {"uv": [0, 0, 1, 0.325], "texture": "#0"},
				"up": {"uv": [0, 0, 0.2, 1], "texture": "#0"},
				"down": {"uv": [0, 0, 0.2, 1], "texture": "#0"}
			}
		},
		{
			"from": [7.62044, -0.58999, 7.2272],
			"to": [7.92956, 0.08033, 8.7728],
			"rotation": {"angle": -45, "axis": "y", "origin": [7.775, -0.17083, 8]},
			"faces": {
				"north": {"uv": [0, 0, 0.2, 0.325], "texture": "#0"},
				"east": {"uv": [0, 0, 1, 0.325], "texture": "#0"},
				"south": {"uv": [0, 0, 0.2, 0.325], "texture": "#0"},
				"west": {"uv": [0, 0, 1, 0.325], "texture": "#0"},
				"up": {"uv": [0, 0, 0.2, 1], "texture": "#0"},
				"down": {"uv": [0, 0, 0.2, 1], "texture": "#0"}
			}
		},
		{
			"from": [7.0022, -0.58999, 7.84544],
			"to": [8.5478, 0.08033, 8.15456],
			"rotation": {"angle": 22.5, "axis": "y", "origin": [7.775, -0.17083, 8]},
			"faces": {
				"north": {"uv": [0, 0, 1, 0.325], "texture": "#0"},
				"east": {"uv": [0, 0, 0.2, 0.325], "texture": "#0"},
				"south": {"uv": [0, 0, 1, 0.325], "texture": "#0"},
				"west": {"uv": [0, 0, 0.2, 0.325], "texture": "#0"},
				"up": {"uv": [0, 0, 0.2, 1], "rotation": 90, "texture": "#0"},
				"down": {"uv": [0, 0, 0.2, 1], "rotation": 270, "texture": "#0"}
			}
		},
		{
			"from": [7.0022, -0.58999, 7.84544],
			"to": [8.5478, 0.08033, 8.15456],
			"rotation": {"angle": 0, "axis": "y", "origin": [7.775, -0.17083, 8]},
			"faces": {
				"north": {"uv": [0, 0, 1, 0.325], "texture": "#0"},
				"east": {"uv": [0, 0, 0.2, 0.325], "texture": "#0"},
				"south": {"uv": [0, 0, 1, 0.325], "texture": "#0"},
				"west": {"uv": [0, 0, 0.2, 0.325], "texture": "#0"},
				"up": {"uv": [0, 0, 0.2, 1], "rotation": 90, "texture": "#0"},
				"down": {"uv": [0, 0, 0.2, 1], "rotation": 270, "texture": "#0"}
			}
		},
		{
			"from": [7.0022, -0.58999, 7.84544],
			"to": [8.5478, 0.08033, 8.15456],
			"rotation": {"angle": -22.5, "axis": "y", "origin": [7.775, -0.17083, 8]},
			"faces": {
				"north": {"uv": [0, 0, 1, 0.325], "texture": "#0"},
				"east": {"uv": [0, 0, 0.2, 0.325], "texture": "#0"},
				"south": {"uv": [0, 0, 1, 0.325], "texture": "#0"},
				"west": {"uv": [0, 0, 0.2, 0.325], "texture": "#0"},
				"up": {"uv": [0, 0, 0.2, 1], "rotation": 90, "texture": "#0"},
				"down": {"uv": [0, 0, 0.2, 1], "rotation": 270, "texture": "#0"}
			}
		},
		{
			"from": [7.0022, -0.58999, 7.84544],
			"to": [8.5478, 0.08033, 8.15456],
			"rotation": {"angle": -45, "axis": "y", "origin": [7.775, -0.17083, 8]},
			"faces": {
				"north": {"uv": [0, 0, 1, 0.325], "texture": "#0"},
				"east": {"uv": [0, 0, 0.2, 0.325], "texture": "#0"},
				"south": {"uv": [0, 0, 1, 0.325], "texture": "#0"},
				"west": {"uv": [0, 0, 0.2, 0.325], "texture": "#0"},
				"up": {"uv": [0, 0, 0.2, 1], "rotation": 90, "texture": "#0"},
				"down": {"uv": [0, 0, 0.2, 1], "rotation": 270, "texture": "#0"}
			}
		},
		{
			"from": [7.62044, -0.58999, 7.2272],
			"to": [7.92956, 0.08033, 8.7728],
			"rotation": {"angle": 22.5, "axis": "y", "origin": [7.775, -0.17083, 8]},
			"faces": {
				"north": {"uv": [0, 0, 0.2, 0.325], "texture": "#0"},
				"east": {"uv": [0, 0, 1, 0.325], "texture": "#0"},
				"south": {"uv": [0, 0, 0.2, 0.325], "texture": "#0"},
				"west": {"uv": [0, 0, 1, 0.325], "texture": "#0"},
				"up": {"uv": [0, 0, 0.2, 1], "rotation": 180, "texture": "#0"},
				"down": {"uv": [0, 0, 0.2, 1], "rotation": 180, "texture": "#0"}
			}
		},
		{
			"from": [7.67901, -0.98732, 7.52004],
			"to": [7.87099, -0.57101, 8.47996],
			"rotation": {"angle": 0, "axis": "y", "origin": [7.775, -0.77917, 8]},
			"faces": {
				"north": {"uv": [0, 0, 0.2, 0.325], "texture": "#1"},
				"east": {"uv": [0, 0, 1, 0.325], "texture": "#1"},
				"south": {"uv": [0, 0, 0.2, 0.325], "texture": "#1"},
				"west": {"uv": [0, 0, 1, 0.325], "texture": "#1"},
				"up": {"uv": [0, 0, 0.2, 1], "texture": "#1"},
				"down": {"uv": [0, 0, 0.2, 1], "texture": "#1"}
			}
		},
		{
			"from": [7.67901, -0.98732, 7.52004],
			"to": [7.87099, -0.57101, 8.47996],
			"rotation": {"angle": -22.5, "axis": "y", "origin": [7.775, -0.77917, 8]},
			"faces": {
				"north": {"uv": [0, 0, 0.2, 0.325], "texture": "#1"},
				"east": {"uv": [0, 0, 1, 0.325], "texture": "#1"},
				"south": {"uv": [0, 0, 0.2, 0.325], "texture": "#1"},
				"west": {"uv": [0, 0, 1, 0.325], "texture": "#1"},
				"up": {"uv": [0, 0, 0.2, 1], "texture": "#1"},
				"down": {"uv": [0, 0, 0.2, 1], "texture": "#1"}
			}
		},
		{
			"from": [7.67901, -0.98732, 7.52004],
			"to": [7.87099, -0.57101, 8.47996],
			"rotation": {"angle": -45, "axis": "y", "origin": [7.775, -0.77917, 8]},
			"faces": {
				"north": {"uv": [0, 0, 0.2, 0.325], "texture": "#1"},
				"east": {"uv": [0, 0, 1, 0.325], "texture": "#1"},
				"south": {"uv": [0, 0, 0.2, 0.325], "texture": "#1"},
				"west": {"uv": [0, 0, 1, 0.325], "texture": "#1"},
				"up": {"uv": [0, 0, 0.2, 1], "texture": "#1"},
				"down": {"uv": [0, 0, 0.2, 1], "texture": "#1"}
			}
		},
		{
			"from": [7.29504, -0.98732, 7.90401],
			"to": [8.25496, -0.57101, 8.09599],
			"rotation": {"angle": 22.5, "axis": "y", "origin": [7.775, -0.77917, 8]},
			"faces": {
				"north": {"uv": [0, 0, 1, 0.325], "texture": "#1"},
				"east": {"uv": [0, 0, 0.2, 0.325], "texture": "#1"},
				"south": {"uv": [0, 0, 1, 0.325], "texture": "#1"},
				"west": {"uv": [0, 0, 0.2, 0.325], "texture": "#1"},
				"up": {"uv": [0, 0, 0.2, 1], "rotation": 90, "texture": "#1"},
				"down": {"uv": [0, 0, 0.2, 1], "rotation": 270, "texture": "#1"}
			}
		},
		{
			"from": [7.29504, -0.98732, 7.90401],
			"to": [8.25496, -0.57101, 8.09599],
			"rotation": {"angle": 0, "axis": "y", "origin": [7.775, -0.77917, 8]},
			"faces": {
				"north": {"uv": [0, 0, 1, 0.325], "texture": "#1"},
				"east": {"uv": [0, 0, 0.2, 0.325], "texture": "#1"},
				"south": {"uv": [0, 0, 1, 0.325], "texture": "#1"},
				"west": {"uv": [0, 0, 0.2, 0.325], "texture": "#1"},
				"up": {"uv": [0, 0, 0.2, 1], "rotation": 90, "texture": "#1"},
				"down": {"uv": [0, 0, 0.2, 1], "rotation": 270, "texture": "#1"}
			}
		},
		{
			"from": [7.29504, -0.98732, 7.90401],
			"to": [8.25496, -0.57101, 8.09599],
			"rotation": {"angle": -22.5, "axis": "y", "origin": [7.775, -0.77917, 8]},
			"faces": {
				"north": {"uv": [0, 0, 1, 0.325], "texture": "#1"},
				"east": {"uv": [0, 0, 0.2, 0.325], "texture": "#1"},
				"south": {"uv": [0, 0, 1, 0.325], "texture": "#1"},
				"west": {"uv": [0, 0, 0.2, 0.325], "texture": "#1"},
				"up": {"uv": [0, 0, 0.2, 1], "rotation": 90, "texture": "#1"},
				"down": {"uv": [0, 0, 0.2, 1], "rotation": 270, "texture": "#1"}
			}
		},
		{
			"from": [7.29504, -0.98732, 7.90401],
			"to": [8.25496, -0.57101, 8.09599],
			"rotation": {"angle": -45, "axis": "y", "origin": [7.775, -0.77917, 8]},
			"faces": {
				"north": {"uv": [0, 0, 1, 0.325], "texture": "#1"},
				"east": {"uv": [0, 0, 0.2, 0.325], "texture": "#1"},
				"south": {"uv": [0, 0, 1, 0.325], "texture": "#1"},
				"west": {"uv": [0, 0, 0.2, 0.325], "texture": "#1"},
				"up": {"uv": [0, 0, 0.2, 1], "rotation": 90, "texture": "#1"},
				"down": {"uv": [0, 0, 0.2, 1], "rotation": 270, "texture": "#1"}
			}
		},
		{
			"from": [7.67901, -0.98732, 7.52004],
			"to": [7.87099, -0.57101, 8.47996],
			"rotation": {"angle": 22.5, "axis": "y", "origin": [7.775, -0.77917, 8]},
			"faces": {
				"north": {"uv": [0, 0, 0.2, 0.325], "texture": "#1"},
				"east": {"uv": [0, 0, 1, 0.325], "texture": "#1"},
				"south": {"uv": [0, 0, 0.2, 0.325], "texture": "#1"},
				"west": {"uv": [0, 0, 1, 0.325], "texture": "#1"},
				"up": {"uv": [0, 0, 0.2, 1], "rotation": 180, "texture": "#1"},
				"down": {"uv": [0, 0, 0.2, 1], "rotation": 180, "texture": "#1"}
			}
		},
		{
			"from": [7.637, 6.58825, 7.31],
			"to": [7.913, 6.81175, 8.69],
			"rotation": {"angle": 0, "axis": "y", "origin": [7.775, 6.5875, 8]},
			"faces": {
				"north": {"uv": [0, 0, 0.2, 0.325], "texture": "#0"},
				"east": {"uv": [0, 0, 1, 0.325], "texture": "#0"},
				"south": {"uv": [0, 0, 0.2, 0.325], "texture": "#0"},
				"west": {"uv": [0, 0, 1, 0.325], "texture": "#0"},
				"up": {"uv": [0, 0, 0.2, 1], "texture": "#0"},
				"down": {"uv": [0, 0, 0.2, 1], "texture": "#0"}
			}
		},
		{
			"from": [7.637, 6.58825, 7.31],
			"to": [7.913, 6.81175, 8.69],
			"rotation": {"angle": -22.5, "axis": "y", "origin": [7.775, 6.5875, 8]},
			"faces": {
				"north": {"uv": [0, 0, 0.2, 0.325], "texture": "#0"},
				"east": {"uv": [0, 0, 1, 0.325], "texture": "#0"},
				"south": {"uv": [0, 0, 0.2, 0.325], "texture": "#0"},
				"west": {"uv": [0, 0, 1, 0.325], "texture": "#0"},
				"up": {"uv": [0, 0, 0.2, 1], "texture": "#0"},
				"down": {"uv": [0, 0, 0.2, 1], "texture": "#0"}
			}
		},
		{
			"from": [7.637, 6.58825, 7.31],
			"to": [7.913, 6.81175, 8.69],
			"rotation": {"angle": -45, "axis": "y", "origin": [7.775, 6.5875, 8]},
			"faces": {
				"north": {"uv": [0, 0, 0.2, 0.325], "texture": "#0"},
				"east": {"uv": [0, 0, 1, 0.325], "texture": "#0"},
				"south": {"uv": [0, 0, 0.2, 0.325], "texture": "#0"},
				"west": {"uv": [0, 0, 1, 0.325], "texture": "#0"},
				"up": {"uv": [0, 0, 0.2, 1], "texture": "#0"},
				"down": {"uv": [0, 0, 0.2, 1], "texture": "#0"}
			}
		},
		{
			"from": [7.085, 6.58825, 7.862],
			"to": [8.465, 6.81175, 8.138],
			"rotation": {"angle": 22.5, "axis": "y", "origin": [7.775, 6.5875, 8]},
			"faces": {
				"north": {"uv": [0, 0, 1, 0.325], "texture": "#0"},
				"east": {"uv": [0, 0, 0.2, 0.325], "texture": "#0"},
				"south": {"uv": [0, 0, 1, 0.325], "texture": "#0"},
				"west": {"uv": [0, 0, 0.2, 0.325], "texture": "#0"},
				"up": {"uv": [0, 0, 0.2, 1], "rotation": 90, "texture": "#0"},
				"down": {"uv": [0, 0, 0.2, 1], "rotation": 270, "texture": "#0"}
			}
		},
		{
			"from": [7.085, 6.58825, 7.862],
			"to": [8.465, 6.81175, 8.138],
			"rotation": {"angle": 0, "axis": "y", "origin": [7.775, 6.5875, 8]},
			"faces": {
				"north": {"uv": [0, 0, 1, 0.325], "texture": "#0"},
				"east": {"uv": [0, 0, 0.2, 0.325], "texture": "#0"},
				"south": {"uv": [0, 0, 1, 0.325], "texture": "#0"},
				"west": {"uv": [0, 0, 0.2, 0.325], "texture": "#0"},
				"up": {"uv": [0, 0, 0.2, 1], "rotation": 90, "texture": "#0"},
				"down": {"uv": [0, 0, 0.2, 1], "rotation": 270, "texture": "#0"}
			}
		},
		{
			"from": [7.085, 6.58825, 7.862],
			"to": [8.465, 6.81175, 8.138],
			"rotation": {"angle": -22.5, "axis": "y", "origin": [7.775, 6.5875, 8]},
			"faces": {
				"north": {"uv": [0, 0, 1, 0.325], "texture": "#0"},
				"east": {"uv": [0, 0, 0.2, 0.325], "texture": "#0"},
				"south": {"uv": [0, 0, 1, 0.325], "texture": "#0"},
				"west": {"uv": [0, 0, 0.2, 0.325], "texture": "#0"},
				"up": {"uv": [0, 0, 0.2, 1], "rotation": 90, "texture": "#0"},
				"down": {"uv": [0, 0, 0.2, 1], "rotation": 270, "texture": "#0"}
			}
		},
		{
			"from": [7.085, 6.58825, 7.862],
			"to": [8.465, 6.81175, 8.138],
			"rotation": {"angle": -45, "axis": "y", "origin": [7.775, 6.5875, 8]},
			"faces": {
				"north": {"uv": [0, 0, 1, 0.325], "texture": "#0"},
				"east": {"uv": [0, 0, 0.2, 0.325], "texture": "#0"},
				"south": {"uv": [0, 0, 1, 0.325], "texture": "#0"},
				"west": {"uv": [0, 0, 0.2, 0.325], "texture": "#0"},
				"up": {"uv": [0, 0, 0.2, 1], "rotation": 90, "texture": "#0"},
				"down": {"uv": [0, 0, 0.2, 1], "rotation": 270, "texture": "#0"}
			}
		},
		{
			"from": [7.637, 6.58825, 7.31],
			"to": [7.913, 6.81175, 8.69],
			"rotation": {"angle": 22.5, "axis": "y", "origin": [7.775, 6.5875, 8]},
			"faces": {
				"north": {"uv": [0, 0, 0.2, 0.325], "texture": "#0"},
				"east": {"uv": [0, 0, 1, 0.325], "texture": "#0"},
				"south": {"uv": [0, 0, 0.2, 0.325], "texture": "#0"},
				"west": {"uv": [0, 0, 1, 0.325], "texture": "#0"},
				"up": {"uv": [0, 0, 0.2, 1], "rotation": 180, "texture": "#0"},
				"down": {"uv": [0, 0, 0.2, 1], "rotation": 180, "texture": "#0"}
			}
		},
		{
			"from": [7.05, 6.83333, 7.075],
			"to": [8.45, 7.20833, 8.975],
			"rotation": {"angle": 0, "axis": "y", "origin": [7.775, 10.13333, 8]},
			"faces": {
				"north": {"uv": [0, 0, 1.4, 0.375], "texture": "#0"},
				"east": {"uv": [0, 0, 1.9, 0.375], "texture": "#0"},
				"south": {"uv": [0, 0, 1.4, 0.375], "texture": "#0"},
				"west": {"uv": [0, 0, 1.9, 0.375], "texture": "#0"},
				"up": {"uv": [0, 0, 1.4, 1.9], "texture": "#0"},
				"down": {"uv": [0, 0, 1.4, 1.9], "texture": "#0"}
			}
		},
		{
			"from": [7.025, 7.16667, 6.425],
			"to": [8.5, 7.54167, 9.5],
			"rotation": {"angle": 0, "axis": "y", "origin": [7.775, 10.13333, 8]},
			"faces": {
				"north": {"uv": [0, 0, 1.475, 0.375], "texture": "#0"},
				"east": {"uv": [0, 0, 3.075, 0.375], "texture": "#0"},
				"south": {"uv": [0, 0, 1.475, 0.375], "texture": "#0"},
				"west": {"uv": [0, 0, 3.075, 0.375], "texture": "#0"},
				"up": {"uv": [0, 0, 1.475, 3.075], "texture": "#0"},
				"down": {"uv": [0, 0, 1.475, 3.075], "texture": "#0"}
			}
		},
		{
			"from": [7.025, 9.775, 6.425],
			"to": [8.5, 10.15, 9.5],
			"rotation": {"angle": 0, "axis": "y", "origin": [7.775, 10.13333, 8]},
			"faces": {
				"north": {"uv": [0, 0, 1.475, 0.375], "texture": "#0"},
				"east": {"uv": [0, 0, 3.075, 0.375], "texture": "#0"},
				"south": {"uv": [0, 0, 1.475, 0.375], "texture": "#0"},
				"west": {"uv": [0, 0, 3.075, 0.375], "texture": "#0"},
				"up": {"uv": [0, 0, 1.475, 3.075], "texture": "#0"},
				"down": {"uv": [0, 0, 1.475, 3.075], "texture": "#0"}
			}
		},
		{
			"from": [7.575, 10.10833, 7.3],
			"to": [8.05, 11.98333, 8.7],
			"rotation": {"angle": 0, "axis": "y", "origin": [7.775, 10.13333, 8]},
			"faces": {
				"north": {"uv": [0, 0, 0.475, 1.875], "texture": "#0"},
				"east": {"uv": [0, 0, 1.4, 1.875], "texture": "#0"},
				"south": {"uv": [0, 0, 0.475, 1.875], "texture": "#0"},
				"west": {"uv": [0, 0, 1.4, 1.875], "texture": "#0"},
				"up": {"uv": [0, 0, 0.475, 1.4], "texture": "#0"},
				"down": {"uv": [0, 0, 0.475, 1.4], "texture": "#0"}
			}
		},
		{
			"from": [7.575, 11.94167, 7.5],
			"to": [8.05, 13.81667, 7.7],
			"rotation": {"angle": 0, "axis": "y", "origin": [7.775, 10.13333, 8]},
			"faces": {
				"north": {"uv": [0, 0, 0.475, 1.875], "texture": "#0"},
				"east": {"uv": [0, 0, 0.2, 1.875], "texture": "#0"},
				"south": {"uv": [0, 0, 0.475, 1.875], "texture": "#0"},
				"west": {"uv": [0, 0, 0.2, 1.875], "texture": "#0"},
				"up": {"uv": [0, 0, 0.475, 0.2], "texture": "#0"},
				"down": {"uv": [0, 0, 0.475, 0.2], "texture": "#0"}
			}
		},
		{
			"from": [7.575, 11.94167, 8.275],
			"to": [8.05, 13.81667, 8.475],
			"rotation": {"angle": 0, "axis": "y", "origin": [7.775, 10.13333, 8]},
			"faces": {
				"north": {"uv": [0, 0, 0.475, 1.875], "texture": "#0"},
				"east": {"uv": [0, 0, 0.2, 1.875], "texture": "#0"},
				"south": {"uv": [0, 0, 0.475, 1.875], "texture": "#0"},
				"west": {"uv": [0, 0, 0.2, 1.875], "texture": "#0"},
				"up": {"uv": [0, 0, 0.475, 0.2], "texture": "#0"},
				"down": {"uv": [0, 0, 0.475, 0.2], "texture": "#0"}
			}
		},
		{
			"from": [7.025, 9.475, 7],
			"to": [8.5, 9.8, 8.925],
			"rotation": {"angle": 0, "axis": "y", "origin": [7.775, 10.13333, 8]},
			"faces": {
				"north": {"uv": [0, 0, 1.475, 0.325], "texture": "#2"},
				"east": {"uv": [0, 0, 1.925, 0.325], "texture": "#2"},
				"south": {"uv": [0, 0, 1.475, 0.325], "texture": "#2"},
				"west": {"uv": [0, 0, 1.925, 0.325], "texture": "#2"},
				"up": {"uv": [0, 0, 1.475, 1.925], "texture": "#2"},
				"down": {"uv": [0, 0, 1.475, 1.925], "texture": "#2"}
			}
		},
		{
			"from": [7.025, 7.525, 7],
			"to": [8.5, 7.8, 8.925],
			"rotation": {"angle": 0, "axis": "y", "origin": [7.775, 10.13333, 8]},
			"faces": {
				"north": {"uv": [0, 0, 1.475, 0.275], "texture": "#2"},
				"east": {"uv": [0, 0, 1.925, 0.275], "texture": "#2"},
				"south": {"uv": [0, 0, 1.475, 0.275], "texture": "#2"},
				"west": {"uv": [0, 0, 1.925, 0.275], "texture": "#2"},
				"up": {"uv": [0, 0, 1.475, 1.925], "texture": "#2"},
				"down": {"uv": [0, 0, 1.475, 1.925], "texture": "#2"}
			}
		},
		{
			"from": [7.125, 9.14167, 7.225],
			"to": [8.4, 9.46667, 8.75],
			"rotation": {"angle": 0, "axis": "y", "origin": [7.775, 10.13333, 8]},
			"faces": {
				"north": {"uv": [0, 0, 1.275, 0.325], "texture": "#2"},
				"east": {"uv": [0, 0, 1.525, 0.325], "texture": "#2"},
				"south": {"uv": [0, 0, 1.275, 0.325], "texture": "#2"},
				"west": {"uv": [0, 0, 1.525, 0.325], "texture": "#2"},
				"up": {"uv": [0, 0, 1.275, 1.525], "texture": "#2"},
				"down": {"uv": [0, 0, 1.275, 1.525], "texture": "#2"}
			}
		},
		{
			"from": [7.125, 7.80833, 7.225],
			"to": [8.4, 8.13333, 8.75],
			"rotation": {"angle": 0, "axis": "y", "origin": [7.775, 10.13333, 8]},
			"faces": {
				"north": {"uv": [0, 0, 1.275, 0.325], "texture": "#2"},
				"east": {"uv": [0, 0, 1.525, 0.325], "texture": "#2"},
				"south": {"uv": [0, 0, 1.275, 0.325], "texture": "#2"},
				"west": {"uv": [0, 0, 1.525, 0.325], "texture": "#2"},
				"up": {"uv": [0, 0, 1.275, 1.525], "texture": "#2"},
				"down": {"uv": [0, 0, 1.275, 1.525], "texture": "#2"}
			}
		},
		{
			"from": [7.2, 8.80833, 7.4],
			"to": [8.3, 9.13333, 8.575],
			"rotation": {"angle": 0, "axis": "y", "origin": [7.775, 10.13333, 8]},
			"faces": {
				"north": {"uv": [0, 0, 1.1, 0.325], "texture": "#2"},
				"east": {"uv": [0, 0, 1.175, 0.325], "texture": "#2"},
				"south": {"uv": [0, 0, 1.1, 0.325], "texture": "#2"},
				"west": {"uv": [0, 0, 1.175, 0.325], "texture": "#2"},
				"up": {"uv": [0, 0, 1.1, 1.175], "texture": "#2"},
				"down": {"uv": [0, 0, 1.1, 1.175], "texture": "#2"}
			}
		},
		{
			"from": [7.2, 8.14167, 7.4],
			"to": [8.3, 8.46667, 8.575],
			"rotation": {"angle": 0, "axis": "y", "origin": [7.775, 10.13333, 8]},
			"faces": {
				"north": {"uv": [0, 0, 1.1, 0.325], "texture": "#2"},
				"east": {"uv": [0, 0, 1.175, 0.325], "texture": "#2"},
				"south": {"uv": [0, 0, 1.1, 0.325], "texture": "#2"},
				"west": {"uv": [0, 0, 1.175, 0.325], "texture": "#2"},
				"up": {"uv": [0, 0, 1.1, 1.175], "texture": "#2"},
				"down": {"uv": [0, 0, 1.1, 1.175], "texture": "#2"}
			}
		},
		{
			"from": [7.375, 8.475, 7.8],
			"to": [8.1, 8.8, 8.25],
			"rotation": {"angle": 0, "axis": "y", "origin": [7.775, 10.13333, 8]},
			"faces": {
				"north": {"uv": [0, 0, 0.725, 0.325], "texture": "#2"},
				"east": {"uv": [0, 0, 0.45, 0.325], "texture": "#2"},
				"south": {"uv": [0, 0, 0.725, 0.325], "texture": "#2"},
				"west": {"uv": [0, 0, 0.45, 0.325], "texture": "#2"},
				"up": {"uv": [0, 0, 0.725, 0.45], "texture": "#2"},
				"down": {"uv": [0, 0, 0.725, 0.45], "texture": "#2"}
			}
		},
		{
			"from": [7.275, 7.5, 8.975],
			"to": [8.3, 9.9, 9.375],
			"rotation": {"angle": 0, "axis": "y", "origin": [7.775, 10.13333, 8]},
			"faces": {
				"north": {"uv": [0, 0, 1.025, 2.4], "texture": "#0"},
				"east": {"uv": [0, 0, 0.4, 2.4], "texture": "#0"},
				"south": {"uv": [0, 0, 1.025, 2.4], "texture": "#0"},
				"west": {"uv": [0, 0, 0.4, 2.4], "texture": "#0"},
				"up": {"uv": [0, 0, 1.025, 0.4], "texture": "#0"},
				"down": {"uv": [0, 0, 1.025, 0.4], "texture": "#0"}
			}
		},
		{
			"from": [7.275, 7.5, 6.6],
			"to": [8.3, 9.9, 7],
			"rotation": {"angle": 0, "axis": "y", "origin": [7.775, 10.13333, 8]},
			"faces": {
				"north": {"uv": [0, 0, 1.025, 2.4], "texture": "#0"},
				"east": {"uv": [0, 0, 0.4, 2.4], "texture": "#0"},
				"south": {"uv": [0, 0, 1.025, 2.4], "texture": "#0"},
				"west": {"uv": [0, 0, 0.4, 2.4], "texture": "#0"},
				"up": {"uv": [0, 0, 1.025, 0.4], "texture": "#0"},
				"down": {"uv": [0, 0, 1.025, 0.4], "texture": "#0"}
			}
		},
		{
			"from": [7.7, 10.10833, 6.85],
			"to": [7.9, 25.23333, 9.125],
			"rotation": {"angle": 0, "axis": "y", "origin": [7.775, 10.13333, 8]},
			"faces": {
				"north": {"uv": [0, 0, 0.2, 15.125], "texture": "#4"},
				"east": {"uv": [0, 0, 2.275, 15.125], "texture": "#4"},
				"south": {"uv": [0, 0, 0.2, 15.125], "texture": "#4"},
				"west": {"uv": [0, 0, 2.275, 15.125], "texture": "#4"},
				"up": {"uv": [0, 0, 0.2, 2.275], "texture": "#4"},
				"down": {"uv": [0, 0, 0.2, 2.275], "texture": "#4"}
			}
		},
		{
			"from": [7.7, 25.21667, 7.275],
			"to": [7.9, 26.21667, 8.7],
			"rotation": {"angle": 0, "axis": "y", "origin": [7.775, 10.13333, 8]},
			"faces": {
				"north": {"uv": [0, 0, 0.2, 1], "texture": "#4"},
				"east": {"uv": [0, 0, 1.425, 1], "texture": "#4"},
				"south": {"uv": [0, 0, 0.2, 1], "texture": "#4"},
				"west": {"uv": [0, 0, 1.425, 1], "texture": "#4"},
				"up": {"uv": [0, 0, 0.2, 1.425], "texture": "#4"},
				"down": {"uv": [0, 0, 0.2, 1.425], "texture": "#4"}
			}
		},
		{
			"from": [7.7, 25.05, 7.10833],
			"to": [7.9, 25.3, 8.53333],
			"rotation": {"angle": 0, "axis": "y", "origin": [7.775, 10.13333, 8]},
			"faces": {
				"north": {"uv": [0, 0, 0.2, 0.25], "texture": "#4"},
				"east": {"uv": [0, 0, 1.425, 0.25], "texture": "#4"},
				"south": {"uv": [0, 0, 0.2, 0.25], "texture": "#4"},
				"west": {"uv": [0, 0, 1.425, 0.25], "texture": "#4"},
				"up": {"uv": [0, 0, 0.2, 1.425], "texture": "#4"},
				"down": {"uv": [0, 0, 0.2, 1.425], "texture": "#4"}
			}
		},
		{
			"from": [7.7, 26.21667, 7.625],
			"to": [7.9, 26.96667, 8.35],
			"rotation": {"angle": 0, "axis": "y", "origin": [7.775, 10.13333, 8]},
			"faces": {
				"north": {"uv": [0, 0, 0.2, 0.75], "texture": "#4"},
				"east": {"uv": [0, 0, 0.725, 0.75], "texture": "#4"},
				"south": {"uv": [0, 0, 0.2, 0.75], "texture": "#4"},
				"west": {"uv": [0, 0, 0.725, 0.75], "texture": "#4"},
				"up": {"uv": [0, 0, 0.2, 0.725], "texture": "#4"},
				"down": {"uv": [0, 0, 0.2, 0.725], "texture": "#4"}
			}
		},
		{
			"from": [7.7, 27.21667, 7.83333],
			"to": [7.9, 27.56667, 8.13333],
			"rotation": {"angle": 0, "axis": "y", "origin": [7.775, 10.13333, 8]},
			"faces": {
				"north": {"uv": [0, 0, 0.2, 0.35], "texture": "#4"},
				"east": {"uv": [0, 0, 0.3, 0.35], "texture": "#4"},
				"south": {"uv": [0, 0, 0.2, 0.35], "texture": "#4"},
				"west": {"uv": [0, 0, 0.3, 0.35], "texture": "#4"},
				"up": {"uv": [0, 0, 0.2, 0.3], "texture": "#4"},
				"down": {"uv": [0, 0, 0.2, 0.3], "texture": "#4"}
			}
		},
		{
			"from": [7.7, 25.41667, 7.775],
			"to": [7.9, 27.94167, 8.15],
			"rotation": {"angle": -22.5, "axis": "x", "origin": [7.8, 27.74167, 9.1125]},
			"faces": {
				"north": {"uv": [0, 0, 0.2, 2.525], "texture": "#4"},
				"east": {"uv": [0, 0, 0.375, 2.525], "texture": "#4"},
				"south": {"uv": [0, 0, 0.2, 2.525], "texture": "#4"},
				"west": {"uv": [0, 0, 0.375, 2.525], "texture": "#4"},
				"up": {"uv": [0, 0, 0.2, 0.375], "texture": "#4"},
				"down": {"uv": [0, 0, 0.2, 0.375], "texture": "#4"}
			}
		},
		{
			"from": [7.7, 24.70746, 7.39414],
			"to": [7.9, 27.23246, 7.76914],
			"rotation": {"angle": 22.5, "axis": "x", "origin": [7.8, 26.31996, 8.45664]},
			"faces": {
				"north": {"uv": [0, 0, 0.2, 2.525], "rotation": 180, "texture": "#4"},
				"east": {"uv": [0, 0, 0.375, 2.525], "rotation": 180, "texture": "#4"},
				"south": {"uv": [0, 0, 0.2, 2.525], "rotation": 180, "texture": "#4"},
				"west": {"uv": [0, 0, 0.375, 2.525], "rotation": 180, "texture": "#4"},
				"up": {"uv": [0, 0, 0.2, 0.375], "texture": "#4"},
				"down": {"uv": [0, 0, 0.2, 0.375], "texture": "#4"}
			}
		}
	],
	"display": {
		"thirdperson_righthand": {
			"translation": [0, 2, 1]
		},
		"thirdperson_lefthand": {
			"translation": [0, 2, 1]
		},
		"firstperson_righthand": {
			"translation": [3, 0, 0],
			"scale": [0.85, 1, 0.86]
		},
		"firstperson_lefthand": {
			"translation": [2.75, 0, 0],
			"scale": [0.72, 0.99, 0.65]
		},
		"ground": {
			"rotation": [45, 0, 0],
			"translation": [0, 7, 0]
		},
		"gui": {
			"rotation": [-90, 133, 90],
			"translation": [-2.25, -2.75, 0],
			"scale": [0.71, 0.71, 0.71]
		},
		"fixed": {
			"rotation": [-90, 49, 90],
			"translation": [1.75, -3.25, -0.5],
			"scale": [0.85, 0.85, 0.85]
		}
	},
	"groups": [
		{
			"name": "Hilt",
			"origin": [8, 8, 8],
			"color": 0,
			"children": [0, 1, 2, 3, 4, 5, 6, 7]
		},
		{
			"name": "Pommel",
			"origin": [8, 8, 8],
			"color": 0,
			"children": [8, 9, 10, 11, 12, 13, 14, 15]
		},
		{
			"name": "Pommel",
			"origin": [8, 8, 8],
			"color": 0,
			"children": [16, 17, 18, 19, 20, 21, 22, 23]
		},
		{
			"name": "Pommel",
			"origin": [8, 8, 8],
			"color": 0,
			"children": [24, 25, 26, 27, 28, 29, 30, 31]
		},
		{
			"name": "Pommel",
			"origin": [8, 8, 8],
			"color": 0,
			"children": [32, 33, 34, 35, 36, 37, 38, 39]
		},
		{
			"name": "Guard",
			"origin": [7.775, 0.5, 8],
			"color": 0,
			"children": [40, 41, 42, 43, 44, 45, 46, 47, 48, 49, 50, 51, 52, 53, 54]
		},
		{
			"name": "Blade",
			"origin": [7.775, 10.13333, 8],
			"color": 0,
			"children": [55, 56, 57, 58, 59, 60, 61]
		}
	]
}