{
	"credit": "Made with Blockbench",
	"textures": {
		"0": "block/yellow_concrete",
		"2": "block/quartz_block_bottom",
		"3": "block/lodestone_top",
		"4": "block/red_concrete_powder",
		"particle": "block/yellow_concrete"
	},
	"elements": [
		{
			"from": [7.4375, 0.75, 7.5],
			"to": [8.0625, 1, 7.625],
			"rotation": {"angle": 0, "axis": "y", "origin": [7.75, 0.875, 7.5625]},
			"faces": {
				"north": {"uv": [0, 0, 0.625, 0.25], "texture": "#0"},
				"east": {"uv": [0, 0, 0.125, 0.25], "texture": "#0"},
				"south": {"uv": [0, 0, 0.625, 0.25], "texture": "#0"},
				"west": {"uv": [0, 0, 0.125, 0.25], "texture": "#0"},
				"up": {"uv": [0, 0, 0.625, 0.125], "texture": "#0"},
				"down": {"uv": [0, 0, 0.625, 0.125], "texture": "#0"}
			}
		},
		{
			"from": [7.4375, 0.75, 7.5],
			"to": [8.0625, 1, 7.625],
			"rotation": {"angle": -22.5, "axis": "y", "origin": [7.75, 0.875, 7.5625]},
			"faces": {
				"north": {"uv": [0, 0, 0.625, 0.25], "texture": "#0"},
				"east": {"uv": [0, 0, 0.125, 0.25], "texture": "#0"},
				"south": {"uv": [0, 0, 0.625, 0.25], "texture": "#0"},
				"west": {"uv": [0, 0, 0.125, 0.25], "texture": "#0"},
				"up": {"uv": [0, 0, 0.625, 0.125], "texture": "#0"},
				"down": {"uv": [0, 0, 0.625, 0.125], "texture": "#0"}
			}
		},
		{
			"from": [7.4375, 0.75, 7.5],
			"to": [8.0625, 1, 7.625],
			"rotation": {"angle": -45, "axis": "y", "origin": [7.75, 0.875, 7.5625]},
			"faces": {
				"north": {"uv": [0, 0, 0.625, 0.25], "texture": "#0"},
				"east": {"uv": [0, 0, 0.125, 0.25], "texture": "#0"},
				"south": {"uv": [0, 0, 0.625, 0.25], "texture": "#0"},
				"west": {"uv": [0, 0, 0.125, 0.25], "texture": "#0"},
				"up": {"uv": [0, 0, 0.625, 0.125], "texture": "#0"},
				"down": {"uv": [0, 0, 0.625, 0.125], "texture": "#0"}
			}
		},
		{
			"from": [7.6875, 0.75, 7.25],
			"to": [7.8125, 1, 7.875],
			"rotation": {"angle": 22.5, "axis": "y", "origin": [7.75, 0.875, 7.5625]},
			"faces": {
				"north": {"uv": [0, 0, 0.125, 0.25], "texture": "#0"},
				"east": {"uv": [0, 0, 0.625, 0.25], "texture": "#0"},
				"south": {"uv": [0, 0, 0.125, 0.25], "texture": "#0"},
				"west": {"uv": [0, 0, 0.625, 0.25], "texture": "#0"},
				"up": {"uv": [0, 0, 0.625, 0.125], "rotation": 90, "texture": "#0"},
				"down": {"uv": [0, 0, 0.625, 0.125], "rotation": 270, "texture": "#0"}
			}
		},
		{
			"from": [7.6875, 0.75, 7.25],
			"to": [7.8125, 1, 7.875],
			"rotation": {"angle": 0, "axis": "y", "origin": [7.75, 0.875, 7.5625]},
			"faces": {
				"north": {"uv": [0, 0, 0.125, 0.25], "texture": "#0"},
				"east": {"uv": [0, 0, 0.625, 0.25], "texture": "#0"},
				"south": {"uv": [0, 0, 0.125, 0.25], "texture": "#0"},
				"west": {"uv": [0, 0, 0.625, 0.25], "texture": "#0"},
				"up": {"uv": [0, 0, 0.625, 0.125], "rotation": 90, "texture": "#0"},
				"down": {"uv": [0, 0, 0.625, 0.125], "rotation": 270, "texture": "#0"}
			}
		},
		{
			"from": [7.6875, 0.75, 7.25],
			"to": [7.8125, 1, 7.875],
			"rotation": {"angle": -22.5, "axis": "y", "origin": [7.75, 0.875, 7.5625]},
			"faces": {
				"north": {"uv": [0, 0, 0.125, 0.25], "texture": "#0"},
				"east": {"uv": [0, 0, 0.625, 0.25], "texture": "#0"},
				"south": {"uv": [0, 0, 0.125, 0.25], "texture": "#0"},
				"west": {"uv": [0, 0, 0.625, 0.25], "texture": "#0"},
				"up": {"uv": [0, 0, 0.625, 0.125], "rotation": 90, "texture": "#0"},
				"down": {"uv": [0, 0, 0.625, 0.125], "rotation": 270, "texture": "#0"}
			}
		},
		{
			"from": [7.6875, 0.75, 7.25],
			"to": [7.8125, 1, 7.875],
			"rotation": {"angle": -45, "axis": "y", "origin": [7.75, 0.875, 7.5625]},
			"faces": {
				"north": {"uv": [0, 0, 0.125, 0.25], "texture": "#0"},
				"east": {"uv": [0, 0, 0.625, 0.25], "texture": "#0"},
				"south": {"uv": [0, 0, 0.125, 0.25], "texture": "#0"},
				"west": {"uv": [0, 0, 0.625, 0.25], "texture": "#0"},
				"up": {"uv": [0, 0, 0.625, 0.125], "rotation": 90, "texture": "#0"},
				"down": {"uv": [0, 0, 0.625, 0.125], "rotation": 270, "texture": "#0"}
			}
		},
		{
			"from": [7.4375, 0.75, 7.5],
			"to": [8.0625, 1, 7.625],
			"rotation": {"angle": 22.5, "axis": "y", "origin": [7.75, 0.875, 7.5625]},
			"faces": {
				"north": {"uv": [0, 0, 0.625, 0.25], "texture": "#0"},
				"east": {"uv": [0, 0, 0.125, 0.25], "texture": "#0"},
				"south": {"uv": [0, 0, 0.625, 0.25], "texture": "#0"},
				"west": {"uv": [0, 0, 0.125, 0.25], "texture": "#0"},
				"up": {"uv": [0, 0, 0.625, 0.125], "rotation": 180, "texture": "#0"},
				"down": {"uv": [0, 0, 0.625, 0.125], "rotation": 180, "texture": "#0"}
			}
		},
		{
			"from": [7.25, 0.1875, 7.4375],
			"to": [8.25, 0.75, 7.625],
			"rotation": {"angle": 0, "axis": "y", "origin": [7.75, 0.875, 7.5625]},
			"faces": {
				"north": {"uv": [0, 0, 1, 0.5625], "texture": "#0"},
				"east": {"uv": [0, 0, 0.1875, 0.5625], "texture": "#0"},
				"south": {"uv": [0, 0, 1, 0.5625], "texture": "#0"},
				"west": {"uv": [0, 0, 0.1875, 0.5625], "texture": "#0"},
				"up": {"uv": [0, 0, 1, 0.1875], "texture": "#0"},
				"down": {"uv": [0, 0, 1, 0.1875], "texture": "#0"}
			}
		},
		{
			"from": [7.25, 0.1875, 7.4375],
			"to": [8.25, 0.75, 7.625],
			"rotation": {"angle": -22.5, "axis": "y", "origin": [7.75, 0.875, 7.5625]},
			"faces": {
				"north": {"uv": [0, 0, 1, 0.5625], "texture": "#0"},
				"east": {"uv": [0, 0, 0.1875, 0.5625], "texture": "#0"},
				"south": {"uv": [0, 0, 1, 0.5625], "texture": "#0"},
				"west": {"uv": [0, 0, 0.1875, 0.5625], "texture": "#0"},
				"up": {"uv": [0, 0, 1, 0.1875], "texture": "#0"},
				"down": {"uv": [0, 0, 1, 0.1875], "texture": "#0"}
			}
		},
		{
			"from": [7.25, 0.1875, 7.4375],
			"to": [8.25, 0.75, 7.625],
			"rotation": {"angle": -45, "axis": "y", "origin": [7.75, 0.875, 7.5625]},
			"faces": {
				"north": {"uv": [0, 0, 1, 0.5625], "texture": "#0"},
				"east": {"uv": [0, 0, 0.1875, 0.5625], "texture": "#0"},
				"south": {"uv": [0, 0, 1, 0.5625], "texture": "#0"},
				"west": {"uv": [0, 0, 0.1875, 0.5625], "texture": "#0"},
				"up": {"uv": [0, 0, 1, 0.1875], "texture": "#0"},
				"down": {"uv": [0, 0, 1, 0.1875], "texture": "#0"}
			}
		},
		{
			"from": [7.6875, 0.1875, 7.0625],
			"to": [7.875, 0.75, 8.0625],
			"rotation": {"angle": 22.5, "axis": "y", "origin": [7.75, 0.875, 7.5625]},
			"faces": {
				"north": {"uv": [0, 0, 0.1875, 0.5625], "texture": "#0"},
				"east": {"uv": [0, 0, 1, 0.5625], "texture": "#0"},
				"south": {"uv": [0, 0, 0.1875, 0.5625], "texture": "#0"},
				"west": {"uv": [0, 0, 1, 0.5625], "texture": "#0"},
				"up": {"uv": [0, 0, 1, 0.1875], "rotation": 90, "texture": "#0"},
				"down": {"uv": [0, 0, 1, 0.1875], "rotation": 270, "texture": "#0"}
			}
		},
		{
			"from": [7.6875, 0.1875, 7.0625],
			"to": [7.875, 0.75, 8.0625],
			"rotation": {"angle": 0, "axis": "y", "origin": [7.75, 0.875, 7.5625]},
			"faces": {
				"north": {"uv": [0, 0, 0.1875, 0.5625], "texture": "#0"},
				"east": {"uv": [0, 0, 1, 0.5625], "texture": "#0"},
				"south": {"uv": [0, 0, 0.1875, 0.5625], "texture": "#0"},
				"west": {"uv": [0, 0, 1, 0.5625], "texture": "#0"},
				"up": {"uv": [0, 0, 1, 0.1875], "rotation": 90, "texture": "#0"},
				"down": {"uv": [0, 0, 1, 0.1875], "rotation": 270, "texture": "#0"}
			}
		},
		{
			"from": [7.6875, 0.1875, 7.0625],
			"to": [7.875, 0.75, 8.0625],
			"rotation": {"angle": -22.5, "axis": "y", "origin": [7.75, 0.875, 7.5625]},
			"faces": {
				"north": {"uv": [0, 0, 0.1875, 0.5625], "texture": "#0"},
				"east": {"uv": [0, 0, 1, 0.5625], "texture": "#0"},
				"south": {"uv": [0, 0, 0.1875, 0.5625], "texture": "#0"},
				"west": {"uv": [0, 0, 1, 0.5625], "texture": "#0"},
				"up": {"uv": [0, 0, 1, 0.1875], "rotation": 90, "texture": "#0"},
				"down": {"uv": [0, 0, 1, 0.1875], "rotation": 270, "texture": "#0"}
			}
		},
		{
			"from": [7.6875, 0.1875, 7.0625],
			"to": [7.875, 0.75, 8.0625],
			"rotation": {"angle": -45, "axis": "y", "origin": [7.75, 0.875, 7.5625]},
			"faces": {
				"north": {"uv": [0, 0, 0.1875, 0.5625], "texture": "#0"},
				"east": {"uv": [0, 0, 1, 0.5625], "texture": "#0"},
				"south": {"uv": [0, 0, 0.1875, 0.5625], "texture": "#0"},
				"west": {"uv": [0, 0, 1, 0.5625], "texture": "#0"},
				"up": {"uv": [0, 0, 1, 0.1875], "rotation": 90, "texture": "#0"},
				"down": {"uv": [0, 0, 1, 0.1875], "rotation": 270, "texture": "#0"}
			}
		},
		{
			"from": [7.25, 0.1875, 7.5],
			"to": [8.25, 0.75, 7.6875],
			"rotation": {"angle": 22.5, "axis": "y", "origin": [7.75, 0.875, 7.5625]},
			"faces": {
				"north": {"uv": [0, 0, 1, 0.5625], "texture": "#0"},
				"east": {"uv": [0, 0, 0.1875, 0.5625], "texture": "#0"},
				"south": {"uv": [0, 0, 1, 0.5625], "texture": "#0"},
				"west": {"uv": [0, 0, 0.1875, 0.5625], "texture": "#0"},
				"up": {"uv": [0, 0, 1, 0.1875], "rotation": 180, "texture": "#0"},
				"down": {"uv": [0, 0, 1, 0.1875], "rotation": 180, "texture": "#0"}
			}
		},
		{
			"from": [7.25, 0.1875, 7.5],
			"to": [8.25, 0.75, 7.6875],
			"rotation": {"angle": 0, "axis": "y", "origin": [7.75, 0.875, 7.5625]},
			"faces": {
				"north": {"uv": [0, 0, 1, 0.5625], "texture": "#0"},
				"east": {"uv": [0, 0, 0.1875, 0.5625], "texture": "#0"},
				"south": {"uv": [0, 0, 1, 0.5625], "texture": "#0"},
				"west": {"uv": [0, 0, 0.1875, 0.5625], "texture": "#0"},
				"up": {"uv": [0, 0, 1, 0.1875], "rotation": 180, "texture": "#0"},
				"down": {"uv": [0, 0, 1, 0.1875], "rotation": 180, "texture": "#0"}
			}
		},
		{
			"from": [7.5, 1, 7.5],
			"to": [8, 1.375, 7.625],
			"rotation": {"angle": 0, "axis": "y", "origin": [7.75, 0.875, 7.5625]},
			"faces": {
				"north": {"uv": [0, 0, 0.5, 0.375], "texture": "#2"},
				"east": {"uv": [0, 0, 0.125, 0.375], "texture": "#2"},
				"south": {"uv": [0, 0, 0.5, 0.375], "texture": "#2"},
				"west": {"uv": [0, 0, 0.125, 0.375], "texture": "#2"},
				"up": {"uv": [0, 0, 0.5, 0.125], "texture": "#2"},
				"down": {"uv": [0, 0, 0.5, 0.125], "texture": "#2"}
			}
		},
		{
			"from": [7.5, 1, 7.5],
			"to": [8, 1.375, 7.625],
			"rotation": {"angle": -22.5, "axis": "y", "origin": [7.75, 0.875, 7.5625]},
			"faces": {
				"north": {"uv": [0, 0, 0.5, 0.375], "texture": "#2"},
				"east": {"uv": [0, 0, 0.125, 0.375], "texture": "#2"},
				"south": {"uv": [0, 0, 0.5, 0.375], "texture": "#2"},
				"west": {"uv": [0, 0, 0.125, 0.375], "texture": "#2"},
				"up": {"uv": [0, 0, 0.5, 0.125], "texture": "#2"},
				"down": {"uv": [0, 0, 0.5, 0.125], "texture": "#2"}
			}
		},
		{
			"from": [7.5, 1, 7.5],
			"to": [8, 1.375, 7.625],
			"rotation": {"angle": -45, "axis": "y", "origin": [7.75, 0.875, 7.5625]},
			"faces": {
				"north": {"uv": [0, 0, 0.5, 0.375], "texture": "#2"},
				"east": {"uv": [0, 0, 0.125, 0.375], "texture": "#2"},
				"south": {"uv": [0, 0, 0.5, 0.375], "texture": "#2"},
				"west": {"uv": [0, 0, 0.125, 0.375], "texture": "#2"},
				"up": {"uv": [0, 0, 0.5, 0.125], "texture": "#2"},
				"down": {"uv": [0, 0, 0.5, 0.125], "texture": "#2"}
			}
		},
		{
			"from": [7.6875, 1, 7.3125],
			"to": [7.8125, 1.375, 7.8125],
			"rotation": {"angle": 22.5, "axis": "y", "origin": [7.75, 0.875, 7.5625]},
			"faces": {
				"north": {"uv": [0, 0, 0.125, 0.375], "texture": "#2"},
				"east": {"uv": [0, 0, 0.5, 0.375], "texture": "#2"},
				"south": {"uv": [0, 0, 0.125, 0.375], "texture": "#2"},
				"west": {"uv": [0, 0, 0.5, 0.375], "texture": "#2"},
				"up": {"uv": [0, 0, 0.5, 0.125], "rotation": 90, "texture": "#2"},
				"down": {"uv": [0, 0, 0.5, 0.125], "rotation": 270, "texture": "#2"}
			}
		},
		{
			"from": [7.6875, 1, 7.3125],
			"to": [7.8125, 1.375, 7.8125],
			"rotation": {"angle": 0, "axis": "y", "origin": [7.75, 0.875, 7.5625]},
			"faces": {
				"north": {"uv": [0, 0, 0.125, 0.375], "texture": "#2"},
				"east": {"uv": [0, 0, 0.5, 0.375], "texture": "#2"},
				"south": {"uv": [0, 0, 0.125, 0.375], "texture": "#2"},
				"west": {"uv": [0, 0, 0.5, 0.375], "texture": "#2"},
				"up": {"uv": [0, 0, 0.5, 0.125], "rotation": 90, "texture": "#2"},
				"down": {"uv": [0, 0, 0.5, 0.125], "rotation": 270, "texture": "#2"}
			}
		},
		{
			"from": [7.6875, 1, 7.3125],
			"to": [7.8125, 1.375, 7.8125],
			"rotation": {"angle": -22.5, "axis": "y", "origin": [7.75, 0.875, 7.5625]},
			"faces": {
				"north": {"uv": [0, 0, 0.125, 0.375], "texture": "#2"},
				"east": {"uv": [0, 0, 0.5, 0.375], "texture": "#2"},
				"south": {"uv": [0, 0, 0.125, 0.375], "texture": "#2"},
				"west": {"uv": [0, 0, 0.5, 0.375], "texture": "#2"},
				"up": {"uv": [0, 0, 0.5, 0.125], "rotation": 90, "texture": "#2"},
				"down": {"uv": [0, 0, 0.5, 0.125], "rotation": 270, "texture": "#2"}
			}
		},
		{
			"from": [7.6875, 1, 7.3125],
			"to": [7.8125, 1.375, 7.8125],
			"rotation": {"angle": -45, "axis": "y", "origin": [7.75, 0.875, 7.5625]},
			"faces": {
				"north": {"uv": [0, 0, 0.125, 0.375], "texture": "#2"},
				"east": {"uv": [0, 0, 0.5, 0.375], "texture": "#2"},
				"south": {"uv": [0, 0, 0.125, 0.375], "texture": "#2"},
				"west": {"uv": [0, 0, 0.5, 0.375], "texture": "#2"},
				"up": {"uv": [0, 0, 0.5, 0.125], "rotation": 90, "texture": "#2"},
				"down": {"uv": [0, 0, 0.5, 0.125], "rotation": 270, "texture": "#2"}
			}
		},
		{
			"from": [7.5, 1, 7.5],
			"to": [8, 1.375, 7.625],
			"rotation": {"angle": 22.5, "axis": "y", "origin": [7.75, 0.875, 7.5625]},
			"faces": {
				"north": {"uv": [0, 0, 0.5, 0.375], "texture": "#2"},
				"east": {"uv": [0, 0, 0.125, 0.375], "texture": "#2"},
				"south": {"uv": [0, 0, 0.5, 0.375], "texture": "#2"},
				"west": {"uv": [0, 0, 0.125, 0.375], "texture": "#2"},
				"up": {"uv": [0, 0, 0.5, 0.125], "rotation": 180, "texture": "#2"},
				"down": {"uv": [0, 0, 0.5, 0.125], "rotation": 180, "texture": "#2"}
			}
		},
		{
			"from": [7.4375, 0, 7.5],
			"to": [8.0625, 0.25, 7.625],
			"rotation": {"angle": 0, "axis": "y", "origin": [7.75, 0.125, 7.5625]},
			"faces": {
				"north": {"uv": [0, 0, 0.625, 0.25], "texture": "#0"},
				"east": {"uv": [0, 0, 0.125, 0.25], "texture": "#0"},
				"south": {"uv": [0, 0, 0.625, 0.25], "texture": "#0"},
				"west": {"uv": [0, 0, 0.125, 0.25], "texture": "#0"},
				"up": {"uv": [0, 0, 0.625, 0.125], "texture": "#0"},
				"down": {"uv": [0, 0, 0.625, 0.125], "texture": "#0"}
			}
		},
		{
			"from": [7.4375, 0, 7.5],
			"to": [8.0625, 0.25, 7.625],
			"rotation": {"angle": -22.5, "axis": "y", "origin": [7.75, 0.125, 7.5625]},
			"faces": {
				"north": {"uv": [0, 0, 0.625, 0.25], "texture": "#0"},
				"east": {"uv": [0, 0, 0.125, 0.25], "texture": "#0"},
				"south": {"uv": [0, 0, 0.625, 0.25], "texture": "#0"},
				"west": {"uv": [0, 0, 0.125, 0.25], "texture": "#0"},
				"up": {"uv": [0, 0, 0.625, 0.125], "texture": "#0"},
				"down": {"uv": [0, 0, 0.625, 0.125], "texture": "#0"}
			}
		},
		{
			"from": [7.4375, 0, 7.5],
			"to": [8.0625, 0.25, 7.625],
			"rotation": {"angle": -45, "axis": "y", "origin": [7.75, 0.125, 7.5625]},
			"faces": {
				"north": {"uv": [0, 0, 0.625, 0.25], "texture": "#0"},
				"east": {"uv": [0, 0, 0.125, 0.25], "texture": "#0"},
				"south": {"uv": [0, 0, 0.625, 0.25], "texture": "#0"},
				"west": {"uv": [0, 0, 0.125, 0.25], "texture": "#0"},
				"up": {"uv": [0, 0, 0.625, 0.125], "texture": "#0"},
				"down": {"uv": [0, 0, 0.625, 0.125], "texture": "#0"}
			}
		},
		{
			"from": [7.6875, 0, 7.25],
			"to": [7.8125, 0.25, 7.875],
			"rotation": {"angle": 22.5, "axis": "y", "origin": [7.75, 0.125, 7.5625]},
			"faces": {
				"north": {"uv": [0, 0, 0.125, 0.25], "texture": "#0"},
				"east": {"uv": [0, 0, 0.625, 0.25], "texture": "#0"},
				"south": {"uv": [0, 0, 0.125, 0.25], "texture": "#0"},
				"west": {"uv": [0, 0, 0.625, 0.25], "texture": "#0"},
				"up": {"uv": [0, 0, 0.625, 0.125], "rotation": 90, "texture": "#0"},
				"down": {"uv": [0, 0, 0.625, 0.125], "rotation": 270, "texture": "#0"}
			}
		},
		{
			"from": [7.6875, 0, 7.25],
			"to": [7.8125, 0.25, 7.875],
			"rotation": {"angle": 0, "axis": "y", "origin": [7.75, 0.125, 7.5625]},
			"faces": {
				"north": {"uv": [0, 0, 0.125, 0.25], "texture": "#0"},
				"east": {"uv": [0, 0, 0.625, 0.25], "texture": "#0"},
				"south": {"uv": [0, 0, 0.125, 0.25], "texture": "#0"},
				"west": {"uv": [0, 0, 0.625, 0.25], "texture": "#0"},
				"up": {"uv": [0, 0, 0.625, 0.125], "rotation": 90, "texture": "#0"},
				"down": {"uv": [0, 0, 0.625, 0.125], "rotation": 270, "texture": "#0"}
			}
		},
		{
			"from": [7.6875, 0, 7.25],
			"to": [7.8125, 0.25, 7.875],
			"rotation": {"angle": -22.5, "axis": "y", "origin": [7.75, 0.125, 7.5625]},
			"faces": {
				"north": {"uv": [0, 0, 0.125, 0.25], "texture": "#0"},
				"east": {"uv": [0, 0, 0.625, 0.25], "texture": "#0"},
				"south": {"uv": [0, 0, 0.125, 0.25], "texture": "#0"},
				"west": {"uv": [0, 0, 0.625, 0.25], "texture": "#0"},
				"up": {"uv": [0, 0, 0.625, 0.125], "rotation": 90, "texture": "#0"},
				"down": {"uv": [0, 0, 0.625, 0.125], "rotation": 270, "texture": "#0"}
			}
		},
		{
			"from": [7.6875, 0, 7.25],
			"to": [7.8125, 0.25, 7.875],
			"rotation": {"angle": -45, "axis": "y", "origin": [7.75, 0.125, 7.5625]},
			"faces": {
				"north": {"uv": [0, 0, 0.125, 0.25], "texture": "#0"},
				"east": {"uv": [0, 0, 0.625, 0.25], "texture": "#0"},
				"south": {"uv": [0, 0, 0.125, 0.25], "texture": "#0"},
				"west": {"uv": [0, 0, 0.625, 0.25], "texture": "#0"},
				"up": {"uv": [0, 0, 0.625, 0.125], "rotation": 90, "texture": "#0"},
				"down": {"uv": [0, 0, 0.625, 0.125], "rotation": 270, "texture": "#0"}
			}
		},
		{
			"from": [7.4375, 0, 7.5],
			"to": [8.0625, 0.25, 7.625],
			"rotation": {"angle": 22.5, "axis": "y", "origin": [7.75, 0.125, 7.5625]},
			"faces": {
				"north": {"uv": [0, 0, 0.625, 0.25], "texture": "#0"},
				"east": {"uv": [0, 0, 0.125, 0.25], "texture": "#0"},
				"south": {"uv": [0, 0, 0.625, 0.25], "texture": "#0"},
				"west": {"uv": [0, 0, 0.125, 0.25], "texture": "#0"},
				"up": {"uv": [0, 0, 0.625, 0.125], "rotation": 180, "texture": "#0"},
				"down": {"uv": [0, 0, 0.625, 0.125], "rotation": 180, "texture": "#0"}
			}
		},
		{
			"from": [7.4375, 1.375, 7.5],
			"to": [8.0625, 1.5, 7.625],
			"rotation": {"angle": 0, "axis": "y", "origin": [7.75, 1.5, 7.5625]},
			"faces": {
				"north": {"uv": [0, 0, 0.625, 0.125], "texture": "#0"},
				"east": {"uv": [0, 0, 0.125, 0.125], "texture": "#0"},
				"south": {"uv": [0, 0, 0.625, 0.125], "texture": "#0"},
				"west": {"uv": [0, 0, 0.125, 0.125], "texture": "#0"},
				"up": {"uv": [0, 0, 0.625, 0.125], "texture": "#0"},
				"down": {"uv": [0, 0, 0.625, 0.125], "texture": "#0"}
			}
		},
		{
			"from": [7.4375, 1.375, 7.5],
			"to": [8.0625, 1.5, 7.625],
			"rotation": {"angle": -22.5, "axis": "y", "origin": [7.75, 1.5, 7.5625]},
			"faces": {
				"north": {"uv": [0, 0, 0.625, 0.125], "texture": "#0"},
				"east": {"uv": [0, 0, 0.125, 0.125], "texture": "#0"},
				"south": {"uv": [0, 0, 0.625, 0.125], "texture": "#0"},
				"west": {"uv": [0, 0, 0.125, 0.125], "texture": "#0"},
				"up": {"uv": [0, 0, 0.625, 0.125], "texture": "#0"},
				"down": {"uv": [0, 0, 0.625, 0.125], "texture": "#0"}
			}
		},
		{
			"from": [7.4375, 1.375, 7.5],
			"to": [8.0625, 1.5, 7.625],
			"rotation": {"angle": -45, "axis": "y", "origin": [7.75, 1.5, 7.5625]},
			"faces": {
				"north": {"uv": [0, 0, 0.625, 0.125], "texture": "#0"},
				"east": {"uv": [0, 0, 0.125, 0.125], "texture": "#0"},
				"south": {"uv": [0, 0, 0.625, 0.125], "texture": "#0"},
				"west": {"uv": [0, 0, 0.125, 0.125], "texture": "#0"},
				"up": {"uv": [0, 0, 0.625, 0.125], "texture": "#0"},
				"down": {"uv": [0, 0, 0.625, 0.125], "texture": "#0"}
			}
		},
		{
			"from": [7.6875, 1.375, 7.25],
			"to": [7.8125, 1.5, 7.875],
			"rotation": {"angle": 22.5, "axis": "y", "origin": [7.75, 1.5, 7.5625]},
			"faces": {
				"north": {"uv": [0, 0, 0.125, 0.125], "texture": "#0"},
				"east": {"uv": [0, 0, 0.625, 0.125], "texture": "#0"},
				"south": {"uv": [0, 0, 0.125, 0.125], "texture": "#0"},
				"west": {"uv": [0, 0, 0.625, 0.125], "texture": "#0"},
				"up": {"uv": [0, 0, 0.625, 0.125], "rotation": 90, "texture": "#0"},
				"down": {"uv": [0, 0, 0.625, 0.125], "rotation": 270, "texture": "#0"}
			}
		},
		{
			"from": [7.6875, 1.375, 7.25],
			"to": [7.8125, 1.5, 7.875],
			"rotation": {"angle": 0, "axis": "y", "origin": [7.75, 1.5, 7.5625]},
			"faces": {
				"north": {"uv": [0, 0, 0.125, 0.125], "texture": "#0"},
				"east": {"uv": [0, 0, 0.625, 0.125], "texture": "#0"},
				"south": {"uv": [0, 0, 0.125, 0.125], "texture": "#0"},
				"west": {"uv": [0, 0, 0.625, 0.125], "texture": "#0"},
				"up": {"uv": [0, 0, 0.625, 0.125], "rotation": 90, "texture": "#0"},
				"down": {"uv": [0, 0, 0.625, 0.125], "rotation": 270, "texture": "#0"}
			}
		},
		{
			"from": [7.6875, 1.375, 7.25],
			"to": [7.8125, 1.5, 7.875],
			"rotation": {"angle": -22.5, "axis": "y", "origin": [7.75, 1.5, 7.5625]},
			"faces": {
				"north": {"uv": [0, 0, 0.125, 0.125], "texture": "#0"},
				"east": {"uv": [0, 0, 0.625, 0.125], "texture": "#0"},
				"south": {"uv": [0, 0, 0.125, 0.125], "texture": "#0"},
				"west": {"uv": [0, 0, 0.625, 0.125], "texture": "#0"},
				"up": {"uv": [0, 0, 0.625, 0.125], "rotation": 90, "texture": "#0"},
				"down": {"uv": [0, 0, 0.625, 0.125], "rotation": 270, "texture": "#0"}
			}
		},
		{
			"from": [7.6875, 1.375, 7.25],
			"to": [7.8125, 1.5, 7.875],
			"rotation": {"angle": -45, "axis": "y", "origin": [7.75, 1.5, 7.5625]},
			"faces": {
				"north": {"uv": [0, 0, 0.125, 0.125], "texture": "#0"},
				"east": {"uv": [0, 0, 0.625, 0.125], "texture": "#0"},
				"south": {"uv": [0, 0, 0.125, 0.125], "texture": "#0"},
				"west": {"uv": [0, 0, 0.625, 0.125], "texture": "#0"},
				"up": {"uv": [0, 0, 0.625, 0.125], "rotation": 90, "texture": "#0"},
				"down": {"uv": [0, 0, 0.625, 0.125], "rotation": 270, "texture": "#0"}
			}
		},
		{
			"from": [7.4375, 1.375, 7.5],
			"to": [8.0625, 1.5, 7.625],
			"rotation": {"angle": 22.5, "axis": "y", "origin": [7.75, 1.5, 7.5625]},
			"faces": {
				"north": {"uv": [0, 0, 0.625, 0.125], "texture": "#0"},
				"east": {"uv": [0, 0, 0.125, 0.125], "texture": "#0"},
				"south": {"uv": [0, 0, 0.625, 0.125], "texture": "#0"},
				"west": {"uv": [0, 0, 0.125, 0.125], "texture": "#0"},
				"up": {"uv": [0, 0, 0.625, 0.125], "rotation": 180, "texture": "#0"},
				"down": {"uv": [0, 0, 0.625, 0.125], "rotation": 180, "texture": "#0"}
			}
		},
		{
			"from": [7.25, 1.5, 7.4375],
			"to": [8.25, 1.875, 7.625],
			"rotation": {"angle": 0, "axis": "y", "origin": [7.75, 2.1875, 7.5625]},
			"faces": {
				"north": {"uv": [0, 0, 1, 0.375], "texture": "#0"},
				"east": {"uv": [0, 0, 0.1875, 0.375], "texture": "#0"},
				"south": {"uv": [0, 0, 1, 0.375], "texture": "#0"},
				"west": {"uv": [0, 0, 0.1875, 0.375], "texture": "#0"},
				"up": {"uv": [0, 0, 1, 0.1875], "texture": "#0"},
				"down": {"uv": [0, 0, 1, 0.1875], "texture": "#0"}
			}
		},
		{
			"from": [7.25, 1.5, 7.4375],
			"to": [8.25, 1.875, 7.625],
			"rotation": {"angle": -22.5, "axis": "y", "origin": [7.75, 2.1875, 7.5625]},
			"faces": {
				"north": {"uv": [0, 0, 1, 0.375], "texture": "#0"},
				"east": {"uv": [0, 0, 0.1875, 0.375], "texture": "#0"},
				"south": {"uv": [0, 0, 1, 0.375], "texture": "#0"},
				"west": {"uv": [0, 0, 0.1875, 0.375], "texture": "#0"},
				"up": {"uv": [0, 0, 1, 0.1875], "texture": "#0"},
				"down": {"uv": [0, 0, 1, 0.1875], "texture": "#0"}
			}
		},
		{
			"from": [7.25, 1.5, 7.4375],
			"to": [8.25, 1.875, 7.625],
			"rotation": {"angle": -45, "axis": "y", "origin": [7.75, 2.1875, 7.5625]},
			"faces": {
				"north": {"uv": [0, 0, 1, 0.375], "texture": "#0"},
				"east": {"uv": [0, 0, 0.1875, 0.375], "texture": "#0"},
				"south": {"uv": [0, 0, 1, 0.375], "texture": "#0"},
				"west": {"uv": [0, 0, 0.1875, 0.375], "texture": "#0"},
				"up": {"uv": [0, 0, 1, 0.1875], "texture": "#0"},
				"down": {"uv": [0, 0, 1, 0.1875], "texture": "#0"}
			}
		},
		{
			"from": [7.6875, 1.5, 7.0625],
			"to": [7.875, 1.875, 8.0625],
			"rotation": {"angle": 22.5, "axis": "y", "origin": [7.75, 2.1875, 7.5625]},
			"faces": {
				"north": {"uv": [0, 0, 0.1875, 0.375], "texture": "#0"},
				"east": {"uv": [0, 0, 1, 0.375], "texture": "#0"},
				"south": {"uv": [0, 0, 0.1875, 0.375], "texture": "#0"},
				"west": {"uv": [0, 0, 1, 0.375], "texture": "#0"},
				"up": {"uv": [0, 0, 1, 0.1875], "rotation": 90, "texture": "#0"},
				"down": {"uv": [0, 0, 1, 0.1875], "rotation": 270, "texture": "#0"}
			}
		},
		{
			"from": [7.6875, 1.5, 7.0625],
			"to": [7.875, 1.875, 8.0625],
			"rotation": {"angle": 0, "axis": "y", "origin": [7.75, 2.1875, 7.5625]},
			"faces": {
				"north": {"uv": [0, 0, 0.1875, 0.375], "texture": "#0"},
				"east": {"uv": [0, 0, 1, 0.375], "texture": "#0"},
				"south": {"uv": [0, 0, 0.1875, 0.375], "texture": "#0"},
				"west": {"uv": [0, 0, 1, 0.375], "texture": "#0"},
				"up": {"uv": [0, 0, 1, 0.1875], "rotation": 90, "texture": "#0"},
				"down": {"uv": [0, 0, 1, 0.1875], "rotation": 270, "texture": "#0"}
			}
		},
		{
			"from": [7.6875, 1.5, 7.0625],
			"to": [7.875, 1.875, 8.0625],
			"rotation": {"angle": -22.5, "axis": "y", "origin": [7.75, 2.1875, 7.5625]},
			"faces": {
				"north": {"uv": [0, 0, 0.1875, 0.375], "texture": "#0"},
				"east": {"uv": [0, 0, 1, 0.375], "texture": "#0"},
				"south": {"uv": [0, 0, 0.1875, 0.375], "texture": "#0"},
				"west": {"uv": [0, 0, 1, 0.375], "texture": "#0"},
				"up": {"uv": [0, 0, 1, 0.1875], "rotation": 90, "texture": "#0"},
				"down": {"uv": [0, 0, 1, 0.1875], "rotation": 270, "texture": "#0"}
			}
		},
		{
			"from": [7.6875, 1.5, 7.0625],
			"to": [7.875, 1.875, 8.0625],
			"rotation": {"angle": -45, "axis": "y", "origin": [7.75, 2.1875, 7.5625]},
			"faces": {
				"north": {"uv": [0, 0, 0.1875, 0.375], "texture": "#0"},
				"east": {"uv": [0, 0, 1, 0.375], "texture": "#0"},
				"south": {"uv": [0, 0, 0.1875, 0.375], "texture": "#0"},
				"west": {"uv": [0, 0, 1, 0.375], "texture": "#0"},
				"up": {"uv": [0, 0, 1, 0.1875], "rotation": 90, "texture": "#0"},
				"down": {"uv": [0, 0, 1, 0.1875], "rotation": 270, "texture": "#0"}
			}
		},
		{
			"from": [7.25, 1.5, 7.5],
			"to": [8.25, 1.875, 7.6875],
			"rotation": {"angle": 22.5, "axis": "y", "origin": [7.75, 2.1875, 7.5625]},
			"faces": {
				"north": {"uv": [0, 0, 1, 0.375], "texture": "#0"},
				"east": {"uv": [0, 0, 0.1875, 0.375], "texture": "#0"},
				"south": {"uv": [0, 0, 1, 0.375], "texture": "#0"},
				"west": {"uv": [0, 0, 0.1875, 0.375], "texture": "#0"},
				"up": {"uv": [0, 0, 1, 0.1875], "rotation": 180, "texture": "#0"},
				"down": {"uv": [0, 0, 1, 0.1875], "rotation": 180, "texture": "#0"}
			}
		},
		{
			"from": [7.25, 1.5, 7.5],
			"to": [8.25, 1.875, 7.6875],
			"rotation": {"angle": 0, "axis": "y", "origin": [7.75, 2.1875, 7.5625]},
			"faces": {
				"north": {"uv": [0, 0, 1, 0.375], "texture": "#0"},
				"east": {"uv": [0, 0, 0.1875, 0.375], "texture": "#0"},
				"south": {"uv": [0, 0, 1, 0.375], "texture": "#0"},
				"west": {"uv": [0, 0, 0.1875, 0.375], "texture": "#0"},
				"up": {"uv": [0, 0, 1, 0.1875], "rotation": 180, "texture": "#0"},
				"down": {"uv": [0, 0, 1, 0.1875], "rotation": 180, "texture": "#0"}
			}
		},
		{
			"from": [7.4375, 1.875, 7.5],
			"to": [8.0625, 4.9375, 7.625],
			"rotation": {"angle": 0, "axis": "y", "origin": [7.75, 2, 7.5625]},
			"faces": {
				"north": {"uv": [0, 0, 0.625, 3.0625], "texture": "#0"},
				"east": {"uv": [0, 0, 0.125, 3.0625], "texture": "#0"},
				"south": {"uv": [0, 0, 0.625, 3.0625], "texture": "#0"},
				"west": {"uv": [0, 0, 0.125, 3.0625], "texture": "#0"},
				"up": {"uv": [0, 0, 0.625, 0.125], "texture": "#0"},
				"down": {"uv": [0, 0, 0.625, 0.125], "texture": "#0"}
			}
		},
		{
			"from": [7.4375, 1.875, 7.5],
			"to": [8.0625, 4.9375, 7.625],
			"rotation": {"angle": -22.5, "axis": "y", "origin": [7.75, 2, 7.5625]},
			"faces": {
				"north": {"uv": [0, 0, 0.625, 3.0625], "texture": "#0"},
				"east": {"uv": [0, 0, 0.125, 3.0625], "texture": "#0"},
				"south": {"uv": [0, 0, 0.625, 3.0625], "texture": "#0"},
				"west": {"uv": [0, 0, 0.125, 3.0625], "texture": "#0"},
				"up": {"uv": [0, 0, 0.625, 0.125], "texture": "#0"},
				"down": {"uv": [0, 0, 0.625, 0.125], "texture": "#0"}
			}
		},
		{
			"from": [7.4375, 1.875, 7.5],
			"to": [8.0625, 4.9375, 7.625],
			"rotation": {"angle": -45, "axis": "y", "origin": [7.75, 2, 7.5625]},
			"faces": {
				"north": {"uv": [0, 0, 0.625, 3.0625], "texture": "#0"},
				"east": {"uv": [0, 0, 0.125, 3.0625], "texture": "#0"},
				"south": {"uv": [0, 0, 0.625, 3.0625], "texture": "#0"},
				"west": {"uv": [0, 0, 0.125, 3.0625], "texture": "#0"},
				"up": {"uv": [0, 0, 0.625, 0.125], "texture": "#0"},
				"down": {"uv": [0, 0, 0.625, 0.125], "texture": "#0"}
			}
		},
		{
			"from": [7.6875, 1.875, 7.25],
			"to": [7.8125, 4.9375, 7.875],
			"rotation": {"angle": 22.5, "axis": "y", "origin": [7.75, 2, 7.5625]},
			"faces": {
				"north": {"uv": [0, 0, 0.125, 3.0625], "texture": "#0"},
				"east": {"uv": [0, 0, 0.625, 3.0625], "texture": "#0"},
				"south": {"uv": [0, 0, 0.125, 3.0625], "texture": "#0"},
				"west": {"uv": [0, 0, 0.625, 3.0625], "texture": "#0"},
				"up": {"uv": [0, 0, 0.625, 0.125], "rotation": 90, "texture": "#0"},
				"down": {"uv": [0, 0, 0.625, 0.125], "rotation": 270, "texture": "#0"}
			}
		},
		{
			"from": [7.6875, 1.875, 7.25],
			"to": [7.8125, 4.9375, 7.875],
			"rotation": {"angle": 0, "axis": "y", "origin": [7.75, 2, 7.5625]},
			"faces": {
				"north": {"uv": [0, 0, 0.125, 3.0625], "texture": "#0"},
				"east": {"uv": [0, 0, 0.625, 3.0625], "texture": "#0"},
				"south": {"uv": [0, 0, 0.125, 3.0625], "texture": "#0"},
				"west": {"uv": [0, 0, 0.625, 3.0625], "texture": "#0"},
				"up": {"uv": [0, 0, 0.625, 0.125], "rotation": 90, "texture": "#0"},
				"down": {"uv": [0, 0, 0.625, 0.125], "rotation": 270, "texture": "#0"}
			}
		},
		{
			"from": [7.6875, 1.875, 7.25],
			"to": [7.8125, 4.9375, 7.875],
			"rotation": {"angle": -22.5, "axis": "y", "origin": [7.75, 2, 7.5625]},
			"faces": {
				"north": {"uv": [0, 0, 0.125, 3.0625], "texture": "#0"},
				"east": {"uv": [0, 0, 0.625, 3.0625], "texture": "#0"},
				"south": {"uv": [0, 0, 0.125, 3.0625], "texture": "#0"},
				"west": {"uv": [0, 0, 0.625, 3.0625], "texture": "#0"},
				"up": {"uv": [0, 0, 0.625, 0.125], "rotation": 90, "texture": "#0"},
				"down": {"uv": [0, 0, 0.625, 0.125], "rotation": 270, "texture": "#0"}
			}
		},
		{
			"from": [7.6875, 1.875, 7.25],
			"to": [7.8125, 4.9375, 7.875],
			"rotation": {"angle": -45, "axis": "y", "origin": [7.75, 2, 7.5625]},
			"faces": {
				"north": {"uv": [0, 0, 0.125, 3.0625], "texture": "#0"},
				"east": {"uv": [0, 0, 0.625, 3.0625], "texture": "#0"},
				"south": {"uv": [0, 0, 0.125, 3.0625], "texture": "#0"},
				"west": {"uv": [0, 0, 0.625, 3.0625], "texture": "#0"},
				"up": {"uv": [0, 0, 0.625, 0.125], "rotation": 90, "texture": "#0"},
				"down": {"uv": [0, 0, 0.625, 0.125], "rotation": 270, "texture": "#0"}
			}
		},
		{
			"from": [7.4375, 1.875, 7.5],
			"to": [8.0625, 4.9375, 7.625],
			"rotation": {"angle": 22.5, "axis": "y", "origin": [7.75, 2, 7.5625]},
			"faces": {
				"north": {"uv": [0, 0, 0.625, 3.0625], "texture": "#0"},
				"east": {"uv": [0, 0, 0.125, 3.0625], "texture": "#0"},
				"south": {"uv": [0, 0, 0.625, 3.0625], "texture": "#0"},
				"west": {"uv": [0, 0, 0.125, 3.0625], "texture": "#0"},
				"up": {"uv": [0, 0, 0.625, 0.125], "rotation": 180, "texture": "#0"},
				"down": {"uv": [0, 0, 0.625, 0.125], "rotation": 180, "texture": "#0"}
			}
		},
		{
			"from": [7.25, 4.9375, 7.4375],
			"to": [8.25, 5.75, 7.625],
			"rotation": {"angle": 0, "axis": "y", "origin": [7.75, 5.625, 7.5625]},
			"faces": {
				"north": {"uv": [0, 0, 1, 0.375], "texture": "#2"},
				"east": {"uv": [0, 0, 0.1875, 0.375], "texture": "#2"},
				"south": {"uv": [0, 0, 1, 0.375], "texture": "#2"},
				"west": {"uv": [0, 0, 0.1875, 0.375], "texture": "#2"},
				"up": {"uv": [0, 0, 1, 0.1875], "texture": "#2"},
				"down": {"uv": [0, 0, 1, 0.1875], "texture": "#2"}
			}
		},
		{
			"from": [7.25, 4.9375, 7.4375],
			"to": [8.25, 5.75, 7.625],
			"rotation": {"angle": -22.5, "axis": "y", "origin": [7.75, 5.625, 7.5625]},
			"faces": {
				"north": {"uv": [0, 0, 1, 0.375], "texture": "#2"},
				"east": {"uv": [0, 0, 0.1875, 0.375], "texture": "#2"},
				"south": {"uv": [0, 0, 1, 0.375], "texture": "#2"},
				"west": {"uv": [0, 0, 0.1875, 0.375], "texture": "#2"},
				"up": {"uv": [0, 0, 1, 0.1875], "texture": "#2"},
				"down": {"uv": [0, 0, 1, 0.1875], "texture": "#2"}
			}
		},
		{
			"from": [7.25, 4.9375, 7.4375],
			"to": [8.25, 5.75, 7.625],
			"rotation": {"angle": -45, "axis": "y", "origin": [7.75, 5.625, 7.5625]},
			"faces": {
				"north": {"uv": [0, 0, 1, 0.375], "texture": "#2"},
				"east": {"uv": [0, 0, 0.1875, 0.375], "texture": "#2"},
				"south": {"uv": [0, 0, 1, 0.375], "texture": "#2"},
				"west": {"uv": [0, 0, 0.1875, 0.375], "texture": "#2"},
				"up": {"uv": [0, 0, 1, 0.1875], "texture": "#2"},
				"down": {"uv": [0, 0, 1, 0.1875], "texture": "#2"}
			}
		},
		{
			"from": [7.6875, 4.9375, 7.0625],
			"to": [7.875, 5.75, 8.0625],
			"rotation": {"angle": 22.5, "axis": "y", "origin": [7.75, 5.625, 7.5625]},
			"faces": {
				"north": {"uv": [0, 0, 0.1875, 0.375], "texture": "#2"},
				"east": {"uv": [0, 0, 1, 0.375], "texture": "#2"},
				"south": {"uv": [0, 0, 0.1875, 0.375], "texture": "#2"},
				"west": {"uv": [0, 0, 1, 0.375], "texture": "#2"},
				"up": {"uv": [0, 0, 1, 0.1875], "rotation": 90, "texture": "#2"},
				"down": {"uv": [0, 0, 1, 0.1875], "rotation": 270, "texture": "#2"}
			}
		},
		{
			"from": [7.6875, 4.9375, 7.0625],
			"to": [7.875, 5.75, 8.0625],
			"rotation": {"angle": 0, "axis": "y", "origin": [7.75, 5.625, 7.5625]},
			"faces": {
				"north": {"uv": [0, 0, 0.1875, 0.375], "texture": "#2"},
				"east": {"uv": [0, 0, 1, 0.375], "texture": "#2"},
				"south": {"uv": [0, 0, 0.1875, 0.375], "texture": "#2"},
				"west": {"uv": [0, 0, 1, 0.375], "texture": "#2"},
				"up": {"uv": [0, 0, 1, 0.1875], "rotation": 90, "texture": "#2"},
				"down": {"uv": [0, 0, 1, 0.1875], "rotation": 270, "texture": "#2"}
			}
		},
		{
			"from": [7.6875, 4.9375, 7.0625],
			"to": [7.875, 5.75, 8.0625],
			"rotation": {"angle": -22.5, "axis": "y", "origin": [7.75, 5.625, 7.5625]},
			"faces": {
				"north": {"uv": [0, 0, 0.1875, 0.375], "texture": "#2"},
				"east": {"uv": [0, 0, 1, 0.375], "texture": "#2"},
				"south": {"uv": [0, 0, 0.1875, 0.375], "texture": "#2"},
				"west": {"uv": [0, 0, 1, 0.375], "texture": "#2"},
				"up": {"uv": [0, 0, 1, 0.1875], "rotation": 90, "texture": "#2"},
				"down": {"uv": [0, 0, 1, 0.1875], "rotation": 270, "texture": "#2"}
			}
		},
		{
			"from": [7.6875, 4.9375, 7.0625],
			"to": [7.875, 5.75, 8.0625],
			"rotation": {"angle": -45, "axis": "y", "origin": [7.75, 5.625, 7.5625]},
			"faces": {
				"north": {"uv": [0, 0, 0.1875, 0.375], "texture": "#2"},
				"east": {"uv": [0, 0, 1, 0.375], "texture": "#2"},
				"south": {"uv": [0, 0, 0.1875, 0.375], "texture": "#2"},
				"west": {"uv": [0, 0, 1, 0.375], "texture": "#2"},
				"up": {"uv": [0, 0, 1, 0.1875], "rotation": 90, "texture": "#2"},
				"down": {"uv": [0, 0, 1, 0.1875], "rotation": 270, "texture": "#2"}
			}
		},
		{
			"from": [7.25, 4.9375, 7.5],
			"to": [8.25, 5.75, 7.6875],
			"rotation": {"angle": 22.5, "axis": "y", "origin": [7.75, 5.625, 7.5625]},
			"faces": {
				"north": {"uv": [0, 0, 1, 0.375], "texture": "#2"},
				"east": {"uv": [0, 0, 0.1875, 0.375], "texture": "#2"},
				"south": {"uv": [0, 0, 1, 0.375], "texture": "#2"},
				"west": {"uv": [0, 0, 0.1875, 0.375], "texture": "#2"},
				"up": {"uv": [0, 0, 1, 0.1875], "rotation": 180, "texture": "#2"},
				"down": {"uv": [0, 0, 1, 0.1875], "rotation": 180, "texture": "#2"}
			}
		},
		{
			"from": [7.25, 4.9375, 7.5],
			"to": [8.25, 5.75, 7.6875],
			"rotation": {"angle": 0, "axis": "y", "origin": [7.75, 5.625, 7.5625]},
			"faces": {
				"north": {"uv": [0, 0, 1, 0.375], "texture": "#2"},
				"east": {"uv": [0, 0, 0.1875, 0.375], "texture": "#2"},
				"south": {"uv": [0, 0, 1, 0.375], "texture": "#2"},
				"west": {"uv": [0, 0, 0.1875, 0.375], "texture": "#2"},
				"up": {"uv": [0, 0, 1, 0.1875], "rotation": 180, "texture": "#2"},
				"down": {"uv": [0, 0, 1, 0.1875], "rotation": 180, "texture": "#2"}
			}
		},
		{
			"from": [6.9375, 5.75, 6.4375],
			"to": [8.5625, 6, 8.625],
			"faces": {
				"north": {"uv": [0, 0, 1.625, 0.25], "texture": "#0"},
				"east": {"uv": [0, 0, 2.1875, 0.25], "texture": "#0"},
				"south": {"uv": [0, 0, 1.625, 0.25], "texture": "#0"},
				"west": {"uv": [0, 0, 2.1875, 0.25], "texture": "#0"},
				"up": {"uv": [0, 0, 1.625, 2.1875], "texture": "#0"},
				"down": {"uv": [0, 0, 1.625, 2.1875], "texture": "#0"}
			}
		},
		{
			"from": [6.855, 5.6875, 6.4375],
			"to": [6.98, 6.375, 8.625],
			"faces": {
				"north": {"uv": [0, 0, 0.125, 0.6875], "texture": "#0"},
				"east": {"uv": [0, 0, 2.1875, 0.6875], "texture": "#0"},
				"south": {"uv": [0, 0, 0.125, 0.6875], "texture": "#0"},
				"west": {"uv": [0, 0, 2.1875, 0.6875], "texture": "#0"},
				"up": {"uv": [0, 0, 0.125, 2.1875], "texture": "#0"},
				"down": {"uv": [0, 0, 0.125, 2.1875], "texture": "#0"}
			}
		},
		{
			"from": [8.5625, 5.6875, 6.4375],
			"to": [8.6875, 6.375, 8.625],
			"faces": {
				"north": {"uv": [0, 0, 0.125, 0.6875], "texture": "#0"},
				"east": {"uv": [0, 0, 2.1875, 0.6875], "texture": "#0"},
				"south": {"uv": [0, 0, 0.125, 0.6875], "texture": "#0"},
				"west": {"uv": [0, 0, 2.1875, 0.6875], "texture": "#0"},
				"up": {"uv": [0, 0, 0.125, 2.1875], "texture": "#0"},
				"down": {"uv": [0, 0, 0.125, 2.1875], "texture": "#0"}
			}
		},
		{
			"from": [7, 6.375, 6.4375],
			"to": [7.125, 7.3125, 8.625],
			"rotation": {"angle": -22.5, "axis": "z", "origin": [6.875, 6.78125, 7.53125]},
			"faces": {
				"north": {"uv": [0, 0, 0.125, 0.9375], "texture": "#0"},
				"east": {"uv": [0, 0, 2.1875, 0.9375], "texture": "#0"},
				"south": {"uv": [0, 0, 0.125, 0.9375], "texture": "#0"},
				"west": {"uv": [0, 0, 2.1875, 0.9375], "texture": "#0"},
				"up": {"uv": [0, 0, 0.125, 2.1875], "texture": "#0"},
				"down": {"uv": [0, 0, 0.125, 2.1875], "texture": "#0"}
			}
		},
		{
			"from": [8.38465, 6.42349, 6.4375],
			"to": [8.50965, 7.36099, 8.625],
			"rotation": {"angle": 22.5, "axis": "z", "origin": [8.63465, 6.76724, 7.53125]},
			"faces": {
				"north": {"uv": [0, 0, 0.125, 0.9375], "texture": "#0"},
				"east": {"uv": [0, 0, 2.1875, 0.9375], "texture": "#0"},
				"south": {"uv": [0, 0, 0.125, 0.9375], "texture": "#0"},
				"west": {"uv": [0, 0, 2.1875, 0.9375], "texture": "#0"},
				"up": {"uv": [0, 0, 0.125, 2.1875], "texture": "#0"},
				"down": {"uv": [0, 0, 0.125, 2.1875], "texture": "#0"}
			}
		},
		{
			"from": [7.25, 7, 6.3125],
			"to": [8.25, 7.25, 8.75],
			"rotation": {"angle": 0, "axis": "y", "origin": [7.78125, 5.875, 7.53125]},
			"faces": {
				"north": {"uv": [0, 0, 1, 0.25], "texture": "#0"},
				"east": {"uv": [0, 0, 2.4375, 0.25], "texture": "#0"},
				"south": {"uv": [0, 0, 1, 0.25], "texture": "#0"},
				"west": {"uv": [0, 0, 2.4375, 0.25], "texture": "#0"},
				"up": {"uv": [0, 0, 1, 2.4375], "texture": "#0"},
				"down": {"uv": [0, 0, 1, 2.4375], "texture": "#0"}
			}
		},
		{
			"from": [7, 5.75, 8.625],
			"to": [8.5, 6, 8.875],
			"faces": {
				"north": {"uv": [0, 0, 1.5, 0.25], "texture": "#0"},
				"east": {"uv": [0, 0, 0.25, 0.25], "texture": "#0"},
				"south": {"uv": [0, 0, 1.5, 0.25], "texture": "#0"},
				"west": {"uv": [0, 0, 0.25, 0.25], "texture": "#0"},
				"up": {"uv": [0, 0, 1.5, 0.25], "texture": "#0"},
				"down": {"uv": [0, 0, 1.5, 0.25], "texture": "#0"}
			}
		},
		{
			"from": [7.125, 5.75, 8.875],
			"to": [8.375, 6, 9.125],
			"faces": {
				"north": {"uv": [0, 0, 1.25, 0.25], "texture": "#0"},
				"east": {"uv": [0, 0, 0.25, 0.25], "texture": "#0"},
				"south": {"uv": [0, 0, 1.25, 0.25], "texture": "#0"},
				"west": {"uv": [0, 0, 0.25, 0.25], "texture": "#0"},
				"up": {"uv": [0, 0, 1.25, 0.25], "texture": "#0"},
				"down": {"uv": [0, 0, 1.25, 0.25], "texture": "#0"}
			}
		},
		{
			"from": [7, 5.75, 6.1875],
			"to": [8.5, 6, 6.4375],
			"rotation": {"angle": 0, "axis": "y", "origin": [7.75, 5.875, 9]},
			"faces": {
				"north": {"uv": [0, 0, 1.5, 0.25], "texture": "#0"},
				"east": {"uv": [0, 0, 0.25, 0.25], "texture": "#0"},
				"south": {"uv": [0, 0, 1.5, 0.25], "texture": "#0"},
				"west": {"uv": [0, 0, 0.25, 0.25], "texture": "#0"},
				"up": {"uv": [0, 0, 1.5, 0.25], "rotation": 180, "texture": "#0"},
				"down": {"uv": [0, 0, 1.5, 0.25], "rotation": 180, "texture": "#0"}
			}
		},
		{
			"from": [7.125, 5.75, 5.9375],
			"to": [8.375, 6, 6.1875],
			"rotation": {"angle": 0, "axis": "y", "origin": [7.75, 5.875, 9]},
			"faces": {
				"north": {"uv": [0, 0, 1.25, 0.25], "texture": "#0"},
				"east": {"uv": [0, 0, 0.25, 0.25], "texture": "#0"},
				"south": {"uv": [0, 0, 1.25, 0.25], "texture": "#0"},
				"west": {"uv": [0, 0, 0.25, 0.25], "texture": "#0"},
				"up": {"uv": [0, 0, 1.25, 0.25], "rotation": 180, "texture": "#0"},
				"down": {"uv": [0, 0, 1.25, 0.25], "rotation": 180, "texture": "#0"}
			}
		},
		{
			"from": [7.3125, 5.75, 9.125],
			"to": [8.1875, 6, 9.375],
			"faces": {
				"north": {"uv": [0, 0, 0.875, 0.25], "texture": "#0"},
				"east": {"uv": [0, 0, 0.25, 0.25], "texture": "#0"},
				"south": {"uv": [0, 0, 0.875, 0.25], "texture": "#0"},
				"west": {"uv": [0, 0, 0.25, 0.25], "texture": "#0"},
				"up": {"uv": [0, 0, 0.875, 0.25], "texture": "#0"},
				"down": {"uv": [0, 0, 0.875, 0.25], "texture": "#0"}
			}
		},
		{
			"from": [7.3125, 5.75, 5.6875],
			"to": [8.1875, 6, 5.9375],
			"rotation": {"angle": 0, "axis": "y", "origin": [7.75, 5.875, 9]},
			"faces": {
				"north": {"uv": [0, 0, 0.875, 0.25], "texture": "#0"},
				"east": {"uv": [0, 0, 0.25, 0.25], "texture": "#0"},
				"south": {"uv": [0, 0, 0.875, 0.25], "texture": "#0"},
				"west": {"uv": [0, 0, 0.25, 0.25], "texture": "#0"},
				"up": {"uv": [0, 0, 0.875, 0.25], "rotation": 180, "texture": "#0"},
				"down": {"uv": [0, 0, 0.875, 0.25], "rotation": 180, "texture": "#0"}
			}
		},
		{
			"from": [7.375, 5.5625, 5.5],
			"to": [8.125, 6, 5.6875],
			"rotation": {"angle": 0, "axis": "y", "origin": [7.75, 5.875, 9]},
			"faces": {
				"north": {"uv": [0, 0, 0.75, 0.4375], "texture": "#0"},
				"east": {"uv": [0, 0, 0.1875, 0.4375], "texture": "#0"},
				"south": {"uv": [0, 0, 0.75, 0.4375], "texture": "#0"},
				"west": {"uv": [0, 0, 0.1875, 0.4375], "texture": "#0"},
				"up": {"uv": [0, 0, 0.75, 0.1875], "rotation": 180, "texture": "#0"},
				"down": {"uv": [0, 0, 0.75, 0.1875], "rotation": 180, "texture": "#0"}
			}
		},
		{
			"from": [7.375, 5.5625, 9.375],
			"to": [8.125, 6, 9.5625],
			"rotation": {"angle": 0, "axis": "y", "origin": [7.75, 5.875, 9]},
			"faces": {
				"north": {"uv": [0, 0, 0.75, 0.4375], "texture": "#0"},
				"east": {"uv": [0, 0, 0.1875, 0.4375], "texture": "#0"},
				"south": {"uv": [0, 0, 0.75, 0.4375], "texture": "#0"},
				"west": {"uv": [0, 0, 0.1875, 0.4375], "texture": "#0"},
				"up": {"uv": [0, 0, 0.75, 0.1875], "rotation": 180, "texture": "#0"},
				"down": {"uv": [0, 0, 0.75, 0.1875], "rotation": 180, "texture": "#0"}
			}
		},
		{
			"from": [7.375, 6, 9.3125],
			"to": [8.125, 6.75, 9.5],
			"rotation": {"angle": -22.5, "axis": "x", "origin": [7.75, 6.21875, 9.46875]},
			"faces": {
				"north": {"uv": [0, 0, 0.75, 0.75], "texture": "#0"},
				"east": {"uv": [0, 0, 0.1875, 0.75], "texture": "#0"},
				"south": {"uv": [0, 0, 0.75, 0.75], "texture": "#0"},
				"west": {"uv": [0, 0, 0.1875, 0.75], "texture": "#0"},
				"up": {"uv": [0, 0, 0.75, 0.1875], "rotation": 180, "texture": "#0"},
				"down": {"uv": [0, 0, 0.75, 0.1875], "rotation": 180, "texture": "#0"}
			}
		},
		{
			"from": [7.375, 6.66661, 8.95579],
			"to": [8.125, 7.41661, 9.14329],
			"rotation": {"angle": -45, "axis": "x", "origin": [7.75, 6.91661, 9.11204]},
			"faces": {
				"north": {"uv": [0, 0, 0.75, 0.75], "texture": "#0"},
				"east": {"uv": [0, 0, 0.1875, 0.75], "texture": "#0"},
				"south": {"uv": [0, 0, 0.75, 0.75], "texture": "#0"},
				"west": {"uv": [0, 0, 0.1875, 0.75], "texture": "#0"},
				"up": {"uv": [0, 0, 0.75, 0.1875], "rotation": 180, "texture": "#0"},
				"down": {"uv": [0, 0, 0.75, 0.1875], "rotation": 180, "texture": "#0"}
			}
		},
		{
			"from": [7.375, 5.9375, 5.5625],
			"to": [8.125, 6.6875, 5.75],
			"rotation": {"angle": 22.5, "axis": "x", "origin": [7.75, 6.1875, 5.78125]},
			"faces": {
				"north": {"uv": [0, 0, 0.75, 0.75], "texture": "#0"},
				"east": {"uv": [0, 0, 0.1875, 0.75], "texture": "#0"},
				"south": {"uv": [0, 0, 0.75, 0.75], "texture": "#0"},
				"west": {"uv": [0, 0, 0.1875, 0.75], "texture": "#0"},
				"up": {"uv": [0, 0, 0.75, 0.1875], "rotation": 180, "texture": "#0"},
				"down": {"uv": [0, 0, 0.75, 0.1875], "rotation": 180, "texture": "#0"}
			}
		},
		{
			"from": [7.375, 6.66873, 6.03186],
			"to": [8.125, 7.41873, 6.21936],
			"rotation": {"angle": 45, "axis": "x", "origin": [7.75, 7.04373, 6.00061]},
			"faces": {
				"north": {"uv": [0, 0, 0.75, 0.75], "texture": "#0"},
				"east": {"uv": [0, 0, 0.1875, 0.75], "texture": "#0"},
				"south": {"uv": [0, 0, 0.75, 0.75], "texture": "#0"},
				"west": {"uv": [0, 0, 0.1875, 0.75], "texture": "#0"},
				"up": {"uv": [0, 0, 0.75, 0.1875], "rotation": 180, "texture": "#0"},
				"down": {"uv": [0, 0, 0.75, 0.1875], "rotation": 180, "texture": "#0"}
			}
		},
		{
			"from": [6.8125, 5.5, 8.375],
			"to": [6.9375, 5.6875, 8.625],
			"faces": {
				"north": {"uv": [0, 0, 0.125, 0.1875], "texture": "#0"},
				"east": {"uv": [0, 0, 0.25, 0.1875], "texture": "#0"},
				"south": {"uv": [0, 0, 0.125, 0.1875], "texture": "#0"},
				"west": {"uv": [0, 0, 0.25, 0.1875], "texture": "#0"},
				"up": {"uv": [0, 0, 0.125, 0.25], "texture": "#0"},
				"down": {"uv": [0, 0, 0.125, 0.25], "texture": "#0"}
			}
		},
		{
			"from": [6.9375, 5.5625, 8.625],
			"to": [7, 6.625, 8.875],
			"faces": {
				"north": {"uv": [0, 0, 0.0625, 1.0625], "texture": "#0"},
				"east": {"uv": [0, 0, 0.25, 1.0625], "texture": "#0"},
				"south": {"uv": [0, 0, 0.0625, 1.0625], "texture": "#0"},
				"west": {"uv": [0, 0, 0.25, 1.0625], "texture": "#0"},
				"up": {"uv": [0, 0, 0.0625, 0.25], "texture": "#0"},
				"down": {"uv": [0, 0, 0.0625, 0.25], "texture": "#0"}
			}
		},
		{
			"from": [7, 6.625, 8.625],
			"to": [7.1875, 6.6875, 8.875],
			"faces": {
				"north": {"uv": [0, 0, 0.1875, 0.0625], "texture": "#0"},
				"east": {"uv": [0, 0, 0.25, 0.0625], "texture": "#0"},
				"south": {"uv": [0, 0, 0.1875, 0.0625], "texture": "#0"},
				"west": {"uv": [0, 0, 0.25, 0.0625], "texture": "#0"},
				"up": {"uv": [0, 0, 0.1875, 0.25], "texture": "#0"},
				"down": {"uv": [0, 0, 0.1875, 0.25], "texture": "#0"}
			}
		},
		{
			"from": [7.0625, 6.6875, 8.625],
			"to": [7.1875, 6.9375, 8.875],
			"faces": {
				"north": {"uv": [0, 0, 0.125, 0.25], "texture": "#0"},
				"east": {"uv": [0, 0, 0.25, 0.25], "texture": "#0"},
				"south": {"uv": [0, 0, 0.125, 0.25], "texture": "#0"},
				"west": {"uv": [0, 0, 0.25, 0.25], "texture": "#0"},
				"up": {"uv": [0, 0, 0.125, 0.25], "texture": "#0"},
				"down": {"uv": [0, 0, 0.125, 0.25], "texture": "#0"}
			}
		},
		{
			"from": [7.1875, 6.625, 8.625],
			"to": [7.375, 7.125, 8.875],
			"faces": {
				"north": {"uv": [0, 0, 0.1875, 0.5], "texture": "#0"},
				"east": {"uv": [0, 0, 0.25, 0.5], "texture": "#0"},
				"south": {"uv": [0, 0, 0.1875, 0.5], "texture": "#0"},
				"west": {"uv": [0, 0, 0.25, 0.5], "texture": "#0"},
				"up": {"uv": [0, 0, 0.1875, 0.25], "texture": "#0"},
				"down": {"uv": [0, 0, 0.1875, 0.25], "texture": "#0"}
			}
		},
		{
			"from": [7.125, 6.625, 8.875],
			"to": [7.375, 6.9375, 9.125],
			"faces": {
				"north": {"uv": [0, 0, 0.25, 0.3125], "texture": "#0"},
				"east": {"uv": [0, 0, 0.25, 0.3125], "texture": "#0"},
				"south": {"uv": [0, 0, 0.25, 0.3125], "texture": "#0"},
				"west": {"uv": [0, 0, 0.25, 0.3125], "texture": "#0"},
				"up": {"uv": [0, 0, 0.25, 0.25], "texture": "#0"},
				"down": {"uv": [0, 0, 0.25, 0.25], "texture": "#0"}
			}
		},
		{
			"from": [7.1875, 6.625, 9.0625],
			"to": [7.375, 6.6875, 9.1875],
			"faces": {
				"north": {"uv": [0, 0, 0.1875, 0.0625], "texture": "#0"},
				"east": {"uv": [0, 0, 0.125, 0.0625], "texture": "#0"},
				"south": {"uv": [0, 0, 0.1875, 0.0625], "texture": "#0"},
				"west": {"uv": [0, 0, 0.125, 0.0625], "texture": "#0"},
				"up": {"uv": [0, 0, 0.1875, 0.125], "texture": "#0"},
				"down": {"uv": [0, 0, 0.1875, 0.125], "texture": "#0"}
			}
		},
		{
			"from": [7, 5.75, 8.875],
			"to": [7.125, 6.625, 9.125],
			"faces": {
				"north": {"uv": [0, 0, 0.125, 0.875], "texture": "#0"},
				"east": {"uv": [0, 0, 0.25, 0.875], "texture": "#0"},
				"south": {"uv": [0, 0, 0.125, 0.875], "texture": "#0"},
				"west": {"uv": [0, 0, 0.25, 0.875], "texture": "#0"},
				"up": {"uv": [0, 0, 0.125, 0.25], "texture": "#0"},
				"down": {"uv": [0, 0, 0.125, 0.25], "texture": "#0"}
			}
		},
		{
			"from": [7.125, 5.75, 9.125],
			"to": [7.375, 6.625, 9.375],
			"faces": {
				"north": {"uv": [0, 0, 0.25, 0.875], "texture": "#0"},
				"east": {"uv": [0, 0, 0.25, 0.875], "texture": "#0"},
				"south": {"uv": [0, 0, 0.25, 0.875], "texture": "#0"},
				"west": {"uv": [0, 0, 0.25, 0.875], "texture": "#0"},
				"up": {"uv": [0, 0, 0.25, 0.25], "texture": "#0"},
				"down": {"uv": [0, 0, 0.25, 0.25], "texture": "#0"}
			}
		},
		{
			"from": [7.1875, 5.625, 9.375],
			"to": [7.375, 6.3125, 9.4375],
			"faces": {
				"north": {"uv": [0, 0, 0.1875, 0.6875], "texture": "#0"},
				"east": {"uv": [0, 0, 0.0625, 0.6875], "texture": "#0"},
				"south": {"uv": [0, 0, 0.1875, 0.6875], "texture": "#0"},
				"west": {"uv": [0, 0, 0.0625, 0.6875], "texture": "#0"},
				"up": {"uv": [0, 0, 0.1875, 0.0625], "texture": "#0"},
				"down": {"uv": [0, 0, 0.1875, 0.0625], "texture": "#0"}
			}
		},
		{
			"from": [7.3125, 5.5625, 9.4375],
			"to": [7.375, 6.1875, 9.5],
			"faces": {
				"north": {"uv": [0, 0, 0.0625, 0.625], "texture": "#0"},
				"east": {"uv": [0, 0, 0.0625, 0.625], "texture": "#0"},
				"south": {"uv": [0, 0, 0.0625, 0.625], "texture": "#0"},
				"west": {"uv": [0, 0, 0.0625, 0.625], "texture": "#0"},
				"up": {"uv": [0, 0, 0.0625, 0.0625], "texture": "#0"},
				"down": {"uv": [0, 0, 0.0625, 0.0625], "texture": "#0"}
			}
		},
		{
			"from": [8.57955, 5.5, 6.45455],
			"to": [8.70455, 5.6875, 6.70455],
			"rotation": {"angle": 0, "axis": "y", "origin": [7.16477, 6.33523, 5.66477]},
			"faces": {
				"north": {"uv": [0, 0, 0.125, 0.1875], "texture": "#0"},
				"east": {"uv": [0, 0, 0.25, 0.1875], "texture": "#0"},
				"south": {"uv": [0, 0, 0.125, 0.1875], "texture": "#0"},
				"west": {"uv": [0, 0, 0.25, 0.1875], "texture": "#0"},
				"up": {"uv": [0, 0, 0.125, 0.25], "rotation": 180, "texture": "#0"},
				"down": {"uv": [0, 0, 0.125, 0.25], "rotation": 180, "texture": "#0"}
			}
		},
		{
			"from": [8.51705, 5.5625, 6.20455],
			"to": [8.57955, 6.625, 6.45455],
			"rotation": {"angle": 0, "axis": "y", "origin": [7.16477, 6.33523, 5.66477]},
			"faces": {
				"north": {"uv": [0, 0, 0.0625, 1.0625], "texture": "#0"},
				"east": {"uv": [0, 0, 0.25, 1.0625], "texture": "#0"},
				"south": {"uv": [0, 0, 0.0625, 1.0625], "texture": "#0"},
				"west": {"uv": [0, 0, 0.25, 1.0625], "texture": "#0"},
				"up": {"uv": [0, 0, 0.0625, 0.25], "rotation": 180, "texture": "#0"},
				"down": {"uv": [0, 0, 0.0625, 0.25], "rotation": 180, "texture": "#0"}
			}
		},
		{
			"from": [8.32955, 6.625, 6.20455],
			"to": [8.51705, 6.6875, 6.45455],
			"rotation": {"angle": 0, "axis": "y", "origin": [7.16477, 6.33523, 5.66477]},
			"faces": {
				"north": {"uv": [0, 0, 0.1875, 0.0625], "texture": "#0"},
				"east": {"uv": [0, 0, 0.25, 0.0625], "texture": "#0"},
				"south": {"uv": [0, 0, 0.1875, 0.0625], "texture": "#0"},
				"west": {"uv": [0, 0, 0.25, 0.0625], "texture": "#0"},
				"up": {"uv": [0, 0, 0.1875, 0.25], "rotation": 180, "texture": "#0"},
				"down": {"uv": [0, 0, 0.1875, 0.25], "rotation": 180, "texture": "#0"}
			}
		},
		{
			"from": [8.32955, 6.6875, 6.20455],
			"to": [8.45455, 6.9375, 6.45455],
			"rotation": {"angle": 0, "axis": "y", "origin": [7.16477, 6.33523, 5.66477]},
			"faces": {
				"north": {"uv": [0, 0, 0.125, 0.25], "texture": "#0"},
				"east": {"uv": [0, 0, 0.25, 0.25], "texture": "#0"},
				"south": {"uv": [0, 0, 0.125, 0.25], "texture": "#0"},
				"west": {"uv": [0, 0, 0.25, 0.25], "texture": "#0"},
				"up": {"uv": [0, 0, 0.125, 0.25], "rotation": 180, "texture": "#0"},
				"down": {"uv": [0, 0, 0.125, 0.25], "rotation": 180, "texture": "#0"}
			}
		},
		{
			"from": [8.07955, 6.625, 6.20455],
			"to": [8.32955, 7.125, 6.45455],
			"rotation": {"angle": 0, "axis": "y", "origin": [7.16477, 6.33523, 5.66477]},
			"faces": {
				"north": {"uv": [0, 0, 0.25, 0.5], "texture": "#0"},
				"east": {"uv": [0, 0, 0.25, 0.5], "texture": "#0"},
				"south": {"uv": [0, 0, 0.25, 0.5], "texture": "#0"},
				"west": {"uv": [0, 0, 0.25, 0.5], "texture": "#0"},
				"up": {"uv": [0, 0, 0.25, 0.25], "rotation": 180, "texture": "#0"},
				"down": {"uv": [0, 0, 0.25, 0.25], "rotation": 180, "texture": "#0"}
			}
		},
		{
			"from": [8.07955, 6.625, 5.95455],
			"to": [8.39205, 6.9375, 6.20455],
			"rotation": {"angle": 0, "axis": "y", "origin": [7.16477, 6.33523, 5.66477]},
			"faces": {
				"north": {"uv": [0, 0, 0.3125, 0.3125], "texture": "#0"},
				"east": {"uv": [0, 0, 0.25, 0.3125], "texture": "#0"},
				"south": {"uv": [0, 0, 0.3125, 0.3125], "texture": "#0"},
				"west": {"uv": [0, 0, 0.25, 0.3125], "texture": "#0"},
				"up": {"uv": [0, 0, 0.3125, 0.25], "rotation": 180, "texture": "#0"},
				"down": {"uv": [0, 0, 0.3125, 0.25], "rotation": 180, "texture": "#0"}
			}
		},
		{
			"from": [8.14205, 6.625, 5.89205],
			"to": [8.32955, 6.6875, 6.01705],
			"rotation": {"angle": 0, "axis": "y", "origin": [7.16477, 6.33523, 5.66477]},
			"faces": {
				"north": {"uv": [0, 0, 0.1875, 0.0625], "texture": "#0"},
				"east": {"uv": [0, 0, 0.125, 0.0625], "texture": "#0"},
				"south": {"uv": [0, 0, 0.1875, 0.0625], "texture": "#0"},
				"west": {"uv": [0, 0, 0.125, 0.0625], "texture": "#0"},
				"up": {"uv": [0, 0, 0.1875, 0.125], "rotation": 180, "texture": "#0"},
				"down": {"uv": [0, 0, 0.1875, 0.125], "rotation": 180, "texture": "#0"}
			}
		},
		{
			"from": [8.39205, 5.75, 5.95455],
			"to": [8.51705, 6.625, 6.20455],
			"rotation": {"angle": 0, "axis": "y", "origin": [7.16477, 6.33523, 5.66477]},
			"faces": {
				"north": {"uv": [0, 0, 0.125, 0.875], "texture": "#0"},
				"east": {"uv": [0, 0, 0.25, 0.875], "texture": "#0"},
				"south": {"uv": [0, 0, 0.125, 0.875], "texture": "#0"},
				"west": {"uv": [0, 0, 0.25, 0.875], "texture": "#0"},
				"up": {"uv": [0, 0, 0.125, 0.25], "rotation": 180, "texture": "#0"},
				"down": {"uv": [0, 0, 0.125, 0.25], "rotation": 180, "texture": "#0"}
			}
		},
		{
			"from": [8.07955, 5.75, 5.70455],
			"to": [8.39205, 6.625, 5.95455],
			"rotation": {"angle": 0, "axis": "y", "origin": [7.16477, 6.33523, 5.66477]},
			"faces": {
				"north": {"uv": [0, 0, 0.3125, 0.875], "texture": "#0"},
				"east": {"uv": [0, 0, 0.25, 0.875], "texture": "#0"},
				"south": {"uv": [0, 0, 0.3125, 0.875], "texture": "#0"},
				"west": {"uv": [0, 0, 0.25, 0.875], "texture": "#0"},
				"up": {"uv": [0, 0, 0.3125, 0.25], "rotation": 180, "texture": "#0"},
				"down": {"uv": [0, 0, 0.3125, 0.25], "rotation": 180, "texture": "#0"}
			}
		},
		{
			"from": [8.07955, 5.625, 5.64205],
			"to": [8.32955, 6.3125, 5.70455],
			"rotation": {"angle": 0, "axis": "y", "origin": [7.16477, 6.33523, 5.66477]},
			"faces": {
				"north": {"uv": [0, 0, 0.25, 0.6875], "texture": "#0"},
				"east": {"uv": [0, 0, 0.0625, 0.6875], "texture": "#0"},
				"south": {"uv": [0, 0, 0.25, 0.6875], "texture": "#0"},
				"west": {"uv": [0, 0, 0.0625, 0.6875], "texture": "#0"},
				"up": {"uv": [0, 0, 0.25, 0.0625], "rotation": 180, "texture": "#0"},
				"down": {"uv": [0, 0, 0.25, 0.0625], "rotation": 180, "texture": "#0"}
			}
		},
		{
			"from": [8.07955, 5.5625, 5.57955],
			"to": [8.20455, 6.1875, 5.64205],
			"rotation": {"angle": 0, "axis": "y", "origin": [7.16477, 6.33523, 5.66477]},
			"faces": {
				"north": {"uv": [0, 0, 0.125, 0.625], "texture": "#0"},
				"east": {"uv": [0, 0, 0.0625, 0.625], "texture": "#0"},
				"south": {"uv": [0, 0, 0.125, 0.625], "texture": "#0"},
				"west": {"uv": [0, 0, 0.0625, 0.625], "texture": "#0"},
				"up": {"uv": [0, 0, 0.125, 0.0625], "rotation": 180, "texture": "#0"},
				"down": {"uv": [0, 0, 0.125, 0.0625], "rotation": 180, "texture": "#0"}
			}
		},
		{
			"from": [7.14205, 6.625, 6.20455],
			"to": [7.39205, 7.125, 6.45455],
			"rotation": {"angle": 0, "axis": "y", "origin": [7.16477, 6.33523, 5.66477]},
			"faces": {
				"north": {"uv": [0, 0, 0.25, 0.5], "texture": "#0"},
				"east": {"uv": [0, 0, 0.25, 0.5], "texture": "#0"},
				"south": {"uv": [0, 0, 0.25, 0.5], "texture": "#0"},
				"west": {"uv": [0, 0, 0.25, 0.5], "texture": "#0"},
				"up": {"uv": [0, 0, 0.25, 0.25], "rotation": 180, "texture": "#0"},
				"down": {"uv": [0, 0, 0.25, 0.25], "rotation": 180, "texture": "#0"}
			}
		},
		{
			"from": [7.07955, 6.625, 5.95455],
			"to": [7.39205, 6.9375, 6.20455],
			"rotation": {"angle": 0, "axis": "y", "origin": [7.16477, 6.33523, 5.66477]},
			"faces": {
				"north": {"uv": [0, 0, 0.3125, 0.3125], "texture": "#0"},
				"east": {"uv": [0, 0, 0.25, 0.3125], "texture": "#0"},
				"south": {"uv": [0, 0, 0.3125, 0.3125], "texture": "#0"},
				"west": {"uv": [0, 0, 0.25, 0.3125], "texture": "#0"},
				"up": {"uv": [0, 0, 0.3125, 0.25], "rotation": 180, "texture": "#0"},
				"down": {"uv": [0, 0, 0.3125, 0.25], "rotation": 180, "texture": "#0"}
			}
		},
		{
			"from": [7.20455, 6.625, 5.89205],
			"to": [7.39205, 6.6875, 6.01705],
			"rotation": {"angle": 0, "axis": "y", "origin": [7.16477, 6.33523, 5.66477]},
			"faces": {
				"north": {"uv": [0, 0, 0.1875, 0.0625], "texture": "#0"},
				"east": {"uv": [0, 0, 0.125, 0.0625], "texture": "#0"},
				"south": {"uv": [0, 0, 0.1875, 0.0625], "texture": "#0"},
				"west": {"uv": [0, 0, 0.125, 0.0625], "texture": "#0"},
				"up": {"uv": [0, 0, 0.1875, 0.125], "rotation": 180, "texture": "#0"},
				"down": {"uv": [0, 0, 0.1875, 0.125], "rotation": 180, "texture": "#0"}
			}
		},
		{
			"from": [7.07955, 6.6875, 6.20455],
			"to": [7.20455, 6.9375, 6.45455],
			"rotation": {"angle": 0, "axis": "y", "origin": [7.16477, 6.33523, 5.66477]},
			"faces": {
				"north": {"uv": [0, 0, 0.125, 0.25], "texture": "#0"},
				"east": {"uv": [0, 0, 0.25, 0.25], "texture": "#0"},
				"south": {"uv": [0, 0, 0.125, 0.25], "texture": "#0"},
				"west": {"uv": [0, 0, 0.25, 0.25], "texture": "#0"},
				"up": {"uv": [0, 0, 0.125, 0.25], "rotation": 180, "texture": "#0"},
				"down": {"uv": [0, 0, 0.125, 0.25], "rotation": 180, "texture": "#0"}
			}
		},
		{
			"from": [7.01705, 6.625, 6.20455],
			"to": [7.20455, 6.6875, 6.45455],
			"rotation": {"angle": 0, "axis": "y", "origin": [7.16477, 6.33523, 5.66477]},
			"faces": {
				"north": {"uv": [0, 0, 0.1875, 0.0625], "texture": "#0"},
				"east": {"uv": [0, 0, 0.25, 0.0625], "texture": "#0"},
				"south": {"uv": [0, 0, 0.1875, 0.0625], "texture": "#0"},
				"west": {"uv": [0, 0, 0.25, 0.0625], "texture": "#0"},
				"up": {"uv": [0, 0, 0.1875, 0.25], "rotation": 180, "texture": "#0"},
				"down": {"uv": [0, 0, 0.1875, 0.25], "rotation": 180, "texture": "#0"}
			}
		},
		{
			"from": [6.95455, 5.75, 5.95455],
			"to": [7.07955, 6.625, 6.20455],
			"rotation": {"angle": 0, "axis": "y", "origin": [7.16477, 6.33523, 5.66477]},
			"faces": {
				"north": {"uv": [0, 0, 0.125, 0.875], "texture": "#0"},
				"east": {"uv": [0, 0, 0.25, 0.875], "texture": "#0"},
				"south": {"uv": [0, 0, 0.125, 0.875], "texture": "#0"},
				"west": {"uv": [0, 0, 0.25, 0.875], "texture": "#0"},
				"up": {"uv": [0, 0, 0.125, 0.25], "rotation": 180, "texture": "#0"},
				"down": {"uv": [0, 0, 0.125, 0.25], "rotation": 180, "texture": "#0"}
			}
		},
		{
			"from": [7.07955, 5.75, 5.70455],
			"to": [7.39205, 6.625, 5.95455],
			"rotation": {"angle": 0, "axis": "y", "origin": [7.16477, 6.33523, 5.66477]},
			"faces": {
				"north": {"uv": [0, 0, 0.3125, 0.875], "texture": "#0"},
				"east": {"uv": [0, 0, 0.25, 0.875], "texture": "#0"},
				"south": {"uv": [0, 0, 0.3125, 0.875], "texture": "#0"},
				"west": {"uv": [0, 0, 0.25, 0.875], "texture": "#0"},
				"up": {"uv": [0, 0, 0.3125, 0.25], "rotation": 180, "texture": "#0"},
				"down": {"uv": [0, 0, 0.3125, 0.25], "rotation": 180, "texture": "#0"}
			}
		},
		{
			"from": [7.14205, 5.625, 5.64205],
			"to": [7.39205, 6.3125, 5.70455],
			"rotation": {"angle": 0, "axis": "y", "origin": [7.16477, 6.33523, 5.66477]},
			"faces": {
				"north": {"uv": [0, 0, 0.25, 0.6875], "texture": "#0"},
				"east": {"uv": [0, 0, 0.0625, 0.6875], "texture": "#0"},
				"south": {"uv": [0, 0, 0.25, 0.6875], "texture": "#0"},
				"west": {"uv": [0, 0, 0.0625, 0.6875], "texture": "#0"},
				"up": {"uv": [0, 0, 0.25, 0.0625], "rotation": 180, "texture": "#0"},
				"down": {"uv": [0, 0, 0.25, 0.0625], "rotation": 180, "texture": "#0"}
			}
		},
		{
			"from": [7.26705, 5.5625, 5.57955],
			"to": [7.39205, 6.1875, 5.64205],
			"rotation": {"angle": 0, "axis": "y", "origin": [7.16477, 6.33523, 5.66477]},
			"faces": {
				"north": {"uv": [0, 0, 0.125, 0.625], "texture": "#0"},
				"east": {"uv": [0, 0, 0.0625, 0.625], "texture": "#0"},
				"south": {"uv": [0, 0, 0.125, 0.625], "texture": "#0"},
				"west": {"uv": [0, 0, 0.0625, 0.625], "texture": "#0"},
				"up": {"uv": [0, 0, 0.125, 0.0625], "rotation": 180, "texture": "#0"},
				"down": {"uv": [0, 0, 0.125, 0.0625], "rotation": 180, "texture": "#0"}
			}
		},
		{
			"from": [6.82955, 5.5, 6.45455],
			"to": [6.95455, 5.6875, 6.70455],
			"rotation": {"angle": 0, "axis": "y", "origin": [7.16477, 6.33523, 5.66477]},
			"faces": {
				"north": {"uv": [0, 0, 0.125, 0.1875], "texture": "#0"},
				"east": {"uv": [0, 0, 0.25, 0.1875], "texture": "#0"},
				"south": {"uv": [0, 0, 0.125, 0.1875], "texture": "#0"},
				"west": {"uv": [0, 0, 0.25, 0.1875], "texture": "#0"},
				"up": {"uv": [0, 0, 0.125, 0.25], "rotation": 180, "texture": "#0"},
				"down": {"uv": [0, 0, 0.125, 0.25], "rotation": 180, "texture": "#0"}
			}
		},
		{
			"from": [6.95455, 5.5625, 6.20455],
			"to": [7.01705, 6.625, 6.45455],
			"rotation": {"angle": 0, "axis": "y", "origin": [7.16477, 6.33523, 5.66477]},
			"faces": {
				"north": {"uv": [0, 0, 0.0625, 1.0625], "texture": "#0"},
				"east": {"uv": [0, 0, 0.25, 1.0625], "texture": "#0"},
				"south": {"uv": [0, 0, 0.0625, 1.0625], "texture": "#0"},
				"west": {"uv": [0, 0, 0.25, 1.0625], "texture": "#0"},
				"up": {"uv": [0, 0, 0.0625, 0.25], "rotation": 180, "texture": "#0"},
				"down": {"uv": [0, 0, 0.0625, 0.25], "rotation": 180, "texture": "#0"}
			}
		},
		{
			"from": [8.11932, 6.625, 8.625],
			"to": [8.36932, 7.125, 8.875],
			"rotation": {"angle": 0, "axis": "y", "origin": [7.16193, 6.33523, 6.10227]},
			"faces": {
				"north": {"uv": [0, 0, 0.25, 0.5], "texture": "#0"},
				"east": {"uv": [0, 0, 0.25, 0.5], "texture": "#0"},
				"south": {"uv": [0, 0, 0.25, 0.5], "texture": "#0"},
				"west": {"uv": [0, 0, 0.25, 0.5], "texture": "#0"},
				"up": {"uv": [0, 0, 0.25, 0.25], "texture": "#0"},
				"down": {"uv": [0, 0, 0.25, 0.25], "texture": "#0"}
			}
		},
		{
			"from": [8.11932, 6.625, 8.875],
			"to": [8.43182, 6.9375, 9.125],
			"rotation": {"angle": 0, "axis": "y", "origin": [7.16193, 6.33523, 6.10227]},
			"faces": {
				"north": {"uv": [0, 0, 0.3125, 0.3125], "texture": "#0"},
				"east": {"uv": [0, 0, 0.25, 0.3125], "texture": "#0"},
				"south": {"uv": [0, 0, 0.3125, 0.3125], "texture": "#0"},
				"west": {"uv": [0, 0, 0.25, 0.3125], "texture": "#0"},
				"up": {"uv": [0, 0, 0.3125, 0.25], "texture": "#0"},
				"down": {"uv": [0, 0, 0.3125, 0.25], "texture": "#0"}
			}
		},
		{
			"from": [8.11932, 6.625, 9.0625],
			"to": [8.30682, 6.6875, 9.1875],
			"rotation": {"angle": 0, "axis": "y", "origin": [7.16193, 6.33523, 6.10227]},
			"faces": {
				"north": {"uv": [0, 0, 0.1875, 0.0625], "texture": "#0"},
				"east": {"uv": [0, 0, 0.125, 0.0625], "texture": "#0"},
				"south": {"uv": [0, 0, 0.1875, 0.0625], "texture": "#0"},
				"west": {"uv": [0, 0, 0.125, 0.0625], "texture": "#0"},
				"up": {"uv": [0, 0, 0.1875, 0.125], "texture": "#0"},
				"down": {"uv": [0, 0, 0.1875, 0.125], "texture": "#0"}
			}
		},
		{
			"from": [8.30682, 6.6875, 8.625],
			"to": [8.43182, 6.9375, 8.875],
			"rotation": {"angle": 0, "axis": "y", "origin": [7.16193, 6.33523, 6.10227]},
			"faces": {
				"north": {"uv": [0, 0, 0.125, 0.25], "texture": "#0"},
				"east": {"uv": [0, 0, 0.25, 0.25], "texture": "#0"},
				"south": {"uv": [0, 0, 0.125, 0.25], "texture": "#0"},
				"west": {"uv": [0, 0, 0.25, 0.25], "texture": "#0"},
				"up": {"uv": [0, 0, 0.125, 0.25], "texture": "#0"},
				"down": {"uv": [0, 0, 0.125, 0.25], "texture": "#0"}
			}
		},
		{
			"from": [8.30682, 6.625, 8.625],
			"to": [8.49432, 6.6875, 8.875],
			"rotation": {"angle": 0, "axis": "y", "origin": [7.16193, 6.33523, 6.10227]},
			"faces": {
				"north": {"uv": [0, 0, 0.1875, 0.0625], "texture": "#0"},
				"east": {"uv": [0, 0, 0.25, 0.0625], "texture": "#0"},
				"south": {"uv": [0, 0, 0.1875, 0.0625], "texture": "#0"},
				"west": {"uv": [0, 0, 0.25, 0.0625], "texture": "#0"},
				"up": {"uv": [0, 0, 0.1875, 0.25], "texture": "#0"},
				"down": {"uv": [0, 0, 0.1875, 0.25], "texture": "#0"}
			}
		},
		{
			"from": [8.43182, 5.75, 8.875],
			"to": [8.55682, 6.625, 9.125],
			"rotation": {"angle": 0, "axis": "y", "origin": [7.16193, 6.33523, 6.10227]},
			"faces": {
				"north": {"uv": [0, 0, 0.125, 0.875], "texture": "#0"},
				"east": {"uv": [0, 0, 0.25, 0.875], "texture": "#0"},
				"south": {"uv": [0, 0, 0.125, 0.875], "texture": "#0"},
				"west": {"uv": [0, 0, 0.25, 0.875], "texture": "#0"},
				"up": {"uv": [0, 0, 0.125, 0.25], "texture": "#0"},
				"down": {"uv": [0, 0, 0.125, 0.25], "texture": "#0"}
			}
		},
		{
			"from": [8.11932, 5.75, 9.125],
			"to": [8.43182, 6.625, 9.375],
			"rotation": {"angle": 0, "axis": "y", "origin": [7.16193, 6.33523, 6.10227]},
			"faces": {
				"north": {"uv": [0, 0, 0.3125, 0.875], "texture": "#0"},
				"east": {"uv": [0, 0, 0.25, 0.875], "texture": "#0"},
				"south": {"uv": [0, 0, 0.3125, 0.875], "texture": "#0"},
				"west": {"uv": [0, 0, 0.25, 0.875], "texture": "#0"},
				"up": {"uv": [0, 0, 0.3125, 0.25], "texture": "#0"},
				"down": {"uv": [0, 0, 0.3125, 0.25], "texture": "#0"}
			}
		},
		{
			"from": [8.11932, 5.625, 9.375],
			"to": [8.36932, 6.3125, 9.4375],
			"rotation": {"angle": 0, "axis": "y", "origin": [7.16193, 6.33523, 6.10227]},
			"faces": {
				"north": {"uv": [0, 0, 0.25, 0.6875], "texture": "#0"},
				"east": {"uv": [0, 0, 0.0625, 0.6875], "texture": "#0"},
				"south": {"uv": [0, 0, 0.25, 0.6875], "texture": "#0"},
				"west": {"uv": [0, 0, 0.0625, 0.6875], "texture": "#0"},
				"up": {"uv": [0, 0, 0.25, 0.0625], "texture": "#0"},
				"down": {"uv": [0, 0, 0.25, 0.0625], "texture": "#0"}
			}
		},
		{
			"from": [8.11932, 5.5625, 9.4375],
			"to": [8.24432, 6.1875, 9.5],
			"rotation": {"angle": 0, "axis": "y", "origin": [7.16193, 6.33523, 6.10227]},
			"faces": {
				"north": {"uv": [0, 0, 0.125, 0.625], "texture": "#0"},
				"east": {"uv": [0, 0, 0.0625, 0.625], "texture": "#0"},
				"south": {"uv": [0, 0, 0.125, 0.625], "texture": "#0"},
				"west": {"uv": [0, 0, 0.0625, 0.625], "texture": "#0"},
				"up": {"uv": [0, 0, 0.125, 0.0625], "texture": "#0"},
				"down": {"uv": [0, 0, 0.125, 0.0625], "texture": "#0"}
			}
		},
		{
			"from": [8.55682, 5.5, 8.375],
			"to": [8.68182, 5.6875, 8.625],
			"rotation": {"angle": 0, "axis": "y", "origin": [7.16193, 6.33523, 6.10227]},
			"faces": {
				"north": {"uv": [0, 0, 0.125, 0.1875], "texture": "#0"},
				"east": {"uv": [0, 0, 0.25, 0.1875], "texture": "#0"},
				"south": {"uv": [0, 0, 0.125, 0.1875], "texture": "#0"},
				"west": {"uv": [0, 0, 0.25, 0.1875], "texture": "#0"},
				"up": {"uv": [0, 0, 0.125, 0.25], "texture": "#0"},
				"down": {"uv": [0, 0, 0.125, 0.25], "texture": "#0"}
			}
		},
		{
			"from": [8.49432, 5.5625, 8.625],
			"to": [8.55682, 6.625, 8.875],
			"rotation": {"angle": 0, "axis": "y", "origin": [7.16193, 6.33523, 6.10227]},
			"faces": {
				"north": {"uv": [0, 0, 0.0625, 1.0625], "texture": "#0"},
				"east": {"uv": [0, 0, 0.25, 1.0625], "texture": "#0"},
				"south": {"uv": [0, 0, 0.0625, 1.0625], "texture": "#0"},
				"west": {"uv": [0, 0, 0.25, 1.0625], "texture": "#0"},
				"up": {"uv": [0, 0, 0.0625, 0.25], "texture": "#0"},
				"down": {"uv": [0, 0, 0.0625, 0.25], "texture": "#0"}
			}
		},
		{
			"from": [7.6875, 7.25, 6.6875],
			"to": [7.8125, 21.4375, 8.3125],
			"rotation": {"angle": 0, "axis": "y", "origin": [7.78125, 5.875, 7.53125]},
			"faces": {
				"north": {"uv": [0, 0, 0.125, 14.1875], "texture": "#3"},
				"east": {"uv": [0, 0, 1.625, 14.1875], "texture": "#3"},
				"south": {"uv": [0, 0, 0.125, 14.1875], "texture": "#3"},
				"west": {"uv": [0, 0, 1.625, 14.1875], "texture": "#3"},
				"up": {"uv": [0, 0, 0.125, 1.625], "texture": "#3"},
				"down": {"uv": [0, 0, 0.125, 1.625], "texture": "#3"}
			}
		},
		{
			"from": [7.6875, 21.375, 6.8125],
			"to": [7.8125, 22.5, 8.1875],
			"rotation": {"angle": 0, "axis": "y", "origin": [7.78125, 5.875, 7.53125]},
			"faces": {
				"north": {"uv": [0, 0, 0.125, 1.125], "texture": "#3"},
				"east": {"uv": [0, 0, 1.375, 1.125], "texture": "#3"},
				"south": {"uv": [0, 0, 0.125, 1.125], "texture": "#3"},
				"west": {"uv": [0, 0, 1.375, 1.125], "texture": "#3"},
				"up": {"uv": [0, 0, 0.125, 1.375], "texture": "#3"},
				"down": {"uv": [0, 0, 0.125, 1.375], "texture": "#3"}
			}
		},
		{
			"from": [7.6875, 22.5, 6.9375],
			"to": [7.8125, 23.1875, 8.0625],
			"rotation": {"angle": 0, "axis": "y", "origin": [7.78125, 5.875, 7.53125]},
			"faces": {
				"north": {"uv": [0, 0, 0.125, 0.6875], "texture": "#3"},
				"east": {"uv": [0, 0, 1.125, 0.6875], "texture": "#3"},
				"south": {"uv": [0, 0, 0.125, 0.6875], "texture": "#3"},
				"west": {"uv": [0, 0, 1.125, 0.6875], "texture": "#3"},
				"up": {"uv": [0, 0, 0.125, 1.125], "texture": "#3"},
				"down": {"uv": [0, 0, 0.125, 1.125], "texture": "#3"}
			}
		},
		{
			"from": [7.6875, 23.1875, 7.0625],
			"to": [7.8125, 23.6875, 7.9375],
			"rotation": {"angle": 0, "axis": "y", "origin": [7.78125, 5.875, 7.53125]},
			"faces": {
				"north": {"uv": [0, 0, 0.125, 0.5], "texture": "#3"},
				"east": {"uv": [0, 0, 0.875, 0.5], "texture": "#3"},
				"south": {"uv": [0, 0, 0.125, 0.5], "texture": "#3"},
				"west": {"uv": [0, 0, 0.875, 0.5], "texture": "#3"},
				"up": {"uv": [0, 0, 0.125, 0.875], "texture": "#3"},
				"down": {"uv": [0, 0, 0.125, 0.875], "texture": "#3"}
			}
		},
		{
			"from": [7.6875, 24.0625, 7.3125],
			"to": [7.8125, 24.4375, 7.6875],
			"rotation": {"angle": 0, "axis": "y", "origin": [7.78125, 5.875, 7.53125]},
			"faces": {
				"north": {"uv": [0, 0, 0.125, 0.375], "texture": "#3"},
				"east": {"uv": [0, 0, 0.375, 0.375], "texture": "#3"},
				"south": {"uv": [0, 0, 0.125, 0.375], "texture": "#3"},
				"west": {"uv": [0, 0, 0.375, 0.375], "texture": "#3"},
				"up": {"uv": [0, 0, 0.125, 0.375], "texture": "#3"},
				"down": {"uv": [0, 0, 0.125, 0.375], "texture": "#3"}
			}
		},
		{
			"from": [7.6875, 23.6875, 7.1875],
			"to": [7.8125, 24.0625, 7.8125],
			"rotation": {"angle": 0, "axis": "y", "origin": [7.78125, 5.875, 7.53125]},
			"faces": {
				"north": {"uv": [0, 0, 0.125, 0.375], "texture": "#3"},
				"east": {"uv": [0, 0, 0.625, 0.375], "texture": "#3"},
				"south": {"uv": [0, 0, 0.125, 0.375], "texture": "#3"},
				"west": {"uv": [0, 0, 0.625, 0.375], "texture": "#3"},
				"up": {"uv": [0, 0, 0.125, 0.625], "texture": "#3"},
				"down": {"uv": [0, 0, 0.125, 0.625], "texture": "#3"}
			}
		},
		{
			"from": [7.4375, -0.3125, 7.5],
			"to": [8.0625, 0, 7.625],
			"rotation": {"angle": 0, "axis": "y", "origin": [7.75, -0.125, 7.5625]},
			"faces": {
				"north": {"uv": [0, 0, 0.625, 0.25], "texture": "#4"},
				"east": {"uv": [0, 0, 0.125, 0.25], "texture": "#4"},
				"south": {"uv": [0, 0, 0.625, 0.25], "texture": "#4"},
				"west": {"uv": [0, 0, 0.125, 0.25], "texture": "#4"},
				"up": {"uv": [0, 0, 0.625, 0.125], "texture": "#4"},
				"down": {"uv": [0, 0, 0.625, 0.125], "texture": "#4"}
			}
		},
		{
			"from": [7.4375, -0.3125, 7.5],
			"to": [8.0625, 0, 7.625],
			"rotation": {"angle": -22.5, "axis": "y", "origin": [7.75, -0.125, 7.5625]},
			"faces": {
				"north": {"uv": [0, 0, 0.625, 0.25], "texture": "#4"},
				"east": {"uv": [0, 0, 0.125, 0.25], "texture": "#4"},
				"south": {"uv": [0, 0, 0.625, 0.25], "texture": "#4"},
				"west": {"uv": [0, 0, 0.125, 0.25], "texture": "#4"},
				"up": {"uv": [0, 0, 0.625, 0.125], "texture": "#4"},
				"down": {"uv": [0, 0, 0.625, 0.125], "texture": "#4"}
			}
		},
		{
			"from": [7.4375, -0.3125, 7.5],
			"to": [8.0625, 0, 7.625],
			"rotation": {"angle": -45, "axis": "y", "origin": [7.75, -0.125, 7.5625]},
			"faces": {
				"north": {"uv": [0, 0, 0.625, 0.25], "texture": "#4"},
				"east": {"uv": [0, 0, 0.125, 0.25], "texture": "#4"},
				"south": {"uv": [0, 0, 0.625, 0.25], "texture": "#4"},
				"west": {"uv": [0, 0, 0.125, 0.25], "texture": "#4"},
				"up": {"uv": [0, 0, 0.625, 0.125], "texture": "#4"},
				"down": {"uv": [0, 0, 0.625, 0.125], "texture": "#4"}
			}
		},
		{
			"from": [7.6875, -0.3125, 7.25],
			"to": [7.8125, 0, 7.875],
			"rotation": {"angle": 22.5, "axis": "y", "origin": [7.75, -0.125, 7.5625]},
			"faces": {
				"north": {"uv": [0, 0, 0.125, 0.25], "texture": "#4"},
				"east": {"uv": [0, 0, 0.625, 0.25], "texture": "#4"},
				"south": {"uv": [0, 0, 0.125, 0.25], "texture": "#4"},
				"west": {"uv": [0, 0, 0.625, 0.25], "texture": "#4"},
				"up": {"uv": [0, 0, 0.625, 0.125], "rotation": 90, "texture": "#4"},
				"down": {"uv": [0, 0, 0.625, 0.125], "rotation": 270, "texture": "#4"}
			}
		},
		{
			"from": [7.6875, -0.3125, 7.25],
			"to": [7.8125, 0, 7.875],
			"rotation": {"angle": 0, "axis": "y", "origin": [7.75, -0.125, 7.5625]},
			"faces": {
				"north": {"uv": [0, 0, 0.125, 0.25], "texture": "#4"},
				"east": {"uv": [0, 0, 0.625, 0.25], "texture": "#4"},
				"south": {"uv": [0, 0, 0.125, 0.25], "texture": "#4"},
				"west": {"uv": [0, 0, 0.625, 0.25], "texture": "#4"},
				"up": {"uv": [0, 0, 0.625, 0.125], "rotation": 90, "texture": "#4"},
				"down": {"uv": [0, 0, 0.625, 0.125], "rotation": 270, "texture": "#4"}
			}
		},
		{
			"from": [7.6875, -0.3125, 7.25],
			"to": [7.8125, 0, 7.875],
			"rotation": {"angle": -22.5, "axis": "y", "origin": [7.75, -0.125, 7.5625]},
			"faces": {
				"north": {"uv": [0, 0, 0.125, 0.25], "texture": "#4"},
				"east": {"uv": [0, 0, 0.625, 0.25], "texture": "#4"},
				"south": {"uv": [0, 0, 0.125, 0.25], "texture": "#4"},
				"west": {"uv": [0, 0, 0.625, 0.25], "texture": "#4"},
				"up": {"uv": [0, 0, 0.625, 0.125], "rotation": 90, "texture": "#4"},
				"down": {"uv": [0, 0, 0.625, 0.125], "rotation": 270, "texture": "#4"}
			}
		},
		{
			"from": [7.6875, -0.3125, 7.25],
			"to": [7.8125, 0, 7.875],
			"rotation": {"angle": -45, "axis": "y", "origin": [7.75, -0.125, 7.5625]},
			"faces": {
				"north": {"uv": [0, 0, 0.125, 0.25], "texture": "#4"},
				"east": {"uv": [0, 0, 0.625, 0.25], "texture": "#4"},
				"south": {"uv": [0, 0, 0.125, 0.25], "texture": "#4"},
				"west": {"uv": [0, 0, 0.625, 0.25], "texture": "#4"},
				"up": {"uv": [0, 0, 0.625, 0.125], "rotation": 90, "texture": "#4"},
				"down": {"uv": [0, 0, 0.625, 0.125], "rotation": 270, "texture": "#4"}
			}
		},
		{
			"from": [7.4375, -0.3125, 7.5],
			"to": [8.0625, 0, 7.625],
			"rotation": {"angle": 22.5, "axis": "y", "origin": [7.75, -0.125, 7.5625]},
			"faces": {
				"north": {"uv": [0, 0, 0.625, 0.25], "texture": "#4"},
				"east": {"uv": [0, 0, 0.125, 0.25], "texture": "#4"},
				"south": {"uv": [0, 0, 0.625, 0.25], "texture": "#4"},
				"west": {"uv": [0, 0, 0.125, 0.25], "texture": "#4"},
				"up": {"uv": [0, 0, 0.625, 0.125], "rotation": 180, "texture": "#4"},
				"down": {"uv": [0, 0, 0.625, 0.125], "rotation": 180, "texture": "#4"}
			}
		}
	],
	"display": {
		"thirdperson_righthand": {
			"translation": [0, 2.75, 0.75]
		},
		"thirdperson_lefthand": {
			"translation": [0, 2.75, 1.25]
		},
		"firstperson_righthand": {
			"translation": [1.25, 0, 0]
		},
		"firstperson_lefthand": {
			"translation": [3.75, -1.5, 0]
		},
		"ground": {
			"rotation": [45, -1, 0],
			"translation": [0, 3.5, 0]
		},
		"gui": {
			"rotation": [90, 45, -90],
			"translation": [-1.75, -3.25, 0],
			"scale": [0.83, 0.83, 0.83]
		},
		"fixed": {
			"rotation": [-90, 45, 90],
			"translation": [3, -2.25, -0.75]
		}
	},
	"groups": [
		{
			"name": "hilt-pommel-1",
			"origin": [8, 8, 8],
			"children": [0, 1, 2, 3, 4, 5, 6, 7]
		},
		{
			"name": "hilt-pommel-2",
			"origin": [7.75, 0.875, 7.5625],
			"children": [8, 9, 10, 11, 12, 13, 14, 15, 16]
		},
		{
			"name": "hilt-pommel-3",
			"origin": [7.75, 0.875, 7.5625],
			"children": [17, 18, 19, 20, 21, 22, 23, 24]
		},
		{
			"name": "hilt-pommel-4",
			"origin": [8, 8, 8],
			"children": [25, 26, 27, 28, 29, 30, 31, 32]
		},
		{
			"name": "hilt-pommel-5",
			"origin": [8, 8, 8],
			"children": [33, 34, 35, 36, 37, 38, 39, 40]
		},
		{
			"name": "hilt-pommel-6",
			"origin": [7.75, 0.875, 7.5625],
			"children": [41, 42, 43, 44, 45, 46, 47, 48, 49]
		},
		{
			"name": "hilt-pommel-7",
			"origin": [8, 8, 8],
			"children": [50, 51, 52, 53, 54, 55, 56, 57]
		},
		{
			"name": "hilt-pommel-8",
			"origin": [7.75, 0.875, 7.5625],
			"children": [58, 59, 60, 61, 62, 63, 64, 65, 66]
		},
		{
			"name": "guard",
			"origin": [7.75, 0.875, 7.5625],
			"children": [67, 68, 69, 70, 71, 72, 73, 74, 75, 76, 77, 78, 79, 80, 81, 82, 83, 84]
		},
		{
			"name": "corners",
			"origin": [0, 0, 0],
			"children": [85, 86, 87, 88, 89, 90, 91, 92, 93, 94, 95]
		},
		{
			"name": "corners",
			"origin": [0, 0, 0],
			"children": [96, 97, 98, 99, 100, 101, 102, 103, 104, 105, 106]
		},
		{
			"name": "corner",
			"origin": [7.16477, 6.33523, 5.66477],
			"children": [107, 108, 109, 110, 111, 112, 113, 114, 115, 116, 117]
		},
		{
			"name": "corner",
			"origin": [7.16477, 6.33523, 5.66477],
			"children": [118, 119, 120, 121, 122, 123, 124, 125, 126, 127, 128]
		},
		{
			"name": "blade",
			"origin": [7.78125, 5.875, 7.53125],
			"children": [129, 130, 131, 132, 133, 134]
		},
		{
			"name": "gem",
			"origin": [8, 8, 8],
			"children": [135, 136, 137, 138, 139, 140, 141, 142]
		}
	]
}