{
	"credit": "Made with Blockbench",
	"textures": {
		"0": "item/heart_of_the_sea",
		"1": "block/andesite",
		"2": "entity/lead_knot",
		"particle": "item/heart_of_the_sea"
	},
	"elements": [
		{
			"from": [7.625, 0, 7.75],
			"to": [8.375, 0.75, 8.75],
			"rotation": {"angle": 0, "axis": "y", "origin": [15.5, 8, 15.75]},
			"faces": {
				"north": {"uv": [5.5, 11, 6.5, 11.75], "texture": "#2"},
				"east": {"uv": [5.5, 11, 6.5, 11.75], "texture": "#2"},
				"south": {"uv": [5.5, 11, 6.5, 11.75], "texture": "#2"},
				"west": {"uv": [5.5, 11, 6.5, 11.75], "texture": "#2"},
				"up": {"uv": [5.5, 11, 6.5, 11.75], "texture": "#2"},
				"down": {"uv": [5.5, 11, 6.5, 11.75], "texture": "#2"}
			}
		},
		{
			"from": [7.8, 0.55, 8.05],
			"to": [8.2, 1.2, 8.7],
			"rotation": {"angle": 0, "axis": "y", "origin": [15.25, 8.75, 16]},
			"faces": {
				"north": {"uv": [0, 0, 0, 0.25], "texture": "#1"},
				"east": {"uv": [0, 0, 0.25, 0.25], "texture": "#1"},
				"south": {"uv": [0, 0, 0, 0.25], "texture": "#1"},
				"west": {"uv": [0, 0, 0.25, 0.25], "texture": "#1"},
				"up": {"uv": [0, 0, 0, 0.25], "texture": "#1"},
				"down": {"uv": [0, 0, 0, 0.25], "texture": "#1"}
			}
		},
		{
			"from": [7.8, 1.55, 8.05],
			"to": [8.2, 2.2, 8.7],
			"rotation": {"angle": 0, "axis": "y", "origin": [15.25, 9.75, 16]},
			"faces": {
				"north": {"uv": [0, 0, 0, 0.25], "texture": "#1"},
				"east": {"uv": [0, 0, 0.25, 0.25], "texture": "#1"},
				"south": {"uv": [0, 0, 0, 0.25], "texture": "#1"},
				"west": {"uv": [0, 0, 0.25, 0.25], "texture": "#1"},
				"up": {"uv": [0, 0, 0, 0.25], "texture": "#1"},
				"down": {"uv": [0, 0, 0, 0.25], "texture": "#1"}
			}
		},
		{
			"from": [7.8, 2.55, 8.05],
			"to": [8.2, 3.2, 8.7],
			"rotation": {"angle": 0, "axis": "y", "origin": [15.25, 10.75, 16]},
			"faces": {
				"north": {"uv": [0, 0, 0, 0.25], "texture": "#1"},
				"east": {"uv": [0, 0, 0.25, 0.25], "texture": "#1"},
				"south": {"uv": [0, 0, 0, 0.25], "texture": "#1"},
				"west": {"uv": [0, 0, 0.25, 0.25], "texture": "#1"},
				"up": {"uv": [0, 0, 0, 0.25], "texture": "#1"},
				"down": {"uv": [0, 0, 0, 0.25], "texture": "#1"}
			}
		},
		{
			"from": [7.727, 1.05, 7.9],
			"to": [8.277, 1.7, 8.8],
			"rotation": {"angle": 0, "axis": "y", "origin": [15.25, 9, 15.75]},
			"faces": {
				"north": {"uv": [4.5, 4, 6, 5.25], "texture": "#2"},
				"east": {"uv": [4.5, 4, 6, 5.25], "texture": "#2"},
				"south": {"uv": [4.5, 4, 6, 5.25], "texture": "#2"},
				"west": {"uv": [4.5, 4, 6, 5.25], "texture": "#2"},
				"up": {"uv": [4.5, 4, 6, 5.25], "texture": "#2"},
				"down": {"uv": [4.5, 4, 6, 5.25], "texture": "#2"}
			}
		},
		{
			"from": [7.725, 2.05, 7.9],
			"to": [8.25, 2.7, 8.8],
			"rotation": {"angle": 0, "axis": "y", "origin": [15.25, 10, 15.75]},
			"faces": {
				"north": {"uv": [4.5, 4, 6, 5.25], "texture": "#2"},
				"east": {"uv": [4.5, 4, 6, 5.25], "texture": "#2"},
				"south": {"uv": [4.5, 4, 6, 5.25], "texture": "#2"},
				"west": {"uv": [4.5, 4, 6, 5.25], "texture": "#2"},
				"up": {"uv": [4.5, 4, 6, 5.25], "texture": "#2"},
				"down": {"uv": [4.5, 4, 6, 5.25], "texture": "#2"}
			}
		},
		{
			"from": [7.725, 3.05, 7.9],
			"to": [8.275, 3.7, 8.8],
			"rotation": {"angle": 0, "axis": "y", "origin": [15.25, 11, 15.75]},
			"faces": {
				"north": {"uv": [4.5, 4, 6, 5.25], "texture": "#2"},
				"east": {"uv": [4.5, 4, 6, 5.25], "texture": "#2"},
				"south": {"uv": [4.5, 4, 6, 5.25], "texture": "#2"},
				"west": {"uv": [4.5, 4, 6, 5.25], "texture": "#2"},
				"up": {"uv": [4.5, 4, 6, 5.25], "texture": "#2"},
				"down": {"uv": [4.5, 4, 6, 5.25], "texture": "#2"}
			}
		},
		{
			"from": [7.75, 12.71667, 8.23333],
			"to": [8.225, 13.36667, 9.13333],
			"rotation": {"angle": 0, "axis": "y", "origin": [15.25, 11, 15.75]},
			"faces": {
				"north": {"uv": [4.5, 4, 6, 5.25], "texture": "#2"},
				"east": {"uv": [4.5, 4, 6, 5.25], "texture": "#2"},
				"south": {"uv": [4.5, 4, 6, 5.25], "texture": "#2"},
				"west": {"uv": [4.5, 4, 6, 5.25], "texture": "#2"},
				"up": {"uv": [4.5, 4, 6, 5.25], "texture": "#2"},
				"down": {"uv": [4.5, 4, 6, 5.25], "texture": "#2"}
			}
		},
		{
			"from": [7.75, 11.88333, 8.23333],
			"to": [8.225, 12.53333, 9.13333],
			"rotation": {"angle": 0, "axis": "y", "origin": [15.25, 11, 15.75]},
			"faces": {
				"north": {"uv": [4.5, 4, 6, 5.25], "texture": "#2"},
				"east": {"uv": [4.5, 4, 6, 5.25], "texture": "#2"},
				"south": {"uv": [4.5, 4, 6, 5.25], "texture": "#2"},
				"west": {"uv": [4.5, 4, 6, 5.25], "texture": "#2"},
				"up": {"uv": [4.5, 4, 6, 5.25], "texture": "#2"},
				"down": {"uv": [4.5, 4, 6, 5.25], "texture": "#2"}
			}
		},
		{
			"from": [7.75, 11.05, 8.23333],
			"to": [8.225, 11.7, 9.13333],
			"rotation": {"angle": 0, "axis": "y", "origin": [15.25, 11, 15.75]},
			"faces": {
				"north": {"uv": [4.5, 4, 6, 5.25], "texture": "#2"},
				"east": {"uv": [4.5, 4, 6, 5.25], "texture": "#2"},
				"south": {"uv": [4.5, 4, 6, 5.25], "texture": "#2"},
				"west": {"uv": [4.5, 4, 6, 5.25], "texture": "#2"},
				"up": {"uv": [4.5, 4, 6, 5.25], "texture": "#2"},
				"down": {"uv": [4.5, 4, 6, 5.25], "texture": "#2"}
			}
		},
		{
			"name": "Jewel",
			"from": [7.8, 4.8, 8.225],
			"to": [8.175, 5.45, 8.375],
			"rotation": {"angle": 0, "axis": "y", "origin": [15.25, 12.75, 15.75]},
			"faces": {
				"north": {"uv": [6, 5, 7.4, 6.25], "texture": "#0"},
				"east": {"uv": [6, 5, 7.4, 6.25], "texture": "#0"},
				"south": {"uv": [6, 5, 7.4, 6.25], "texture": "#0"},
				"west": {"uv": [6, 5, 7.4, 6.25], "texture": "#0"},
				"up": {"uv": [6, 5, 7.4, 6.25], "texture": "#0"},
				"down": {"uv": [6, 5, 7.4, 6.25], "texture": "#0"}
			}
		},
		{
			"name": "Jewel",
			"from": [7.8, 4.8, 8.225],
			"to": [8.175, 5.45, 8.375],
			"rotation": {"angle": 22.5, "axis": "x", "origin": [8, 5.125, 8.3]},
			"faces": {
				"north": {"uv": [6, 5, 7.4, 6.25], "texture": "#0"},
				"east": {"uv": [6, 5, 7.4, 6.25], "texture": "#0"},
				"south": {"uv": [6, 5, 7.4, 6.25], "texture": "#0"},
				"west": {"uv": [6, 5, 7.4, 6.25], "texture": "#0"},
				"up": {"uv": [6, 5, 7.4, 6.25], "texture": "#0"},
				"down": {"uv": [6, 5, 7.4, 6.25], "texture": "#0"}
			}
		},
		{
			"name": "Jewel",
			"from": [7.8, 4.8, 8.225],
			"to": [8.175, 5.45, 8.375],
			"rotation": {"angle": 45, "axis": "x", "origin": [8, 5.125, 8.3]},
			"faces": {
				"north": {"uv": [6, 5, 7.4, 6.25], "texture": "#0"},
				"east": {"uv": [6, 5, 7.4, 6.25], "texture": "#0"},
				"south": {"uv": [6, 5, 7.4, 6.25], "texture": "#0"},
				"west": {"uv": [6, 5, 7.4, 6.25], "texture": "#0"},
				"up": {"uv": [6, 5, 7.4, 6.25], "texture": "#0"},
				"down": {"uv": [6, 5, 7.4, 6.25], "texture": "#0"}
			}
		},
		{
			"name": "Jewel",
			"from": [7.8, 5.05, 7.975],
			"to": [8.175, 5.2, 8.625],
			"rotation": {"angle": -22.5, "axis": "x", "origin": [8, 5.125, 8.3]},
			"faces": {
				"north": {"uv": [6, 5, 7.4, 6.25], "rotation": 180, "texture": "#0"},
				"east": {"uv": [6, 5, 7.4, 6.25], "rotation": 270, "texture": "#0"},
				"south": {"uv": [6, 5, 7.4, 6.25], "texture": "#0"},
				"west": {"uv": [6, 5, 7.4, 6.25], "rotation": 90, "texture": "#0"},
				"up": {"uv": [6, 5, 7.4, 6.25], "rotation": 180, "texture": "#0"},
				"down": {"uv": [6, 5, 7.4, 6.25], "texture": "#0"}
			}
		},
		{
			"name": "Jewel",
			"from": [7.8, 5.05, 7.975],
			"to": [8.175, 5.2, 8.625],
			"rotation": {"angle": 0, "axis": "x", "origin": [8, 5.125, 8.3]},
			"faces": {
				"north": {"uv": [6, 5, 7.4, 6.25], "rotation": 180, "texture": "#0"},
				"east": {"uv": [6, 5, 7.4, 6.25], "rotation": 270, "texture": "#0"},
				"south": {"uv": [6, 5, 7.4, 6.25], "texture": "#0"},
				"west": {"uv": [6, 5, 7.4, 6.25], "rotation": 90, "texture": "#0"},
				"up": {"uv": [6, 5, 7.4, 6.25], "rotation": 180, "texture": "#0"},
				"down": {"uv": [6, 5, 7.4, 6.25], "texture": "#0"}
			}
		},
		{
			"name": "Jewel",
			"from": [7.8, 5.05, 7.975],
			"to": [8.175, 5.2, 8.625],
			"rotation": {"angle": 22.5, "axis": "x", "origin": [8, 5.125, 8.3]},
			"faces": {
				"north": {"uv": [6, 5, 7.4, 6.25], "rotation": 180, "texture": "#0"},
				"east": {"uv": [6, 5, 7.4, 6.25], "rotation": 270, "texture": "#0"},
				"south": {"uv": [6, 5, 7.4, 6.25], "texture": "#0"},
				"west": {"uv": [6, 5, 7.4, 6.25], "rotation": 90, "texture": "#0"},
				"up": {"uv": [6, 5, 7.4, 6.25], "rotation": 180, "texture": "#0"},
				"down": {"uv": [6, 5, 7.4, 6.25], "texture": "#0"}
			}
		},
		{
			"name": "Jewel",
			"from": [7.8, 5.05, 7.975],
			"to": [8.175, 5.2, 8.625],
			"rotation": {"angle": 45, "axis": "x", "origin": [8, 5.125, 8.3]},
			"faces": {
				"north": {"uv": [6, 5, 7.4, 6.25], "rotation": 180, "texture": "#0"},
				"east": {"uv": [6, 5, 7.4, 6.25], "rotation": 270, "texture": "#0"},
				"south": {"uv": [6, 5, 7.4, 6.25], "texture": "#0"},
				"west": {"uv": [6, 5, 7.4, 6.25], "rotation": 90, "texture": "#0"},
				"up": {"uv": [6, 5, 7.4, 6.25], "rotation": 180, "texture": "#0"},
				"down": {"uv": [6, 5, 7.4, 6.25], "texture": "#0"}
			}
		},
		{
			"name": "Jewel",
			"from": [7.8, 4.8, 8.225],
			"to": [8.175, 5.45, 8.375],
			"rotation": {"angle": -22.5, "axis": "x", "origin": [8, 5.125, 8.3]},
			"faces": {
				"north": {"uv": [6, 5, 7.4, 6.25], "rotation": 180, "texture": "#0"},
				"east": {"uv": [6, 5, 7.4, 6.25], "rotation": 180, "texture": "#0"},
				"south": {"uv": [6, 5, 7.4, 6.25], "rotation": 180, "texture": "#0"},
				"west": {"uv": [6, 5, 7.4, 6.25], "rotation": 180, "texture": "#0"},
				"up": {"uv": [6, 5, 7.4, 6.25], "texture": "#0"},
				"down": {"uv": [6, 5, 7.4, 6.25], "texture": "#0"}
			}
		},
		{
			"from": [7.65, 3.75, 7.65],
			"to": [8.35, 4.4, 9.05],
			"rotation": {"angle": 0, "axis": "y", "origin": [15.25, 11.5, 15.75]},
			"faces": {
				"north": {"uv": [5.5, 11, 6.5, 11.75], "texture": "#2"},
				"east": {"uv": [5.5, 11, 6.5, 11.75], "texture": "#2"},
				"south": {"uv": [5.5, 11, 6.5, 11.75], "texture": "#2"},
				"west": {"uv": [5.5, 11, 6.5, 11.75], "texture": "#2"},
				"up": {"uv": [5.5, 11, 6.5, 11.75], "texture": "#2"},
				"down": {"uv": [5.5, 11, 6.5, 11.75], "texture": "#2"}
			}
		},
		{
			"from": [7.825, 3.70833, 8.025],
			"to": [8.175, 5.10833, 8.3],
			"rotation": {"angle": 45, "axis": "x", "origin": [8, 4.075, 8.35]},
			"faces": {
				"north": {"uv": [5.5, 11, 6.5, 11.75], "rotation": 180, "texture": "#2"},
				"east": {"uv": [5.5, 11, 6.5, 11.75], "rotation": 90, "texture": "#2"},
				"south": {"uv": [5.5, 11, 6.5, 11.75], "texture": "#2"},
				"west": {"uv": [5.5, 11, 6.5, 11.75], "rotation": 270, "texture": "#2"},
				"up": {"uv": [5.5, 11, 6.5, 11.75], "texture": "#2"},
				"down": {"uv": [5.5, 11, 6.5, 11.75], "rotation": 180, "texture": "#2"}
			}
		},
		{
			"name": "mlade",
			"from": [7.88, 4.4, 7.77],
			"to": [8.11, 15.8, 8.87],
			"rotation": {"angle": 0, "axis": "y", "origin": [15.15, 12.25, 15.75]},
			"faces": {
				"north": {"uv": [0, 0, 0.03, 11], "texture": "#1"},
				"east": {"uv": [0, 0, 0.7, 11], "texture": "#1"},
				"south": {"uv": [0, 0, 0.03, 11], "texture": "#1"},
				"west": {"uv": [0, 0, 0.7, 11], "texture": "#1"},
				"up": {"uv": [0, 0, 0.03, 0.7], "texture": "#1"},
				"down": {"uv": [0, 0, 0.03, 0.7], "texture": "#1"}
			}
		},
		{
			"name": "mlade",
			"from": [7.88, 15.65, 8.02],
			"to": [8.11, 16.3, 8.87],
			"rotation": {"angle": 0, "axis": "y", "origin": [15.15, 23.5, 15.75]},
			"faces": {
				"north": {"uv": [0, 0, 0.03, 0.25], "texture": "#1"},
				"east": {"uv": [0, 0, 0.45, 0.25], "texture": "#1"},
				"south": {"uv": [0, 0, 0.03, 0.25], "texture": "#1"},
				"west": {"uv": [0, 0, 0.45, 0.25], "texture": "#1"},
				"up": {"uv": [0, 0, 0.03, 0.45], "texture": "#1"},
				"down": {"uv": [0, 0, 0.03, 0.45], "texture": "#1"}
			}
		},
		{
			"name": "mlade",
			"from": [7.88, 16.15, 8.27],
			"to": [8.11, 16.8, 8.87],
			"rotation": {"angle": 0, "axis": "y", "origin": [15.15, 24, 15.75]},
			"faces": {
				"north": {"uv": [0, 0, 0.03, 0.25], "texture": "#1"},
				"east": {"uv": [0, 0, 0.2, 0.25], "texture": "#1"},
				"south": {"uv": [0, 0, 0.03, 0.25], "texture": "#1"},
				"west": {"uv": [0, 0, 0.2, 0.25], "texture": "#1"},
				"up": {"uv": [0, 0, 0.03, 0.2], "texture": "#1"},
				"down": {"uv": [0, 0, 0.03, 0.2], "texture": "#1"}
			}
		},
		{
			"name": "mlade",
			"from": [7.88, 16.79, 8.47],
			"to": [8.11, 17.445, 8.87],
			"rotation": {"angle": 0, "axis": "y", "origin": [15.15, 24.5, 15.75]},
			"faces": {
				"north": {"uv": [0, 0, 0.03, 0.13], "texture": "#1"},
				"east": {"uv": [0, 0, 0, 0.13], "texture": "#1"},
				"south": {"uv": [0, 0, 0.03, 0.13], "texture": "#1"},
				"west": {"uv": [0, 0, 0, 0.13], "texture": "#1"},
				"up": {"uv": [0, 0, 0.03, 0], "texture": "#1"},
				"down": {"uv": [0, 0, 0.03, 0], "texture": "#1"}
			}
		},
		{
			"name": "mlade",
			"from": [7.88, 17.43167, 8.745],
			"to": [8.11, 18.13667, 8.87],
			"rotation": {"angle": 0, "axis": "y", "origin": [15.15, 24.5, 15.75]},
			"faces": {
				"north": {"uv": [0, 0, 0.03, 0.13], "texture": "#1"},
				"east": {"uv": [0, 0, 0, 0.13], "texture": "#1"},
				"south": {"uv": [0, 0, 0.03, 0.13], "texture": "#1"},
				"west": {"uv": [0, 0, 0, 0.13], "texture": "#1"},
				"up": {"uv": [0, 0, 0.03, 0], "texture": "#1"},
				"down": {"uv": [0, 0, 0.03, 0], "texture": "#1"}
			}
		},
		{
			"name": "mlade",
			"from": [7.88, 15.54, 8.32],
			"to": [8.11, 17.695, 8.62],
			"rotation": {"angle": 22.5, "axis": "x", "origin": [7.895, 17.055, 8.67]},
			"faces": {
				"north": {"uv": [0, 0, 0.03, 0.13], "texture": "#1"},
				"east": {"uv": [0, 0, 0, 0.13], "texture": "#1"},
				"south": {"uv": [0, 0, 0.03, 0.13], "texture": "#1"},
				"west": {"uv": [0, 0, 0, 0.13], "texture": "#1"},
				"up": {"uv": [0, 0, 0.03, 0], "texture": "#1"},
				"down": {"uv": [0, 0, 0.03, 0], "texture": "#1"}
			}
		},
		{
			"name": "mlade",
			"from": [7.88, 17.64, 8.32],
			"to": [8.11, 17.995, 8.495],
			"rotation": {"angle": 22.5, "axis": "x", "origin": [7.895, 17.055, 8.67]},
			"faces": {
				"north": {"uv": [0, 0, 0.03, 0.13], "texture": "#1"},
				"east": {"uv": [0, 0, 0, 0.13], "texture": "#1"},
				"south": {"uv": [0, 0, 0.03, 0.13], "texture": "#1"},
				"west": {"uv": [0, 0, 0, 0.13], "texture": "#1"},
				"up": {"uv": [0, 0, 0.03, 0], "texture": "#1"},
				"down": {"uv": [0, 0, 0.03, 0], "texture": "#1"}
			}
		},
		{
			"name": "mlade",
			"from": [7.88, 17.97333, 8.32],
			"to": [8.11, 18.12833, 8.445],
			"rotation": {"angle": 22.5, "axis": "x", "origin": [7.895, 17.055, 8.67]},
			"faces": {
				"north": {"uv": [0, 0, 0.03, 0.13], "texture": "#1"},
				"east": {"uv": [0, 0, 0, 0.13], "texture": "#1"},
				"south": {"uv": [0, 0, 0.03, 0.13], "texture": "#1"},
				"west": {"uv": [0, 0, 0, 0.13], "texture": "#1"},
				"up": {"uv": [0, 0, 0.03, 0], "texture": "#1"},
				"down": {"uv": [0, 0, 0.03, 0], "texture": "#1"}
			}
		}
	],
	"display": {
		"thirdperson_righthand": {
			"translation": [0, 6.25, 0.5],
			"scale": [0.88, 1.38, 1.38]
		},
		"thirdperson_lefthand": {
			"translation": [0, 6.25, 0.75],
			"scale": [0.88, 1.38, 1.38]
		},
		"firstperson_righthand": {
			"rotation": [-8, 0, 0],
			"translation": [3.25, 4, 0],
			"scale": [1.24, 1.24, 1.24]
		},
		"firstperson_lefthand": {
			"rotation": [-4, 0, 0],
			"translation": [0, 4.5, 2]
		},
		"ground": {
			"rotation": [-45, 0, 0],
			"translation": [0, 4.25, 0]
		},
		"gui": {
			"rotation": [83, 47, -73],
			"translation": [0, -0.5, 0],
			"scale": [1.05, 1.05, 1.05]
		}
	},
	"groups": [
		{
			"name": "hilt",
			"origin": [8, 8, 8],
			"color": 0,
			"children": [0, 1, 2, 3, 4, 5, 6, 7, 8, 9, 10, 11, 12, 13, 14, 15, 16, 17, 18, 19, 20, 21, 22, 23, 24, 25, 26, 27]
		}
	]
}