{
	"credit": "Made with Blockbench",
	"texture_size": [32, 32],
	"textures": {
		"0": "block/white_concrete",
		"1": "block/red_concrete",
		"2": "block/black_concrete",
		"3": "block/light_gray_concrete",
		"5": "block/lime_concrete",
		"particle": "tex/white_concrete"
	},
	"elements": [
		{
			"from": [7.77253, 9.41225, 9.01073],
			"to": [8.27253, 10.41225, 9.36073],
			"rotation": {"angle": 0, "axis": "y", "origin": [8.02819, 7.3179, 7.82651]},
			"faces": {
				"north": {"uv": [4, 7, 4.5, 7.5], "texture": "#1"},
				"east": {"uv": [4.5, 7, 5, 7.5], "texture": "#1"},
				"south": {"uv": [5, 7, 5.5, 7.5], "texture": "#1"},
				"west": {"uv": [6, 7, 6.5, 7.5], "texture": "#1"},
				"up": {"uv": [9, 10.5, 8.5, 10], "texture": "#1"},
				"down": {"uv": [7.5, 7, 7, 7.5], "texture": "#1"}
			}
		},
		{
			"from": [7.69753, 9.66225, 9.01073],
			"to": [7.77253, 10.16225, 9.36073],
			"rotation": {"angle": 0, "axis": "y", "origin": [8.02819, 7.3179, 7.82651]},
			"faces": {
				"north": {"uv": [7.5, 2.5, 8, 3], "texture": "#2"},
				"east": {"uv": [3, 7.5, 3.5, 8], "texture": "#2"},
				"south": {"uv": [7.5, 3, 8, 3.5], "texture": "#2"},
				"west": {"uv": [3.5, 7.5, 4, 8], "texture": "#2"},
				"up": {"uv": [9, 10.5, 8.5, 10], "texture": "#2"},
				"down": {"uv": [4.5, 7.5, 4, 8], "texture": "#2"}
			}
		},
		{
			"from": [7.92253, 9.21225, 9.01073],
			"to": [8.09753, 9.41225, 9.36073],
			"rotation": {"angle": 0, "axis": "y", "origin": [8.02819, 7.3179, 7.82651]},
			"faces": {
				"north": {"uv": [12.5, 1.5, 13, 2], "texture": "#1"},
				"east": {"uv": [2, 12.5, 2.5, 13], "texture": "#1"},
				"south": {"uv": [12.5, 2, 13, 2.5], "texture": "#1"},
				"west": {"uv": [2.5, 12.5, 3, 13], "texture": "#1"},
				"up": {"uv": [9, 10.5, 8.5, 10], "texture": "#1"},
				"down": {"uv": [3.5, 12.5, 3, 13], "texture": "#1"}
			}
		},
		{
			"from": [7.92253, 10.41225, 9.01073],
			"to": [8.09753, 10.61225, 9.36073],
			"rotation": {"angle": 0, "axis": "y", "origin": [8.02819, 7.3179, 7.82651]},
			"faces": {
				"north": {"uv": [12.5, 3, 13, 3.5], "texture": "#1"},
				"east": {"uv": [3.5, 12.5, 4, 13], "texture": "#1"},
				"south": {"uv": [12.5, 3.5, 13, 4], "texture": "#1"},
				"west": {"uv": [4, 12.5, 4.5, 13], "texture": "#1"},
				"up": {"uv": [9, 10.5, 8.5, 10], "texture": "#1"},
				"down": {"uv": [5, 12.5, 4.5, 13], "texture": "#1"}
			}
		},
		{
			"from": [8.27253, 9.66225, 9.01073],
			"to": [8.34753, 10.16225, 9.36073],
			"rotation": {"angle": 0, "axis": "y", "origin": [8.02819, 7.3179, 7.82651]},
			"faces": {
				"north": {"uv": [7.5, 4, 8, 4.5], "texture": "#2"},
				"east": {"uv": [4.5, 7.5, 5, 8], "texture": "#2"},
				"south": {"uv": [7.5, 4.5, 8, 5], "texture": "#2"},
				"west": {"uv": [5, 7.5, 5.5, 8], "texture": "#2"},
				"up": {"uv": [9, 10.5, 8.5, 10], "texture": "#2"},
				"down": {"uv": [6, 7.5, 5.5, 8], "texture": "#2"}
			}
		},
		{
			"from": [7.87854, 9.82326, 8.90329],
			"to": [8.12854, 10.07326, 9.30329],
			"rotation": {"angle": 0, "axis": "y", "origin": [8.01753, 8.61225, 7.98573]},
			"faces": {
				"north": {"uv": [0, 7.5, 0.5, 8], "texture": "#5"},
				"east": {"uv": [0.5, 7.5, 1, 8], "texture": "#5"},
				"south": {"uv": [1, 7.5, 1.5, 8], "texture": "#5"},
				"west": {"uv": [7.5, 1, 8, 1.5], "texture": "#5"},
				"up": {"uv": [9, 10.5, 8.5, 10], "texture": "#5"},
				"down": {"uv": [8, 2, 7.5, 2.5], "texture": "#5"}
			}
		},
		{
			"from": [9.12854, 8.94826, 8.97829],
			"to": [9.52854, 9.29826, 9.35329],
			"rotation": {"angle": 0, "axis": "y", "origin": [8.01753, 8.61225, 7.98573]},
			"faces": {
				"north": {"uv": [7.5, 5.5, 8, 6], "texture": "#1"},
				"east": {"uv": [6, 7.5, 6.5, 8], "texture": "#1"},
				"south": {"uv": [7.5, 6, 8, 6.5], "texture": "#1"},
				"west": {"uv": [6.5, 7.5, 7, 8], "texture": "#1"},
				"up": {"uv": [9, 10.5, 8.5, 10], "texture": "#1"},
				"down": {"uv": [7.5, 7.5, 7, 8], "texture": "#1"}
			}
		},
		{
			"from": [6.48152, 8.94826, 8.97829],
			"to": [6.88152, 9.29826, 9.35329],
			"rotation": {"angle": 0, "axis": "y", "origin": [8.01753, 8.61225, 7.98573]},
			"faces": {
				"north": {"uv": [9.5, 12, 10, 12.5], "texture": "#1"},
				"east": {"uv": [12, 9.5, 12.5, 10], "texture": "#1"},
				"south": {"uv": [10, 12, 10.5, 12.5], "texture": "#1"},
				"west": {"uv": [12, 10, 12.5, 10.5], "texture": "#1"},
				"up": {"uv": [9, 10.5, 8.5, 10], "texture": "#1"},
				"down": {"uv": [12.5, 10.5, 12, 11], "texture": "#1"}
			}
		},
		{
			"from": [9.17854, 9.29826, 8.97829],
			"to": [9.52854, 9.79826, 9.35329],
			"rotation": {"angle": 0, "axis": "y", "origin": [8.01753, 8.61225, 7.98573]},
			"faces": {
				"north": {"uv": [7.5, 7, 8, 7.5], "texture": "#1"},
				"east": {"uv": [7.5, 7.5, 8, 8], "texture": "#1"},
				"south": {"uv": [0, 8, 0.5, 8.5], "texture": "#1"},
				"west": {"uv": [8, 0, 8.5, 0.5], "texture": "#1"},
				"up": {"uv": [9, 10.5, 8.5, 10], "texture": "#1"},
				"down": {"uv": [8.5, 0.5, 8, 1], "texture": "#1"}
			}
		},
		{
			"from": [6.48152, 9.29826, 8.97829],
			"to": [6.83152, 9.79826, 9.35329],
			"rotation": {"angle": 0, "axis": "y", "origin": [8.01753, 8.61225, 7.98573]},
			"faces": {
				"north": {"uv": [12.5, 0, 13, 0.5], "texture": "#1"},
				"east": {"uv": [0.5, 12.5, 1, 13], "texture": "#1"},
				"south": {"uv": [12.5, 0.5, 13, 1], "texture": "#1"},
				"west": {"uv": [1, 12.5, 1.5, 13], "texture": "#1"},
				"up": {"uv": [9, 10.5, 8.5, 10], "texture": "#1"},
				"down": {"uv": [2, 12.5, 1.5, 13], "texture": "#1"}
			}
		},
		{
			"from": [8.82854, 9.29826, 8.97829],
			"to": [9.17854, 9.49826, 9.35329],
			"rotation": {"angle": 0, "axis": "y", "origin": [8.01753, 8.61225, 7.98573]},
			"faces": {
				"north": {"uv": [2.5, 8, 3, 8.5], "texture": "#1"},
				"east": {"uv": [8, 2.5, 8.5, 3], "texture": "#1"},
				"south": {"uv": [3, 8, 3.5, 8.5], "texture": "#1"},
				"west": {"uv": [8, 3, 8.5, 3.5], "texture": "#1"},
				"up": {"uv": [9, 10.5, 8.5, 10], "texture": "#1"},
				"down": {"uv": [8.5, 3.5, 8, 4], "texture": "#1"}
			}
		},
		{
			"from": [6.83152, 9.29826, 8.97829],
			"to": [7.18152, 9.49826, 9.35329],
			"rotation": {"angle": 0, "axis": "y", "origin": [8.01753, 8.61225, 7.98573]},
			"faces": {
				"north": {"uv": [11, 12, 11.5, 12.5], "texture": "#1"},
				"east": {"uv": [12, 11, 12.5, 11.5], "texture": "#1"},
				"south": {"uv": [11.5, 12, 12, 12.5], "texture": "#1"},
				"west": {"uv": [12, 11.5, 12.5, 12], "texture": "#1"},
				"up": {"uv": [9, 10.5, 8.5, 10], "texture": "#1"},
				"down": {"uv": [0.5, 12.5, 0, 13], "texture": "#1"}
			}
		},
		{
			"from": [8.50354, 8.39826, 8.97829],
			"to": [8.85354, 8.59826, 9.35329],
			"rotation": {"angle": 0, "axis": "y", "origin": [8.01753, 8.61225, 7.98573]},
			"faces": {
				"north": {"uv": [9.5, 9, 10, 9.5], "texture": "#1"},
				"east": {"uv": [9.5, 9.5, 10, 10], "texture": "#1"},
				"south": {"uv": [0, 10, 0.5, 10.5], "texture": "#1"},
				"west": {"uv": [10, 0, 10.5, 0.5], "texture": "#1"},
				"up": {"uv": [9, 10.5, 8.5, 10], "texture": "#1"},
				"down": {"uv": [10.5, 0.5, 10, 1], "texture": "#1"}
			}
		},
		{
			"from": [7.15652, 8.39826, 8.97829],
			"to": [7.50652, 8.59826, 9.35329],
			"rotation": {"angle": 0, "axis": "y", "origin": [8.01753, 8.61225, 7.98573]},
			"faces": {
				"north": {"uv": [5, 12, 5.5, 12.5], "texture": "#1"},
				"east": {"uv": [12, 5, 12.5, 5.5], "texture": "#1"},
				"south": {"uv": [5.5, 12, 6, 12.5], "texture": "#1"},
				"west": {"uv": [12, 5.5, 12.5, 6], "texture": "#1"},
				"up": {"uv": [9, 10.5, 8.5, 10], "texture": "#1"},
				"down": {"uv": [12.5, 6, 12, 6.5], "texture": "#1"}
			}
		},
		{
			"from": [8.65354, 8.94826, 8.97829],
			"to": [9.12854, 9.29826, 9.35329],
			"rotation": {"angle": 0, "axis": "y", "origin": [8.01753, 8.61225, 7.98573]},
			"faces": {
				"north": {"uv": [1, 8, 1.5, 8.5], "texture": "#1"},
				"east": {"uv": [8, 1, 8.5, 1.5], "texture": "#1"},
				"south": {"uv": [1.5, 8, 2, 8.5], "texture": "#1"},
				"west": {"uv": [8, 1.5, 8.5, 2], "texture": "#1"},
				"up": {"uv": [9, 10.5, 8.5, 10], "texture": "#1"},
				"down": {"uv": [8.5, 2, 8, 2.5], "texture": "#1"}
			}
		},
		{
			"from": [6.88152, 8.94826, 8.97829],
			"to": [7.35652, 9.29826, 9.35329],
			"rotation": {"angle": 0, "axis": "y", "origin": [8.01753, 8.61225, 7.98573]},
			"faces": {
				"north": {"uv": [8, 12, 8.5, 12.5], "texture": "#1"},
				"east": {"uv": [12, 8, 12.5, 8.5], "texture": "#1"},
				"south": {"uv": [8.5, 12, 9, 12.5], "texture": "#1"},
				"west": {"uv": [12, 8.5, 12.5, 9], "texture": "#1"},
				"up": {"uv": [9, 10.5, 8.5, 10], "texture": "#1"},
				"down": {"uv": [12.5, 9, 12, 9.5], "texture": "#1"}
			}
		},
		{
			"from": [8.50354, 8.59826, 8.97829],
			"to": [9.32854, 8.94826, 9.35329],
			"rotation": {"angle": 0, "axis": "y", "origin": [8.01753, 8.61225, 7.98573]},
			"faces": {
				"north": {"uv": [4, 8, 4.5, 8.5], "texture": "#1"},
				"east": {"uv": [8, 4, 8.5, 4.5], "texture": "#1"},
				"south": {"uv": [4.5, 8, 5, 8.5], "texture": "#1"},
				"west": {"uv": [8, 4.5, 8.5, 5], "texture": "#1"},
				"up": {"uv": [9, 10.5, 8.5, 10], "texture": "#1"},
				"down": {"uv": [8.5, 5, 8, 5.5], "texture": "#1"}
			}
		},
		{
			"from": [6.68152, 8.59826, 8.97829],
			"to": [7.50652, 8.94826, 9.35329],
			"rotation": {"angle": 0, "axis": "y", "origin": [8.01753, 8.61225, 7.98573]},
			"faces": {
				"north": {"uv": [6.5, 12, 7, 12.5], "texture": "#1"},
				"east": {"uv": [12, 6.5, 12.5, 7], "texture": "#1"},
				"south": {"uv": [7, 12, 7.5, 12.5], "texture": "#1"},
				"west": {"uv": [12, 7, 12.5, 7.5], "texture": "#1"},
				"up": {"uv": [9, 10.5, 8.5, 10], "texture": "#1"},
				"down": {"uv": [12.5, 7.5, 12, 8], "texture": "#1"}
			}
		},
		{
			"from": [7.81753, 6.51225, 8.91073],
			"to": [8.16753, 7.48725, 9.48573],
			"rotation": {"angle": 0, "axis": "y", "origin": [7.59253, 9.78725, 7.48573]},
			"faces": {
				"north": {"uv": [5.5, 8, 6, 8.5], "texture": "#3"},
				"east": {"uv": [8, 5.5, 8.5, 6], "texture": "#3"},
				"south": {"uv": [6, 8, 6.5, 8.5], "texture": "#3"},
				"west": {"uv": [8, 6, 8.5, 6.5], "texture": "#3"},
				"up": {"uv": [9, 10.5, 8.5, 10], "texture": "#3"},
				"down": {"uv": [8.5, 6.5, 8, 7], "texture": "#3"}
			}
		},
		{
			"from": [8.49203, 6.79625, 8.91573],
			"to": [8.82103, 7.57175, 9.45573],
			"rotation": {"angle": 0, "axis": "y", "origin": [7.61803, 9.23675, 7.51573]},
			"faces": {
				"north": {"uv": [8.5, 3, 9, 3.5], "texture": "#3"},
				"east": {"uv": [3.5, 8.5, 4, 9], "texture": "#3"},
				"south": {"uv": [8.5, 3.5, 9, 4], "texture": "#3"},
				"west": {"uv": [4, 8.5, 4.5, 9], "texture": "#3"},
				"up": {"uv": [9, 10.5, 8.5, 10], "texture": "#3"},
				"down": {"uv": [5, 8.5, 4.5, 9], "texture": "#3"}
			}
		},
		{
			"from": [7.16403, 6.79625, 8.91573],
			"to": [7.49303, 7.57175, 9.45573],
			"rotation": {"angle": 0, "axis": "y", "origin": [8.41703, 9.23675, 7.51573]},
			"faces": {
				"north": {"uv": [10.5, 10, 11, 10.5], "texture": "#3"},
				"east": {"uv": [10.5, 10.5, 11, 11], "texture": "#3"},
				"south": {"uv": [0, 11, 0.5, 11.5], "texture": "#3"},
				"west": {"uv": [11, 0, 11.5, 0.5], "texture": "#3"},
				"up": {"uv": [9, 10.5, 8.5, 10], "texture": "#3"},
				"down": {"uv": [11.5, 0.5, 11, 1], "texture": "#3"}
			}
		},
		{
			"from": [8.26703, 5.77775, 8.91573],
			"to": [8.59603, 6.55325, 9.45573],
			"rotation": {"angle": 0, "axis": "y", "origin": [7.61803, 7.98775, 7.51573]},
			"faces": {
				"north": {"uv": [9.5, 3, 10, 3.5], "texture": "#3"},
				"east": {"uv": [3.5, 9.5, 4, 10], "texture": "#3"},
				"south": {"uv": [9.5, 3.5, 10, 4], "texture": "#3"},
				"west": {"uv": [4, 9.5, 4.5, 10], "texture": "#3"},
				"up": {"uv": [9, 10.5, 8.5, 10], "texture": "#3"},
				"down": {"uv": [5, 9.5, 4.5, 10], "texture": "#3"}
			}
		},
		{
			"from": [7.38903, 5.77775, 8.91573],
			"to": [7.71803, 6.55325, 9.45573],
			"rotation": {"angle": 0, "axis": "y", "origin": [8.41703, 7.98775, 7.51573]},
			"faces": {
				"north": {"uv": [10.5, 2.5, 11, 3], "texture": "#3"},
				"east": {"uv": [3, 10.5, 3.5, 11], "texture": "#3"},
				"south": {"uv": [10.5, 3, 11, 3.5], "texture": "#3"},
				"west": {"uv": [3.5, 10.5, 4, 11], "texture": "#3"},
				"up": {"uv": [9, 10.5, 8.5, 10], "texture": "#3"},
				"down": {"uv": [4.5, 10.5, 4, 11], "texture": "#3"}
			}
		},
		{
			"from": [9.02811, 7.01881, 8.99093],
			"to": [9.30447, 7.67023, 9.38053],
			"rotation": {"angle": 0, "axis": "y", "origin": [7.68195, 7.85683, 7.59093]},
			"faces": {
				"north": {"uv": [2, 9, 2.5, 9.5], "texture": "#3"},
				"east": {"uv": [9, 2, 9.5, 2.5], "texture": "#3"},
				"south": {"uv": [2.5, 9, 3, 9.5], "texture": "#3"},
				"west": {"uv": [9, 2.5, 9.5, 3], "texture": "#3"},
				"up": {"uv": [9, 10.5, 8.5, 10], "texture": "#3"},
				"down": {"uv": [9.5, 3, 9, 3.5], "texture": "#3"}
			}
		},
		{
			"from": [6.68059, 7.01881, 8.99093],
			"to": [6.95695, 7.67023, 9.38053],
			"rotation": {"angle": 0, "axis": "y", "origin": [8.35311, 7.85683, 7.59093]},
			"faces": {
				"north": {"uv": [11.5, 0, 12, 0.5], "texture": "#3"},
				"east": {"uv": [0.5, 11.5, 1, 12], "texture": "#3"},
				"south": {"uv": [11.5, 0.5, 12, 1], "texture": "#3"},
				"west": {"uv": [1, 11.5, 1.5, 12], "texture": "#3"},
				"up": {"uv": [9, 10.5, 8.5, 10], "texture": "#3"},
				"down": {"uv": [2, 11.5, 1.5, 12], "texture": "#3"}
			}
		},
		{
			"from": [9.50311, 7.21881, 8.99093],
			"to": [9.77947, 7.87023, 9.38053],
			"rotation": {"angle": 0, "axis": "y", "origin": [7.68195, 7.85683, 7.59093]},
			"faces": {
				"north": {"uv": [1, 10, 1.5, 10.5], "texture": "#3"},
				"east": {"uv": [10, 1, 10.5, 1.5], "texture": "#3"},
				"south": {"uv": [1.5, 10, 2, 10.5], "texture": "#3"},
				"west": {"uv": [10, 1.5, 10.5, 2], "texture": "#3"},
				"up": {"uv": [9, 10.5, 8.5, 10], "texture": "#3"},
				"down": {"uv": [10.5, 2, 10, 2.5], "texture": "#3"}
			}
		},
		{
			"from": [6.20559, 7.21881, 8.99093],
			"to": [6.48195, 7.87023, 9.38053],
			"rotation": {"angle": 0, "axis": "y", "origin": [8.35311, 7.85683, 7.59093]},
			"faces": {
				"north": {"uv": [11.5, 4.5, 12, 5], "texture": "#3"},
				"east": {"uv": [5, 11.5, 5.5, 12], "texture": "#3"},
				"south": {"uv": [11.5, 5, 12, 5.5], "texture": "#3"},
				"west": {"uv": [5.5, 11.5, 6, 12], "texture": "#3"},
				"up": {"uv": [9, 10.5, 8.5, 10], "texture": "#3"},
				"down": {"uv": [6.5, 11.5, 6, 12], "texture": "#3"}
			}
		},
		{
			"from": [8.82811, 6.12927, 8.99093],
			"to": [9.10447, 6.78069, 9.38053],
			"rotation": {"angle": 0, "axis": "y", "origin": [7.68195, 9.36767, 7.59093]},
			"faces": {
				"north": {"uv": [8, 9, 8.5, 9.5], "texture": "#3"},
				"east": {"uv": [9, 8, 9.5, 8.5], "texture": "#3"},
				"south": {"uv": [8.5, 9, 9, 9.5], "texture": "#3"},
				"west": {"uv": [9, 8.5, 9.5, 9], "texture": "#3"},
				"up": {"uv": [9, 10.5, 8.5, 10], "texture": "#3"},
				"down": {"uv": [0.5, 9.5, 0, 10], "texture": "#3"}
			}
		},
		{
			"from": [6.88059, 6.12927, 8.99093],
			"to": [7.15695, 6.78069, 9.38053],
			"rotation": {"angle": 0, "axis": "y", "origin": [8.35311, 9.36767, 7.59093]},
			"faces": {
				"north": {"uv": [4, 11, 4.5, 11.5], "texture": "#3"},
				"east": {"uv": [11, 4, 11.5, 4.5], "texture": "#3"},
				"south": {"uv": [4.5, 11, 5, 11.5], "texture": "#3"},
				"west": {"uv": [11, 4.5, 11.5, 5], "texture": "#3"},
				"up": {"uv": [9, 10.5, 8.5, 10], "texture": "#3"},
				"down": {"uv": [11.5, 5, 11, 5.5], "texture": "#3"}
			}
		},
		{
			"from": [9.30311, 6.35427, 8.99093],
			"to": [9.57947, 7.00569, 9.38053],
			"rotation": {"angle": 0, "axis": "y", "origin": [7.68195, 9.36767, 7.59093]},
			"faces": {
				"north": {"uv": [8.5, 10, 9, 10.5], "texture": "#3"},
				"east": {"uv": [10, 8.5, 10.5, 9], "texture": "#3"},
				"south": {"uv": [9, 10, 9.5, 10.5], "texture": "#3"},
				"west": {"uv": [10, 9, 10.5, 9.5], "texture": "#3"},
				"up": {"uv": [9, 10.5, 8.5, 10], "texture": "#3"},
				"down": {"uv": [10.5, 9.5, 10, 10], "texture": "#3"}
			}
		},
		{
			"from": [6.40559, 6.35427, 8.99093],
			"to": [6.68195, 7.00569, 9.38053],
			"rotation": {"angle": 0, "axis": "y", "origin": [8.35311, 9.36767, 7.59093]},
			"faces": {
				"north": {"uv": [0.5, 12, 1, 12.5], "texture": "#3"},
				"east": {"uv": [12, 0.5, 12.5, 1], "texture": "#3"},
				"south": {"uv": [1, 12, 1.5, 12.5], "texture": "#3"},
				"west": {"uv": [12, 1, 12.5, 1.5], "texture": "#3"},
				"up": {"uv": [9, 10.5, 8.5, 10], "texture": "#3"},
				"down": {"uv": [12.5, 1.5, 12, 2], "texture": "#3"}
			}
		},
		{
			"from": [7.69253, 6.76225, 8.91073],
			"to": [7.81753, 7.48725, 9.48573],
			"rotation": {"angle": 0, "axis": "y", "origin": [7.59253, 9.78725, 7.48573]},
			"faces": {
				"north": {"uv": [7, 8, 7.5, 8.5], "texture": "#3"},
				"east": {"uv": [8, 7, 8.5, 7.5], "texture": "#3"},
				"south": {"uv": [7.5, 8, 8, 8.5], "texture": "#3"},
				"west": {"uv": [8, 7.5, 8.5, 8], "texture": "#3"},
				"up": {"uv": [9, 10.5, 8.5, 10], "texture": "#3"},
				"down": {"uv": [0.5, 8.5, 0, 9], "texture": "#3"}
			}
		},
		{
			"from": [8.37453, 7.03125, 8.91573],
			"to": [8.49203, 7.57175, 9.45573],
			"rotation": {"angle": 0, "axis": "y", "origin": [7.61803, 9.23675, 7.51573]},
			"faces": {
				"north": {"uv": [8.5, 7.5, 9, 8], "texture": "#3"},
				"east": {"uv": [8, 8.5, 8.5, 9], "texture": "#3"},
				"south": {"uv": [8.5, 8, 9, 8.5], "texture": "#3"},
				"west": {"uv": [8.5, 8.5, 9, 9], "texture": "#3"},
				"up": {"uv": [9, 10.5, 8.5, 10], "texture": "#3"},
				"down": {"uv": [9.5, 0, 9, 0.5], "texture": "#3"}
			}
		},
		{
			"from": [7.49303, 7.03125, 8.91573],
			"to": [7.61053, 7.57175, 9.45573],
			"rotation": {"angle": 0, "axis": "y", "origin": [8.41703, 9.23675, 7.51573]},
			"faces": {
				"north": {"uv": [10.5, 8.5, 11, 9], "texture": "#3"},
				"east": {"uv": [9, 10.5, 9.5, 11], "texture": "#3"},
				"south": {"uv": [10.5, 9, 11, 9.5], "texture": "#3"},
				"west": {"uv": [9.5, 10.5, 10, 11], "texture": "#3"},
				"up": {"uv": [9, 10.5, 8.5, 10], "texture": "#3"},
				"down": {"uv": [10.5, 10.5, 10, 11], "texture": "#3"}
			}
		},
		{
			"from": [8.14953, 5.77775, 8.91573],
			"to": [8.26703, 6.31825, 9.45573],
			"rotation": {"angle": 0, "axis": "y", "origin": [7.61803, 7.98775, 7.51573]},
			"faces": {
				"north": {"uv": [9.5, 6, 10, 6.5], "texture": "#3"},
				"east": {"uv": [6.5, 9.5, 7, 10], "texture": "#3"},
				"south": {"uv": [9.5, 6.5, 10, 7], "texture": "#3"},
				"west": {"uv": [7, 9.5, 7.5, 10], "texture": "#3"},
				"up": {"uv": [9, 10.5, 8.5, 10], "texture": "#3"},
				"down": {"uv": [8, 9.5, 7.5, 10], "texture": "#3"}
			}
		},
		{
			"from": [7.71803, 5.77775, 8.91573],
			"to": [7.83553, 6.31825, 9.45573],
			"rotation": {"angle": 0, "axis": "y", "origin": [8.41703, 7.98775, 7.51573]},
			"faces": {
				"north": {"uv": [10.5, 5.5, 11, 6], "texture": "#3"},
				"east": {"uv": [6, 10.5, 6.5, 11], "texture": "#3"},
				"south": {"uv": [10.5, 6, 11, 6.5], "texture": "#3"},
				"west": {"uv": [6.5, 10.5, 7, 11], "texture": "#3"},
				"up": {"uv": [9, 10.5, 8.5, 10], "texture": "#3"},
				"down": {"uv": [7.5, 10.5, 7, 11], "texture": "#3"}
			}
		},
		{
			"from": [8.92941, 7.21621, 8.99093],
			"to": [9.02811, 7.67023, 9.38053],
			"rotation": {"angle": 0, "axis": "y", "origin": [7.68195, 7.85683, 7.59093]},
			"faces": {
				"north": {"uv": [3.5, 9, 4, 9.5], "texture": "#3"},
				"east": {"uv": [9, 3.5, 9.5, 4], "texture": "#3"},
				"south": {"uv": [4, 9, 4.5, 9.5], "texture": "#3"},
				"west": {"uv": [9, 4, 9.5, 4.5], "texture": "#3"},
				"up": {"uv": [9, 10.5, 8.5, 10], "texture": "#3"},
				"down": {"uv": [9.5, 4.5, 9, 5], "texture": "#3"}
			}
		},
		{
			"from": [6.95695, 7.21621, 8.99093],
			"to": [7.05565, 7.67023, 9.38053],
			"rotation": {"angle": 0, "axis": "y", "origin": [8.35311, 7.85683, 7.59093]},
			"faces": {
				"north": {"uv": [11.5, 1.5, 12, 2], "texture": "#3"},
				"east": {"uv": [2, 11.5, 2.5, 12], "texture": "#3"},
				"south": {"uv": [11.5, 2, 12, 2.5], "texture": "#3"},
				"west": {"uv": [2.5, 11.5, 3, 12], "texture": "#3"},
				"up": {"uv": [9, 10.5, 8.5, 10], "texture": "#3"},
				"down": {"uv": [3.5, 11.5, 3, 12], "texture": "#3"}
			}
		},
		{
			"from": [9.40441, 7.41621, 8.99093],
			"to": [9.50311, 7.87023, 9.38053],
			"rotation": {"angle": 0, "axis": "y", "origin": [7.68195, 7.85683, 7.59093]},
			"faces": {
				"north": {"uv": [4, 10, 4.5, 10.5], "texture": "#3"},
				"east": {"uv": [10, 4, 10.5, 4.5], "texture": "#3"},
				"south": {"uv": [4.5, 10, 5, 10.5], "texture": "#3"},
				"west": {"uv": [10, 4.5, 10.5, 5], "texture": "#3"},
				"up": {"uv": [9, 10.5, 8.5, 10], "texture": "#3"},
				"down": {"uv": [10.5, 5, 10, 5.5], "texture": "#3"}
			}
		},
		{
			"from": [6.48195, 7.41621, 8.99093],
			"to": [6.58065, 7.87023, 9.38053],
			"rotation": {"angle": 0, "axis": "y", "origin": [8.35311, 7.85683, 7.59093]},
			"faces": {
				"north": {"uv": [11.5, 6, 12, 6.5], "texture": "#3"},
				"east": {"uv": [6.5, 11.5, 7, 12], "texture": "#3"},
				"south": {"uv": [11.5, 6.5, 12, 7], "texture": "#3"},
				"west": {"uv": [7, 11.5, 7.5, 12], "texture": "#3"},
				"up": {"uv": [9, 10.5, 8.5, 10], "texture": "#3"},
				"down": {"uv": [8, 11.5, 7.5, 12], "texture": "#3"}
			}
		},
		{
			"from": [8.72941, 6.12927, 8.99093],
			"to": [8.82811, 6.58329, 9.38053],
			"rotation": {"angle": 0, "axis": "y", "origin": [7.68195, 9.36767, 7.59093]},
			"faces": {
				"north": {"uv": [9.5, 0, 10, 0.5], "texture": "#3"},
				"east": {"uv": [0.5, 9.5, 1, 10], "texture": "#3"},
				"south": {"uv": [9.5, 0.5, 10, 1], "texture": "#3"},
				"west": {"uv": [1, 9.5, 1.5, 10], "texture": "#3"},
				"up": {"uv": [9, 10.5, 8.5, 10], "texture": "#3"},
				"down": {"uv": [2, 9.5, 1.5, 10], "texture": "#3"}
			}
		},
		{
			"from": [7.15695, 6.12927, 8.99093],
			"to": [7.25565, 6.58329, 9.38053],
			"rotation": {"angle": 0, "axis": "y", "origin": [8.35311, 9.36767, 7.59093]},
			"faces": {
				"north": {"uv": [5.5, 11, 6, 11.5], "texture": "#3"},
				"east": {"uv": [11, 5.5, 11.5, 6], "texture": "#3"},
				"south": {"uv": [6, 11, 6.5, 11.5], "texture": "#3"},
				"west": {"uv": [11, 6, 11.5, 6.5], "texture": "#3"},
				"up": {"uv": [9, 10.5, 8.5, 10], "texture": "#3"},
				"down": {"uv": [11.5, 6.5, 11, 7], "texture": "#3"}
			}
		},
		{
			"from": [9.20441, 6.35427, 8.99093],
			"to": [9.30311, 6.80829, 9.38053],
			"rotation": {"angle": 0, "axis": "y", "origin": [7.68195, 9.36767, 7.59093]},
			"faces": {
				"north": {"uv": [10, 10, 10.5, 10.5], "texture": "#3"},
				"east": {"uv": [0, 10.5, 0.5, 11], "texture": "#3"},
				"south": {"uv": [10.5, 0, 11, 0.5], "texture": "#3"},
				"west": {"uv": [0.5, 10.5, 1, 11], "texture": "#3"},
				"up": {"uv": [9, 10.5, 8.5, 10], "texture": "#3"},
				"down": {"uv": [1.5, 10.5, 1, 11], "texture": "#3"}
			}
		},
		{
			"from": [6.68195, 6.35427, 8.99093],
			"to": [6.78065, 6.80829, 9.38053],
			"rotation": {"angle": 0, "axis": "y", "origin": [8.35311, 9.36767, 7.59093]},
			"faces": {
				"north": {"uv": [2, 12, 2.5, 12.5], "texture": "#3"},
				"east": {"uv": [12, 2, 12.5, 2.5], "texture": "#3"},
				"south": {"uv": [2.5, 12, 3, 12.5], "texture": "#3"},
				"west": {"uv": [12, 2.5, 12.5, 3], "texture": "#3"},
				"up": {"uv": [9, 10.5, 8.5, 10], "texture": "#3"},
				"down": {"uv": [12.5, 3, 12, 3.5], "texture": "#3"}
			}
		},
		{
			"from": [8.16753, 6.76225, 8.91073],
			"to": [8.29253, 7.48725, 9.48573],
			"rotation": {"angle": 0, "axis": "y", "origin": [7.59253, 9.78725, 7.48573]},
			"faces": {
				"north": {"uv": [8.5, 1.5, 9, 2], "texture": "#3"},
				"east": {"uv": [2, 8.5, 2.5, 9], "texture": "#3"},
				"south": {"uv": [8.5, 2, 9, 2.5], "texture": "#3"},
				"west": {"uv": [2.5, 8.5, 3, 9], "texture": "#3"},
				"up": {"uv": [9, 10.5, 8.5, 10], "texture": "#3"},
				"down": {"uv": [3.5, 8.5, 3, 9], "texture": "#3"}
			}
		},
		{
			"from": [8.82103, 7.03125, 8.91573],
			"to": [8.93853, 7.57175, 9.45573],
			"rotation": {"angle": 0, "axis": "y", "origin": [7.61803, 9.23675, 7.51573]},
			"faces": {
				"north": {"uv": [8.5, 6, 9, 6.5], "texture": "#3"},
				"east": {"uv": [6.5, 8.5, 7, 9], "texture": "#3"},
				"south": {"uv": [8.5, 6.5, 9, 7], "texture": "#3"},
				"west": {"uv": [7, 8.5, 7.5, 9], "texture": "#3"},
				"up": {"uv": [9, 10.5, 8.5, 10], "texture": "#3"},
				"down": {"uv": [8, 8.5, 7.5, 9], "texture": "#3"}
			}
		},
		{
			"from": [7.04653, 7.03125, 8.91573],
			"to": [7.16403, 7.57175, 9.45573],
			"rotation": {"angle": 0, "axis": "y", "origin": [8.41703, 9.23675, 7.51573]},
			"faces": {
				"north": {"uv": [1, 11, 1.5, 11.5], "texture": "#3"},
				"east": {"uv": [11, 1, 11.5, 1.5], "texture": "#3"},
				"south": {"uv": [1.5, 11, 2, 11.5], "texture": "#3"},
				"west": {"uv": [11, 1.5, 11.5, 2], "texture": "#3"},
				"up": {"uv": [9, 10.5, 8.5, 10], "texture": "#3"},
				"down": {"uv": [11.5, 2, 11, 2.5], "texture": "#3"}
			}
		},
		{
			"from": [8.59603, 5.77775, 8.91573],
			"to": [8.71353, 6.31825, 9.45573],
			"rotation": {"angle": 0, "axis": "y", "origin": [7.61803, 7.98775, 7.51573]},
			"faces": {
				"north": {"uv": [9.5, 7.5, 10, 8], "texture": "#3"},
				"east": {"uv": [8, 9.5, 8.5, 10], "texture": "#3"},
				"south": {"uv": [9.5, 8, 10, 8.5], "texture": "#3"},
				"west": {"uv": [8.5, 9.5, 9, 10], "texture": "#3"},
				"up": {"uv": [9, 10.5, 8.5, 10], "texture": "#3"},
				"down": {"uv": [9.5, 9.5, 9, 10], "texture": "#3"}
			}
		},
		{
			"from": [7.27153, 5.77775, 8.91573],
			"to": [7.38903, 6.31825, 9.45573],
			"rotation": {"angle": 0, "axis": "y", "origin": [8.41703, 7.98775, 7.51573]},
			"faces": {
				"north": {"uv": [10.5, 4, 11, 4.5], "texture": "#3"},
				"east": {"uv": [4.5, 10.5, 5, 11], "texture": "#3"},
				"south": {"uv": [10.5, 4.5, 11, 5], "texture": "#3"},
				"west": {"uv": [5, 10.5, 5.5, 11], "texture": "#3"},
				"up": {"uv": [9, 10.5, 8.5, 10], "texture": "#3"},
				"down": {"uv": [6, 10.5, 5.5, 11], "texture": "#3"}
			}
		},
		{
			"from": [9.30447, 7.21621, 8.99093],
			"to": [9.40317, 7.67023, 9.38053],
			"rotation": {"angle": 0, "axis": "y", "origin": [7.68195, 7.85683, 7.59093]},
			"faces": {
				"north": {"uv": [5, 9, 5.5, 9.5], "texture": "#3"},
				"east": {"uv": [9, 5, 9.5, 5.5], "texture": "#3"},
				"south": {"uv": [5.5, 9, 6, 9.5], "texture": "#3"},
				"west": {"uv": [9, 5.5, 9.5, 6], "texture": "#3"},
				"up": {"uv": [9, 10.5, 8.5, 10], "texture": "#3"},
				"down": {"uv": [9.5, 6, 9, 6.5], "texture": "#3"}
			}
		},
		{
			"from": [6.58189, 7.21621, 8.99093],
			"to": [6.68059, 7.67023, 9.38053],
			"rotation": {"angle": 0, "axis": "y", "origin": [8.35311, 7.85683, 7.59093]},
			"faces": {
				"north": {"uv": [11.5, 3, 12, 3.5], "texture": "#3"},
				"east": {"uv": [3.5, 11.5, 4, 12], "texture": "#3"},
				"south": {"uv": [11.5, 3.5, 12, 4], "texture": "#3"},
				"west": {"uv": [4, 11.5, 4.5, 12], "texture": "#3"},
				"up": {"uv": [9, 10.5, 8.5, 10], "texture": "#3"},
				"down": {"uv": [5, 11.5, 4.5, 12], "texture": "#3"}
			}
		},
		{
			"from": [9.77947, 7.41621, 8.99093],
			"to": [9.85317, 7.87023, 9.38053],
			"rotation": {"angle": 0, "axis": "y", "origin": [7.68195, 7.85683, 7.59093]},
			"faces": {
				"north": {"uv": [2.5, 10, 3, 10.5], "texture": "#3"},
				"east": {"uv": [10, 2.5, 10.5, 3], "texture": "#3"},
				"south": {"uv": [3, 10, 3.5, 10.5], "texture": "#3"},
				"west": {"uv": [10, 3, 10.5, 3.5], "texture": "#3"},
				"up": {"uv": [9, 10.5, 8.5, 10], "texture": "#3"},
				"down": {"uv": [10.5, 3.5, 10, 4], "texture": "#3"}
			}
		},
		{
			"from": [6.15689, 7.41621, 8.99093],
			"to": [6.20559, 7.87023, 9.38053],
			"rotation": {"angle": 0, "axis": "y", "origin": [8.35311, 7.85683, 7.59093]},
			"faces": {
				"north": {"uv": [11.5, 7.5, 12, 8], "texture": "#3"},
				"east": {"uv": [8, 11.5, 8.5, 12], "texture": "#3"},
				"south": {"uv": [11.5, 8, 12, 8.5], "texture": "#3"},
				"west": {"uv": [8.5, 11.5, 9, 12], "texture": "#3"},
				"up": {"uv": [9, 10.5, 8.5, 10], "texture": "#3"},
				"down": {"uv": [9.5, 11.5, 9, 12], "texture": "#3"}
			}
		},
		{
			"from": [9.10447, 6.12927, 8.99093],
			"to": [9.20317, 6.58329, 9.38053],
			"rotation": {"angle": 0, "axis": "y", "origin": [7.68195, 9.36767, 7.59093]},
			"faces": {
				"north": {"uv": [9.5, 1.5, 10, 2], "texture": "#3"},
				"east": {"uv": [2, 9.5, 2.5, 10], "texture": "#3"},
				"south": {"uv": [9.5, 2, 10, 2.5], "texture": "#3"},
				"west": {"uv": [2.5, 9.5, 3, 10], "texture": "#3"},
				"up": {"uv": [9, 10.5, 8.5, 10], "texture": "#3"},
				"down": {"uv": [3.5, 9.5, 3, 10], "texture": "#3"}
			}
		},
		{
			"from": [6.78189, 6.12927, 8.99093],
			"to": [6.88059, 6.58329, 9.38053],
			"rotation": {"angle": 0, "axis": "y", "origin": [8.35311, 9.36767, 7.59093]},
			"faces": {
				"north": {"uv": [7, 11, 7.5, 11.5], "texture": "#3"},
				"east": {"uv": [11, 7, 11.5, 7.5], "texture": "#3"},
				"south": {"uv": [7.5, 11, 8, 11.5], "texture": "#3"},
				"west": {"uv": [11, 7.5, 11.5, 8], "texture": "#3"},
				"up": {"uv": [9, 10.5, 8.5, 10], "texture": "#3"},
				"down": {"uv": [11.5, 8, 11, 8.5], "texture": "#3"}
			}
		},
		{
			"from": [9.57947, 6.35427, 8.99093],
			"to": [9.67817, 6.80829, 9.38053],
			"rotation": {"angle": 0, "axis": "y", "origin": [7.68195, 9.36767, 7.59093]},
			"faces": {
				"north": {"uv": [10.5, 1, 11, 1.5], "texture": "#3"},
				"east": {"uv": [1.5, 10.5, 2, 11], "texture": "#3"},
				"south": {"uv": [10.5, 1.5, 11, 2], "texture": "#3"},
				"west": {"uv": [2, 10.5, 2.5, 11], "texture": "#3"},
				"up": {"uv": [9, 10.5, 8.5, 10], "texture": "#3"},
				"down": {"uv": [3, 10.5, 2.5, 11], "texture": "#3"}
			}
		},
		{
			"from": [6.30689, 6.35427, 8.99093],
			"to": [6.40559, 6.80829, 9.38053],
			"rotation": {"angle": 0, "axis": "y", "origin": [8.35311, 9.36767, 7.59093]},
			"faces": {
				"north": {"uv": [3.5, 12, 4, 12.5], "texture": "#3"},
				"east": {"uv": [12, 3.5, 12.5, 4], "texture": "#3"},
				"south": {"uv": [4, 12, 4.5, 12.5], "texture": "#3"},
				"west": {"uv": [12, 4, 12.5, 4.5], "texture": "#3"},
				"up": {"uv": [9, 10.5, 8.5, 10], "texture": "#3"},
				"down": {"uv": [12.5, 4.5, 12, 5], "texture": "#3"}
			}
		},
		{
			"from": [7.89253, 6.18725, 8.91073],
			"to": [8.09253, 6.51225, 9.48573],
			"rotation": {"angle": 0, "axis": "y", "origin": [7.59253, 9.78725, 7.48573]},
			"faces": {
				"north": {"uv": [8.5, 0, 9, 0.5], "texture": "#3"},
				"east": {"uv": [0.5, 8.5, 1, 9], "texture": "#3"},
				"south": {"uv": [8.5, 0.5, 9, 1], "texture": "#3"},
				"west": {"uv": [1, 8.5, 1.5, 9], "texture": "#3"},
				"up": {"uv": [9, 10.5, 8.5, 10], "texture": "#3"},
				"down": {"uv": [2, 8.5, 1.5, 9], "texture": "#3"}
			}
		},
		{
			"from": [8.56253, 6.53775, 8.91573],
			"to": [8.75053, 6.79625, 9.45573],
			"rotation": {"angle": 0, "axis": "y", "origin": [7.61803, 9.23675, 7.51573]},
			"faces": {
				"north": {"uv": [8.5, 4.5, 9, 5], "texture": "#3"},
				"east": {"uv": [5, 8.5, 5.5, 9], "texture": "#3"},
				"south": {"uv": [8.5, 5, 9, 5.5], "texture": "#3"},
				"west": {"uv": [5.5, 8.5, 6, 9], "texture": "#3"},
				"up": {"uv": [9, 10.5, 8.5, 10], "texture": "#3"},
				"down": {"uv": [6.5, 8.5, 6, 9], "texture": "#3"}
			}
		},
		{
			"from": [7.23453, 6.53775, 8.91573],
			"to": [7.42253, 6.79625, 9.45573],
			"rotation": {"angle": 0, "axis": "y", "origin": [8.41703, 9.23675, 7.51573]},
			"faces": {
				"north": {"uv": [2.5, 11, 3, 11.5], "texture": "#3"},
				"east": {"uv": [11, 2.5, 11.5, 3], "texture": "#3"},
				"south": {"uv": [3, 11, 3.5, 11.5], "texture": "#3"},
				"west": {"uv": [11, 3, 11.5, 3.5], "texture": "#3"},
				"up": {"uv": [9, 10.5, 8.5, 10], "texture": "#3"},
				"down": {"uv": [11.5, 3.5, 11, 4], "texture": "#3"}
			}
		},
		{
			"from": [8.33753, 6.55325, 8.91573],
			"to": [8.52553, 6.81175, 9.45573],
			"rotation": {"angle": 0, "axis": "y", "origin": [7.61803, 7.98775, 7.51573]},
			"faces": {
				"north": {"uv": [9.5, 4.5, 10, 5], "texture": "#3"},
				"east": {"uv": [5, 9.5, 5.5, 10], "texture": "#3"},
				"south": {"uv": [9.5, 5, 10, 5.5], "texture": "#3"},
				"west": {"uv": [5.5, 9.5, 6, 10], "texture": "#3"},
				"up": {"uv": [9, 10.5, 8.5, 10], "texture": "#3"},
				"down": {"uv": [6.5, 9.5, 6, 10], "texture": "#3"}
			}
		},
		{
			"from": [7.45953, 6.55325, 8.91573],
			"to": [7.64753, 6.81175, 9.45573],
			"rotation": {"angle": 0, "axis": "y", "origin": [8.41703, 7.98775, 7.51573]},
			"faces": {
				"north": {"uv": [10.5, 7, 11, 7.5], "texture": "#3"},
				"east": {"uv": [7.5, 10.5, 8, 11], "texture": "#3"},
				"south": {"uv": [10.5, 7.5, 11, 8], "texture": "#3"},
				"west": {"uv": [8, 10.5, 8.5, 11], "texture": "#3"},
				"up": {"uv": [9, 10.5, 8.5, 10], "texture": "#3"},
				"down": {"uv": [9, 10.5, 8.5, 11], "texture": "#3"}
			}
		},
		{
			"from": [9.08733, 6.80167, 8.99093],
			"to": [9.24525, 7.01881, 9.38053],
			"rotation": {"angle": 0, "axis": "y", "origin": [7.68195, 7.85683, 7.59093]},
			"faces": {
				"north": {"uv": [0.5, 9, 1, 9.5], "texture": "#3"},
				"east": {"uv": [9, 0.5, 9.5, 1], "texture": "#3"},
				"south": {"uv": [1, 9, 1.5, 9.5], "texture": "#3"},
				"west": {"uv": [9, 1, 9.5, 1.5], "texture": "#3"},
				"up": {"uv": [9, 10.5, 8.5, 10], "texture": "#3"},
				"down": {"uv": [9.5, 1.5, 9, 2], "texture": "#3"}
			}
		},
		{
			"from": [6.73981, 6.80167, 8.99093],
			"to": [6.89773, 7.01881, 9.38053],
			"rotation": {"angle": 0, "axis": "y", "origin": [8.35311, 7.85683, 7.59093]},
			"faces": {
				"north": {"uv": [10, 11, 10.5, 11.5], "texture": "#3"},
				"east": {"uv": [11, 10, 11.5, 10.5], "texture": "#3"},
				"south": {"uv": [10.5, 11, 11, 11.5], "texture": "#3"},
				"west": {"uv": [11, 10.5, 11.5, 11], "texture": "#3"},
				"up": {"uv": [9, 10.5, 8.5, 10], "texture": "#3"},
				"down": {"uv": [0.5, 11.5, 0, 12], "texture": "#3"}
			}
		},
		{
			"from": [9.56233, 7.00167, 8.99093],
			"to": [9.72025, 7.21881, 9.38053],
			"rotation": {"angle": 0, "axis": "y", "origin": [7.68195, 7.85683, 7.59093]},
			"faces": {
				"north": {"uv": [5.5, 10, 6, 10.5], "texture": "#3"},
				"east": {"uv": [10, 5.5, 10.5, 6], "texture": "#3"},
				"south": {"uv": [6, 10, 6.5, 10.5], "texture": "#3"},
				"west": {"uv": [10, 6, 10.5, 6.5], "texture": "#3"},
				"up": {"uv": [9, 10.5, 8.5, 10], "texture": "#3"},
				"down": {"uv": [10.5, 6.5, 10, 7], "texture": "#3"}
			}
		},
		{
			"from": [6.26481, 7.00167, 8.99093],
			"to": [6.42273, 7.21881, 9.38053],
			"rotation": {"angle": 0, "axis": "y", "origin": [8.35311, 7.85683, 7.59093]},
			"faces": {
				"north": {"uv": [11.5, 9, 12, 9.5], "texture": "#3"},
				"east": {"uv": [9.5, 11.5, 10, 12], "texture": "#3"},
				"south": {"uv": [11.5, 9.5, 12, 10], "texture": "#3"},
				"west": {"uv": [10, 11.5, 10.5, 12], "texture": "#3"},
				"up": {"uv": [9, 10.5, 8.5, 10], "texture": "#3"},
				"down": {"uv": [11, 11.5, 10.5, 12], "texture": "#3"}
			}
		},
		{
			"from": [8.88733, 6.78069, 8.99093],
			"to": [9.04525, 6.99783, 9.38053],
			"rotation": {"angle": 0, "axis": "y", "origin": [7.68195, 9.36767, 7.59093]},
			"faces": {
				"north": {"uv": [6.5, 9, 7, 9.5], "texture": "#3"},
				"east": {"uv": [9, 6.5, 9.5, 7], "texture": "#3"},
				"south": {"uv": [7, 9, 7.5, 9.5], "texture": "#3"},
				"west": {"uv": [9, 7, 9.5, 7.5], "texture": "#3"},
				"up": {"uv": [9, 10.5, 8.5, 10], "texture": "#3"},
				"down": {"uv": [9.5, 7.5, 9, 8], "texture": "#3"}
			}
		},
		{
			"from": [6.93981, 6.78069, 8.99093],
			"to": [7.09773, 6.99783, 9.38053],
			"rotation": {"angle": 0, "axis": "y", "origin": [8.35311, 9.36767, 7.59093]},
			"faces": {
				"north": {"uv": [8.5, 11, 9, 11.5], "texture": "#3"},
				"east": {"uv": [11, 8.5, 11.5, 9], "texture": "#3"},
				"south": {"uv": [9, 11, 9.5, 11.5], "texture": "#3"},
				"west": {"uv": [11, 9, 11.5, 9.5], "texture": "#3"},
				"up": {"uv": [9, 10.5, 8.5, 10], "texture": "#3"},
				"down": {"uv": [11.5, 9.5, 11, 10], "texture": "#3"}
			}
		},
		{
			"from": [9.36233, 7.00569, 8.99093],
			"to": [9.52025, 7.22283, 9.38053],
			"rotation": {"angle": 0, "axis": "y", "origin": [7.68195, 9.36767, 7.59093]},
			"faces": {
				"north": {"uv": [7, 10, 7.5, 10.5], "texture": "#3"},
				"east": {"uv": [10, 7, 10.5, 7.5], "texture": "#3"},
				"south": {"uv": [7.5, 10, 8, 10.5], "texture": "#3"},
				"west": {"uv": [10, 7.5, 10.5, 8], "texture": "#3"},
				"up": {"uv": [9, 10.5, 8.5, 10], "texture": "#3"},
				"down": {"uv": [10.5, 8, 10, 8.5], "texture": "#3"}
			}
		},
		{
			"from": [6.46481, 7.00569, 8.99093],
			"to": [6.62273, 7.22283, 9.38053],
			"rotation": {"angle": 0, "axis": "y", "origin": [8.35311, 9.36767, 7.59093]},
			"faces": {
				"north": {"uv": [11.5, 10.5, 12, 11], "texture": "#3"},
				"east": {"uv": [11, 11.5, 11.5, 12], "texture": "#3"},
				"south": {"uv": [11.5, 11, 12, 11.5], "texture": "#3"},
				"west": {"uv": [11.5, 11.5, 12, 12], "texture": "#3"},
				"up": {"uv": [9, 10.5, 8.5, 10], "texture": "#3"},
				"down": {"uv": [12.5, 0, 12, 0.5], "texture": "#3"}
			}
		},
		{
			"from": [6.14253, 5.73725, 9.48573],
			"to": [9.86753, 10.61225, 9.53573],
			"rotation": {"angle": 0, "axis": "y", "origin": [7.51753, 8.11225, 7.48573]},
			"faces": {
				"north": {"uv": [0, 0, 2, 2.5], "texture": "#0"},
				"east": {"uv": [0, 2.5, 0.5, 5], "texture": "#0"},
				"south": {"uv": [2, 0, 4, 2.5], "texture": "#0"},
				"west": {"uv": [0.5, 2.5, 1, 5], "texture": "#0"},
				"up": {"uv": [10.5, 10.5, 8.5, 10], "texture": "#0"},
				"down": {"uv": [6.5, 0.5, 4.5, 1], "texture": "#0"}
			}
		},
		{
			"from": [8.86753, 9.81225, 8.88573],
			"to": [9.86753, 10.61225, 9.48573],
			"rotation": {"angle": 0, "axis": "y", "origin": [7.51753, 8.11225, 7.48573]},
			"faces": {
				"north": {"uv": [12.5, 4.5, 13, 5], "texture": "#0"},
				"east": {"uv": [5, 12.5, 5.5, 13], "texture": "#0"},
				"south": {"uv": [12.5, 5, 13, 5.5], "texture": "#0"},
				"west": {"uv": [5.5, 12.5, 6, 13], "texture": "#0"},
				"up": {"uv": [9, 10.5, 8.5, 10], "texture": "#0"},
				"down": {"uv": [6.5, 12.5, 6, 13], "texture": "#0"}
			}
		},
		{
			"from": [9.19253, 5.73725, 8.88573],
			"to": [9.86753, 6.33725, 9.48573],
			"rotation": {"angle": 0, "axis": "y", "origin": [7.51753, 8.11225, 7.48573]},
			"faces": {
				"north": {"uv": [14.5, 0, 15, 0.5], "texture": "#0"},
				"east": {"uv": [0.5, 14.5, 1, 15], "texture": "#0"},
				"south": {"uv": [14.5, 0.5, 15, 1], "texture": "#0"},
				"west": {"uv": [1, 14.5, 1.5, 15], "texture": "#0"},
				"up": {"uv": [9, 10.5, 8.5, 10], "texture": "#0"},
				"down": {"uv": [2, 14.5, 1.5, 15], "texture": "#0"}
			}
		},
		{
			"from": [8.71753, 5.73725, 8.88573],
			"to": [9.19253, 6.13725, 9.48573],
			"rotation": {"angle": 0, "axis": "y", "origin": [7.51753, 8.11225, 7.48573]},
			"faces": {
				"north": {"uv": [14.5, 3, 15, 3.5], "texture": "#0"},
				"east": {"uv": [3.5, 14.5, 4, 15], "texture": "#0"},
				"south": {"uv": [14.5, 3.5, 15, 4], "texture": "#0"},
				"west": {"uv": [4, 14.5, 4.5, 15], "texture": "#0"},
				"up": {"uv": [9, 10.5, 8.5, 10], "texture": "#0"},
				"down": {"uv": [5, 14.5, 4.5, 15], "texture": "#0"}
			}
		},
		{
			"from": [6.81753, 5.73725, 8.88573],
			"to": [7.29253, 6.13725, 9.48573],
			"rotation": {"angle": 0, "axis": "y", "origin": [7.51753, 8.11225, 7.48573]},
			"faces": {
				"north": {"uv": [14.5, 4.5, 15, 5], "texture": "#0"},
				"east": {"uv": [5, 14.5, 5.5, 15], "texture": "#0"},
				"south": {"uv": [14.5, 5, 15, 5.5], "texture": "#0"},
				"west": {"uv": [5.5, 14.5, 6, 15], "texture": "#0"},
				"up": {"uv": [9, 10.5, 8.5, 10], "texture": "#0"},
				"down": {"uv": [6.5, 14.5, 6, 15], "texture": "#0"}
			}
		},
		{
			"from": [6.14253, 5.73725, 8.88573],
			"to": [6.81753, 6.36225, 9.48573],
			"rotation": {"angle": 0, "axis": "y", "origin": [7.51753, 8.11225, 7.48573]},
			"faces": {
				"north": {"uv": [14.5, 1.5, 15, 2], "texture": "#0"},
				"east": {"uv": [2, 14.5, 2.5, 15], "texture": "#0"},
				"south": {"uv": [14.5, 2, 15, 2.5], "texture": "#0"},
				"west": {"uv": [2.5, 14.5, 3, 15], "texture": "#0"},
				"up": {"uv": [9, 10.5, 8.5, 10], "texture": "#0"},
				"down": {"uv": [3.5, 14.5, 3, 15], "texture": "#0"}
			}
		},
		{
			"from": [9.51753, 7.81225, 8.88573],
			"to": [9.86753, 9.81225, 9.48573],
			"rotation": {"angle": 0, "axis": "y", "origin": [7.51753, 8.11225, 7.48573]},
			"faces": {
				"north": {"uv": [2, 5.5, 2.5, 6.5], "texture": "#0"},
				"east": {"uv": [2.5, 5.5, 3, 6.5], "texture": "#0"},
				"south": {"uv": [3, 5.5, 3.5, 6.5], "texture": "#0"},
				"west": {"uv": [3.5, 5.5, 4, 6.5], "texture": "#0"},
				"up": {"uv": [9, 10.5, 8.5, 10], "texture": "#0"},
				"down": {"uv": [13.5, 1, 13, 1.5], "texture": "#0"}
			}
		},
		{
			"from": [9.86753, 5.81225, 8.98573],
			"to": [10.21753, 10.51225, 9.53573],
			"rotation": {"angle": 0, "axis": "y", "origin": [7.51753, 8.11225, 7.48573]},
			"faces": {
				"north": {"uv": [1, 2.5, 1.5, 5], "texture": "#0"},
				"east": {"uv": [1.5, 2.5, 2, 5], "texture": "#0"},
				"south": {"uv": [2, 2.5, 2.5, 5], "texture": "#0"},
				"west": {"uv": [2.5, 2.5, 3, 5], "texture": "#0"},
				"up": {"uv": [9, 10.5, 8.5, 10], "texture": "#0"},
				"down": {"uv": [8.5, 14.5, 8, 15], "texture": "#0"}
			}
		},
		{
			"from": [5.79253, 5.81225, 8.98573],
			"to": [6.14253, 10.51225, 9.53573],
			"rotation": {"angle": 0, "axis": "y", "origin": [7.51753, 8.11225, 7.48573]},
			"faces": {
				"north": {"uv": [3, 2.5, 3.5, 5], "texture": "#0"},
				"east": {"uv": [3.5, 2.5, 4, 5], "texture": "#0"},
				"south": {"uv": [4, 0, 4.5, 2.5], "texture": "#0"},
				"west": {"uv": [4, 2.5, 4.5, 5], "texture": "#0"},
				"up": {"uv": [9, 10.5, 8.5, 10], "texture": "#0"},
				"down": {"uv": [9, 14.5, 8.5, 15], "texture": "#0"}
			}
		},
		{
			"from": [10.20747, 7.13725, 9.18573],
			"to": [10.45747, 9.03725, 9.48573],
			"rotation": {"angle": 0, "axis": "y", "origin": [8.48247, 8.11225, 7.48573]},
			"faces": {
				"north": {"uv": [0, 5.5, 0.5, 6.5], "texture": "#0"},
				"east": {"uv": [0.5, 5.5, 1, 6.5], "texture": "#0"},
				"south": {"uv": [1, 5.5, 1.5, 6.5], "texture": "#0"},
				"west": {"uv": [1.5, 5.5, 2, 6.5], "texture": "#0"},
				"up": {"uv": [9, 10.5, 8.5, 10], "texture": "#0"},
				"down": {"uv": [4, 7, 3.5, 7.5], "texture": "#0"}
			}
		},
		{
			"from": [5.54253, 7.13725, 9.18573],
			"to": [5.79253, 9.03725, 9.48573],
			"rotation": {"angle": 0, "axis": "y", "origin": [7.51753, 8.11225, 7.48573]},
			"faces": {
				"north": {"uv": [5.5, 6.5, 6, 7.5], "texture": "#0"},
				"east": {"uv": [1.5, 7, 2, 8], "texture": "#0"},
				"south": {"uv": [2, 7, 2.5, 8], "texture": "#0"},
				"west": {"uv": [2.5, 7, 3, 8], "texture": "#0"},
				"up": {"uv": [9, 10.5, 8.5, 10], "texture": "#0"},
				"down": {"uv": [15.5, 3.5, 15, 4], "texture": "#0"}
			}
		},
		{
			"from": [10.45747, 7.38725, 9.38573],
			"to": [10.70747, 8.78725, 9.48573],
			"rotation": {"angle": 0, "axis": "y", "origin": [8.48247, 8.11225, 7.48573]},
			"faces": {
				"north": {"uv": [14.5, 14, 15, 14.5], "texture": "#0"},
				"east": {"uv": [14.5, 14.5, 15, 15], "texture": "#0"},
				"south": {"uv": [0, 15, 0.5, 15.5], "texture": "#0"},
				"west": {"uv": [15, 0, 15.5, 0.5], "texture": "#0"},
				"up": {"uv": [9, 10.5, 8.5, 10], "texture": "#0"},
				"down": {"uv": [15.5, 0.5, 15, 1], "texture": "#0"}
			}
		},
		{
			"from": [5.29253, 7.38725, 9.38573],
			"to": [5.54253, 8.78725, 9.48573],
			"rotation": {"angle": 0, "axis": "y", "origin": [7.51753, 8.11225, 7.48573]},
			"faces": {
				"north": {"uv": [2, 15, 2.5, 15.5], "texture": "#0"},
				"east": {"uv": [15, 2, 15.5, 2.5], "texture": "#0"},
				"south": {"uv": [2.5, 15, 3, 15.5], "texture": "#0"},
				"west": {"uv": [15, 2.5, 15.5, 3], "texture": "#0"},
				"up": {"uv": [9, 10.5, 8.5, 10], "texture": "#0"},
				"down": {"uv": [15.5, 3, 15, 3.5], "texture": "#0"}
			}
		},
		{
			"from": [10.70747, 7.86225, 9.48573],
			"to": [11.05747, 8.18725, 9.48573],
			"rotation": {"angle": 0, "axis": "y", "origin": [8.48247, 8.11225, 7.48573]},
			"faces": {
				"north": {"uv": [1, 15, 1.5, 15.5], "texture": "#0"},
				"east": {"uv": [0, 0, 0, 0.5], "texture": "#0"},
				"south": {"uv": [15, 1, 15.5, 1.5], "texture": "#0"},
				"west": {"uv": [0, 0, 0, 0.5], "texture": "#0"},
				"up": {"uv": [9, 10, 8.5, 10], "texture": "#0"},
				"down": {"uv": [0.5, 0, 0, 0], "texture": "#0"}
			}
		},
		{
			"from": [4.94253, 7.86225, 9.48573],
			"to": [5.29253, 8.18725, 9.48573],
			"rotation": {"angle": 0, "axis": "y", "origin": [7.51753, 8.11225, 7.48573]},
			"faces": {
				"north": {"uv": [1.5, 15, 2, 15.5], "texture": "#0"},
				"east": {"uv": [0, 0, 0, 0.5], "texture": "#0"},
				"south": {"uv": [15, 1.5, 15.5, 2], "texture": "#0"},
				"west": {"uv": [0, 0, 0, 0.5], "texture": "#0"},
				"up": {"uv": [9, 10, 8.5, 10], "texture": "#0"},
				"down": {"uv": [0.5, 0, 0, 0], "texture": "#0"}
			}
		},
		{
			"from": [6.21753, 10.58725, 8.98573],
			"to": [9.76753, 10.88725, 9.48573],
			"rotation": {"angle": 0, "axis": "y", "origin": [7.51753, 8.11225, 7.48573]},
			"faces": {
				"north": {"uv": [4.5, 1, 6.5, 1.5], "texture": "#0"},
				"east": {"uv": [14.5, 8.5, 15, 9], "texture": "#0"},
				"south": {"uv": [4.5, 1.5, 6.5, 2], "texture": "#0"},
				"west": {"uv": [9, 14.5, 9.5, 15], "texture": "#0"},
				"up": {"uv": [10.5, 10.5, 8.5, 10], "texture": "#0"},
				"down": {"uv": [6.5, 2.5, 4.5, 3], "texture": "#0"}
			}
		},
		{
			"from": [6.50747, 10.86225, 9.06073],
			"to": [8.93247, 11.16225, 9.48573],
			"rotation": {"angle": 0, "axis": "y", "origin": [8.48247, 8.11225, 7.48573]},
			"faces": {
				"north": {"uv": [0.5, 6.5, 1.5, 7], "texture": "#0"},
				"east": {"uv": [14.5, 9.5, 15, 10], "texture": "#0"},
				"south": {"uv": [6.5, 1, 7.5, 1.5], "texture": "#0"},
				"west": {"uv": [10, 14.5, 10.5, 15], "texture": "#0"},
				"up": {"uv": [9.5, 10.5, 8.5, 10], "texture": "#0"},
				"down": {"uv": [7.5, 1.5, 6.5, 2], "texture": "#0"}
			}
		},
		{
			"from": [7.03247, 5.16225, 9.06073],
			"to": [9.55747, 5.46225, 9.48573],
			"rotation": {"angle": 0, "axis": "y", "origin": [7.48247, 8.11225, 7.48573]},
			"faces": {
				"north": {"uv": [0, 5, 1.5, 5.5], "texture": "#0"},
				"east": {"uv": [14.5, 11, 15, 11.5], "texture": "#0"},
				"south": {"uv": [1.5, 5, 3, 5.5], "texture": "#0"},
				"west": {"uv": [11.5, 14.5, 12, 15], "texture": "#0"},
				"up": {"uv": [10, 10.5, 8.5, 10], "texture": "#0"},
				"down": {"uv": [6, 5, 4.5, 5.5], "texture": "#0"}
			}
		},
		{
			"from": [6.78247, 11.16225, 9.36073],
			"to": [9.20747, 11.36225, 9.48573],
			"rotation": {"angle": 0, "axis": "y", "origin": [8.48247, 8.11225, 7.48573]},
			"faces": {
				"north": {"uv": [6.5, 2, 7.5, 2.5], "texture": "#0"},
				"east": {"uv": [14.5, 10, 15, 10.5], "texture": "#0"},
				"south": {"uv": [2.5, 6.5, 3.5, 7], "texture": "#0"},
				"west": {"uv": [10.5, 14.5, 11, 15], "texture": "#0"},
				"up": {"uv": [9.5, 10.5, 8.5, 10], "texture": "#0"},
				"down": {"uv": [7.5, 3, 6.5, 3.5], "texture": "#0"}
			}
		},
		{
			"from": [6.75747, 4.96225, 9.16073],
			"to": [9.18247, 5.16225, 9.48573],
			"rotation": {"angle": 0, "axis": "y", "origin": [7.48247, 8.11225, 7.48573]},
			"faces": {
				"north": {"uv": [6.5, 4.5, 7.5, 5], "texture": "#0"},
				"east": {"uv": [14.5, 11.5, 15, 12], "texture": "#0"},
				"south": {"uv": [6.5, 5, 7.5, 5.5], "texture": "#0"},
				"west": {"uv": [12, 14.5, 12.5, 15], "texture": "#0"},
				"up": {"uv": [9.5, 10.5, 8.5, 10], "texture": "#0"},
				"down": {"uv": [7.5, 6, 6.5, 6.5], "texture": "#0"}
			}
		},
		{
			"from": [7.65747, 11.36225, 9.38573],
			"to": [9.45747, 11.56225, 9.48573],
			"rotation": {"angle": 0, "axis": "y", "origin": [8.48247, 8.11225, 7.48573]},
			"faces": {
				"north": {"uv": [3.5, 6.5, 4.5, 7], "texture": "#0"},
				"east": {"uv": [14.5, 10.5, 15, 11], "texture": "#0"},
				"south": {"uv": [6.5, 3.5, 7.5, 4], "texture": "#0"},
				"west": {"uv": [11, 14.5, 11.5, 15], "texture": "#0"},
				"up": {"uv": [9.5, 10.5, 8.5, 10], "texture": "#0"},
				"down": {"uv": [5.5, 6.5, 4.5, 7], "texture": "#0"}
			}
		},
		{
			"from": [6.50747, 4.76225, 9.38573],
			"to": [8.50747, 4.96225, 9.48573],
			"rotation": {"angle": 0, "axis": "y", "origin": [7.48247, 8.11225, 7.48573]},
			"faces": {
				"north": {"uv": [6.5, 6.5, 7.5, 7], "texture": "#0"},
				"east": {"uv": [14.5, 12, 15, 12.5], "texture": "#0"},
				"south": {"uv": [7, 0, 8, 0.5], "texture": "#0"},
				"west": {"uv": [12.5, 14.5, 13, 15], "texture": "#0"},
				"up": {"uv": [9.5, 10.5, 8.5, 10], "texture": "#0"},
				"down": {"uv": [8, 0.5, 7, 1], "texture": "#0"}
			}
		},
		{
			"from": [6.21753, 5.46225, 8.98573],
			"to": [9.76753, 5.76225, 9.48573],
			"rotation": {"angle": 0, "axis": "y", "origin": [7.51753, 8.11225, 7.48573]},
			"faces": {
				"north": {"uv": [4.5, 3, 6.5, 3.5], "texture": "#0"},
				"east": {"uv": [14.5, 9, 15, 9.5], "texture": "#0"},
				"south": {"uv": [4.5, 3.5, 6.5, 4], "texture": "#0"},
				"west": {"uv": [9.5, 14.5, 10, 15], "texture": "#0"},
				"up": {"uv": [10.5, 10.5, 8.5, 10], "texture": "#0"},
				"down": {"uv": [6.5, 4.5, 4.5, 5], "texture": "#0"}
			}
		},
		{
			"from": [7.61753, 7.48725, 8.88573],
			"to": [8.36753, 9.21225, 9.48573],
			"rotation": {"angle": 0, "axis": "y", "origin": [7.51753, 8.11225, 7.48573]},
			"faces": {
				"north": {"uv": [6, 5, 6.5, 6], "texture": "#0"},
				"east": {"uv": [6, 6, 6.5, 7], "texture": "#0"},
				"south": {"uv": [0, 6.5, 0.5, 7.5], "texture": "#0"},
				"west": {"uv": [6.5, 0, 7, 1], "texture": "#0"},
				"up": {"uv": [9, 10.5, 8.5, 10], "texture": "#0"},
				"down": {"uv": [13.5, 2, 13, 2.5], "texture": "#0"}
			}
		},
		{
			"from": [6.14253, 7.81225, 8.88573],
			"to": [6.49253, 9.81225, 9.48573],
			"rotation": {"angle": 0, "axis": "y", "origin": [7.51753, 8.11225, 7.48573]},
			"faces": {
				"north": {"uv": [4, 5.5, 4.5, 6.5], "texture": "#0"},
				"east": {"uv": [4.5, 5.5, 5, 6.5], "texture": "#0"},
				"south": {"uv": [5, 5.5, 5.5, 6.5], "texture": "#0"},
				"west": {"uv": [5.5, 5.5, 6, 6.5], "texture": "#0"},
				"up": {"uv": [9, 10.5, 8.5, 10], "texture": "#0"},
				"down": {"uv": [13.5, 1.5, 13, 2], "texture": "#0"}
			}
		},
		{
			"from": [6.14253, 9.81225, 8.88573],
			"to": [7.14253, 10.61225, 9.48573],
			"rotation": {"angle": 0, "axis": "y", "origin": [7.51753, 8.11225, 7.48573]},
			"faces": {
				"north": {"uv": [12.5, 6, 13, 6.5], "texture": "#0"},
				"east": {"uv": [6.5, 12.5, 7, 13], "texture": "#0"},
				"south": {"uv": [12.5, 6.5, 13, 7], "texture": "#0"},
				"west": {"uv": [7, 12.5, 7.5, 13], "texture": "#0"},
				"up": {"uv": [9, 10.5, 8.5, 10], "texture": "#0"},
				"down": {"uv": [8, 12.5, 7.5, 13], "texture": "#0"}
			}
		},
		{
			"from": [7.14253, 10.16225, 8.88573],
			"to": [7.79253, 10.61225, 9.48573],
			"rotation": {"angle": 0, "axis": "y", "origin": [7.51753, 8.11225, 7.48573]},
			"faces": {
				"north": {"uv": [12.5, 7.5, 13, 8], "texture": "#0"},
				"east": {"uv": [8, 12.5, 8.5, 13], "texture": "#0"},
				"south": {"uv": [12.5, 8, 13, 8.5], "texture": "#0"},
				"west": {"uv": [8.5, 12.5, 9, 13], "texture": "#0"},
				"up": {"uv": [9, 10.5, 8.5, 10], "texture": "#0"},
				"down": {"uv": [9.5, 12.5, 9, 13], "texture": "#0"}
			}
		},
		{
			"from": [7.11753, 9.26225, 8.88573],
			"to": [7.69253, 9.71225, 9.48573],
			"rotation": {"angle": 0, "axis": "y", "origin": [7.51753, 8.11225, 7.48573]},
			"faces": {
				"north": {"uv": [2.5, 13, 3, 13.5], "texture": "#0"},
				"east": {"uv": [13, 2.5, 13.5, 3], "texture": "#0"},
				"south": {"uv": [3, 13, 3.5, 13.5], "texture": "#0"},
				"west": {"uv": [13, 3, 13.5, 3.5], "texture": "#0"},
				"up": {"uv": [9, 10.5, 8.5, 10], "texture": "#0"},
				"down": {"uv": [13.5, 3.5, 13, 4], "texture": "#0"}
			}
		},
		{
			"from": [8.34253, 9.26225, 8.88573],
			"to": [8.86753, 9.71225, 9.48573],
			"rotation": {"angle": 0, "axis": "y", "origin": [7.51753, 8.11225, 7.48573]},
			"faces": {
				"north": {"uv": [4, 13, 4.5, 13.5], "texture": "#0"},
				"east": {"uv": [13, 4, 13.5, 4.5], "texture": "#0"},
				"south": {"uv": [4.5, 13, 5, 13.5], "texture": "#0"},
				"west": {"uv": [13, 4.5, 13.5, 5], "texture": "#0"},
				"up": {"uv": [9, 10.5, 8.5, 10], "texture": "#0"},
				"down": {"uv": [13.5, 5, 13, 5.5], "texture": "#0"}
			}
		},
		{
			"from": [8.36753, 8.41225, 8.88573],
			"to": [8.49253, 9.26225, 9.48573],
			"rotation": {"angle": 0, "axis": "y", "origin": [7.51753, 8.11225, 7.48573]},
			"faces": {
				"north": {"uv": [13.5, 4, 14, 4.5], "texture": "#0"},
				"east": {"uv": [4.5, 13.5, 5, 14], "texture": "#0"},
				"south": {"uv": [13.5, 4.5, 14, 5], "texture": "#0"},
				"west": {"uv": [5, 13.5, 5.5, 14], "texture": "#0"},
				"up": {"uv": [9, 10.5, 8.5, 10], "texture": "#0"},
				"down": {"uv": [6, 13.5, 5.5, 14], "texture": "#0"}
			}
		},
		{
			"from": [7.49253, 8.41225, 8.88573],
			"to": [7.61753, 9.26225, 9.48573],
			"rotation": {"angle": 0, "axis": "y", "origin": [7.51753, 8.11225, 7.48573]},
			"faces": {
				"north": {"uv": [13.5, 5.5, 14, 6], "texture": "#0"},
				"east": {"uv": [6, 13.5, 6.5, 14], "texture": "#0"},
				"south": {"uv": [13.5, 6, 14, 6.5], "texture": "#0"},
				"west": {"uv": [6.5, 13.5, 7, 14], "texture": "#0"},
				"up": {"uv": [9, 10.5, 8.5, 10], "texture": "#0"},
				"down": {"uv": [7.5, 13.5, 7, 14], "texture": "#0"}
			}
		},
		{
			"from": [8.49253, 8.93725, 8.88573],
			"to": [8.66753, 9.26225, 9.48573],
			"rotation": {"angle": 0, "axis": "y", "origin": [7.51753, 8.11225, 7.48573]},
			"faces": {
				"north": {"uv": [13.5, 7, 14, 7.5], "texture": "#0"},
				"east": {"uv": [7.5, 13.5, 8, 14], "texture": "#0"},
				"south": {"uv": [13.5, 7.5, 14, 8], "texture": "#0"},
				"west": {"uv": [8, 13.5, 8.5, 14], "texture": "#0"},
				"up": {"uv": [9, 10.5, 8.5, 10], "texture": "#0"},
				"down": {"uv": [9, 13.5, 8.5, 14], "texture": "#0"}
			}
		},
		{
			"from": [6.59253, 8.61225, 8.88573],
			"to": [6.69253, 8.96225, 9.48573],
			"rotation": {"angle": 0, "axis": "y", "origin": [7.51753, 8.11225, 7.48573]},
			"faces": {
				"north": {"uv": [13.5, 10, 14, 10.5], "texture": "#0"},
				"east": {"uv": [10.5, 13.5, 11, 14], "texture": "#0"},
				"south": {"uv": [13.5, 10.5, 14, 11], "texture": "#0"},
				"west": {"uv": [11, 13.5, 11.5, 14], "texture": "#0"},
				"up": {"uv": [9, 10.5, 8.5, 10], "texture": "#0"},
				"down": {"uv": [12, 13.5, 11.5, 14], "texture": "#0"}
			}
		},
		{
			"from": [7.69253, 9.31225, 8.88573],
			"to": [7.76753, 9.66225, 9.48573],
			"rotation": {"angle": 0, "axis": "y", "origin": [7.51753, 8.11225, 7.48573]},
			"faces": {
				"north": {"uv": [13.5, 13, 14, 13.5], "texture": "#0"},
				"east": {"uv": [13.5, 13.5, 14, 14], "texture": "#0"},
				"south": {"uv": [0, 14, 0.5, 14.5], "texture": "#0"},
				"west": {"uv": [14, 0, 14.5, 0.5], "texture": "#0"},
				"up": {"uv": [9, 10.5, 8.5, 10], "texture": "#0"},
				"down": {"uv": [14.5, 0.5, 14, 1], "texture": "#0"}
			}
		},
		{
			"from": [7.84253, 9.18725, 8.88573],
			"to": [7.94253, 9.41225, 9.48573],
			"rotation": {"angle": 0, "axis": "y", "origin": [7.51753, 8.11225, 7.48573]},
			"faces": {
				"north": {"uv": [2.5, 14, 3, 14.5], "texture": "#0"},
				"east": {"uv": [14, 2.5, 14.5, 3], "texture": "#0"},
				"south": {"uv": [3, 14, 3.5, 14.5], "texture": "#0"},
				"west": {"uv": [14, 3, 14.5, 3.5], "texture": "#0"},
				"up": {"uv": [9, 10.5, 8.5, 10], "texture": "#0"},
				"down": {"uv": [14.5, 3.5, 14, 4], "texture": "#0"}
			}
		},
		{
			"from": [8.09253, 9.18725, 8.88573],
			"to": [8.19253, 9.41225, 9.48573],
			"rotation": {"angle": 0, "axis": "y", "origin": [7.51753, 8.11225, 7.48573]},
			"faces": {
				"north": {"uv": [4, 14, 4.5, 14.5], "texture": "#0"},
				"east": {"uv": [14, 4, 14.5, 4.5], "texture": "#0"},
				"south": {"uv": [4.5, 14, 5, 14.5], "texture": "#0"},
				"west": {"uv": [14, 4.5, 14.5, 5], "texture": "#0"},
				"up": {"uv": [9, 10.5, 8.5, 10], "texture": "#0"},
				"down": {"uv": [14.5, 5, 14, 5.5], "texture": "#0"}
			}
		},
		{
			"from": [8.16753, 9.18725, 8.88573],
			"to": [8.26753, 9.41225, 9.48573],
			"rotation": {"angle": 0, "axis": "y", "origin": [7.51753, 8.11225, 7.48573]},
			"faces": {
				"north": {"uv": [5.5, 14, 6, 14.5], "texture": "#0"},
				"east": {"uv": [14, 5.5, 14.5, 6], "texture": "#0"},
				"south": {"uv": [6, 14, 6.5, 14.5], "texture": "#0"},
				"west": {"uv": [14, 6, 14.5, 6.5], "texture": "#0"},
				"up": {"uv": [9, 10.5, 8.5, 10], "texture": "#0"},
				"down": {"uv": [14.5, 6.5, 14, 7], "texture": "#0"}
			}
		},
		{
			"from": [7.74253, 9.18725, 8.88573],
			"to": [7.84253, 9.41225, 9.48573],
			"rotation": {"angle": 0, "axis": "y", "origin": [7.51753, 8.11225, 7.48573]},
			"faces": {
				"north": {"uv": [7, 14, 7.5, 14.5], "texture": "#0"},
				"east": {"uv": [14, 7, 14.5, 7.5], "texture": "#0"},
				"south": {"uv": [7.5, 14, 8, 14.5], "texture": "#0"},
				"west": {"uv": [14, 7.5, 14.5, 8], "texture": "#0"},
				"up": {"uv": [9, 10.5, 8.5, 10], "texture": "#0"},
				"down": {"uv": [14.5, 8, 14, 8.5], "texture": "#0"}
			}
		},
		{
			"from": [7.61753, 9.18725, 8.88573],
			"to": [7.74253, 9.41225, 9.48573],
			"rotation": {"angle": 0, "axis": "y", "origin": [7.51753, 8.11225, 7.48573]},
			"faces": {
				"north": {"uv": [8.5, 14, 9, 14.5], "texture": "#0"},
				"east": {"uv": [14, 8.5, 14.5, 9], "texture": "#0"},
				"south": {"uv": [9, 14, 9.5, 14.5], "texture": "#0"},
				"west": {"uv": [14, 9, 14.5, 9.5], "texture": "#0"},
				"up": {"uv": [9, 10.5, 8.5, 10], "texture": "#0"},
				"down": {"uv": [14.5, 9.5, 14, 10], "texture": "#0"}
			}
		},
		{
			"from": [8.26753, 9.18725, 8.88573],
			"to": [8.39253, 9.41225, 9.48573],
			"rotation": {"angle": 0, "axis": "y", "origin": [7.51753, 8.11225, 7.48573]},
			"faces": {
				"north": {"uv": [10, 14, 10.5, 14.5], "texture": "#0"},
				"east": {"uv": [14, 10, 14.5, 10.5], "texture": "#0"},
				"south": {"uv": [10.5, 14, 11, 14.5], "texture": "#0"},
				"west": {"uv": [14, 10.5, 14.5, 11], "texture": "#0"},
				"up": {"uv": [9, 10.5, 8.5, 10], "texture": "#0"},
				"down": {"uv": [14.5, 11, 14, 11.5], "texture": "#0"}
			}
		},
		{
			"from": [8.26753, 9.31225, 8.88573],
			"to": [8.34253, 9.66225, 9.48573],
			"rotation": {"angle": 0, "axis": "y", "origin": [7.51753, 8.11225, 7.48573]},
			"faces": {
				"north": {"uv": [1, 14, 1.5, 14.5], "texture": "#0"},
				"east": {"uv": [14, 1, 14.5, 1.5], "texture": "#0"},
				"south": {"uv": [1.5, 14, 2, 14.5], "texture": "#0"},
				"west": {"uv": [14, 1.5, 14.5, 2], "texture": "#0"},
				"up": {"uv": [9, 10.5, 8.5, 10], "texture": "#0"},
				"down": {"uv": [14.5, 2, 14, 2.5], "texture": "#0"}
			}
		},
		{
			"from": [9.29253, 8.61225, 8.88573],
			"to": [9.39253, 8.96225, 9.48573],
			"rotation": {"angle": 0, "axis": "y", "origin": [7.51753, 8.11225, 7.48573]},
			"faces": {
				"north": {"uv": [13.5, 11.5, 14, 12], "texture": "#0"},
				"east": {"uv": [12, 13.5, 12.5, 14], "texture": "#0"},
				"south": {"uv": [13.5, 12, 14, 12.5], "texture": "#0"},
				"west": {"uv": [12.5, 13.5, 13, 14], "texture": "#0"},
				"up": {"uv": [9, 10.5, 8.5, 10], "texture": "#0"},
				"down": {"uv": [13.5, 13.5, 13, 14], "texture": "#0"}
			}
		},
		{
			"from": [7.34253, 8.93725, 8.88573],
			"to": [7.51753, 9.26225, 9.48573],
			"rotation": {"angle": 0, "axis": "y", "origin": [7.51753, 8.11225, 7.48573]},
			"faces": {
				"north": {"uv": [13.5, 8.5, 14, 9], "texture": "#0"},
				"east": {"uv": [9, 13.5, 9.5, 14], "texture": "#0"},
				"south": {"uv": [13.5, 9, 14, 9.5], "texture": "#0"},
				"west": {"uv": [9.5, 13.5, 10, 14], "texture": "#0"},
				"up": {"uv": [9, 10.5, 8.5, 10], "texture": "#0"},
				"down": {"uv": [10.5, 13.5, 10, 14], "texture": "#0"}
			}
		},
		{
			"from": [8.36753, 7.56225, 8.88573],
			"to": [8.91753, 8.41225, 9.48573],
			"rotation": {"angle": 0, "axis": "y", "origin": [7.51753, 8.11225, 7.48573]},
			"faces": {
				"north": {"uv": [5.5, 13, 6, 13.5], "texture": "#0"},
				"east": {"uv": [13, 5.5, 13.5, 6], "texture": "#0"},
				"south": {"uv": [6, 13, 6.5, 13.5], "texture": "#0"},
				"west": {"uv": [13, 6, 13.5, 6.5], "texture": "#0"},
				"up": {"uv": [9, 10.5, 8.5, 10], "texture": "#0"},
				"down": {"uv": [13.5, 6.5, 13, 7], "texture": "#0"}
			}
		},
		{
			"from": [7.04253, 7.56225, 8.88573],
			"to": [7.61753, 8.41225, 9.48573],
			"rotation": {"angle": 0, "axis": "y", "origin": [7.51753, 8.11225, 7.48573]},
			"faces": {
				"north": {"uv": [7, 13, 7.5, 13.5], "texture": "#0"},
				"east": {"uv": [13, 7, 13.5, 7.5], "texture": "#0"},
				"south": {"uv": [7.5, 13, 8, 13.5], "texture": "#0"},
				"west": {"uv": [13, 7.5, 13.5, 8], "texture": "#0"},
				"up": {"uv": [9, 10.5, 8.5, 10], "texture": "#0"},
				"down": {"uv": [13.5, 8, 13, 8.5], "texture": "#0"}
			}
		},
		{
			"from": [6.59253, 7.66225, 8.88573],
			"to": [7.16753, 8.61225, 9.48573],
			"rotation": {"angle": 0, "axis": "y", "origin": [7.51753, 8.11225, 7.48573]},
			"faces": {
				"north": {"uv": [8.5, 13, 9, 13.5], "texture": "#0"},
				"east": {"uv": [13, 8.5, 13.5, 9], "texture": "#0"},
				"south": {"uv": [9, 13, 9.5, 13.5], "texture": "#0"},
				"west": {"uv": [13, 9, 13.5, 9.5], "texture": "#0"},
				"up": {"uv": [9, 10.5, 8.5, 10], "texture": "#0"},
				"down": {"uv": [13.5, 9.5, 13, 10], "texture": "#0"}
			}
		},
		{
			"from": [9.39253, 7.81225, 8.88573],
			"to": [9.51753, 8.96225, 9.48573],
			"rotation": {"angle": 0, "axis": "y", "origin": [7.51753, 8.11225, 7.48573]},
			"faces": {
				"north": {"uv": [11.5, 13, 12, 13.5], "texture": "#0"},
				"east": {"uv": [13, 11.5, 13.5, 12], "texture": "#0"},
				"south": {"uv": [12, 13, 12.5, 13.5], "texture": "#0"},
				"west": {"uv": [13, 12, 13.5, 12.5], "texture": "#0"},
				"up": {"uv": [9, 10.5, 8.5, 10], "texture": "#0"},
				"down": {"uv": [13.5, 12.5, 13, 13], "texture": "#0"}
			}
		},
		{
			"from": [8.86753, 9.48725, 8.88573],
			"to": [9.19253, 9.81225, 9.48573],
			"rotation": {"angle": 0, "axis": "y", "origin": [7.51753, 8.11225, 7.48573]},
			"faces": {
				"north": {"uv": [13.5, 1, 14, 1.5], "texture": "#0"},
				"east": {"uv": [1.5, 13.5, 2, 14], "texture": "#0"},
				"south": {"uv": [13.5, 1.5, 14, 2], "texture": "#0"},
				"west": {"uv": [2, 13.5, 2.5, 14], "texture": "#0"},
				"up": {"uv": [9, 10.5, 8.5, 10], "texture": "#0"},
				"down": {"uv": [3, 13.5, 2.5, 14], "texture": "#0"}
			}
		},
		{
			"from": [6.81753, 9.48725, 8.88573],
			"to": [7.14253, 9.81225, 9.48573],
			"rotation": {"angle": 0, "axis": "y", "origin": [7.51753, 8.11225, 7.48573]},
			"faces": {
				"north": {"uv": [13.5, 2.5, 14, 3], "texture": "#0"},
				"east": {"uv": [3, 13.5, 3.5, 14], "texture": "#0"},
				"south": {"uv": [13.5, 3, 14, 3.5], "texture": "#0"},
				"west": {"uv": [3.5, 13.5, 4, 14], "texture": "#0"},
				"up": {"uv": [9, 10.5, 8.5, 10], "texture": "#0"},
				"down": {"uv": [4.5, 13.5, 4, 14], "texture": "#0"}
			}
		},
		{
			"from": [7.81753, 5.73725, 8.88573],
			"to": [8.14253, 5.86225, 9.48573],
			"rotation": {"angle": 0, "axis": "y", "origin": [7.51753, 8.11225, 7.48573]},
			"faces": {
				"north": {"uv": [14.5, 6, 15, 6.5], "texture": "#0"},
				"east": {"uv": [6.5, 14.5, 7, 15], "texture": "#0"},
				"south": {"uv": [14.5, 6.5, 15, 7], "texture": "#0"},
				"west": {"uv": [7, 14.5, 7.5, 15], "texture": "#0"},
				"up": {"uv": [9, 10.5, 8.5, 10], "texture": "#0"},
				"down": {"uv": [8, 14.5, 7.5, 15], "texture": "#0"}
			}
		},
		{
			"from": [7.29253, 5.73725, 8.88573],
			"to": [8.71753, 5.86225, 9.48573],
			"rotation": {"angle": 0, "axis": "y", "origin": [7.51753, 8.11225, 7.48573]},
			"faces": {
				"north": {"uv": [14.5, 12.5, 15, 13], "texture": "#0"},
				"east": {"uv": [13, 14.5, 13.5, 15], "texture": "#0"},
				"south": {"uv": [14.5, 13, 15, 13.5], "texture": "#0"},
				"west": {"uv": [13.5, 14.5, 14, 15], "texture": "#0"},
				"up": {"uv": [9, 10.5, 8.5, 10], "texture": "#0"},
				"down": {"uv": [14.5, 14.5, 14, 15], "texture": "#0"}
			}
		},
		{
			"from": [6.46753, 7.81225, 8.88573],
			"to": [6.59253, 8.96225, 9.48573],
			"rotation": {"angle": 0, "axis": "y", "origin": [7.51753, 8.11225, 7.48573]},
			"faces": {
				"north": {"uv": [13, 13, 13.5, 13.5], "texture": "#0"},
				"east": {"uv": [0, 13.5, 0.5, 14], "texture": "#0"},
				"south": {"uv": [13.5, 0, 14, 0.5], "texture": "#0"},
				"west": {"uv": [0.5, 13.5, 1, 14], "texture": "#0"},
				"up": {"uv": [9, 10.5, 8.5, 10], "texture": "#0"},
				"down": {"uv": [1.5, 13.5, 1, 14], "texture": "#0"}
			}
		},
		{
			"from": [8.81753, 7.66225, 8.88573],
			"to": [9.39253, 8.61225, 9.48573],
			"rotation": {"angle": 0, "axis": "y", "origin": [7.51753, 8.11225, 7.48573]},
			"faces": {
				"north": {"uv": [10, 13, 10.5, 13.5], "texture": "#0"},
				"east": {"uv": [13, 10, 13.5, 10.5], "texture": "#0"},
				"south": {"uv": [10.5, 13, 11, 13.5], "texture": "#0"},
				"west": {"uv": [13, 10.5, 13.5, 11], "texture": "#0"},
				"up": {"uv": [9, 10.5, 8.5, 10], "texture": "#0"},
				"down": {"uv": [13.5, 11, 13, 11.5], "texture": "#0"}
			}
		},
		{
			"from": [8.26753, 10.16225, 8.88573],
			"to": [8.86753, 10.61225, 9.48573],
			"rotation": {"angle": 0, "axis": "y", "origin": [7.51753, 8.11225, 7.48573]},
			"faces": {
				"north": {"uv": [12.5, 9, 13, 9.5], "texture": "#0"},
				"east": {"uv": [9.5, 12.5, 10, 13], "texture": "#0"},
				"south": {"uv": [12.5, 9.5, 13, 10], "texture": "#0"},
				"west": {"uv": [10, 12.5, 10.5, 13], "texture": "#0"},
				"up": {"uv": [9, 10.5, 8.5, 10], "texture": "#0"},
				"down": {"uv": [11, 12.5, 10.5, 13], "texture": "#0"}
			}
		},
		{
			"from": [8.09253, 10.41225, 8.88573],
			"to": [8.29253, 10.61225, 9.48573],
			"rotation": {"angle": 0, "axis": "y", "origin": [7.51753, 8.11225, 7.48573]},
			"faces": {
				"north": {"uv": [11.5, 14, 12, 14.5], "texture": "#0"},
				"east": {"uv": [14, 11.5, 14.5, 12], "texture": "#0"},
				"south": {"uv": [12, 14, 12.5, 14.5], "texture": "#0"},
				"west": {"uv": [14, 12, 14.5, 12.5], "texture": "#0"},
				"up": {"uv": [9, 10.5, 8.5, 10], "texture": "#0"},
				"down": {"uv": [14.5, 12.5, 14, 13], "texture": "#0"}
			}
		},
		{
			"from": [7.71753, 10.41225, 8.88573],
			"to": [7.91753, 10.61225, 9.48573],
			"rotation": {"angle": 0, "axis": "y", "origin": [7.51753, 8.11225, 7.48573]},
			"faces": {
				"north": {"uv": [13, 14, 13.5, 14.5], "texture": "#0"},
				"east": {"uv": [14, 13, 14.5, 13.5], "texture": "#0"},
				"south": {"uv": [13.5, 14, 14, 14.5], "texture": "#0"},
				"west": {"uv": [14, 13.5, 14.5, 14], "texture": "#0"},
				"up": {"uv": [9, 10.5, 8.5, 10], "texture": "#0"},
				"down": {"uv": [0.5, 14.5, 0, 15], "texture": "#0"}
			}
		},
		{
			"from": [8.34253, 9.71225, 8.88573],
			"to": [8.86753, 10.16225, 9.48573],
			"rotation": {"angle": 0, "axis": "y", "origin": [7.51753, 8.11225, 7.48573]},
			"faces": {
				"north": {"uv": [12.5, 10.5, 13, 11], "texture": "#0"},
				"east": {"uv": [11, 12.5, 11.5, 13], "texture": "#0"},
				"south": {"uv": [12.5, 11, 13, 11.5], "texture": "#0"},
				"west": {"uv": [11.5, 12.5, 12, 13], "texture": "#0"},
				"up": {"uv": [9, 10.5, 8.5, 10], "texture": "#0"},
				"down": {"uv": [12.5, 12.5, 12, 13], "texture": "#0"}
			}
		},
		{
			"from": [7.14253, 9.71225, 8.88573],
			"to": [7.69253, 10.16225, 9.48573],
			"rotation": {"angle": 0, "axis": "y", "origin": [7.51753, 8.11225, 7.48573]},
			"faces": {
				"north": {"uv": [12.5, 12, 13, 12.5], "texture": "#0"},
				"east": {"uv": [12.5, 12.5, 13, 13], "texture": "#0"},
				"south": {"uv": [0, 13, 0.5, 13.5], "texture": "#0"},
				"west": {"uv": [13, 0, 13.5, 0.5], "texture": "#0"},
				"up": {"uv": [9, 10.5, 8.5, 10], "texture": "#0"},
				"down": {"uv": [13.5, 0.5, 13, 1], "texture": "#0"}
			}
		}
	],
	"display": {
		"thirdperson_righthand": {
			"rotation": [92, -90, 0],
			"translation": [5.75, -2, 2.75],
			"scale": [2.8, 2.8, 2.8]
		},
		"thirdperson_lefthand": {
			"rotation": [90, -89, 0],
			"translation": [6.25, -2, 2.75],
			"scale": [2.8, 2.8, 2.8]
		},
		"firstperson_righthand": {
			"rotation": [68, 23, 0],
			"translation": [-0.25, 3, 0],
			"scale": [1.65, 1.65, 1.65]
		},
		"firstperson_lefthand": {
			"rotation": [73, 6, 0],
			"translation": [-0.25, 3, 0],
			"scale": [1.65, 1.65, 1.65]
		},
		"ground": {
			"rotation": [0, 0, 45],
			"translation": [0, 9.25, 0],
			"scale": [2.85, 2.85, 2.85]
		},
		"gui": {
			"rotation": [-180, 2, -145],
			"translation": [0, -0.5, 0],
			"scale": [1.91, 1.91, 1.91]
		},
		"fixed": {
			"translation": [0, 0, -4.75],
			"scale": [2.73, 2.73, 2.73]
		}
	}
}