{
	"credit": "Made with Blockbench",
	"texture_size": [32, 32],
	"textures": {
		"1": "block/anvil",
		"5": "shield_repo:meteor",
		"particle": "shield_repo:meteor"
	},
	"elements": [
		{
			"name": "Guard",
			"from": [7.6, 8, 6.5],
			"to": [8.4, 9, 10.3],
			"faces": {
				"north": {"uv": [1.5, 8, 2, 8.5], "texture": "#1"},
				"east": {"uv": [10.5, 4, 13.5, 5.5], "texture": "#1"},
				"south": {"uv": [8, 1.5, 8.5, 2], "texture": "#1"},
				"west": {"uv": [10.5, 6.5, 13.5, 8], "texture": "#1"},
				"up": {"uv": [5, 11, 3.5, 8], "texture": "#1"},
				"down": {"uv": [5, 3, 4.5, 5], "texture": "#1"}
			}
		},
		{
			"name": "Guard2",
			"from": [7.7, 9, 7.5],
			"to": [8.3, 14.15, 9.3],
			"faces": {
				"north": {"uv": [1.5, 3.5, 2, 6], "texture": "#1"},
				"east": {"uv": [8, 4, 10, 7.5], "texture": "#1"},
				"south": {"uv": [3.5, 1.5, 4, 4], "texture": "#1"},
				"west": {"uv": [8, 8.5, 10, 12], "texture": "#1"},
				"up": {"uv": [7.5, 15, 6, 13], "texture": "#1"},
				"down": {"uv": [7.5, 7, 7, 8], "texture": "#1"}
			}
		},
		{
			"name": "Guard3",
			"from": [7.7, 14.33333, 7.8],
			"to": [8.3, 19.48333, 9],
			"faces": {
				"north": {"uv": [1.5, 3.5, 2, 6], "texture": "#1"},
				"east": {"uv": [8, 4, 10, 7.5], "texture": "#1"},
				"south": {"uv": [3.5, 1.5, 4, 4], "texture": "#1"},
				"west": {"uv": [8, 8.5, 10, 12], "texture": "#1"},
				"up": {"uv": [7.5, 15, 6, 13], "texture": "#1"},
				"down": {"uv": [7.5, 7, 7, 8], "texture": "#1"}
			}
		},
		{
			"name": "Guard4",
			"from": [7.7, 14, 8.13333],
			"to": [8.3, 23.48333, 8.66667],
			"faces": {
				"north": {"uv": [1.5, 3.5, 2, 6], "texture": "#1"},
				"east": {"uv": [8, 4, 10, 7.5], "texture": "#1"},
				"south": {"uv": [3.5, 1.5, 4, 4], "texture": "#1"},
				"west": {"uv": [8, 8.5, 10, 12], "texture": "#1"},
				"up": {"uv": [7.5, 15, 6, 13], "texture": "#1"},
				"down": {"uv": [7.5, 7, 7, 8], "texture": "#1"}
			}
		},
		{
			"name": "Guard5",
			"from": [7.7, 20.66667, 8.13333],
			"to": [8.3, 22.48333, 8.66667],
			"rotation": {"angle": 22.5, "axis": "x", "origin": [8, 21.575, 8.4]},
			"faces": {
				"north": {"uv": [1.5, 3.5, 2, 6], "texture": "#1"},
				"east": {"uv": [8, 4, 10, 7.5], "texture": "#1"},
				"south": {"uv": [3.5, 1.5, 4, 4], "texture": "#1"},
				"west": {"uv": [8, 8.5, 10, 12], "texture": "#1"},
				"up": {"uv": [7.5, 15, 6, 13], "texture": "#1"},
				"down": {"uv": [7.5, 7, 7, 8], "texture": "#1"}
			}
		},
		{
			"name": "Guard5",
			"from": [7.7, 20.66667, 8.13333],
			"to": [8.3, 22.48333, 8.66667],
			"rotation": {"angle": -22.5, "axis": "x", "origin": [8, 21.575, 8.4]},
			"faces": {
				"north": {"uv": [1.5, 3.5, 2, 6], "texture": "#1"},
				"east": {"uv": [8, 4, 10, 7.5], "texture": "#1"},
				"south": {"uv": [3.5, 1.5, 4, 4], "texture": "#1"},
				"west": {"uv": [8, 8.5, 10, 12], "texture": "#1"},
				"up": {"uv": [7.5, 15, 6, 13], "texture": "#1"},
				"down": {"uv": [7.5, 7, 7, 8], "texture": "#1"}
			}
		},
		{
			"name": "Blade1",
			"from": [7.9, 9, 7.275],
			"to": [8.1, 16, 9.525],
			"faces": {
				"north": {"uv": [3, 0, 3.5, 3.5], "texture": "#5"},
				"east": {"uv": [0, 0, 1, 3.5], "texture": "#5"},
				"south": {"uv": [0, 3.5, 0.5, 7], "texture": "#5"},
				"west": {"uv": [1, 0, 2, 3.5], "texture": "#5"},
				"up": {"uv": [8, 1, 7.5, 0], "texture": "#5"},
				"down": {"uv": [8, 1, 7.5, 2], "texture": "#5"}
			}
		},
		{
			"name": "Blade2",
			"from": [7.9, 16, 7.425],
			"to": [8.1, 19, 9.375],
			"faces": {
				"north": {"uv": [4.5, 7, 5, 8.5], "texture": "#5"},
				"east": {"uv": [3.5, 0, 4.5, 1.5], "texture": "#5"},
				"south": {"uv": [6, 7, 6.5, 8.5], "texture": "#5"},
				"west": {"uv": [0.5, 3.5, 1.5, 5], "texture": "#5"},
				"up": {"uv": [8, 3, 7.5, 2], "texture": "#5"},
				"down": {"uv": [3.5, 7.5, 3, 8.5], "texture": "#5"}
			}
		},
		{
			"name": "Blade3",
			"from": [7.9, 19, 7.525],
			"to": [8.1, 21, 9.275],
			"faces": {
				"north": {"uv": [7.5, 3, 8, 4], "texture": "#5"},
				"east": {"uv": [0.5, 5, 1.5, 6], "texture": "#5"},
				"south": {"uv": [4, 7.5, 4.5, 8.5], "texture": "#5"},
				"west": {"uv": [5, 1, 6, 2], "texture": "#5"},
				"up": {"uv": [8, 5, 7.5, 4], "texture": "#5"},
				"down": {"uv": [8, 5, 7.5, 6], "texture": "#5"}
			}
		},
		{
			"name": "BLade4",
			"from": [7.9, 21, 7.725],
			"to": [8.1, 23, 9.075],
			"faces": {
				"north": {"uv": [7.5, 6, 8, 7], "texture": "#5"},
				"east": {"uv": [7.5, 7, 8, 8], "texture": "#5"},
				"south": {"uv": [8, 0, 8.5, 1], "texture": "#5"},
				"west": {"uv": [0.5, 8, 1, 9], "texture": "#5"},
				"up": {"uv": [8.5, 2.5, 8, 2], "texture": "#5"},
				"down": {"uv": [8.5, 2.5, 8, 3], "texture": "#5"}
			}
		},
		{
			"name": "Blade5",
			"from": [7.9, 23, 7.8],
			"to": [8.1, 24, 9],
			"faces": {
				"north": {"uv": [8, 3, 8.5, 3.5], "texture": "#5"},
				"east": {"uv": [3.5, 8, 4, 8.5], "texture": "#5"},
				"south": {"uv": [8, 3.5, 8.5, 4], "texture": "#5"},
				"west": {"uv": [8, 4, 8.5, 4.5], "texture": "#5"},
				"up": {"uv": [8.5, 5, 8, 4.5], "texture": "#5"},
				"down": {"uv": [5.5, 8, 5, 8.5], "texture": "#5"}
			}
		},
		{
			"name": "Blade6",
			"from": [7.9, 24, 7.95],
			"to": [8.1, 24.1, 8.85],
			"faces": {
				"north": {"uv": [8, 5, 8.5, 5.5], "texture": "#5"},
				"east": {"uv": [5.5, 8, 6, 8.5], "texture": "#5"},
				"south": {"uv": [8, 5.5, 8.5, 6], "texture": "#5"},
				"west": {"uv": [8, 6, 8.5, 6.5], "texture": "#5"},
				"up": {"uv": [7, 8.5, 6.5, 8], "texture": "#5"},
				"down": {"uv": [8.5, 6.5, 8, 7], "texture": "#5"}
			}
		},
		{
			"name": "Blade7",
			"from": [7.9, 24.1, 7.95],
			"to": [8.1, 24.325, 8.85],
			"faces": {
				"north": {"uv": [10.5, 2.5, 11, 3], "texture": "#5"},
				"east": {"uv": [3, 10.5, 3.5, 11], "texture": "#5"},
				"south": {"uv": [10.5, 3, 11, 3.5], "texture": "#5"},
				"west": {"uv": [3.5, 10.5, 4, 11], "texture": "#5"},
				"up": {"uv": [11, 4, 10.5, 3.5], "texture": "#5"},
				"down": {"uv": [4.5, 10.5, 4, 11], "texture": "#5"}
			}
		},
		{
			"name": "Blade8",
			"from": [7.9, 24.325, 8.05],
			"to": [8.1, 24.55, 8.75],
			"faces": {
				"north": {"uv": [10.5, 4, 11, 4.5], "texture": "#5"},
				"east": {"uv": [4.5, 10.5, 5, 11], "texture": "#5"},
				"south": {"uv": [10.5, 4.5, 11, 5], "texture": "#5"},
				"west": {"uv": [5, 10.5, 5.5, 11], "texture": "#5"},
				"up": {"uv": [11, 5.5, 10.5, 5], "texture": "#5"},
				"down": {"uv": [6, 10.5, 5.5, 11], "texture": "#5"}
			}
		},
		{
			"name": "Blade9",
			"from": [7.9, 24.55, 8.15],
			"to": [8.1, 24.775, 8.65],
			"faces": {
				"north": {"uv": [10.5, 5.5, 11, 6], "texture": "#5"},
				"east": {"uv": [6, 10.5, 6.5, 11], "texture": "#5"},
				"south": {"uv": [10.5, 6, 11, 6.5], "texture": "#5"},
				"west": {"uv": [6.5, 10.5, 7, 11], "texture": "#5"},
				"up": {"uv": [11, 7, 10.5, 6.5], "texture": "#5"},
				"down": {"uv": [7.5, 10.5, 7, 11], "texture": "#5"}
			}
		},
		{
			"name": "Blade10",
			"from": [7.9, 24.775, 8.225],
			"to": [8.1, 25, 8.575],
			"faces": {
				"north": {"uv": [10.5, 7, 11, 7.5], "texture": "#5"},
				"east": {"uv": [7.5, 10.5, 8, 11], "texture": "#5"},
				"south": {"uv": [10.5, 7.5, 11, 8], "texture": "#5"},
				"west": {"uv": [8, 10.5, 8.5, 11], "texture": "#5"},
				"up": {"uv": [11, 8.5, 10.5, 8], "texture": "#5"},
				"down": {"uv": [9, 10.5, 8.5, 11], "texture": "#5"}
			}
		},
		{
			"name": "Blade11",
			"from": [7.9, 25, 8.325],
			"to": [8.1, 25.225, 8.475],
			"faces": {
				"north": {"uv": [10.5, 8.5, 11, 9], "texture": "#5"},
				"east": {"uv": [9, 10.5, 9.5, 11], "texture": "#5"},
				"south": {"uv": [10.5, 9, 11, 9.5], "texture": "#5"},
				"west": {"uv": [9.5, 10.5, 10, 11], "texture": "#5"},
				"up": {"uv": [11, 10, 10.5, 9.5], "texture": "#5"},
				"down": {"uv": [10.5, 10.5, 10, 11], "texture": "#5"}
			}
		},
		{
			"name": "Blade7",
			"from": [7.9, 24.125, 8.69167],
			"to": [8.1, 25.525, 8.81667],
			"rotation": {"angle": -22.5, "axis": "x", "origin": [8, 24.5, 9.22917]},
			"faces": {
				"north": {"uv": [10.5, 1, 11, 1.5], "texture": "#5"},
				"east": {"uv": [1.5, 10.5, 2, 11], "texture": "#5"},
				"south": {"uv": [10.5, 1.5, 11, 2], "texture": "#5"},
				"west": {"uv": [2, 10.5, 2.5, 11], "texture": "#5"},
				"up": {"uv": [11, 2.5, 10.5, 2], "texture": "#5"},
				"down": {"uv": [3, 10.5, 2.5, 11], "texture": "#5"}
			}
		},
		{
			"name": "Blade8",
			"from": [7.9, 23.71753, 8.12367],
			"to": [8.1, 25.06753, 8.24867],
			"rotation": {"angle": 22.5, "axis": "x", "origin": [8, 24.63003, 8.66117]},
			"faces": {
				"north": {"uv": [10.5, 10, 11, 10.5], "texture": "#5"},
				"east": {"uv": [10.5, 10.5, 11, 11], "texture": "#5"},
				"south": {"uv": [0, 11, 0.5, 11.5], "texture": "#5"},
				"west": {"uv": [11, 0, 11.5, 0.5], "texture": "#5"},
				"up": {"uv": [1, 11.5, 0.5, 11], "texture": "#5"},
				"down": {"uv": [11.5, 0.5, 11, 1], "texture": "#5"}
			}
		},
		{
			"name": "Handle",
			"from": [7.6, 4, 8.325],
			"to": [8.4, 8, 8.5],
			"rotation": {"angle": 0, "axis": "y", "origin": [8, 6, 8.4125]},
			"faces": {
				"north": {"uv": [3, 3.5, 3.5, 5.5], "texture": "#5"},
				"east": {"uv": [4, 1.5, 4.5, 3.5], "texture": "#5"},
				"south": {"uv": [3.5, 4, 4, 6], "texture": "#5"},
				"west": {"uv": [4, 3.5, 4.5, 5.5], "texture": "#5"},
				"up": {"uv": [1.5, 8.5, 1, 8], "texture": "#5"},
				"down": {"uv": [8.5, 1, 8, 1.5], "texture": "#5"}
			}
		},
		{
			"name": "Handle",
			"from": [7.6, 4, 8.325],
			"to": [8.4, 8, 8.5],
			"rotation": {"angle": -22.5, "axis": "y", "origin": [8, 6, 8.4125]},
			"faces": {
				"north": {"uv": [2, 5, 2.5, 7], "texture": "#5"},
				"east": {"uv": [5, 2, 5.5, 4], "texture": "#5"},
				"south": {"uv": [2.5, 5, 3, 7], "texture": "#5"},
				"west": {"uv": [5, 4, 5.5, 6], "texture": "#5"},
				"up": {"uv": [7.5, 8.5, 7, 8], "texture": "#5"},
				"down": {"uv": [8.5, 7, 8, 7.5], "texture": "#5"}
			}
		},
		{
			"name": "Handle",
			"from": [7.6, 4, 8.325],
			"to": [8.4, 8, 8.5],
			"rotation": {"angle": -45, "axis": "y", "origin": [8, 6, 8.4125]},
			"faces": {
				"north": {"uv": [4.5, 5, 5, 7], "texture": "#5"},
				"east": {"uv": [5.5, 2, 6, 4], "texture": "#5"},
				"south": {"uv": [3, 5.5, 3.5, 7.5], "texture": "#5"},
				"west": {"uv": [4, 5.5, 4.5, 7.5], "texture": "#5"},
				"up": {"uv": [8, 8.5, 7.5, 8], "texture": "#5"},
				"down": {"uv": [8.5, 7.5, 8, 8], "texture": "#5"}
			}
		},
		{
			"name": "Handle",
			"from": [7.9125, 4, 8.0125],
			"to": [8.0875, 8, 8.8125],
			"rotation": {"angle": 22.5, "axis": "y", "origin": [8, 6, 8.4125]},
			"faces": {
				"north": {"uv": [5.5, 4, 6, 6], "texture": "#5"},
				"east": {"uv": [0.5, 6, 1, 8], "texture": "#5"},
				"south": {"uv": [1, 6, 1.5, 8], "texture": "#5"},
				"west": {"uv": [6, 1, 6.5, 3], "texture": "#5"},
				"up": {"uv": [8.5, 8.5, 8, 8], "texture": "#5"},
				"down": {"uv": [9, 0, 8.5, 0.5], "texture": "#5"}
			}
		},
		{
			"name": "Handle",
			"from": [7.9125, 4, 8.0125],
			"to": [8.0875, 8, 8.8125],
			"rotation": {"angle": 0, "axis": "y", "origin": [8, 6, 8.4125]},
			"faces": {
				"north": {"uv": [1.5, 6, 2, 8], "texture": "#5"},
				"east": {"uv": [6, 3, 6.5, 5], "texture": "#5"},
				"south": {"uv": [3.5, 6, 4, 8], "texture": "#5"},
				"west": {"uv": [5, 6, 5.5, 8], "texture": "#5"},
				"up": {"uv": [9, 1, 8.5, 0.5], "texture": "#5"},
				"down": {"uv": [1.5, 8.5, 1, 9], "texture": "#5"}
			}
		},
		{
			"name": "Handle",
			"from": [7.9125, 4, 8.0125],
			"to": [8.0875, 8, 8.8125],
			"rotation": {"angle": -22.5, "axis": "y", "origin": [8, 6, 8.4125]},
			"faces": {
				"north": {"uv": [6, 5, 6.5, 7], "texture": "#5"},
				"east": {"uv": [5.5, 6, 6, 8], "texture": "#5"},
				"south": {"uv": [6.5, 0, 7, 2], "texture": "#5"},
				"west": {"uv": [6.5, 2, 7, 4], "texture": "#5"},
				"up": {"uv": [9, 1.5, 8.5, 1], "texture": "#5"},
				"down": {"uv": [2, 8.5, 1.5, 9], "texture": "#5"}
			}
		},
		{
			"name": "Handle",
			"from": [7.9125, 4, 8.0125],
			"to": [8.0875, 8, 8.8125],
			"rotation": {"angle": -45, "axis": "y", "origin": [8, 6, 8.4125]},
			"faces": {
				"north": {"uv": [6.5, 4, 7, 6], "texture": "#5"},
				"east": {"uv": [6.5, 6, 7, 8], "texture": "#5"},
				"south": {"uv": [0, 7, 0.5, 9], "texture": "#5"},
				"west": {"uv": [7, 0, 7.5, 2], "texture": "#5"},
				"up": {"uv": [9, 2, 8.5, 1.5], "texture": "#5"},
				"down": {"uv": [9, 2, 8.5, 2.5], "texture": "#5"}
			}
		},
		{
			"name": "Handle",
			"from": [7.6, 4, 8.325],
			"to": [8.4, 8, 8.5],
			"rotation": {"angle": 22.5, "axis": "y", "origin": [8, 6, 8.4125]},
			"faces": {
				"north": {"uv": [2, 7, 2.5, 9], "texture": "#5"},
				"east": {"uv": [7, 2, 7.5, 4], "texture": "#5"},
				"south": {"uv": [2.5, 7, 3, 9], "texture": "#5"},
				"west": {"uv": [7, 4, 7.5, 6], "texture": "#5"},
				"up": {"uv": [9, 3, 8.5, 2.5], "texture": "#5"},
				"down": {"uv": [3.5, 8.5, 3, 9], "texture": "#5"}
			}
		},
		{
			"name": "Handle",
			"from": [7.504, 2.74, 8.304],
			"to": [8.496, 3.98, 8.521],
			"rotation": {"angle": 0, "axis": "y", "origin": [8, 1.5, 8.4125]},
			"faces": {
				"north": {"uv": [8.5, 3, 9, 3.5], "texture": "#5"},
				"east": {"uv": [3.5, 8.5, 4, 9], "texture": "#5"},
				"south": {"uv": [8.5, 3.5, 9, 4], "texture": "#5"},
				"west": {"uv": [4, 8.5, 4.5, 9], "texture": "#5"},
				"up": {"uv": [9, 4.5, 8.5, 4], "texture": "#5"},
				"down": {"uv": [5, 8.5, 4.5, 9], "texture": "#5"}
			}
		},
		{
			"name": "Handle",
			"from": [7.504, 2.74, 8.304],
			"to": [8.496, 3.98, 8.521],
			"rotation": {"angle": -22.5, "axis": "y", "origin": [8, 1.5, 8.4125]},
			"faces": {
				"north": {"uv": [8.5, 4.5, 9, 5], "texture": "#5"},
				"east": {"uv": [5, 8.5, 5.5, 9], "texture": "#5"},
				"south": {"uv": [8.5, 5, 9, 5.5], "texture": "#5"},
				"west": {"uv": [5.5, 8.5, 6, 9], "texture": "#5"},
				"up": {"uv": [9, 6, 8.5, 5.5], "texture": "#5"},
				"down": {"uv": [6.5, 8.5, 6, 9], "texture": "#5"}
			}
		},
		{
			"name": "Handle",
			"from": [7.504, 2.74, 8.304],
			"to": [8.496, 3.98, 8.521],
			"rotation": {"angle": -45, "axis": "y", "origin": [8, 1.5, 8.4125]},
			"faces": {
				"north": {"uv": [8.5, 6, 9, 6.5], "texture": "#5"},
				"east": {"uv": [6.5, 8.5, 7, 9], "texture": "#5"},
				"south": {"uv": [8.5, 6.5, 9, 7], "texture": "#5"},
				"west": {"uv": [7, 8.5, 7.5, 9], "texture": "#5"},
				"up": {"uv": [9, 7.5, 8.5, 7], "texture": "#5"},
				"down": {"uv": [8, 8.5, 7.5, 9], "texture": "#5"}
			}
		},
		{
			"name": "Handle",
			"from": [7.8915, 2.74, 7.9165],
			"to": [8.1085, 3.98, 8.9085],
			"rotation": {"angle": 22.5, "axis": "y", "origin": [8, 1.5, 8.4125]},
			"faces": {
				"north": {"uv": [8.5, 7.5, 9, 8], "texture": "#5"},
				"east": {"uv": [8, 8.5, 8.5, 9], "texture": "#5"},
				"south": {"uv": [8.5, 8, 9, 8.5], "texture": "#5"},
				"west": {"uv": [8.5, 8.5, 9, 9], "texture": "#5"},
				"up": {"uv": [0.5, 9.5, 0, 9], "texture": "#5"},
				"down": {"uv": [9.5, 0, 9, 0.5], "texture": "#5"}
			}
		},
		{
			"name": "Handle",
			"from": [7.8915, 2.74, 7.9165],
			"to": [8.1085, 3.98, 8.9085],
			"rotation": {"angle": 0, "axis": "y", "origin": [8, 1.5, 8.4125]},
			"faces": {
				"north": {"uv": [0.5, 9, 1, 9.5], "texture": "#5"},
				"east": {"uv": [9, 0.5, 9.5, 1], "texture": "#5"},
				"south": {"uv": [1, 9, 1.5, 9.5], "texture": "#5"},
				"west": {"uv": [9, 1, 9.5, 1.5], "texture": "#5"},
				"up": {"uv": [2, 9.5, 1.5, 9], "texture": "#5"},
				"down": {"uv": [9.5, 1.5, 9, 2], "texture": "#5"}
			}
		},
		{
			"name": "Handle",
			"from": [7.8915, 2.74, 7.9165],
			"to": [8.1085, 3.98, 8.9085],
			"rotation": {"angle": -22.5, "axis": "y", "origin": [8, 1.5, 8.4125]},
			"faces": {
				"north": {"uv": [2, 9, 2.5, 9.5], "texture": "#5"},
				"east": {"uv": [9, 2, 9.5, 2.5], "texture": "#5"},
				"south": {"uv": [2.5, 9, 3, 9.5], "texture": "#5"},
				"west": {"uv": [9, 2.5, 9.5, 3], "texture": "#5"},
				"up": {"uv": [3.5, 9.5, 3, 9], "texture": "#5"},
				"down": {"uv": [9.5, 3, 9, 3.5], "texture": "#5"}
			}
		},
		{
			"name": "Handle",
			"from": [7.8915, 2.74, 7.9165],
			"to": [8.1085, 3.98, 8.9085],
			"rotation": {"angle": -45, "axis": "y", "origin": [8, 1.5, 8.4125]},
			"faces": {
				"north": {"uv": [3.5, 9, 4, 9.5], "texture": "#5"},
				"east": {"uv": [9, 3.5, 9.5, 4], "texture": "#5"},
				"south": {"uv": [4, 9, 4.5, 9.5], "texture": "#5"},
				"west": {"uv": [9, 4, 9.5, 4.5], "texture": "#5"},
				"up": {"uv": [5, 9.5, 4.5, 9], "texture": "#5"},
				"down": {"uv": [9.5, 4.5, 9, 5], "texture": "#5"}
			}
		},
		{
			"name": "Handle",
			"from": [7.504, 2.74, 8.304],
			"to": [8.496, 3.98, 8.521],
			"rotation": {"angle": 22.5, "axis": "y", "origin": [8, 1.5, 8.4125]},
			"faces": {
				"north": {"uv": [5, 9, 5.5, 9.5], "texture": "#5"},
				"east": {"uv": [9, 5, 9.5, 5.5], "texture": "#5"},
				"south": {"uv": [5.5, 9, 6, 9.5], "texture": "#5"},
				"west": {"uv": [9, 5.5, 9.5, 6], "texture": "#5"},
				"up": {"uv": [6.5, 9.5, 6, 9], "texture": "#5"},
				"down": {"uv": [9.5, 6, 9, 6.5], "texture": "#5"}
			}
		},
		{
			"name": "Handle",
			"from": [7.504, 2.74, 8.304],
			"to": [8.496, 3.98, 8.521],
			"rotation": {"angle": 0, "axis": "y", "origin": [8, 1.5, 8.4125]},
			"faces": {
				"north": {"uv": [6.5, 9, 7, 9.5], "texture": "#5"},
				"east": {"uv": [9, 6.5, 9.5, 7], "texture": "#5"},
				"south": {"uv": [7, 9, 7.5, 9.5], "texture": "#5"},
				"west": {"uv": [9, 7, 9.5, 7.5], "texture": "#5"},
				"up": {"uv": [8, 9.5, 7.5, 9], "texture": "#5"},
				"down": {"uv": [9.5, 7.5, 9, 8], "texture": "#5"}
			}
		},
		{
			"name": "Handle",
			"from": [7.504, 2.74, 8.304],
			"to": [8.496, 3.98, 8.521],
			"rotation": {"angle": -22.5, "axis": "y", "origin": [8, 1.5, 8.4125]},
			"faces": {
				"north": {"uv": [8, 9, 8.5, 9.5], "texture": "#5"},
				"east": {"uv": [9, 8, 9.5, 8.5], "texture": "#5"},
				"south": {"uv": [8.5, 9, 9, 9.5], "texture": "#5"},
				"west": {"uv": [9, 8.5, 9.5, 9], "texture": "#5"},
				"up": {"uv": [9.5, 9.5, 9, 9], "texture": "#5"},
				"down": {"uv": [0.5, 9.5, 0, 10], "texture": "#5"}
			}
		},
		{
			"name": "Handle",
			"from": [7.504, 2.74, 8.304],
			"to": [8.496, 3.98, 8.521],
			"rotation": {"angle": -45, "axis": "y", "origin": [8, 1.5, 8.4125]},
			"faces": {
				"north": {"uv": [9.5, 0, 10, 0.5], "texture": "#5"},
				"east": {"uv": [0.5, 9.5, 1, 10], "texture": "#5"},
				"south": {"uv": [9.5, 0.5, 10, 1], "texture": "#5"},
				"west": {"uv": [1, 9.5, 1.5, 10], "texture": "#5"},
				"up": {"uv": [10, 1.5, 9.5, 1], "texture": "#5"},
				"down": {"uv": [2, 9.5, 1.5, 10], "texture": "#5"}
			}
		},
		{
			"name": "Handle",
			"from": [7.8915, 2.74, 7.9165],
			"to": [8.1085, 3.98, 8.9085],
			"rotation": {"angle": 22.5, "axis": "y", "origin": [8, 1.5, 8.4125]},
			"faces": {
				"north": {"uv": [9.5, 1.5, 10, 2], "texture": "#5"},
				"east": {"uv": [2, 9.5, 2.5, 10], "texture": "#5"},
				"south": {"uv": [9.5, 2, 10, 2.5], "texture": "#5"},
				"west": {"uv": [2.5, 9.5, 3, 10], "texture": "#5"},
				"up": {"uv": [10, 3, 9.5, 2.5], "texture": "#5"},
				"down": {"uv": [3.5, 9.5, 3, 10], "texture": "#5"}
			}
		},
		{
			"name": "Handle",
			"from": [7.8915, 2.74, 7.9165],
			"to": [8.1085, 3.98, 8.9085],
			"rotation": {"angle": 0, "axis": "y", "origin": [8, 1.5, 8.4125]},
			"faces": {
				"north": {"uv": [9.5, 3, 10, 3.5], "texture": "#5"},
				"east": {"uv": [3.5, 9.5, 4, 10], "texture": "#5"},
				"south": {"uv": [9.5, 3.5, 10, 4], "texture": "#5"},
				"west": {"uv": [4, 9.5, 4.5, 10], "texture": "#5"},
				"up": {"uv": [10, 4.5, 9.5, 4], "texture": "#5"},
				"down": {"uv": [5, 9.5, 4.5, 10], "texture": "#5"}
			}
		},
		{
			"name": "Handle",
			"from": [7.8915, 2.74, 7.9165],
			"to": [8.1085, 3.98, 8.9085],
			"rotation": {"angle": -22.5, "axis": "y", "origin": [8, 1.5, 8.4125]},
			"faces": {
				"north": {"uv": [9.5, 4.5, 10, 5], "texture": "#5"},
				"east": {"uv": [5, 9.5, 5.5, 10], "texture": "#5"},
				"south": {"uv": [9.5, 5, 10, 5.5], "texture": "#5"},
				"west": {"uv": [5.5, 9.5, 6, 10], "texture": "#5"},
				"up": {"uv": [10, 6, 9.5, 5.5], "texture": "#5"},
				"down": {"uv": [6.5, 9.5, 6, 10], "texture": "#5"}
			}
		},
		{
			"name": "Handle",
			"from": [7.8915, 2.74, 7.9165],
			"to": [8.1085, 3.98, 8.9085],
			"rotation": {"angle": -45, "axis": "y", "origin": [8, 1.5, 8.4125]},
			"faces": {
				"north": {"uv": [9.5, 6, 10, 6.5], "texture": "#5"},
				"east": {"uv": [6.5, 9.5, 7, 10], "texture": "#5"},
				"south": {"uv": [9.5, 6.5, 10, 7], "texture": "#5"},
				"west": {"uv": [7, 9.5, 7.5, 10], "texture": "#5"},
				"up": {"uv": [10, 7.5, 9.5, 7], "texture": "#5"},
				"down": {"uv": [8, 9.5, 7.5, 10], "texture": "#5"}
			}
		},
		{
			"name": "Handle",
			"from": [7.504, 2.74, 8.304],
			"to": [8.496, 3.98, 8.521],
			"rotation": {"angle": 22.5, "axis": "y", "origin": [8, 1.5, 8.4125]},
			"faces": {
				"north": {"uv": [9.5, 7.5, 10, 8], "texture": "#5"},
				"east": {"uv": [8, 9.5, 8.5, 10], "texture": "#5"},
				"south": {"uv": [9.5, 8, 10, 8.5], "texture": "#5"},
				"west": {"uv": [8.5, 9.5, 9, 10], "texture": "#5"},
				"up": {"uv": [10, 9, 9.5, 8.5], "texture": "#5"},
				"down": {"uv": [9.5, 9.5, 9, 10], "texture": "#5"}
			}
		},
		{
			"name": "Handle",
			"from": [7.504, 8.24, 8.304],
			"to": [8.496, 9.48, 8.521],
			"rotation": {"angle": 0, "axis": "y", "origin": [8, 8.86, 8.4125]},
			"faces": {
				"north": {"uv": [9.5, 9, 10, 9.5], "texture": "#5"},
				"east": {"uv": [9.5, 9.5, 10, 10], "texture": "#5"},
				"south": {"uv": [0, 10, 0.5, 10.5], "texture": "#5"},
				"west": {"uv": [10, 0, 10.5, 0.5], "texture": "#5"},
				"up": {"uv": [1, 10.5, 0.5, 10], "texture": "#5"},
				"down": {"uv": [10.5, 0.5, 10, 1], "texture": "#5"}
			}
		},
		{
			"name": "Handle",
			"from": [7.504, 8.24, 8.304],
			"to": [8.496, 9.48, 8.521],
			"rotation": {"angle": 22.5, "axis": "x", "origin": [8, 8.86, 8.4125]},
			"faces": {
				"north": {"uv": [1, 10, 1.5, 10.5], "texture": "#5"},
				"east": {"uv": [10, 1, 10.5, 1.5], "texture": "#5"},
				"south": {"uv": [1.5, 10, 2, 10.5], "texture": "#5"},
				"west": {"uv": [10, 1.5, 10.5, 2], "texture": "#5"},
				"up": {"uv": [2.5, 10.5, 2, 10], "texture": "#5"},
				"down": {"uv": [10.5, 2, 10, 2.5], "texture": "#5"}
			}
		},
		{
			"name": "Handle",
			"from": [7.504, 8.24, 8.304],
			"to": [8.496, 9.48, 8.521],
			"rotation": {"angle": 45, "axis": "x", "origin": [8, 8.86, 8.4125]},
			"faces": {
				"north": {"uv": [2.5, 10, 3, 10.5], "texture": "#5"},
				"east": {"uv": [10, 2.5, 10.5, 3], "texture": "#5"},
				"south": {"uv": [3, 10, 3.5, 10.5], "texture": "#5"},
				"west": {"uv": [10, 3, 10.5, 3.5], "texture": "#5"},
				"up": {"uv": [4, 10.5, 3.5, 10], "texture": "#5"},
				"down": {"uv": [10.5, 3.5, 10, 4], "texture": "#5"}
			}
		},
		{
			"name": "Handle",
			"from": [7.504, 8.7515, 7.7925],
			"to": [8.496, 8.9685, 9.0325],
			"rotation": {"angle": -22.5, "axis": "x", "origin": [8, 8.86, 8.4125]},
			"faces": {
				"north": {"uv": [4, 10, 4.5, 10.5], "texture": "#5"},
				"east": {"uv": [10, 4, 10.5, 4.5], "texture": "#5"},
				"south": {"uv": [4.5, 10, 5, 10.5], "texture": "#5"},
				"west": {"uv": [10, 4.5, 10.5, 5], "texture": "#5"},
				"up": {"uv": [5.5, 10.5, 5, 10], "texture": "#5"},
				"down": {"uv": [10.5, 5, 10, 5.5], "texture": "#5"}
			}
		},
		{
			"name": "Handle",
			"from": [7.504, 8.7515, 7.7925],
			"to": [8.496, 8.9685, 9.0325],
			"rotation": {"angle": 0, "axis": "x", "origin": [8, 8.86, 8.4125]},
			"faces": {
				"north": {"uv": [5.5, 10, 6, 10.5], "texture": "#5"},
				"east": {"uv": [10, 5.5, 10.5, 6], "texture": "#5"},
				"south": {"uv": [6, 10, 6.5, 10.5], "texture": "#5"},
				"west": {"uv": [10, 6, 10.5, 6.5], "texture": "#5"},
				"up": {"uv": [7, 10.5, 6.5, 10], "texture": "#5"},
				"down": {"uv": [10.5, 6.5, 10, 7], "texture": "#5"}
			}
		},
		{
			"name": "Handle",
			"from": [7.504, 8.7515, 7.7925],
			"to": [8.496, 8.9685, 9.0325],
			"rotation": {"angle": 22.5, "axis": "x", "origin": [8, 8.86, 8.4125]},
			"faces": {
				"north": {"uv": [7, 10, 7.5, 10.5], "texture": "#5"},
				"east": {"uv": [10, 7, 10.5, 7.5], "texture": "#5"},
				"south": {"uv": [7.5, 10, 8, 10.5], "texture": "#5"},
				"west": {"uv": [10, 7.5, 10.5, 8], "texture": "#5"},
				"up": {"uv": [8.5, 10.5, 8, 10], "texture": "#5"},
				"down": {"uv": [10.5, 8, 10, 8.5], "texture": "#5"}
			}
		},
		{
			"name": "Handle",
			"from": [7.504, 8.7515, 7.7925],
			"to": [8.496, 8.9685, 9.0325],
			"rotation": {"angle": 45, "axis": "x", "origin": [8, 8.86, 8.4125]},
			"faces": {
				"north": {"uv": [8.5, 10, 9, 10.5], "texture": "#5"},
				"east": {"uv": [10, 8.5, 10.5, 9], "texture": "#5"},
				"south": {"uv": [9, 10, 9.5, 10.5], "texture": "#5"},
				"west": {"uv": [10, 9, 10.5, 9.5], "texture": "#5"},
				"up": {"uv": [10, 10.5, 9.5, 10], "texture": "#5"},
				"down": {"uv": [10.5, 9.5, 10, 10], "texture": "#5"}
			}
		},
		{
			"name": "Handle",
			"from": [7.504, 8.24, 8.304],
			"to": [8.496, 9.48, 8.521],
			"rotation": {"angle": -22.5, "axis": "x", "origin": [8, 8.86, 8.4125]},
			"faces": {
				"north": {"uv": [10, 10, 10.5, 10.5], "texture": "#5"},
				"east": {"uv": [0, 10.5, 0.5, 11], "texture": "#5"},
				"south": {"uv": [10.5, 0, 11, 0.5], "texture": "#5"},
				"west": {"uv": [0.5, 10.5, 1, 11], "texture": "#5"},
				"up": {"uv": [11, 1, 10.5, 0.5], "texture": "#5"},
				"down": {"uv": [1.5, 10.5, 1, 11], "texture": "#5"}
			}
		}
	],
	"display": {
		"thirdperson_righthand": {
			"translation": [0, 0, 1],
			"scale": [0.8, 1, 0.77]
		},
		"thirdperson_lefthand": {
			"translation": [0, 0, 1.5]
		},
		"firstperson_righthand": {
			"translation": [2, 0, 0],
			"scale": [1, 1, 0.86]
		},
		"firstperson_lefthand": {
			"translation": [3.75, 0, 0],
			"scale": [0.94, 1, 0.62]
		},
		"ground": {
			"rotation": [45, 0, 0],
			"translation": [0, 2, 0]
		},
		"gui": {
			"rotation": [-90, 139, 90],
			"translation": [-3.75, -2.75, 0],
			"scale": [0.82, 0.82, 0.82]
		}
	},
	"groups": [
		0,
		1,
		2,
		3,
		4,
		5,
		6,
		7,
		8,
		9,
		10,
		11,
		12,
		13,
		14,
		15,
		16,
		17,
		18,
		{
			"name": "handle",
			"origin": [8, 6, 8.4125],
			"color": 0,
			"children": [19, 20, 21, 22, 23, 24, 25, 26]
		},
		{
			"name": "handle",
			"origin": [8, 6, 8.4125],
			"color": 0,
			"children": [27, 28, 29, 30, 31, 32, 33, 34]
		},
		{
			"name": "handle",
			"origin": [8, 6, 8.4125],
			"color": 0,
			"children": [35, 36, 37, 38, 39, 40, 41, 42]
		},
		{
			"name": "jewel",
			"origin": [8, 1.5, 8.4125],
			"color": 0,
			"children": [43, 44, 45, 46, 47, 48, 49, 50]
		}
	]
}