{
	"__credit": "Generated using Animated Java (https://animated-java.dev/)",
	"textures": {
		"0": "shield_repo:weapontxtrs/iron"
	},
	"elements": [
		{
			"faces": {
				"north": {"uv": [7, 5.1875, 6.9375, 6], "texture": "#0"},
				"east": {"uv": [7, 5.1875, 6.90625, 6], "texture": "#0"},
				"south": {"uv": [7, 5.1875, 6.9375, 6], "texture": "#0"},
				"west": {"uv": [7, 5.1875, 6.90625, 6], "texture": "#0"},
				"up": {"uv": [7, 5.28125, 6.9375, 6], "texture": "#0"},
				"down": {"uv": [7, 5.28125, 6.9375, 6], "texture": "#0"}
			},
			"to": [8.64, 5.4, 11.2],
			"from": [7.36, 5, 6.8],
			"rotation": {"angle": 0, "axis": "y", "origin": [8, 5, 8]}
		},
		{
			"faces": {
				"north": {"uv": [7, 5.1875, 6.9375, 6], "texture": "#0"},
				"east": {"uv": [7, 5.1875, 6.90625, 6], "texture": "#0"},
				"south": {"uv": [7, 5.1875, 6.9375, 6], "texture": "#0"},
				"west": {"uv": [7, 5.1875, 6.90625, 6], "texture": "#0"},
				"up": {"uv": [7, 5.28125, 6.9375, 6], "texture": "#0"},
				"down": {"uv": [7, 5.28125, 6.9375, 6], "texture": "#0"}
			},
			"to": [8.64, 5.4, 11.2],
			"from": [7.36, 5, 6.8],
			"rotation": {"angle": 22.5, "axis": "y", "origin": [8, 5, 8]}
		},
		{
			"faces": {
				"north": {"uv": [7, 5.1875, 6.9375, 6], "texture": "#0"},
				"east": {"uv": [7, 5.1875, 6.90625, 6], "texture": "#0"},
				"south": {"uv": [7, 5.1875, 6.9375, 6], "texture": "#0"},
				"west": {"uv": [7, 5.1875, 6.90625, 6], "texture": "#0"},
				"up": {"uv": [7, 5.28125, 6.9375, 6], "texture": "#0"},
				"down": {"uv": [7, 5.28125, 6.9375, 6], "texture": "#0"}
			},
			"to": [8.64, 5.4, 11.2],
			"from": [7.36, 5, 6.8],
			"rotation": {"angle": 45, "axis": "y", "origin": [8, 5, 8]}
		},
		{
			"faces": {
				"north": {"uv": [7, 5.1875, 6.9375, 6], "texture": "#0"},
				"east": {"uv": [7, 5.1875, 6.90625, 6], "texture": "#0"},
				"south": {"uv": [7, 5.1875, 6.9375, 6], "texture": "#0"},
				"west": {"uv": [7, 5.1875, 6.90625, 6], "texture": "#0"},
				"up": {"uv": [7, 5.28125, 6.9375, 6], "texture": "#0"},
				"down": {"uv": [7, 5.28125, 6.9375, 6], "texture": "#0"}
			},
			"to": [11.2, 5.4, 8.64],
			"from": [6.8, 5, 7.36],
			"rotation": {"angle": -22.5, "axis": "y", "origin": [8, 5, 8]}
		},
		{
			"faces": {
				"north": {"uv": [7, 5.1875, 6.9375, 6], "texture": "#0"},
				"east": {"uv": [7, 5.1875, 6.90625, 6], "texture": "#0"},
				"south": {"uv": [7, 5.1875, 6.9375, 6], "texture": "#0"},
				"west": {"uv": [7, 5.1875, 6.90625, 6], "texture": "#0"},
				"up": {"uv": [7, 5.28125, 6.9375, 6], "texture": "#0"},
				"down": {"uv": [7, 5.28125, 6.9375, 6], "texture": "#0"}
			},
			"to": [10.8, 5.4, 8],
			"from": [5.2, 5, 7.44],
			"rotation": {"angle": 0, "axis": "y", "origin": [8, 5, 8]}
		},
		{
			"faces": {
				"north": {"uv": [7, 5.1875, 6.9375, 6], "texture": "#0"},
				"east": {"uv": [7, 5.1875, 6.90625, 6], "texture": "#0"},
				"south": {"uv": [7, 5.1875, 6.9375, 6], "texture": "#0"},
				"west": {"uv": [7, 5.1875, 6.90625, 6], "texture": "#0"},
				"up": {"uv": [7, 5.28125, 6.9375, 6], "texture": "#0"},
				"down": {"uv": [7, 5.28125, 6.9375, 6], "texture": "#0"}
			},
			"to": [9.2, 5.4, 8.64],
			"from": [4.8, 5, 7.36],
			"rotation": {"angle": 22.5, "axis": "y", "origin": [8, 5, 8]}
		},
		{
			"faces": {
				"north": {"uv": [7, 5.1875, 6.9375, 6], "texture": "#0"},
				"east": {"uv": [7, 5.1875, 6.90625, 6], "texture": "#0"},
				"south": {"uv": [7, 5.1875, 6.9375, 6], "texture": "#0"},
				"west": {"uv": [7, 5.1875, 6.90625, 6], "texture": "#0"},
				"up": {"uv": [7, 5.28125, 6.9375, 6], "texture": "#0"},
				"down": {"uv": [7, 5.28125, 6.9375, 6], "texture": "#0"}
			},
			"to": [9.2, 5.4, 8.64],
			"from": [4.8, 5, 7.36],
			"rotation": {"angle": 45, "axis": "y", "origin": [8, 5, 8]}
		},
		{
			"faces": {
				"north": {"uv": [7, 5.1875, 6.9375, 6], "texture": "#0"},
				"east": {"uv": [7, 5.1875, 6.90625, 6], "texture": "#0"},
				"south": {"uv": [7, 5.1875, 6.9375, 6], "texture": "#0"},
				"west": {"uv": [7, 5.1875, 6.90625, 6], "texture": "#0"},
				"up": {"uv": [7, 5.28125, 6.9375, 6], "texture": "#0"},
				"down": {"uv": [7, 5.28125, 6.9375, 6], "texture": "#0"}
			},
			"to": [8.64, 5.4, 11.2],
			"from": [7.36, 5, 6.8],
			"rotation": {"angle": -22.5, "axis": "y", "origin": [8, 5, 8]}
		},
		{
			"faces": {
				"north": {"uv": [7, 5.1875, 6.9375, 6], "texture": "#0"},
				"east": {"uv": [7, 5.1875, 6.90625, 6], "texture": "#0"},
				"south": {"uv": [7, 5.1875, 6.9375, 6], "texture": "#0"},
				"west": {"uv": [7, 5.1875, 6.90625, 6], "texture": "#0"},
				"up": {"uv": [7, 5.28125, 6.9375, 6], "texture": "#0"},
				"down": {"uv": [7, 5.28125, 6.9375, 6], "texture": "#0"}
			},
			"to": [11.2, 5.4, 8.64],
			"from": [4.8, 5, 8],
			"rotation": {"angle": 0, "axis": "y", "origin": [8, 5, 8]}
		},
		{
			"faces": {
				"north": {"uv": [7, 5.1875, 6.9375, 6], "texture": "#0"},
				"east": {"uv": [7, 5.1875, 6.90625, 6], "texture": "#0"},
				"south": {"uv": [7, 5.1875, 6.9375, 6], "texture": "#0"},
				"west": {"uv": [7, 5.1875, 6.90625, 6], "texture": "#0"},
				"up": {"uv": [7, 5.28125, 6.9375, 6], "texture": "#0"},
				"down": {"uv": [7, 5.28125, 6.9375, 6], "texture": "#0"}
			},
			"to": [10.8, 5.4, 8.56],
			"from": [7.2, 5, 7.44],
			"rotation": {"angle": 22.5, "axis": "y", "origin": [8, 5, 8]}
		},
		{
			"faces": {
				"north": {"uv": [7, 5.1875, 6.9375, 6], "texture": "#0"},
				"east": {"uv": [7, 5.1875, 6.90625, 6], "texture": "#0"},
				"south": {"uv": [7, 5.1875, 6.9375, 6], "texture": "#0"},
				"west": {"uv": [7, 5.1875, 6.90625, 6], "texture": "#0"},
				"up": {"uv": [7, 5.28125, 6.9375, 6], "texture": "#0"},
				"down": {"uv": [7, 5.28125, 6.9375, 6], "texture": "#0"}
			},
			"to": [10.8, 5.4, 8.56],
			"from": [7.2, 5, 7.44],
			"rotation": {"angle": 45, "axis": "y", "origin": [8, 5, 8]}
		},
		{
			"faces": {
				"north": {"uv": [7, 5.1875, 6.9375, 6], "texture": "#0"},
				"east": {"uv": [7, 5.1875, 6.90625, 6], "texture": "#0"},
				"south": {"uv": [7, 5.1875, 6.9375, 6], "texture": "#0"},
				"west": {"uv": [7, 5.1875, 6.90625, 6], "texture": "#0"},
				"up": {"uv": [7, 5.28125, 6.9375, 6], "texture": "#0"},
				"down": {"uv": [7, 5.28125, 6.9375, 6], "texture": "#0"}
			},
			"to": [8.56, 5.4, 8.8],
			"from": [7.44, 5, 5.2],
			"rotation": {"angle": -22.5, "axis": "y", "origin": [8, 5, 8]}
		},
		{
			"faces": {
				"north": {"uv": [7, 5.1875, 6.9375, 6], "texture": "#0"},
				"east": {"uv": [7, 5.1875, 6.90625, 6], "texture": "#0"},
				"south": {"uv": [7, 5.1875, 6.9375, 6], "texture": "#0"},
				"west": {"uv": [7, 5.1875, 6.90625, 6], "texture": "#0"},
				"up": {"uv": [7, 5.28125, 6.9375, 6], "texture": "#0"},
				"down": {"uv": [7, 5.28125, 6.9375, 6], "texture": "#0"}
			},
			"to": [8.56, 5.4, 8.8],
			"from": [7.44, 5, 5.2],
			"rotation": {"angle": 0, "axis": "y", "origin": [8, 5, 8]}
		},
		{
			"faces": {
				"north": {"uv": [7, 5.1875, 6.9375, 6], "texture": "#0"},
				"east": {"uv": [7, 5.1875, 6.90625, 6], "texture": "#0"},
				"south": {"uv": [7, 5.1875, 6.9375, 6], "texture": "#0"},
				"west": {"uv": [7, 5.1875, 6.90625, 6], "texture": "#0"},
				"up": {"uv": [7, 5.28125, 6.9375, 6], "texture": "#0"},
				"down": {"uv": [7, 5.28125, 6.9375, 6], "texture": "#0"}
			},
			"to": [8.56, 5.4, 8.8],
			"from": [7.44, 5, 5.2],
			"rotation": {"angle": 22.5, "axis": "y", "origin": [8, 5, 8]}
		},
		{
			"faces": {
				"north": {"uv": [7, 5.1875, 6.9375, 6], "texture": "#0"},
				"east": {"uv": [7, 5.1875, 6.90625, 6], "texture": "#0"},
				"south": {"uv": [7, 5.1875, 6.9375, 6], "texture": "#0"},
				"west": {"uv": [7, 5.1875, 6.90625, 6], "texture": "#0"},
				"up": {"uv": [7, 5.28125, 6.9375, 6], "texture": "#0"},
				"down": {"uv": [7, 5.28125, 6.9375, 6], "texture": "#0"}
			},
			"to": [8.56, 5.4, 8.8],
			"from": [7.44, 5, 5.2],
			"rotation": {"angle": 45, "axis": "y", "origin": [8, 5, 8]}
		},
		{
			"faces": {
				"north": {"uv": [7, 5.1875, 6.9375, 6], "texture": "#0"},
				"east": {"uv": [7, 5.1875, 6.90625, 6], "texture": "#0"},
				"south": {"uv": [7, 5.1875, 6.9375, 6], "texture": "#0"},
				"west": {"uv": [7, 5.1875, 6.90625, 6], "texture": "#0"},
				"up": {"uv": [7, 5.28125, 6.9375, 6], "texture": "#0"},
				"down": {"uv": [7, 5.28125, 6.9375, 6], "texture": "#0"}
			},
			"to": [8.8, 5.4, 8.56],
			"from": [5.2, 5, 7.44],
			"rotation": {"angle": -22.5, "axis": "y", "origin": [8, 5, 8]}
		}
	],
	"display": {
		"head": {
			"translation": [0, 5.6, 0],
			"scale": [4, 4, 4],
			"rotation": [0, 0, 0]
		}
	}
}