{
	"__credit": "Generated using Animated Java (https://animated-java.dev/)",
	"textures": {
		"0": "shield_repo:weapontxtrs/iron"
	},
	"elements": [
		{
			"faces": {
				"north": {"uv": [5, 4.1875, 4.9375, 5], "texture": "#0"},
				"east": {"uv": [5, 4.1875, 4.90625, 5], "texture": "#0"},
				"south": {"uv": [5, 4.1875, 4.9375, 5], "texture": "#0"},
				"west": {"uv": [5, 4.1875, 4.90625, 5], "texture": "#0"},
				"up": {"uv": [5, 4.28125, 4.9375, 5], "texture": "#0"},
				"down": {"uv": [5, 4.28125, 4.9375, 5], "texture": "#0"}
			},
			"to": [8.6, 24.6, 8.52],
			"from": [7.4, 21.8, 7.48],
			"rotation": {"angle": 0, "axis": "y", "origin": [8, 5, 8]}
		}
	],
	"display": {
		"head": {
			"translation": [0, 5.6, 0],
			"scale": [4, 4, 4],
			"rotation": [0, 0, 0]
		}
	}
}