{
	"__credit": "Generated using Animated Java (https://animated-java.dev/)",
	"textures": {
		"0": "shield_repo:weapontxtrs/iron"
	},
	"elements": [
		{
			"faces": {
				"north": {"uv": [5, 2.1875, 4.9375, 3], "texture": "#0"},
				"east": {"uv": [5, 2.1875, 4.90625, 3], "texture": "#0"},
				"south": {"uv": [5, 2.1875, 4.9375, 3], "texture": "#0"},
				"west": {"uv": [5, 2.1875, 4.90625, 3], "texture": "#0"},
				"up": {"uv": [5, 2.28125, 4.9375, 3], "texture": "#0"},
				"down": {"uv": [5, 2.28125, 4.9375, 3], "texture": "#0"}
			},
			"to": [8.2, 5.4, 11.8],
			"from": [7.8, 5, 11.2],
			"rotation": {"angle": 0, "axis": "y", "origin": [8, 5, 8]}
		},
		{
			"faces": {
				"north": {"uv": [5, 2.1875, 4.9375, 3], "texture": "#0"},
				"east": {"uv": [5, 2.1875, 4.90625, 3], "texture": "#0"},
				"south": {"uv": [5, 2.1875, 4.9375, 3], "texture": "#0"},
				"west": {"uv": [5, 2.1875, 4.90625, 3], "texture": "#0"},
				"up": {"uv": [5, 2.28125, 4.9375, 3], "texture": "#0"},
				"down": {"uv": [5, 2.28125, 4.9375, 3], "texture": "#0"}
			},
			"to": [8.12, 5.32, 12.2],
			"from": [7.88, 5.08, 11.8],
			"rotation": {"angle": 0, "axis": "y", "origin": [8, 5, 8]}
		},
		{
			"faces": {
				"north": {"uv": [5, 2.1875, 4.9375, 3], "texture": "#0"},
				"east": {"uv": [5, 2.1875, 4.90625, 3], "texture": "#0"},
				"south": {"uv": [5, 2.1875, 4.9375, 3], "texture": "#0"},
				"west": {"uv": [5, 2.1875, 4.90625, 3], "texture": "#0"},
				"up": {"uv": [5, 2.28125, 4.9375, 3], "texture": "#0"},
				"down": {"uv": [5, 2.28125, 4.9375, 3], "texture": "#0"}
			},
			"to": [8.04, 5.24, 12.4],
			"from": [7.96, 5.16, 12.2],
			"rotation": {"angle": 0, "axis": "y", "origin": [8, 5, 8]}
		}
	],
	"display": {
		"head": {
			"translation": [0, 5.6, 0],
			"scale": [4, 4, 4],
			"rotation": [0, 0, 0]
		}
	}
}