{
	"format_version": "1.8.0",
	"animations": {
		"first.snap": {
			"loop": true,
			"animation_length": 0.6,
			"bones": {
				"jaw1": {
					"rotation": {
						"0.0": [0, 0, 0],
						"0.2": [90, 0, 0]
					},
					"position": {
						"0.0": [0, 0, 7.83333],
						"0.2": [0, 8, -1.00333]
					}
				},
				"jaw2": {
					"rotation": {
						"0.0": [0, 0, 0],
						"0.2": [90, 0, 0]
					},
					"position": {
						"0.0": [0, 0, -7.83333],
						"0.2": [0, 8, 1.07833]
					}
				},
				"jaw3": {
					"rotation": {
						"0.1": [0, 0, 0],
						"0.4": [90, 0, 0]
					},
					"position": {
						"0.0": [0, 0, -12.83333],
						"0.1": [0, 0, -12.83],
						"0.4": [0, 13, 0.50333]
					}
				},
				"jaw4": {
					"rotation": {
						"0.1": [0, 0, 0],
						"0.4": [90, 0, 0]
					},
					"position": {
						"0.0": [0, 0, 11.04167],
						"0.1": [0, 0, 11.04],
						"0.4": [0, 11.16667, -0.46]
					}
				},
				"jaw5": {
					"rotation": {
						"0.2": [0, 0, 0],
						"0.5": [90, 0, 0]
					},
					"position": {
						"0.0": [0, 0, 6.475],
						"0.2": [0, 0, 6.48],
						"0.5": [0, 10.575, -4.62]
					}
				},
				"jaw6": {
					"rotation": {
						"0.2": [0, 0, 0],
						"0.5": [90, 0, 0]
					},
					"position": {
						"0.0": [0, 0, -10.875],
						"0.2": [0, 0, -10.87],
						"0.5": [0, 15.425, 4.98]
					}
				}
			}
		}
	}
}