{
	"__credit": "Generated using Animated Java (https://animated-java.dev/)",
	"textures": {
		"0": "shield_repo:iron"
	},
	"elements": [
		{
			"faces": {
				"north": {"uv": [4, 6, 9, 8], "texture": "#0"},
				"east": {"uv": [4, 6, 9, 8], "texture": "#0"},
				"south": {"uv": [4, 6, 9, 8], "texture": "#0"},
				"west": {"uv": [4, 6, 9, 8], "texture": "#0"},
				"up": {"uv": [4, 6, 9, 8], "texture": "#0"},
				"down": {"uv": [4, 6, 9, 8], "texture": "#0"}
			},
			"to": [9.19464, 4.8108, 9.56798],
			"from": [6.79464, 4.0108, 8.76798],
			"rotation": {"angle": 0, "axis": "y", "origin": [7.99464, 4.0108, 5.56798]}
		},
		{
			"faces": {
				"north": {"uv": [4, 6, 9, 8], "texture": "#0"},
				"east": {"uv": [4, 6, 9, 8], "texture": "#0"},
				"south": {"uv": [4, 6, 9, 8], "texture": "#0"},
				"west": {"uv": [4, 6, 9, 8], "texture": "#0"},
				"up": {"uv": [4, 6, 9, 8], "texture": "#0"},
				"down": {"uv": [4, 6, 9, 8], "texture": "#0"}
			},
			"to": [6.86464, 4.8108, 9.11798],
			"from": [4.46464, 4.0108, 8.31798],
			"rotation": {"angle": -22.5, "axis": "y", "origin": [5.73464, 4.4108, 9.16798]}
		},
		{
			"faces": {
				"north": {"uv": [4, 6, 9, 8], "texture": "#0"},
				"east": {"uv": [4, 6, 9, 8], "texture": "#0"},
				"south": {"uv": [4, 6, 9, 8], "texture": "#0"},
				"west": {"uv": [4, 6, 9, 8], "texture": "#0"},
				"up": {"uv": [4, 6, 9, 8], "texture": "#0"},
				"down": {"uv": [4, 6, 9, 8], "texture": "#0"}
			},
			"to": [11.00218, 4.8108, 10.78544],
			"from": [8.60218, 4.0108, 9.98544],
			"rotation": {"angle": 22.5, "axis": "y", "origin": [5.84218, 4.4108, 8.72544]}
		},
		{
			"faces": {
				"north": {"uv": [4, 6, 9, 8], "texture": "#0"},
				"east": {"uv": [4, 6, 9, 8], "texture": "#0"},
				"south": {"uv": [4, 6, 9, 8], "texture": "#0"},
				"west": {"uv": [4, 6, 9, 8], "texture": "#0"},
				"up": {"uv": [4, 6, 9, 8], "texture": "#0"},
				"down": {"uv": [4, 6, 9, 8], "texture": "#0"}
			},
			"to": [4.87351, 4.8108, 9.05628],
			"from": [4.07351, 4.0108, 7.02628],
			"rotation": {"angle": 22.5, "axis": "y", "origin": [3.25684, 4.4108, 7.61628]}
		},
		{
			"faces": {
				"north": {"uv": [4, 6, 9, 8], "texture": "#0"},
				"east": {"uv": [4, 6, 9, 8], "texture": "#0"},
				"south": {"uv": [4, 6, 9, 8], "texture": "#0"},
				"west": {"uv": [4, 6, 9, 8], "texture": "#0"},
				"up": {"uv": [4, 6, 9, 8], "texture": "#0"},
				"down": {"uv": [4, 6, 9, 8], "texture": "#0"}
			},
			"to": [11.30353, 4.8108, 5.93833],
			"from": [10.50353, 4.0108, 3.90833],
			"rotation": {"angle": -22.5, "axis": "y", "origin": [4.54353, 4.4108, 7.54333]}
		},
		{
			"faces": {
				"north": {"uv": [4, 6, 9, 8], "texture": "#0"},
				"east": {"uv": [4, 6, 9, 8], "texture": "#0"},
				"south": {"uv": [4, 6, 9, 8], "texture": "#0"},
				"west": {"uv": [4, 6, 9, 8], "texture": "#0"},
				"up": {"uv": [4, 6, 9, 8], "texture": "#0"},
				"down": {"uv": [4, 6, 9, 8], "texture": "#0"}
			},
			"to": [4.59353, 4.8108, 6.76833],
			"from": [3.79353, 4.0108, 4.73833],
			"rotation": {"angle": 0, "axis": "y", "origin": [4.54353, 4.4108, 7.54333]}
		},
		{
			"faces": {
				"north": {"uv": [4, 6, 9, 8], "texture": "#0"},
				"east": {"uv": [4, 6, 9, 8], "texture": "#0"},
				"south": {"uv": [4, 6, 9, 8], "texture": "#0"},
				"west": {"uv": [4, 6, 9, 8], "texture": "#0"},
				"up": {"uv": [4, 6, 9, 8], "texture": "#0"},
				"down": {"uv": [4, 6, 9, 8], "texture": "#0"}
			},
			"to": [12.18353, 4.8108, 6.76833],
			"from": [11.38353, 4.0108, 4.73833],
			"rotation": {"angle": 0, "axis": "y", "origin": [4.19353, 4.4108, 5.75333]}
		},
		{
			"faces": {
				"north": {"uv": [0, 0, 1, 2], "texture": "#0"},
				"east": {"uv": [0, 0, 1.1, 2], "texture": "#0"},
				"south": {"uv": [0, 0, 1, 2], "texture": "#0"},
				"west": {"uv": [0, 0, 1.1, 2], "texture": "#0"},
				"up": {"uv": [0, 0, 1, 1.1], "texture": "#0"},
				"down": {"uv": [0, 0, 1, 1.1], "texture": "#0"}
			},
			"to": [11.83464, 5.73747, 5.90198],
			"from": [11.59464, 5.25747, 5.63798],
			"rotation": {"angle": 0, "axis": "y", "origin": [9.41464, 5.49747, 7.28798]}
		},
		{
			"faces": {
				"north": {"uv": [3, 1, 4, 3], "texture": "#0"},
				"east": {"uv": [1, 4, 2.1, 6], "texture": "#0"},
				"south": {"uv": [2, 3, 3, 5], "texture": "#0"},
				"west": {"uv": [2, 7, 3.1, 9], "texture": "#0"},
				"up": {"uv": [10, 1, 11, 2.1], "texture": "#0"},
				"down": {"uv": [4, 10, 5, 11.1], "texture": "#0"}
			},
			"to": [8.26464, 5.27747, 9.34798],
			"from": [7.86464, 4.47747, 8.90798],
			"rotation": {"angle": 0, "axis": "y", "origin": [7.99464, 4.0108, 4.39464]}
		},
		{
			"faces": {
				"north": {"uv": [3, 1, 4, 3], "texture": "#0"},
				"east": {"uv": [1, 4, 2.1, 6], "texture": "#0"},
				"south": {"uv": [2, 3, 3, 5], "texture": "#0"},
				"west": {"uv": [2, 7, 3.1, 9], "texture": "#0"},
				"up": {"uv": [10, 1, 11, 2.1], "texture": "#0"},
				"down": {"uv": [4, 10, 5, 11.1], "texture": "#0"}
			},
			"to": [9.25464, 5.27747, 9.34798],
			"from": [8.85464, 4.47747, 8.90798],
			"rotation": {"angle": 0, "axis": "y", "origin": [7.99464, 4.0108, 4.39464]}
		},
		{
			"faces": {
				"north": {"uv": [3, 1, 4, 3], "texture": "#0"},
				"east": {"uv": [1, 4, 2.1, 6], "texture": "#0"},
				"south": {"uv": [2, 3, 3, 5], "texture": "#0"},
				"west": {"uv": [2, 7, 3.1, 9], "texture": "#0"},
				"up": {"uv": [10, 1, 11, 2.1], "texture": "#0"},
				"down": {"uv": [4, 10, 5, 11.1], "texture": "#0"}
			},
			"to": [11.94464, 5.27747, 5.98798],
			"from": [11.54464, 4.47747, 5.54798],
			"rotation": {"angle": 0, "axis": "y", "origin": [7.99464, 4.0108, 4.39464]}
		},
		{
			"faces": {
				"north": {"uv": [3, 1, 4, 3], "texture": "#0"},
				"east": {"uv": [1, 4, 2.1, 6], "texture": "#0"},
				"south": {"uv": [2, 3, 3, 5], "texture": "#0"},
				"west": {"uv": [2, 7, 3.1, 9], "texture": "#0"},
				"up": {"uv": [10, 1, 11, 2.1], "texture": "#0"},
				"down": {"uv": [4, 10, 5, 11.1], "texture": "#0"}
			},
			"to": [4.44464, 5.27747, 5.98798],
			"from": [4.04464, 4.47747, 5.54798],
			"rotation": {"angle": 0, "axis": "y", "origin": [7.99464, 4.0108, 4.39464]}
		},
		{
			"faces": {
				"north": {"uv": [3, 1, 4, 3], "texture": "#0"},
				"east": {"uv": [1, 4, 2.1, 6], "texture": "#0"},
				"south": {"uv": [2, 3, 3, 5], "texture": "#0"},
				"west": {"uv": [2, 7, 3.1, 9], "texture": "#0"},
				"up": {"uv": [10, 1, 11, 2.1], "texture": "#0"},
				"down": {"uv": [4, 10, 5, 11.1], "texture": "#0"}
			},
			"to": [10.25464, 5.27747, 9.37798],
			"from": [9.85464, 4.47747, 8.93798],
			"rotation": {"angle": 22.5, "axis": "y", "origin": [9.05464, 4.87747, 9.12798]}
		},
		{
			"faces": {
				"north": {"uv": [3, 1, 4, 3], "texture": "#0"},
				"east": {"uv": [1, 4, 2.1, 6], "texture": "#0"},
				"south": {"uv": [2, 3, 3, 5], "texture": "#0"},
				"west": {"uv": [2, 7, 3.1, 9], "texture": "#0"},
				"up": {"uv": [10, 1, 11, 2.1], "texture": "#0"},
				"down": {"uv": [4, 10, 5, 11.1], "texture": "#0"}
			},
			"to": [11.25856, 5.27747, 8.58354],
			"from": [10.85856, 4.47747, 8.14354],
			"rotation": {"angle": 45, "axis": "y", "origin": [10.97856, 4.87747, 8.36354]}
		},
		{
			"faces": {
				"north": {"uv": [3, 1, 4.1, 3], "texture": "#0"},
				"east": {"uv": [1, 4, 2, 6], "texture": "#0"},
				"south": {"uv": [2, 3, 3.1, 5], "texture": "#0"},
				"west": {"uv": [2, 7, 3, 9], "texture": "#0"},
				"up": {"uv": [10, 1, 11, 2.1], "rotation": 270, "texture": "#0"},
				"down": {"uv": [4, 10, 5, 11.1], "rotation": 90, "texture": "#0"}
			},
			"to": [11.24856, 5.27747, 7.10354],
			"from": [10.80856, 4.47747, 6.70354],
			"rotation": {"angle": -22.5, "axis": "y", "origin": [10.97856, 4.87747, 8.36354]}
		},
		{
			"faces": {
				"north": {"uv": [3, 1, 4, 3], "texture": "#0"},
				"east": {"uv": [1, 4, 2.1, 6], "texture": "#0"},
				"south": {"uv": [2, 3, 3, 5], "texture": "#0"},
				"west": {"uv": [2, 7, 3.1, 9], "texture": "#0"},
				"up": {"uv": [10, 1, 11, 2.1], "texture": "#0"},
				"down": {"uv": [4, 10, 5, 11.1], "texture": "#0"}
			},
			"to": [7.21464, 5.27747, 9.34798],
			"from": [6.81464, 4.47747, 8.90798],
			"rotation": {"angle": 0, "axis": "y", "origin": [7.99464, 4.0108, 4.39464]}
		},
		{
			"faces": {
				"north": {"uv": [3, 1, 4, 3], "texture": "#0"},
				"east": {"uv": [1, 4, 2.1, 6], "texture": "#0"},
				"south": {"uv": [2, 3, 3, 5], "texture": "#0"},
				"west": {"uv": [2, 7, 3.1, 9], "texture": "#0"},
				"up": {"uv": [10, 1, 11, 2.1], "texture": "#0"},
				"down": {"uv": [4, 10, 5, 11.1], "texture": "#0"}
			},
			"to": [6.17464, 5.27747, 9.43798],
			"from": [5.77464, 4.47747, 8.99798],
			"rotation": {"angle": -22.5, "axis": "y", "origin": [7.01464, 4.87747, 9.12798]}
		},
		{
			"faces": {
				"north": {"uv": [3, 1, 4, 3], "texture": "#0"},
				"east": {"uv": [1, 4, 2.1, 6], "texture": "#0"},
				"south": {"uv": [2, 3, 3, 5], "texture": "#0"},
				"west": {"uv": [2, 7, 3.1, 9], "texture": "#0"},
				"up": {"uv": [10, 1, 11, 2.1], "texture": "#0"},
				"down": {"uv": [4, 10, 5, 11.1], "texture": "#0"}
			},
			"to": [5.11006, 5.27747, 8.62749],
			"from": [4.71006, 4.47747, 8.18749],
			"rotation": {"angle": -45, "axis": "y", "origin": [5.04006, 4.87747, 8.40749]}
		},
		{
			"faces": {
				"north": {"uv": [3, 1, 4.1, 3], "texture": "#0"},
				"east": {"uv": [1, 4, 2, 6], "texture": "#0"},
				"south": {"uv": [2, 3, 3.1, 5], "texture": "#0"},
				"west": {"uv": [2, 7, 3, 9], "texture": "#0"},
				"up": {"uv": [10, 1, 11, 2.1], "rotation": 90, "texture": "#0"},
				"down": {"uv": [4, 10, 5, 11.1], "rotation": 270, "texture": "#0"}
			},
			"to": [5.0945, 5.27747, 7.19434],
			"from": [4.6545, 4.47747, 6.79434],
			"rotation": {"angle": 22.5, "axis": "y", "origin": [5.0745, 4.87747, 8.32434]}
		},
		{
			"faces": {
				"north": {"uv": [0, 0, 1, 2], "texture": "#0"},
				"east": {"uv": [0, 0, 1.1, 2], "texture": "#0"},
				"south": {"uv": [0, 0, 1, 2], "texture": "#0"},
				"west": {"uv": [0, 0, 1.1, 2], "texture": "#0"},
				"up": {"uv": [0, 0, 1, 1.1], "texture": "#0"},
				"down": {"uv": [0, 0, 1, 1.1], "texture": "#0"}
			},
			"to": [4.34464, 5.73747, 5.92198],
			"from": [4.10464, 5.25747, 5.65798],
			"rotation": {"angle": 0, "axis": "y", "origin": [6.55464, 5.49747, 7.33798]}
		},
		{
			"faces": {
				"north": {"uv": [0, 0, 1.1, 2], "texture": "#0"},
				"east": {"uv": [0, 0, 1, 2], "texture": "#0"},
				"south": {"uv": [0, 0, 1.1, 2], "texture": "#0"},
				"west": {"uv": [0, 0, 1, 2], "texture": "#0"},
				"up": {"uv": [0, 0, 1, 1.1], "rotation": 90, "texture": "#0"},
				"down": {"uv": [0, 0, 1, 1.1], "rotation": 270, "texture": "#0"}
			},
			"to": [4.7467, 5.73747, 6.47528],
			"from": [4.4827, 5.25747, 6.23528],
			"rotation": {"angle": 22.5, "axis": "y", "origin": [6.55464, 5.49747, 7.33798]}
		},
		{
			"faces": {
				"north": {"uv": [0, 0, 1, 2], "texture": "#0"},
				"east": {"uv": [0, 0, 1.1, 2], "texture": "#0"},
				"south": {"uv": [0, 0, 1, 2], "texture": "#0"},
				"west": {"uv": [0, 0, 1.1, 2], "texture": "#0"},
				"up": {"uv": [0, 0, 1, 1.1], "texture": "#0"},
				"down": {"uv": [0, 0, 1, 1.1], "texture": "#0"}
			},
			"to": [5.97021, 5.73747, 9.60059],
			"from": [5.73021, 5.25747, 9.33659],
			"rotation": {"angle": -45, "axis": "y", "origin": [6.77464, 5.49747, 7.80798]}
		},
		{
			"faces": {
				"north": {"uv": [0, 0, 1, 2], "texture": "#0"},
				"east": {"uv": [0, 0, 1.1, 2], "texture": "#0"},
				"south": {"uv": [0, 0, 1, 2], "texture": "#0"},
				"west": {"uv": [0, 0, 1.1, 2], "texture": "#0"},
				"up": {"uv": [0, 0, 1, 1.1], "texture": "#0"},
				"down": {"uv": [0, 0, 1, 1.1], "texture": "#0"}
			},
			"to": [6.54315, 5.73747, 9.33027],
			"from": [6.30315, 5.25747, 9.06627],
			"rotation": {"angle": -22.5, "axis": "y", "origin": [7.20464, 5.49747, 7.98798]}
		},
		{
			"faces": {
				"north": {"uv": [0, 0, 1, 2], "texture": "#0"},
				"east": {"uv": [0, 0, 1.1, 2], "texture": "#0"},
				"south": {"uv": [0, 0, 1, 2], "texture": "#0"},
				"west": {"uv": [0, 0, 1.1, 2], "texture": "#0"},
				"up": {"uv": [0, 0, 1, 1.1], "texture": "#0"},
				"down": {"uv": [0, 0, 1, 1.1], "texture": "#0"}
			},
			"to": [7.12664, 5.73747, 9.26798],
			"from": [6.88664, 5.25747, 9.00398],
			"rotation": {"angle": 0, "axis": "y", "origin": [7.59464, 5.49747, 8.12798]}
		},
		{
			"faces": {
				"north": {"uv": [0, 0, 1, 2], "texture": "#0"},
				"east": {"uv": [0, 0, 1.1, 2], "texture": "#0"},
				"south": {"uv": [0, 0, 1, 2], "texture": "#0"},
				"west": {"uv": [0, 0, 1.1, 2], "texture": "#0"},
				"up": {"uv": [0, 0, 1, 1.1], "texture": "#0"},
				"down": {"uv": [0, 0, 1, 1.1], "texture": "#0"}
			},
			"to": [8.18664, 5.73747, 9.26798],
			"from": [7.94664, 5.25747, 9.00398],
			"rotation": {"angle": 0, "axis": "y", "origin": [8.02464, 5.49747, 8.12798]}
		},
		{
			"faces": {
				"north": {"uv": [0, 0, 1, 2], "texture": "#0"},
				"east": {"uv": [0, 0, 1.1, 2], "texture": "#0"},
				"south": {"uv": [0, 0, 1, 2], "texture": "#0"},
				"west": {"uv": [0, 0, 1.1, 2], "texture": "#0"},
				"up": {"uv": [0, 0, 1, 1.1], "texture": "#0"},
				"down": {"uv": [0, 0, 1, 1.1], "texture": "#0"}
			},
			"to": [9.15064, 5.73747, 9.26798],
			"from": [8.91064, 5.25747, 9.00398],
			"rotation": {"angle": 0, "axis": "y", "origin": [8.39464, 5.49747, 8.12798]}
		},
		{
			"faces": {
				"north": {"uv": [0, 0, 1, 2], "texture": "#0"},
				"east": {"uv": [0, 0, 1.1, 2], "texture": "#0"},
				"south": {"uv": [0, 0, 1, 2], "texture": "#0"},
				"west": {"uv": [0, 0, 1.1, 2], "texture": "#0"},
				"up": {"uv": [0, 0, 1, 1.1], "texture": "#0"},
				"down": {"uv": [0, 0, 1, 1.1], "texture": "#0"}
			},
			"to": [9.72649, 5.73747, 9.29264],
			"from": [9.48649, 5.25747, 9.02864],
			"rotation": {"angle": 22.5, "axis": "y", "origin": [8.80464, 5.49747, 7.96798]}
		},
		{
			"faces": {
				"north": {"uv": [0, 0, 1, 2], "texture": "#0"},
				"east": {"uv": [0, 0, 1.1, 2], "texture": "#0"},
				"south": {"uv": [0, 0, 1, 2], "texture": "#0"},
				"west": {"uv": [0, 0, 1.1, 2], "texture": "#0"},
				"up": {"uv": [0, 0, 1, 1.1], "texture": "#0"},
				"down": {"uv": [0, 0, 1, 1.1], "texture": "#0"}
			},
			"to": [10.26017, 5.73747, 9.55438],
			"from": [10.02017, 5.25747, 9.29038],
			"rotation": {"angle": 45, "axis": "y", "origin": [9.21464, 5.49747, 7.76798]}
		},
		{
			"faces": {
				"north": {"uv": [0, 0, 1.1, 2], "texture": "#0"},
				"east": {"uv": [0, 0, 1, 2], "texture": "#0"},
				"south": {"uv": [0, 0, 1.1, 2], "texture": "#0"},
				"west": {"uv": [0, 0, 1, 2], "texture": "#0"},
				"up": {"uv": [0, 0, 1, 1.1], "rotation": 270, "texture": "#0"},
				"down": {"uv": [0, 0, 1, 1.1], "rotation": 90, "texture": "#0"}
			},
			"to": [11.44093, 5.73747, 6.35436],
			"from": [11.17693, 5.25747, 6.11436],
			"rotation": {"angle": -22.5, "axis": "y", "origin": [9.41464, 5.49747, 7.28798]}
		}
	],
	"display": {
		"head": {
			"translation": [0, 5.6, 0],
			"scale": [4, 4, 4],
			"rotation": [0, 0, 0]
		}
	}
}