{
	"__credit": "Generated using Animated Java (https://animated-java.dev/)",
	"textures": {
		"0": "shield_repo:iron"
	},
	"elements": [
		{
			"faces": {
				"north": {"uv": [4, 6, 9, 8], "texture": "#0"},
				"east": {"uv": [4, 6, 9, 8], "texture": "#0"},
				"south": {"uv": [4, 6, 9, 8], "texture": "#0"},
				"west": {"uv": [4, 6, 9, 8], "texture": "#0"},
				"up": {"uv": [4, 6, 9, 8], "texture": "#0"},
				"down": {"uv": [4, 6, 9, 8], "texture": "#0"}
			},
			"to": [9.19464, 4.8108, 9.51906],
			"from": [6.79464, 4.0108, 8.71906],
			"rotation": {"angle": 0, "axis": "y", "origin": [7.98853, 4.95414, 7.41173]}
		},
		{
			"faces": {
				"north": {"uv": [4, 6, 9, 8], "texture": "#0"},
				"east": {"uv": [4, 6, 9, 8], "texture": "#0"},
				"south": {"uv": [4, 6, 9, 8], "texture": "#0"},
				"west": {"uv": [4, 6, 9, 8], "texture": "#0"},
				"up": {"uv": [4, 6, 9, 8], "texture": "#0"},
				"down": {"uv": [4, 6, 9, 8], "texture": "#0"}
			},
			"to": [7.68958, 4.8108, 9.80162],
			"from": [5.28958, 4.0108, 9.00162],
			"rotation": {"angle": -22.5, "axis": "y", "origin": [7.98853, 4.95414, 7.41173]}
		},
		{
			"faces": {
				"north": {"uv": [4, 6, 9, 8], "texture": "#0"},
				"east": {"uv": [4, 6, 9, 8], "texture": "#0"},
				"south": {"uv": [4, 6, 9, 8], "texture": "#0"},
				"west": {"uv": [4, 6, 9, 8], "texture": "#0"},
				"up": {"uv": [4, 6, 9, 8], "texture": "#0"},
				"down": {"uv": [4, 6, 9, 8], "texture": "#0"}
			},
			"to": [10.68155, 4.8108, 9.81887],
			"from": [8.28155, 4.0108, 9.01887],
			"rotation": {"angle": 22.5, "axis": "y", "origin": [7.98853, 4.95414, 7.41173]}
		},
		{
			"faces": {
				"north": {"uv": [4, 6, 9, 8], "texture": "#0"},
				"east": {"uv": [4, 6, 9, 8], "texture": "#0"},
				"south": {"uv": [4, 6, 9, 8], "texture": "#0"},
				"west": {"uv": [4, 6, 9, 8], "texture": "#0"},
				"up": {"uv": [4, 6, 9, 8], "texture": "#0"},
				"down": {"uv": [4, 6, 9, 8], "texture": "#0"}
			},
			"to": [5.17413, 4.8108, 7.18477],
			"from": [4.37413, 4.0108, 5.15477],
			"rotation": {"angle": 22.5, "axis": "y", "origin": [7.98853, 4.95414, 7.41173]}
		},
		{
			"faces": {
				"north": {"uv": [4, 6, 9, 8], "texture": "#0"},
				"east": {"uv": [4, 6, 9, 8], "texture": "#0"},
				"south": {"uv": [4, 6, 9, 8], "texture": "#0"},
				"west": {"uv": [4, 6, 9, 8], "texture": "#0"},
				"up": {"uv": [4, 6, 9, 8], "texture": "#0"},
				"down": {"uv": [4, 6, 9, 8], "texture": "#0"}
			},
			"to": [11.59741, 4.8108, 7.20146],
			"from": [10.79741, 4.0108, 5.17146],
			"rotation": {"angle": -22.5, "axis": "y", "origin": [7.98853, 4.95414, 7.41173]}
		},
		{
			"faces": {
				"north": {"uv": [4, 6, 9, 8], "texture": "#0"},
				"east": {"uv": [4, 6, 9, 8], "texture": "#0"},
				"south": {"uv": [4, 6, 9, 8], "texture": "#0"},
				"west": {"uv": [4, 6, 9, 8], "texture": "#0"},
				"up": {"uv": [4, 6, 9, 8], "texture": "#0"},
				"down": {"uv": [4, 6, 9, 8], "texture": "#0"}
			},
			"to": [4.59353, 4.8108, 6.71941],
			"from": [3.79353, 4.0108, 4.68941],
			"rotation": {"angle": 0, "axis": "y", "origin": [7.98853, 4.95414, 7.41173]}
		},
		{
			"faces": {
				"north": {"uv": [5, 6, 7, 8], "texture": "#0"},
				"east": {"uv": [4, 6, 9, 8], "texture": "#0"},
				"south": {"uv": [4, 6, 9, 8], "texture": "#0"},
				"west": {"uv": [4, 6, 9, 8], "texture": "#0"},
				"up": {"uv": [4, 6, 9, 8], "texture": "#0"},
				"down": {"uv": [4, 6, 9, 8], "texture": "#0"}
			},
			"to": [12.18353, 4.8108, 6.71941],
			"from": [11.38353, 4.0108, 4.68941],
			"rotation": {"angle": 0, "axis": "y", "origin": [7.98853, 4.95414, 7.41173]}
		},
		{
			"faces": {
				"north": {"uv": [0, 0, 1.1, 2], "texture": "#0"},
				"east": {"uv": [0, 0, 1, 2], "texture": "#0"},
				"south": {"uv": [0, 0, 1.1, 2], "texture": "#0"},
				"west": {"uv": [0, 0, 1, 2], "texture": "#0"},
				"up": {"uv": [2, 6, 3, 7.1], "rotation": 270, "texture": "#0"},
				"down": {"uv": [0, 0, 1, 1.1], "rotation": 90, "texture": "#0"}
			},
			"to": [11.27012, 5.73747, 5.78208],
			"from": [11.00612, 5.25747, 5.54208],
			"rotation": {"angle": -22.5, "axis": "y", "origin": [7.98853, 4.95414, 7.41173]}
		},
		{
			"faces": {
				"north": {"uv": [0, 0, 1, 2], "texture": "#0"},
				"east": {"uv": [0, 0, 1.1, 2], "texture": "#0"},
				"south": {"uv": [0, 0, 1, 2], "texture": "#0"},
				"west": {"uv": [0, 0, 1.1, 2], "texture": "#0"},
				"up": {"uv": [2, 6, 3, 7.1], "texture": "#0"},
				"down": {"uv": [0, 0, 1, 1.1], "texture": "#0"}
			},
			"to": [11.83464, 5.73747, 5.86306],
			"from": [11.59464, 5.25747, 5.59906],
			"rotation": {"angle": 0, "axis": "y", "origin": [7.98853, 4.95414, 7.41173]}
		},
		{
			"faces": {
				"north": {"uv": [3, 8, 4, 10], "texture": "#0"},
				"east": {"uv": [1, 4, 2.1, 6], "texture": "#0"},
				"south": {"uv": [1, 8, 2, 10], "texture": "#0"},
				"west": {"uv": [2, 1, 3.1, 3], "texture": "#0"},
				"up": {"uv": [5, 10, 6, 11.1], "texture": "#0"},
				"down": {"uv": [2, 4, 3, 5.1], "texture": "#0"}
			},
			"to": [8.26464, 5.27747, 9.30906],
			"from": [7.86464, 4.47747, 8.86906],
			"rotation": {"angle": 0, "axis": "y", "origin": [7.98853, 4.95414, 7.41173]}
		},
		{
			"faces": {
				"north": {"uv": [3, 8, 4, 10], "texture": "#0"},
				"east": {"uv": [1, 4, 2.1, 6], "texture": "#0"},
				"south": {"uv": [1, 8, 2, 10], "texture": "#0"},
				"west": {"uv": [2, 1, 3.1, 3], "texture": "#0"},
				"up": {"uv": [5, 10, 6, 11.1], "texture": "#0"},
				"down": {"uv": [2, 4, 3, 5.1], "texture": "#0"}
			},
			"to": [9.25464, 5.27747, 9.30906],
			"from": [8.85464, 4.47747, 8.86906],
			"rotation": {"angle": 0, "axis": "y", "origin": [7.98853, 4.95414, 7.41173]}
		},
		{
			"faces": {
				"north": {"uv": [3, 8, 4, 10], "texture": "#0"},
				"east": {"uv": [1, 4, 2.1, 6], "texture": "#0"},
				"south": {"uv": [1, 8, 2, 10], "texture": "#0"},
				"west": {"uv": [2, 1, 3.1, 3], "texture": "#0"},
				"up": {"uv": [5, 10, 6, 11.1], "texture": "#0"},
				"down": {"uv": [2, 4, 3, 5.1], "texture": "#0"}
			},
			"to": [11.94464, 5.27747, 5.94906],
			"from": [11.54464, 4.47747, 5.50906],
			"rotation": {"angle": 0, "axis": "y", "origin": [7.98853, 4.95414, 7.41173]}
		},
		{
			"faces": {
				"north": {"uv": [3, 8, 4, 10], "texture": "#0"},
				"east": {"uv": [1, 4, 2.1, 6], "texture": "#0"},
				"south": {"uv": [1, 8, 2, 10], "texture": "#0"},
				"west": {"uv": [2, 1, 3.1, 3], "texture": "#0"},
				"up": {"uv": [5, 10, 6, 11.1], "texture": "#0"},
				"down": {"uv": [2, 4, 3, 5.1], "texture": "#0"}
			},
			"to": [4.44464, 5.27747, 5.94906],
			"from": [4.04464, 4.47747, 5.50906],
			"rotation": {"angle": 0, "axis": "y", "origin": [7.98853, 4.95414, 7.41173]}
		},
		{
			"faces": {
				"north": {"uv": [3, 8, 4, 10], "texture": "#0"},
				"east": {"uv": [1, 4, 2.1, 6], "texture": "#0"},
				"south": {"uv": [1, 8, 2, 10], "texture": "#0"},
				"west": {"uv": [2, 1, 3.1, 3], "texture": "#0"},
				"up": {"uv": [5, 10, 6, 11.1], "texture": "#0"},
				"down": {"uv": [2, 4, 3, 5.1], "texture": "#0"}
			},
			"to": [9.53161, 5.27747, 9.61936],
			"from": [9.13161, 4.47747, 9.17936],
			"rotation": {"angle": 22.5, "axis": "y", "origin": [7.98853, 4.95414, 7.41173]}
		},
		{
			"faces": {
				"north": {"uv": [3, 8, 4, 10], "texture": "#0"},
				"east": {"uv": [1, 4, 2.1, 6], "texture": "#0"},
				"south": {"uv": [1, 8, 2, 10], "texture": "#0"},
				"west": {"uv": [2, 1, 3.1, 3], "texture": "#0"},
				"up": {"uv": [5, 10, 6, 11.1], "texture": "#0"},
				"down": {"uv": [2, 4, 3, 5.1], "texture": "#0"}
			},
			"to": [9.73729, 5.27747, 10.39151],
			"from": [9.33729, 4.47747, 9.95151],
			"rotation": {"angle": 45, "axis": "y", "origin": [7.98853, 4.95414, 7.41173]}
		},
		{
			"faces": {
				"north": {"uv": [3, 8, 4.1, 10], "texture": "#0"},
				"east": {"uv": [1, 4, 2, 6], "texture": "#0"},
				"south": {"uv": [1, 8, 2.1, 10], "texture": "#0"},
				"west": {"uv": [2, 1, 3, 3], "texture": "#0"},
				"up": {"uv": [5, 10, 6, 11.1], "rotation": 270, "texture": "#0"},
				"down": {"uv": [2, 4, 3, 5.1], "rotation": 90, "texture": "#0"}
			},
			"to": [11.3703, 5.27747, 5.8509],
			"from": [10.9303, 4.47747, 5.4509],
			"rotation": {"angle": -22.5, "axis": "y", "origin": [7.98853, 4.95414, 7.41173]}
		},
		{
			"faces": {
				"north": {"uv": [3, 8, 4, 10], "texture": "#0"},
				"east": {"uv": [1, 4, 2.1, 6], "texture": "#0"},
				"south": {"uv": [1, 8, 2, 10], "texture": "#0"},
				"west": {"uv": [2, 1, 3.1, 3], "texture": "#0"},
				"up": {"uv": [5, 10, 6, 11.1], "texture": "#0"},
				"down": {"uv": [2, 4, 3, 5.1], "texture": "#0"}
			},
			"to": [7.21464, 5.27747, 9.30906],
			"from": [6.81464, 4.47747, 8.86906],
			"rotation": {"angle": 0, "axis": "y", "origin": [7.98853, 4.95414, 7.41173]}
		},
		{
			"faces": {
				"north": {"uv": [3, 8, 4, 10], "texture": "#0"},
				"east": {"uv": [1, 4, 2.1, 6], "texture": "#0"},
				"south": {"uv": [1, 8, 2, 10], "texture": "#0"},
				"west": {"uv": [2, 1, 3.1, 3], "texture": "#0"},
				"up": {"uv": [5, 10, 6, 11.1], "texture": "#0"},
				"down": {"uv": [2, 4, 3, 5.1], "texture": "#0"}
			},
			"to": [6.89066, 5.27747, 9.64407],
			"from": [6.49066, 4.47747, 9.20407],
			"rotation": {"angle": -22.5, "axis": "y", "origin": [7.98853, 4.95414, 7.41173]}
		},
		{
			"faces": {
				"north": {"uv": [3, 8, 4, 10], "texture": "#0"},
				"east": {"uv": [1, 4, 2.1, 6], "texture": "#0"},
				"south": {"uv": [1, 8, 2, 10], "texture": "#0"},
				"west": {"uv": [2, 1, 3.1, 3], "texture": "#0"},
				"up": {"uv": [5, 10, 6, 11.1], "texture": "#0"},
				"down": {"uv": [2, 4, 3, 5.1], "texture": "#0"}
			},
			"to": [6.65023, 5.27747, 10.39321],
			"from": [6.25023, 4.47747, 9.95321],
			"rotation": {"angle": -45, "axis": "y", "origin": [7.98853, 4.95414, 7.41173]}
		},
		{
			"faces": {
				"north": {"uv": [3, 8, 4.1, 10], "texture": "#0"},
				"east": {"uv": [1, 4, 2, 6], "texture": "#0"},
				"south": {"uv": [1, 8, 2.1, 10], "texture": "#0"},
				"west": {"uv": [2, 1, 3, 3], "texture": "#0"},
				"up": {"uv": [5, 10, 6, 11.1], "rotation": 90, "texture": "#0"},
				"down": {"uv": [2, 4, 3, 5.1], "rotation": 270, "texture": "#0"}
			},
			"to": [4.98197, 5.27747, 5.97376],
			"from": [4.54197, 4.47747, 5.57376],
			"rotation": {"angle": 22.5, "axis": "y", "origin": [7.98853, 4.95414, 7.41173]}
		},
		{
			"faces": {
				"north": {"uv": [0, 0, 1, 2], "texture": "#0"},
				"east": {"uv": [0, 0, 1.1, 2], "texture": "#0"},
				"south": {"uv": [0, 0, 1, 2], "texture": "#0"},
				"west": {"uv": [0, 0, 1.1, 2], "texture": "#0"},
				"up": {"uv": [2, 6, 3, 7.1], "texture": "#0"},
				"down": {"uv": [0, 0, 1, 1.1], "texture": "#0"}
			},
			"to": [4.34464, 5.73747, 5.88306],
			"from": [4.10464, 5.25747, 5.61906],
			"rotation": {"angle": 0, "axis": "y", "origin": [7.98853, 4.95414, 7.41173]}
		},
		{
			"faces": {
				"north": {"uv": [0, 0, 1.1, 2], "texture": "#0"},
				"east": {"uv": [0, 0, 1, 2], "texture": "#0"},
				"south": {"uv": [0, 0, 1.1, 2], "texture": "#0"},
				"west": {"uv": [0, 0, 1, 2], "texture": "#0"},
				"up": {"uv": [2, 6, 3, 7.1], "rotation": 90, "texture": "#0"},
				"down": {"uv": [0, 0, 1, 1.1], "rotation": 270, "texture": "#0"}
			},
			"to": [4.89897, 5.73747, 5.89621],
			"from": [4.63497, 5.25747, 5.65621],
			"rotation": {"angle": 22.5, "axis": "y", "origin": [7.98853, 4.95414, 7.41173]}
		},
		{
			"faces": {
				"north": {"uv": [0, 0, 1, 2], "texture": "#0"},
				"east": {"uv": [0, 0, 1.1, 2], "texture": "#0"},
				"south": {"uv": [0, 0, 1, 2], "texture": "#0"},
				"west": {"uv": [0, 0, 1.1, 2], "texture": "#0"},
				"up": {"uv": [2, 6, 3, 7.1], "texture": "#0"},
				"down": {"uv": [0, 0, 1, 1.1], "texture": "#0"}
			},
			"to": [6.57841, 5.73747, 10.31536],
			"from": [6.33841, 5.25747, 10.05136],
			"rotation": {"angle": -45, "axis": "y", "origin": [7.98853, 4.95414, 7.41173]}
		},
		{
			"faces": {
				"north": {"uv": [0, 0, 1, 2], "texture": "#0"},
				"east": {"uv": [0, 0, 1.1, 2], "texture": "#0"},
				"south": {"uv": [0, 0, 1, 2], "texture": "#0"},
				"west": {"uv": [0, 0, 1.1, 2], "texture": "#0"},
				"up": {"uv": [2, 6, 3, 7.1], "texture": "#0"},
				"down": {"uv": [0, 0, 1, 1.1], "texture": "#0"}
			},
			"to": [6.80844, 5.73747, 9.55043],
			"from": [6.56844, 5.25747, 9.28643],
			"rotation": {"angle": -22.5, "axis": "y", "origin": [7.98853, 4.95414, 7.41173]}
		},
		{
			"faces": {
				"north": {"uv": [0, 0, 1, 2], "texture": "#0"},
				"east": {"uv": [0, 0, 1.1, 2], "texture": "#0"},
				"south": {"uv": [0, 0, 1, 2], "texture": "#0"},
				"west": {"uv": [0, 0, 1.1, 2], "texture": "#0"},
				"up": {"uv": [2, 6, 3, 7.1], "texture": "#0"},
				"down": {"uv": [0, 0, 1, 1.1], "texture": "#0"}
			},
			"to": [7.12664, 5.73747, 9.22906],
			"from": [6.88664, 5.25747, 8.96506],
			"rotation": {"angle": 0, "axis": "y", "origin": [7.98853, 4.95414, 7.41173]}
		},
		{
			"faces": {
				"north": {"uv": [0, 0, 1, 2], "texture": "#0"},
				"east": {"uv": [0, 0, 1.1, 2], "texture": "#0"},
				"south": {"uv": [0, 0, 1, 2], "texture": "#0"},
				"west": {"uv": [0, 0, 1.1, 2], "texture": "#0"},
				"up": {"uv": [2, 6, 3, 7.1], "texture": "#0"},
				"down": {"uv": [0, 0, 1, 1.1], "texture": "#0"}
			},
			"to": [8.18664, 5.73747, 9.22906],
			"from": [7.94664, 5.25747, 8.96506],
			"rotation": {"angle": 0, "axis": "y", "origin": [7.98853, 4.95414, 7.41173]}
		},
		{
			"faces": {
				"north": {"uv": [0, 0, 1, 2], "texture": "#0"},
				"east": {"uv": [0, 0, 1.1, 2], "texture": "#0"},
				"south": {"uv": [0, 0, 1, 2], "texture": "#0"},
				"west": {"uv": [0, 0, 1.1, 2], "texture": "#0"},
				"up": {"uv": [2, 6, 3, 7.1], "texture": "#0"},
				"down": {"uv": [0, 0, 1, 1.1], "texture": "#0"}
			},
			"to": [9.15064, 5.73747, 9.22906],
			"from": [8.91064, 5.25747, 8.96506],
			"rotation": {"angle": 0, "axis": "y", "origin": [7.98853, 4.95414, 7.41173]}
		},
		{
			"faces": {
				"north": {"uv": [0, 0, 1, 2], "texture": "#0"},
				"east": {"uv": [0, 0, 1.1, 2], "texture": "#0"},
				"south": {"uv": [0, 0, 1, 2], "texture": "#0"},
				"west": {"uv": [0, 0, 1.1, 2], "texture": "#0"},
				"up": {"uv": [2, 6, 3, 7.1], "texture": "#0"},
				"down": {"uv": [0, 0, 1, 1.1], "texture": "#0"}
			},
			"to": [9.46639, 5.73747, 9.52665],
			"from": [9.22639, 5.25747, 9.26265],
			"rotation": {"angle": 22.5, "axis": "y", "origin": [7.98853, 4.95414, 7.41173]}
		},
		{
			"faces": {
				"north": {"uv": [0, 0, 1, 2], "texture": "#0"},
				"east": {"uv": [0, 0, 1.1, 2], "texture": "#0"},
				"south": {"uv": [0, 0, 1, 2], "texture": "#0"},
				"west": {"uv": [0, 0, 1.1, 2], "texture": "#0"},
				"up": {"uv": [2, 6, 3, 7.1], "texture": "#0"},
				"down": {"uv": [0, 0, 1, 1.1], "texture": "#0"}
			},
			"to": [9.67667, 5.73747, 10.28951],
			"from": [9.43667, 5.25747, 10.02551],
			"rotation": {"angle": 45, "axis": "y", "origin": [7.98853, 4.95414, 7.41173]}
		}
	],
	"display": {
		"head": {
			"translation": [0, 5.6, 0],
			"scale": [4, 4, 4],
			"rotation": [0, 0, 0]
		}
	}
}