{
	"__credit": "Generated using Animated Java (https://animated-java.dev/)",
	"textures": {
		"0": "shield_repo:iron"
	},
	"elements": [
		{
			"faces": {
				"north": {"uv": [4, 6, 9, 8], "texture": "#0"},
				"east": {"uv": [4, 6, 9, 8], "texture": "#0"},
				"south": {"uv": [4, 6, 9, 8], "texture": "#0"},
				"west": {"uv": [4, 6, 9, 8], "texture": "#0"},
				"up": {"uv": [4, 6, 9, 8], "texture": "#0"},
				"down": {"uv": [4, 6, 9, 8], "texture": "#0"}
			},
			"to": [9.91143, 4.69729, 10.43049],
			"from": [6.07143, 3.41729, 9.15049],
			"rotation": {"angle": 0, "axis": "y", "origin": [7.98165, 4.92662, 7.05877]}
		},
		{
			"faces": {
				"north": {"uv": [4, 6, 9, 8], "texture": "#0"},
				"east": {"uv": [4, 6, 9, 8], "texture": "#0"},
				"south": {"uv": [4, 6, 9, 8], "texture": "#0"},
				"west": {"uv": [4, 6, 9, 8], "texture": "#0"},
				"up": {"uv": [4, 6, 9, 8], "texture": "#0"},
				"down": {"uv": [4, 6, 9, 8], "texture": "#0"}
			},
			"to": [7.50332, 4.69729, 10.8826],
			"from": [3.66332, 3.41729, 9.6026],
			"rotation": {"angle": -22.5, "axis": "y", "origin": [7.98165, 4.92662, 7.05877]}
		},
		{
			"faces": {
				"north": {"uv": [4, 6, 9, 8], "texture": "#0"},
				"east": {"uv": [4, 6, 9, 8], "texture": "#0"},
				"south": {"uv": [4, 6, 9, 8], "texture": "#0"},
				"west": {"uv": [4, 6, 9, 8], "texture": "#0"},
				"up": {"uv": [4, 6, 9, 8], "texture": "#0"},
				"down": {"uv": [4, 6, 9, 8], "texture": "#0"}
			},
			"to": [12.29047, 4.69729, 10.9102],
			"from": [8.45047, 3.41729, 9.6302],
			"rotation": {"angle": 22.5, "axis": "y", "origin": [7.98165, 4.92662, 7.05877]}
		},
		{
			"faces": {
				"north": {"uv": [4, 6, 9, 8], "texture": "#0"},
				"east": {"uv": [4, 6, 9, 8], "texture": "#0"},
				"south": {"uv": [4, 6, 9, 8], "texture": "#0"},
				"west": {"uv": [4, 6, 9, 8], "texture": "#0"},
				"up": {"uv": [4, 6, 9, 8], "texture": "#0"},
				"down": {"uv": [4, 6, 9, 8], "texture": "#0"}
			},
			"to": [3.47861, 4.69729, 6.69563],
			"from": [2.19861, 3.41729, 3.44763],
			"rotation": {"angle": 22.5, "axis": "y", "origin": [7.98165, 4.92662, 7.05877]}
		},
		{
			"faces": {
				"north": {"uv": [4, 6, 9, 8], "texture": "#0"},
				"east": {"uv": [4, 6, 9, 8], "texture": "#0"},
				"south": {"uv": [4, 6, 9, 8], "texture": "#0"},
				"west": {"uv": [4, 6, 9, 8], "texture": "#0"},
				"up": {"uv": [4, 6, 9, 8], "texture": "#0"},
				"down": {"uv": [4, 6, 9, 8], "texture": "#0"}
			},
			"to": [13.75585, 4.69729, 6.72233],
			"from": [12.47585, 3.41729, 3.47433],
			"rotation": {"angle": -22.5, "axis": "y", "origin": [7.98165, 4.92662, 7.05877]}
		},
		{
			"faces": {
				"north": {"uv": [4, 6, 9, 8], "texture": "#0"},
				"east": {"uv": [4, 6, 9, 8], "texture": "#0"},
				"south": {"uv": [4, 6, 9, 8], "texture": "#0"},
				"west": {"uv": [4, 6, 9, 8], "texture": "#0"},
				"up": {"uv": [4, 6, 9, 8], "texture": "#0"},
				"down": {"uv": [4, 6, 9, 8], "texture": "#0"}
			},
			"to": [2.54965, 4.69729, 5.95105],
			"from": [1.26965, 3.41729, 2.70305],
			"rotation": {"angle": 0, "axis": "y", "origin": [7.98165, 4.92662, 7.05877]}
		},
		{
			"faces": {
				"north": {"uv": [5, 6, 7, 8], "texture": "#0"},
				"east": {"uv": [4, 6, 9, 8], "texture": "#0"},
				"south": {"uv": [4, 6, 9, 8], "texture": "#0"},
				"west": {"uv": [4, 6, 9, 8], "texture": "#0"},
				"up": {"uv": [4, 6, 9, 8], "texture": "#0"},
				"down": {"uv": [4, 6, 9, 8], "texture": "#0"}
			},
			"to": [14.69365, 4.69729, 5.95105],
			"from": [13.41365, 3.41729, 2.70305],
			"rotation": {"angle": 0, "axis": "y", "origin": [7.98165, 4.92662, 7.05877]}
		},
		{
			"faces": {
				"north": {"uv": [0, 0, 1.1, 2], "texture": "#0"},
				"east": {"uv": [0, 0, 1, 2], "texture": "#0"},
				"south": {"uv": [0, 0, 1.1, 2], "texture": "#0"},
				"west": {"uv": [0, 0, 1, 2], "texture": "#0"},
				"up": {"uv": [2, 6, 3, 7.1], "rotation": 270, "texture": "#0"},
				"down": {"uv": [0, 0, 1, 1.1], "rotation": 90, "texture": "#0"}
			},
			"to": [13.23219, 6.17995, 4.45132],
			"from": [12.80979, 5.41195, 4.06732],
			"rotation": {"angle": -22.5, "axis": "y", "origin": [7.98165, 4.92662, 7.05877]}
		},
		{
			"faces": {
				"north": {"uv": [0, 0, 1, 2], "texture": "#0"},
				"east": {"uv": [0, 0, 1.1, 2], "texture": "#0"},
				"south": {"uv": [0, 0, 1, 2], "texture": "#0"},
				"west": {"uv": [0, 0, 1.1, 2], "texture": "#0"},
				"up": {"uv": [2, 6, 3, 7.1], "texture": "#0"},
				"down": {"uv": [0, 0, 1, 1.1], "texture": "#0"}
			},
			"to": [14.13543, 6.17995, 4.58089],
			"from": [13.75143, 5.41195, 4.15849],
			"rotation": {"angle": 0, "axis": "y", "origin": [7.98165, 4.92662, 7.05877]}
		},
		{
			"faces": {
				"north": {"uv": [3, 8, 4, 10], "texture": "#0"},
				"east": {"uv": [1, 4, 2.1, 6], "texture": "#0"},
				"south": {"uv": [1, 8, 2, 10], "texture": "#0"},
				"west": {"uv": [2, 1, 3.1, 3], "texture": "#0"},
				"up": {"uv": [5, 10, 6, 11.1], "texture": "#0"},
				"down": {"uv": [2, 4, 3, 5.1], "texture": "#0"}
			},
			"to": [8.42343, 5.44395, 10.09449],
			"from": [7.78343, 4.16395, 9.39049],
			"rotation": {"angle": 0, "axis": "y", "origin": [7.98165, 4.92662, 7.05877]}
		},
		{
			"faces": {
				"north": {"uv": [3, 8, 4, 10], "texture": "#0"},
				"east": {"uv": [1, 4, 2.1, 6], "texture": "#0"},
				"south": {"uv": [1, 8, 2, 10], "texture": "#0"},
				"west": {"uv": [2, 1, 3.1, 3], "texture": "#0"},
				"up": {"uv": [5, 10, 6, 11.1], "texture": "#0"},
				"down": {"uv": [2, 4, 3, 5.1], "texture": "#0"}
			},
			"to": [10.00743, 5.44395, 10.09449],
			"from": [9.36743, 4.16395, 9.39049],
			"rotation": {"angle": 0, "axis": "y", "origin": [7.98165, 4.92662, 7.05877]}
		},
		{
			"faces": {
				"north": {"uv": [3, 8, 4, 10], "texture": "#0"},
				"east": {"uv": [1, 4, 2.1, 6], "texture": "#0"},
				"south": {"uv": [1, 8, 2, 10], "texture": "#0"},
				"west": {"uv": [2, 1, 3.1, 3], "texture": "#0"},
				"up": {"uv": [5, 10, 6, 11.1], "texture": "#0"},
				"down": {"uv": [2, 4, 3, 5.1], "texture": "#0"}
			},
			"to": [14.31143, 5.44395, 4.71849],
			"from": [13.67143, 4.16395, 4.01449],
			"rotation": {"angle": 0, "axis": "y", "origin": [7.98165, 4.92662, 7.05877]}
		},
		{
			"faces": {
				"north": {"uv": [3, 8, 4, 10], "texture": "#0"},
				"east": {"uv": [1, 4, 2.1, 6], "texture": "#0"},
				"south": {"uv": [1, 8, 2, 10], "texture": "#0"},
				"west": {"uv": [2, 1, 3.1, 3], "texture": "#0"},
				"up": {"uv": [5, 10, 6, 11.1], "texture": "#0"},
				"down": {"uv": [2, 4, 3, 5.1], "texture": "#0"}
			},
			"to": [2.31143, 5.44395, 4.71849],
			"from": [1.67143, 4.16395, 4.01449],
			"rotation": {"angle": 0, "axis": "y", "origin": [7.98165, 4.92662, 7.05877]}
		},
		{
			"faces": {
				"north": {"uv": [3, 8, 4, 10], "texture": "#0"},
				"east": {"uv": [1, 4, 2.1, 6], "texture": "#0"},
				"south": {"uv": [1, 8, 2, 10], "texture": "#0"},
				"west": {"uv": [2, 1, 3.1, 3], "texture": "#0"},
				"up": {"uv": [5, 10, 6, 11.1], "texture": "#0"},
				"down": {"uv": [2, 4, 3, 5.1], "texture": "#0"}
			},
			"to": [10.45057, 5.44395, 10.59098],
			"from": [9.81057, 4.16395, 9.88698],
			"rotation": {"angle": 22.5, "axis": "y", "origin": [7.98165, 4.92662, 7.05877]}
		},
		{
			"faces": {
				"north": {"uv": [3, 8, 4, 10], "texture": "#0"},
				"east": {"uv": [1, 4, 2.1, 6], "texture": "#0"},
				"south": {"uv": [1, 8, 2, 10], "texture": "#0"},
				"west": {"uv": [2, 1, 3.1, 3], "texture": "#0"},
				"up": {"uv": [5, 10, 6, 11.1], "texture": "#0"},
				"down": {"uv": [2, 4, 3, 5.1], "texture": "#0"}
			},
			"to": [10.77966, 5.44395, 11.82641],
			"from": [10.13966, 4.16395, 11.12241],
			"rotation": {"angle": 45, "axis": "y", "origin": [7.98165, 4.92662, 7.05877]}
		},
		{
			"faces": {
				"north": {"uv": [3, 8, 4.1, 10], "texture": "#0"},
				"east": {"uv": [1, 4, 2, 6], "texture": "#0"},
				"south": {"uv": [1, 8, 2.1, 10], "texture": "#0"},
				"west": {"uv": [2, 1, 3, 3], "texture": "#0"},
				"up": {"uv": [5, 10, 6, 11.1], "rotation": 270, "texture": "#0"},
				"down": {"uv": [2, 4, 3, 5.1], "rotation": 90, "texture": "#0"}
			},
			"to": [13.39248, 5.44395, 4.56144],
			"from": [12.68848, 4.16395, 3.92144],
			"rotation": {"angle": -22.5, "axis": "y", "origin": [7.98165, 4.92662, 7.05877]}
		},
		{
			"faces": {
				"north": {"uv": [3, 8, 4, 10], "texture": "#0"},
				"east": {"uv": [1, 4, 2.1, 6], "texture": "#0"},
				"south": {"uv": [1, 8, 2, 10], "texture": "#0"},
				"west": {"uv": [2, 1, 3.1, 3], "texture": "#0"},
				"up": {"uv": [5, 10, 6, 11.1], "texture": "#0"},
				"down": {"uv": [2, 4, 3, 5.1], "texture": "#0"}
			},
			"to": [6.74343, 5.44395, 10.09449],
			"from": [6.10343, 4.16395, 9.39049],
			"rotation": {"angle": 0, "axis": "y", "origin": [7.98165, 4.92662, 7.05877]}
		},
		{
			"faces": {
				"north": {"uv": [3, 8, 4, 10], "texture": "#0"},
				"east": {"uv": [1, 4, 2.1, 6], "texture": "#0"},
				"south": {"uv": [1, 8, 2, 10], "texture": "#0"},
				"west": {"uv": [2, 1, 3.1, 3], "texture": "#0"},
				"up": {"uv": [5, 10, 6, 11.1], "texture": "#0"},
				"down": {"uv": [2, 4, 3, 5.1], "texture": "#0"}
			},
			"to": [6.22506, 5.44395, 10.63051],
			"from": [5.58506, 4.16395, 9.92651],
			"rotation": {"angle": -22.5, "axis": "y", "origin": [7.98165, 4.92662, 7.05877]}
		},
		{
			"faces": {
				"north": {"uv": [3, 8, 4, 10], "texture": "#0"},
				"east": {"uv": [1, 4, 2.1, 6], "texture": "#0"},
				"south": {"uv": [1, 8, 2, 10], "texture": "#0"},
				"west": {"uv": [2, 1, 3.1, 3], "texture": "#0"},
				"up": {"uv": [5, 10, 6, 11.1], "texture": "#0"},
				"down": {"uv": [2, 4, 3, 5.1], "texture": "#0"}
			},
			"to": [5.84037, 5.44395, 11.82914],
			"from": [5.20037, 4.16395, 11.12514],
			"rotation": {"angle": -45, "axis": "y", "origin": [7.98165, 4.92662, 7.05877]}
		},
		{
			"faces": {
				"north": {"uv": [3, 8, 4.1, 10], "texture": "#0"},
				"east": {"uv": [1, 4, 2, 6], "texture": "#0"},
				"south": {"uv": [1, 8, 2.1, 10], "texture": "#0"},
				"west": {"uv": [2, 1, 3, 3], "texture": "#0"},
				"up": {"uv": [5, 10, 6, 11.1], "rotation": 90, "texture": "#0"},
				"down": {"uv": [2, 4, 3, 5.1], "rotation": 270, "texture": "#0"}
			},
			"to": [3.17115, 5.44395, 4.75802],
			"from": [2.46715, 4.16395, 4.11802],
			"rotation": {"angle": 22.5, "axis": "y", "origin": [7.98165, 4.92662, 7.05877]}
		},
		{
			"faces": {
				"north": {"uv": [0, 0, 1, 2], "texture": "#0"},
				"east": {"uv": [0, 0, 1.1, 2], "texture": "#0"},
				"south": {"uv": [0, 0, 1, 2], "texture": "#0"},
				"west": {"uv": [0, 0, 1.1, 2], "texture": "#0"},
				"up": {"uv": [2, 6, 3, 7.1], "texture": "#0"},
				"down": {"uv": [0, 0, 1, 1.1], "texture": "#0"}
			},
			"to": [2.15143, 6.17995, 4.61289],
			"from": [1.76743, 5.41195, 4.19049],
			"rotation": {"angle": 0, "axis": "y", "origin": [7.98165, 4.92662, 7.05877]}
		},
		{
			"faces": {
				"north": {"uv": [0, 0, 1.1, 2], "texture": "#0"},
				"east": {"uv": [0, 0, 1, 2], "texture": "#0"},
				"south": {"uv": [0, 0, 1.1, 2], "texture": "#0"},
				"west": {"uv": [0, 0, 1, 2], "texture": "#0"},
				"up": {"uv": [2, 6, 3, 7.1], "rotation": 90, "texture": "#0"},
				"down": {"uv": [0, 0, 1, 1.1], "rotation": 270, "texture": "#0"}
			},
			"to": [3.03835, 6.17995, 4.63393],
			"from": [2.61595, 5.41195, 4.24993],
			"rotation": {"angle": 22.5, "axis": "y", "origin": [7.98165, 4.92662, 7.05877]}
		},
		{
			"faces": {
				"north": {"uv": [0, 0, 1, 2], "texture": "#0"},
				"east": {"uv": [0, 0, 1.1, 2], "texture": "#0"},
				"south": {"uv": [0, 0, 1, 2], "texture": "#0"},
				"west": {"uv": [0, 0, 1.1, 2], "texture": "#0"},
				"up": {"uv": [2, 6, 3, 7.1], "texture": "#0"},
				"down": {"uv": [0, 0, 1, 1.1], "texture": "#0"}
			},
			"to": [5.72546, 6.17995, 11.70458],
			"from": [5.34146, 5.41195, 11.28218],
			"rotation": {"angle": -45, "axis": "y", "origin": [7.98165, 4.92662, 7.05877]}
		},
		{
			"faces": {
				"north": {"uv": [0, 0, 1, 2], "texture": "#0"},
				"east": {"uv": [0, 0, 1.1, 2], "texture": "#0"},
				"south": {"uv": [0, 0, 1, 2], "texture": "#0"},
				"west": {"uv": [0, 0, 1.1, 2], "texture": "#0"},
				"up": {"uv": [2, 6, 3, 7.1], "texture": "#0"},
				"down": {"uv": [0, 0, 1, 1.1], "texture": "#0"}
			},
			"to": [6.09351, 6.17995, 10.48068],
			"from": [5.70951, 5.41195, 10.05828],
			"rotation": {"angle": -22.5, "axis": "y", "origin": [7.98165, 4.92662, 7.05877]}
		},
		{
			"faces": {
				"north": {"uv": [0, 0, 1, 2], "texture": "#0"},
				"east": {"uv": [0, 0, 1.1, 2], "texture": "#0"},
				"south": {"uv": [0, 0, 1, 2], "texture": "#0"},
				"west": {"uv": [0, 0, 1.1, 2], "texture": "#0"},
				"up": {"uv": [2, 6, 3, 7.1], "texture": "#0"},
				"down": {"uv": [0, 0, 1, 1.1], "texture": "#0"}
			},
			"to": [6.60263, 6.17995, 9.96649],
			"from": [6.21863, 5.41195, 9.54409],
			"rotation": {"angle": 0, "axis": "y", "origin": [7.98165, 4.92662, 7.05877]}
		},
		{
			"faces": {
				"north": {"uv": [0, 0, 1, 2], "texture": "#0"},
				"east": {"uv": [0, 0, 1.1, 2], "texture": "#0"},
				"south": {"uv": [0, 0, 1, 2], "texture": "#0"},
				"west": {"uv": [0, 0, 1.1, 2], "texture": "#0"},
				"up": {"uv": [2, 6, 3, 7.1], "texture": "#0"},
				"down": {"uv": [0, 0, 1, 1.1], "texture": "#0"}
			},
			"to": [8.29863, 6.17995, 9.96649],
			"from": [7.91463, 5.41195, 9.54409],
			"rotation": {"angle": 0, "axis": "y", "origin": [7.98165, 4.92662, 7.05877]}
		},
		{
			"faces": {
				"north": {"uv": [0, 0, 1, 2], "texture": "#0"},
				"east": {"uv": [0, 0, 1.1, 2], "texture": "#0"},
				"south": {"uv": [0, 0, 1, 2], "texture": "#0"},
				"west": {"uv": [0, 0, 1.1, 2], "texture": "#0"},
				"up": {"uv": [2, 6, 3, 7.1], "texture": "#0"},
				"down": {"uv": [0, 0, 1, 1.1], "texture": "#0"}
			},
			"to": [9.84103, 6.17995, 9.96649],
			"from": [9.45703, 5.41195, 9.54409],
			"rotation": {"angle": 0, "axis": "y", "origin": [7.98165, 4.92662, 7.05877]}
		},
		{
			"faces": {
				"north": {"uv": [0, 0, 1, 2], "texture": "#0"},
				"east": {"uv": [0, 0, 1.1, 2], "texture": "#0"},
				"south": {"uv": [0, 0, 1, 2], "texture": "#0"},
				"west": {"uv": [0, 0, 1.1, 2], "texture": "#0"},
				"up": {"uv": [2, 6, 3, 7.1], "texture": "#0"},
				"down": {"uv": [0, 0, 1, 1.1], "texture": "#0"}
			},
			"to": [10.34623, 6.17995, 10.44264],
			"from": [9.96223, 5.41195, 10.02024],
			"rotation": {"angle": 22.5, "axis": "y", "origin": [7.98165, 4.92662, 7.05877]}
		},
		{
			"faces": {
				"north": {"uv": [0, 0, 1, 2], "texture": "#0"},
				"east": {"uv": [0, 0, 1.1, 2], "texture": "#0"},
				"south": {"uv": [0, 0, 1, 2], "texture": "#0"},
				"west": {"uv": [0, 0, 1.1, 2], "texture": "#0"},
				"up": {"uv": [2, 6, 3, 7.1], "texture": "#0"},
				"down": {"uv": [0, 0, 1, 1.1], "texture": "#0"}
			},
			"to": [10.68267, 6.17995, 11.66322],
			"from": [10.29867, 5.41195, 11.24082],
			"rotation": {"angle": 45, "axis": "y", "origin": [7.98165, 4.92662, 7.05877]}
		}
	],
	"display": {
		"head": {
			"translation": [0, 5.6, 0],
			"scale": [4, 4, 4],
			"rotation": [0, 0, 0]
		}
	}
}