{
	"__credit": "Generated using Animated Java (https://animated-java.dev/)",
	"textures": {
		"0": "shield_repo:iron"
	},
	"elements": [
		{
			"faces": {
				"north": {"uv": [4, 6, 9, 8], "texture": "#0"},
				"east": {"uv": [4, 6, 9, 8], "texture": "#0"},
				"south": {"uv": [4, 6, 9, 8], "texture": "#0"},
				"west": {"uv": [4, 6, 9, 8], "texture": "#0"},
				"up": {"uv": [4, 6, 9, 8], "texture": "#0"},
				"down": {"uv": [4, 6, 9, 8], "texture": "#0"}
			},
			"to": [10.35378, 4.63069, 12.95551],
			"from": [5.66898, 3.06909, 11.39391],
			"rotation": {"angle": 0, "axis": "y", "origin": [8.01138, 3.06909, 5.14751]}
		},
		{
			"faces": {
				"north": {"uv": [4, 6, 9, 8], "texture": "#0"},
				"east": {"uv": [4, 6, 9, 8], "texture": "#0"},
				"south": {"uv": [4, 6, 9, 8], "texture": "#0"},
				"west": {"uv": [4, 6, 9, 8], "texture": "#0"},
				"up": {"uv": [4, 6, 9, 8], "texture": "#0"},
				"down": {"uv": [4, 6, 9, 8], "texture": "#0"}
			},
			"to": [5.80562, 4.63069, 12.07711],
			"from": [1.12082, 3.06909, 10.51551],
			"rotation": {"angle": -22.5, "axis": "y", "origin": [3.59986, 3.84989, 12.17471]}
		},
		{
			"faces": {
				"north": {"uv": [4, 6, 9, 8], "texture": "#0"},
				"east": {"uv": [4, 6, 9, 8], "texture": "#0"},
				"south": {"uv": [4, 6, 9, 8], "texture": "#0"},
				"west": {"uv": [4, 6, 9, 8], "texture": "#0"},
				"up": {"uv": [4, 6, 9, 8], "texture": "#0"},
				"down": {"uv": [4, 6, 9, 8], "texture": "#0"}
			},
			"to": [13.88209, 4.63069, 15.33201],
			"from": [9.19729, 3.06909, 13.77041],
			"rotation": {"angle": 22.5, "axis": "y", "origin": [3.80977, 3.84989, 11.31089]}
		},
		{
			"faces": {
				"north": {"uv": [4, 6, 9, 8], "texture": "#0"},
				"east": {"uv": [4, 6, 9, 8], "texture": "#0"},
				"south": {"uv": [4, 6, 9, 8], "texture": "#0"},
				"west": {"uv": [4, 6, 9, 8], "texture": "#0"},
				"up": {"uv": [4, 6, 9, 8], "texture": "#0"},
				"down": {"uv": [4, 6, 9, 8], "texture": "#0"}
			},
			"to": [1.91892, 4.63069, 11.95667],
			"from": [0.35732, 3.06909, 7.99411],
			"rotation": {"angle": 22.5, "axis": "y", "origin": [-1.23682, 3.84989, 9.14579]}
		},
		{
			"faces": {
				"north": {"uv": [4, 6, 9, 8], "texture": "#0"},
				"east": {"uv": [4, 6, 9, 8], "texture": "#0"},
				"south": {"uv": [4, 6, 9, 8], "texture": "#0"},
				"west": {"uv": [4, 6, 9, 8], "texture": "#0"},
				"up": {"uv": [4, 6, 9, 8], "texture": "#0"},
				"down": {"uv": [4, 6, 9, 8], "texture": "#0"}
			},
			"to": [14.47033, 4.63069, 5.87044],
			"from": [12.90873, 3.06909, 1.90788],
			"rotation": {"angle": -22.5, "axis": "y", "origin": [1.27481, 3.84989, 9.0034]}
		},
		{
			"faces": {
				"north": {"uv": [4, 6, 9, 8], "texture": "#0"},
				"east": {"uv": [4, 6, 9, 8], "texture": "#0"},
				"south": {"uv": [4, 6, 9, 8], "texture": "#0"},
				"west": {"uv": [4, 6, 9, 8], "texture": "#0"},
				"up": {"uv": [4, 6, 9, 8], "texture": "#0"},
				"down": {"uv": [4, 6, 9, 8], "texture": "#0"}
			},
			"to": [1.37241, 4.63069, 7.4906],
			"from": [-0.18919, 3.06909, 3.52804],
			"rotation": {"angle": 0, "axis": "y", "origin": [1.27481, 3.84989, 9.0034]}
		},
		{
			"faces": {
				"north": {"uv": [4, 6, 9, 8], "texture": "#0"},
				"east": {"uv": [4, 6, 9, 8], "texture": "#0"},
				"south": {"uv": [4, 6, 9, 8], "texture": "#0"},
				"west": {"uv": [4, 6, 9, 8], "texture": "#0"},
				"up": {"uv": [4, 6, 9, 8], "texture": "#0"},
				"down": {"uv": [4, 6, 9, 8], "texture": "#0"}
			},
			"to": [16.18809, 4.63069, 7.4906],
			"from": [14.62649, 3.06909, 3.52804],
			"rotation": {"angle": 0, "axis": "y", "origin": [0.59161, 3.84989, 5.50932]}
		},
		{
			"faces": {
				"north": {"uv": [9, 8, 10, 10], "texture": "#0"},
				"east": {"uv": [9, 8, 10, 10], "texture": "#0"},
				"south": {"uv": [9, 8, 10, 10], "texture": "#0"},
				"west": {"uv": [9, 8, 10, 10], "texture": "#0"},
				"up": {"uv": [9, 8, 10, 10], "texture": "#0"},
				"down": {"uv": [9, 8, 10, 10], "texture": "#0"}
			},
			"to": [16.09266, 6.43954, 5.79948],
			"from": [15.92918, 5.50258, 5.28415],
			"rotation": {"angle": 0, "axis": "y", "origin": [10.78322, 5.97106, 8.50495]}
		},
		{
			"faces": {
				"north": {"uv": [6, 5, 7.1, 7], "texture": "#0"},
				"east": {"uv": [6, 5, 7.1, 7], "texture": "#0"},
				"south": {"uv": [6, 5, 7.1, 7], "texture": "#0"},
				"west": {"uv": [6, 5, 7.1, 7], "texture": "#0"},
				"up": {"uv": [6, 5, 7.1, 7], "texture": "#0"},
				"down": {"uv": [6, 5, 7.1, 7], "texture": "#0"}
			},
			"to": [8.53842, 5.54162, 12.97747],
			"from": [7.75762, 3.98002, 12.46019],
			"rotation": {"angle": 0, "axis": "y", "origin": [8.01138, 3.06909, 2.85717]}
		},
		{
			"faces": {
				"north": {"uv": [6, 5, 7.1, 7], "texture": "#0"},
				"east": {"uv": [6, 5, 7.1, 7], "texture": "#0"},
				"south": {"uv": [6, 5, 7.1, 7], "texture": "#0"},
				"west": {"uv": [6, 5, 7.1, 7], "texture": "#0"},
				"up": {"uv": [6, 5, 7.1, 7], "texture": "#0"},
				"down": {"uv": [6, 5, 7.1, 7], "texture": "#0"}
			},
			"to": [10.4709, 5.54162, 12.97747],
			"from": [9.6901, 3.98002, 12.46019],
			"rotation": {"angle": 0, "axis": "y", "origin": [8.01138, 3.06909, 2.85717]}
		},
		{
			"faces": {
				"north": {"uv": [6, 5, 7.1, 7], "texture": "#0"},
				"east": {"uv": [6, 5, 7.1, 7], "texture": "#0"},
				"south": {"uv": [6, 5, 7.1, 7], "texture": "#0"},
				"west": {"uv": [6, 5, 7.1, 7], "texture": "#0"},
				"up": {"uv": [6, 5, 7.1, 7], "texture": "#0"},
				"down": {"uv": [6, 5, 7.1, 7], "texture": "#0"}
			},
			"to": [16.30738, 5.54162, 5.96735],
			"from": [15.83158, 3.98002, 5.10847],
			"rotation": {"angle": 0, "axis": "y", "origin": [8.01138, 3.06909, 2.85717]}
		},
		{
			"faces": {
				"north": {"uv": [6, 5, 7.1, 7], "texture": "#0"},
				"east": {"uv": [6, 5, 7.1, 7], "texture": "#0"},
				"south": {"uv": [6, 5, 7.1, 7], "texture": "#0"},
				"west": {"uv": [6, 5, 7.1, 7], "texture": "#0"},
				"up": {"uv": [6, 5, 7.1, 7], "texture": "#0"},
				"down": {"uv": [6, 5, 7.1, 7], "texture": "#0"}
			},
			"to": [0.03258, 5.54162, 5.96735],
			"from": [-0.35782, 3.98002, 5.10847],
			"rotation": {"angle": 0, "axis": "y", "origin": [8.01138, 3.06909, 2.85717]}
		},
		{
			"faces": {
				"north": {"uv": [6, 5, 7.1, 7], "texture": "#0"},
				"east": {"uv": [6, 5, 7.1, 7], "texture": "#0"},
				"south": {"uv": [6, 5, 7.1, 7], "texture": "#0"},
				"west": {"uv": [6, 5, 7.1, 7], "texture": "#0"},
				"up": {"uv": [6, 5, 7.1, 7], "texture": "#0"},
				"down": {"uv": [6, 5, 7.1, 7], "texture": "#0"}
			},
			"to": [12.4229, 5.54162, 13.07263],
			"from": [11.6421, 3.98002, 12.65295],
			"rotation": {"angle": 22.5, "axis": "y", "origin": [10.0805, 4.76082, 12.09663]}
		},
		{
			"faces": {
				"north": {"uv": [6, 5, 7.1, 7], "texture": "#0"},
				"east": {"uv": [6, 5, 7.1, 7], "texture": "#0"},
				"south": {"uv": [6, 5, 7.1, 7], "texture": "#0"},
				"west": {"uv": [6, 5, 7.1, 7], "texture": "#0"},
				"up": {"uv": [6, 5, 7.1, 7], "texture": "#0"},
				"down": {"uv": [6, 5, 7.1, 7], "texture": "#0"}
			},
			"to": [14.38253, 5.54162, 11.68049],
			"from": [13.60173, 3.98002, 11.28521],
			"rotation": {"angle": 45, "axis": "y", "origin": [13.83597, 4.76082, 10.60445]}
		},
		{
			"faces": {
				"north": {"uv": [6, 5, 7.1, 7], "texture": "#0"},
				"east": {"uv": [6, 5, 7.1, 7], "texture": "#0"},
				"south": {"uv": [6, 5, 7.1, 7], "texture": "#0"},
				"west": {"uv": [6, 5, 7, 7], "texture": "#0"},
				"up": {"uv": [6, 5, 7.1, 7], "texture": "#0"},
				"down": {"uv": [6, 5, 7.1, 7], "texture": "#0"}
			},
			"to": [14.89981, 5.54162, 8.14493],
			"from": [14.48013, 3.98002, 7.36413],
			"rotation": {"angle": -22.5, "axis": "y", "origin": [13.83597, 4.76082, 10.60445]}
		},
		{
			"faces": {
				"north": {"uv": [6, 5, 7.1, 7], "texture": "#0"},
				"east": {"uv": [6, 5, 7.1, 7], "texture": "#0"},
				"south": {"uv": [6, 5, 7.1, 7], "texture": "#0"},
				"west": {"uv": [6, 5, 7.1, 7], "texture": "#0"},
				"up": {"uv": [6, 5, 7.1, 7], "texture": "#0"},
				"down": {"uv": [6, 5, 7.1, 7], "texture": "#0"}
			},
			"to": [6.48882, 5.54162, 12.97747],
			"from": [5.70802, 3.98002, 12.46019],
			"rotation": {"angle": 0, "axis": "y", "origin": [8.01138, 3.06909, 2.85717]}
		},
		{
			"faces": {
				"north": {"uv": [6, 5, 7.1, 7], "texture": "#0"},
				"east": {"uv": [6, 5, 7.1, 7], "texture": "#0"},
				"south": {"uv": [6, 5, 7.1, 7], "texture": "#0"},
				"west": {"uv": [6, 5, 7.1, 7], "texture": "#0"},
				"up": {"uv": [6, 5, 7.1, 7], "texture": "#0"},
				"down": {"uv": [6, 5, 7.1, 7], "texture": "#0"}
			},
			"to": [4.45874, 5.54162, 13.12875],
			"from": [3.67794, 3.98002, 12.67247],
			"rotation": {"angle": -22.5, "axis": "y", "origin": [6.09842, 4.76082, 12.09663]}
		},
		{
			"faces": {
				"north": {"uv": [6, 5, 7.1, 7], "texture": "#0"},
				"east": {"uv": [6, 5, 7.1, 7], "texture": "#0"},
				"south": {"uv": [6, 5, 7.1, 7], "texture": "#0"},
				"west": {"uv": [6, 5, 7.1, 7], "texture": "#0"},
				"up": {"uv": [6, 5, 7.1, 7], "texture": "#0"},
				"down": {"uv": [6, 5, 7.1, 7], "texture": "#0"}
			},
			"to": [2.38066, 5.54162, 11.68089],
			"from": [1.59986, 3.98002, 11.18801],
			"rotation": {"angle": -45, "axis": "y", "origin": [2.24402, 4.76082, 10.69025]}
		},
		{
			"faces": {
				"north": {"uv": [6, 5, 7.1, 7], "texture": "#0"},
				"east": {"uv": [6, 5, 7.1, 7], "texture": "#0"},
				"south": {"uv": [6, 5, 7.1, 7], "texture": "#0"},
				"west": {"uv": [6, 5, 7, 7], "texture": "#0"},
				"up": {"uv": [6, 5, 7.1, 7], "texture": "#0"},
				"down": {"uv": [6, 5, 7.1, 7], "texture": "#0"}
			},
			"to": [1.22789, 5.54162, 8.32218],
			"from": [0.73501, 3.98002, 7.54138],
			"rotation": {"angle": 22.5, "axis": "y", "origin": [2.31125, 4.76082, 10.52794]}
		},
		{
			"faces": {
				"north": {"uv": [9, 8, 10, 10], "texture": "#0"},
				"east": {"uv": [9, 8, 10, 10], "texture": "#0"},
				"south": {"uv": [9, 8, 10, 10], "texture": "#0"},
				"west": {"uv": [9, 8, 10, 10], "texture": "#0"},
				"up": {"uv": [9, 8, 10, 10], "texture": "#0"},
				"down": {"uv": [9, 8, 10, 10], "texture": "#0"}
			},
			"to": [-0.16262, 6.43954, 5.83852],
			"from": [-0.2407, 5.50258, 5.32319],
			"rotation": {"angle": 0, "axis": "y", "origin": [5.2005, 5.97106, 8.60255]}
		},
		{
			"faces": {
				"north": {"uv": [9, 8, 10, 10], "texture": "#0"},
				"east": {"uv": [9, 8, 10, 10], "texture": "#0"},
				"south": {"uv": [9, 8, 10, 10], "texture": "#0"},
				"west": {"uv": [9, 8, 10, 10], "texture": "#0"},
				"up": {"uv": [9, 8, 10, 10], "texture": "#0"},
				"down": {"uv": [9, 8, 10, 10], "texture": "#0"}
			},
			"to": [0.549, 6.43954, 6.91856],
			"from": [0.39967, 5.50258, 6.45008],
			"rotation": {"angle": 22.5, "axis": "y", "origin": [5.2005, 5.97106, 8.60255]}
		},
		{
			"faces": {
				"north": {"uv": [9, 8, 10, 10], "texture": "#0"},
				"east": {"uv": [9, 8, 10, 10], "texture": "#0"},
				"south": {"uv": [9, 8, 10, 10], "texture": "#0"},
				"west": {"uv": [9, 8, 10, 10], "texture": "#0"},
				"up": {"uv": [9, 8, 10, 10], "texture": "#0"},
				"down": {"uv": [9, 8, 10, 10], "texture": "#0"}
			},
			"to": [4.05967, 6.43954, 13.58038],
			"from": [3.59119, 5.50258, 13.43105],
			"rotation": {"angle": -45, "axis": "y", "origin": [5.62994, 5.97106, 9.51999]}
		},
		{
			"faces": {
				"north": {"uv": [9, 8, 10, 10], "texture": "#0"},
				"east": {"uv": [9, 8, 10, 10], "texture": "#0"},
				"south": {"uv": [9, 8, 10, 10], "texture": "#0"},
				"west": {"uv": [9, 8, 10, 10], "texture": "#0"},
				"up": {"uv": [9, 8, 10, 10], "texture": "#0"},
				"down": {"uv": [9, 8, 10, 10], "texture": "#0"}
			},
			"to": [5.17806, 6.43954, 12.9185],
			"from": [4.70958, 5.50258, 12.80577],
			"rotation": {"angle": -22.5, "axis": "y", "origin": [6.4693, 5.97106, 9.87135]}
		},
		{
			"faces": {
				"north": {"uv": [9, 8, 10, 10], "texture": "#0"},
				"east": {"uv": [9, 8, 10, 10], "texture": "#0"},
				"south": {"uv": [9, 8, 10, 10], "texture": "#0"},
				"west": {"uv": [9, 8, 10, 10], "texture": "#0"},
				"up": {"uv": [9, 8, 10, 10], "texture": "#0"},
				"down": {"uv": [9, 8, 10, 10], "texture": "#0"}
			},
			"to": [6.31704, 6.43954, 12.82131],
			"from": [5.84856, 5.50258, 12.64759],
			"rotation": {"angle": 0, "axis": "y", "origin": [7.23058, 5.97106, 10.14463]}
		},
		{
			"faces": {
				"north": {"uv": [9, 8, 10, 10], "texture": "#0"},
				"east": {"uv": [9, 8, 10, 10], "texture": "#0"},
				"south": {"uv": [9, 8, 10, 10], "texture": "#0"},
				"west": {"uv": [9, 8, 10, 10], "texture": "#0"},
				"up": {"uv": [9, 8, 10, 10], "texture": "#0"},
				"down": {"uv": [9, 8, 10, 10], "texture": "#0"}
			},
			"to": [8.38616, 6.43954, 12.82131],
			"from": [7.91768, 5.50258, 12.64759],
			"rotation": {"angle": 0, "axis": "y", "origin": [8.06994, 5.97106, 10.14463]}
		},
		{
			"faces": {
				"north": {"uv": [9, 8, 10, 10], "texture": "#0"},
				"east": {"uv": [9, 8, 10, 10], "texture": "#0"},
				"south": {"uv": [9, 8, 10, 10], "texture": "#0"},
				"west": {"uv": [9, 8, 10, 10], "texture": "#0"},
				"up": {"uv": [9, 8, 10, 10], "texture": "#0"},
				"down": {"uv": [9, 8, 10, 10], "texture": "#0"}
			},
			"to": [10.26789, 6.43954, 12.82131],
			"from": [9.79941, 5.50258, 12.64759],
			"rotation": {"angle": 0, "axis": "y", "origin": [8.79218, 5.97106, 10.14463]}
		},
		{
			"faces": {
				"north": {"uv": [9, 8, 10, 10], "texture": "#0"},
				"east": {"uv": [9, 8, 10, 10], "texture": "#0"},
				"south": {"uv": [9, 8, 10, 10], "texture": "#0"},
				"west": {"uv": [9, 8, 10, 10], "texture": "#0"},
				"up": {"uv": [9, 8, 10, 10], "texture": "#0"},
				"down": {"uv": [9, 8, 10, 10], "texture": "#0"}
			},
			"to": [11.39193, 6.43954, 12.90605],
			"from": [10.92345, 5.50258, 12.82992],
			"rotation": {"angle": 22.5, "axis": "y", "origin": [9.5925, 5.97106, 9.83231]}
		},
		{
			"faces": {
				"north": {"uv": [9, 8, 10, 10], "texture": "#0"},
				"east": {"uv": [9, 8, 10, 10], "texture": "#0"},
				"south": {"uv": [9, 8, 10, 10], "texture": "#0"},
				"west": {"uv": [9, 8, 10, 10], "texture": "#0"},
				"up": {"uv": [9, 8, 10, 10], "texture": "#0"},
				"down": {"uv": [9, 8, 10, 10], "texture": "#0"}
			},
			"to": [12.43368, 6.43954, 13.57558],
			"from": [11.9652, 5.50258, 13.52385],
			"rotation": {"angle": 45, "axis": "y", "origin": [10.39282, 5.97106, 9.44191]}
		},
		{
			"faces": {
				"north": {"uv": [9, 8, 10, 10], "texture": "#0"},
				"east": {"uv": [9, 8, 10, 10], "texture": "#0"},
				"south": {"uv": [9, 8, 10, 10], "texture": "#0"},
				"west": {"uv": [9, 8, 10, 10], "texture": "#0"},
				"up": {"uv": [9, 8, 10, 10], "texture": "#0"},
				"down": {"uv": [9, 8, 10, 10], "texture": "#0"}
			},
			"to": [15.27533, 6.43954, 6.68254],
			"from": [15.1992, 5.50258, 6.21406],
			"rotation": {"angle": -22.5, "axis": "y", "origin": [10.78322, 5.97106, 8.50495]}
		}
	],
	"display": {
		"head": {
			"translation": [0, 5.6, 0],
			"scale": [4, 4, 4],
			"rotation": [0, 0, 0]
		}
	}
}