{
	"parent": "item/generated",
	"textures": {
		"layer0": "item/red_dye"
	},
	"overrides": [
		{
			"predicate": {
				"custom_model_data": 1
			},
			"model": "shield_repo:maiden/base"
		},
		{
			"predicate": {
				"custom_model_data": 2
			},
			"model": "shield_repo:maiden/spike"
		},
		{
			"predicate": {
				"custom_model_data": 3
			},
			"model": "shield_repo:maiden/spike2"
		},
		{
			"predicate": {
				"custom_model_data": 4
			},
			"model": "shield_repo:maiden/spike3"
		},
		{
			"predicate": {
				"custom_model_data": 5
			},
			"model": "shield_repo:maiden/spike4"
		},
		{
			"predicate": {
				"custom_model_data": 6
			},
			"model": "shield_repo:maiden/spike5"
		},
		{
			"predicate": {
				"custom_model_data": 7
			},
			"model": "shield_repo:maiden/spike6"
		},
		{
			"predicate": {
				"custom_model_data": 8
			},
			"model": "shield_repo:maiden/spike7"
		},
		{
			"predicate": {
				"custom_model_data": 9
			},
			"model": "shield_repo:maiden/base2"
		},
		{
			"predicate": {
				"custom_model_data": 10
			},
			"model": "shield_repo:maiden/spike8"
		},
		{
			"predicate": {
				"custom_model_data": 11
			},
			"model": "shield_repo:maiden/spike9"
		},
		{
			"predicate": {
				"custom_model_data": 12
			},
			"model": "shield_repo:maiden/spike10"
		},
		{
			"predicate": {
				"custom_model_data": 13
			},
			"model": "shield_repo:maiden/spike11"
		},
		{
			"predicate": {
				"custom_model_data": 14
			},
			"model": "shield_repo:maiden/spike12"
		},
		{
			"predicate": {
				"custom_model_data": 15
			},
			"model": "shield_repo:maiden/spike13"
		},
		{
			"predicate": {
				"custom_model_data": 16
			},
			"model": "shield_repo:maiden/spike14"
		},
		{
			"predicate": {
				"custom_model_data": 17
			},
			"model": "shield_repo:maiden/sidewalls"
		},
		{
			"predicate": {
				"custom_model_data": 18
			},
			"model": "shield_repo:maiden/spike1"
		},
		{
			"predicate": {
				"custom_model_data": 19
			},
			"model": "shield_repo:maiden/spike19"
		},
		{
			"predicate": {
				"custom_model_data": 20
			},
			"model": "shield_repo:maiden/spike20"
		},
		{
			"predicate": {
				"custom_model_data": 21
			},
			"model": "shield_repo:maiden/spike21"
		},
		{
			"predicate": {
				"custom_model_data": 22
			},
			"model": "shield_repo:maiden/spike22"
		},
		{
			"predicate": {
				"custom_model_data": 23
			},
			"model": "shield_repo:maiden/spike23"
		},
		{
			"predicate": {
				"custom_model_data": 24
			},
			"model": "shield_repo:maiden/spike24"
		},
		{
			"predicate": {
				"custom_model_data": 25
			},
			"model": "shield_repo:maiden/spike25"
		},
		{
			"predicate": {
				"custom_model_data": 26
			},
			"model": "shield_repo:maiden/spike26"
		},
		{
			"predicate": {
				"custom_model_data": 27
			},
			"model": "shield_repo:maiden/spike27"
		},
		{
			"predicate": {
				"custom_model_data": 28
			},
			"model": "shield_repo:maiden/spike28"
		},
		{
			"predicate": {
				"custom_model_data": 29
			},
			"model": "shield_repo:maiden/spike29"
		},
		{
			"predicate": {
				"custom_model_data": 30
			},
			"model": "shield_repo:maiden/spike30"
		},
		{
			"predicate": {
				"custom_model_data": 31
			},
			"model": "shield_repo:maiden/spike31"
		},
		{
			"predicate": {
				"custom_model_data": 32
			},
			"model": "shield_repo:maiden/spike32"
		},
		{
			"predicate": {
				"custom_model_data": 33
			},
			"model": "shield_repo:maiden/spike33"
		},
		{
			"predicate": {
				"custom_model_data": 34
			},
			"model": "shield_repo:maiden/spike34"
		},
		{
			"predicate": {
				"custom_model_data": 35
			},
			"model": "shield_repo:maiden/spike35"
		},
		{
			"predicate": {
				"custom_model_data": 36
			},
			"model": "shield_repo:maiden/spike36"
		},
		{
			"predicate": {
				"custom_model_data": 37
			},
			"model": "shield_repo:maiden/spike37"
		},
		{
			"predicate": {
				"custom_model_data": 38
			},
			"model": "shield_repo:maiden/spike38"
		},
		{
			"predicate": {
				"custom_model_data": 39
			},
			"model": "shield_repo:maiden/spike39"
		},
		{
			"predicate": {
				"custom_model_data": 40
			},
			"model": "shield_repo:maiden/spike40"
		},
		{
			"predicate": {
				"custom_model_data": 41
			},
			"model": "shield_repo:maiden/spike41"
		},
		{
			"predicate": {
				"custom_model_data": 42
			},
			"model": "shield_repo:maiden/spike42"
		},
		{
			"predicate": {
				"custom_model_data": 43
			},
			"model": "shield_repo:maiden/spike43"
		},
		{
			"predicate": {
				"custom_model_data": 44
			},
			"model": "shield_repo:maiden/spike44"
		},
		{
			"predicate": {
				"custom_model_data": 45
			},
			"model": "shield_repo:maiden/spike45"
		},
		{
			"predicate": {
				"custom_model_data": 46
			},
			"model": "shield_repo:maiden/spike46"
		},
		{
			"predicate": {
				"custom_model_data": 47
			},
			"model": "shield_repo:maiden/spike47"
		},
		{
			"predicate": {
				"custom_model_data": 48
			},
			"model": "shield_repo:maiden/spike48"
		},
		{
			"predicate": {
				"custom_model_data": 49
			},
			"model": "shield_repo:maiden/spike49"
		},
		{
			"predicate": {
				"custom_model_data": 50
			},
			"model": "shield_repo:maiden/spike50"
		},
		{
			"predicate": {
				"custom_model_data": 51
			},
			"model": "shield_repo:maiden/spike51"
		},
		{
			"predicate": {
				"custom_model_data": 52
			},
			"model": "shield_repo:maiden/spike52"
		},
		{
			"predicate": {
				"custom_model_data": 53
			},
			"model": "shield_repo:maiden/bone1"
		},
		{
			"predicate": {
				"custom_model_data": 54
			},
			"model": "shield_repo:maiden/bone2"
		},
		{
			"predicate": {
				"custom_model_data": 55
			},
			"model": "shield_repo:maiden/bone3"
		},
		{
			"predicate": {
				"custom_model_data": 56
			},
			"model": "shield_repo:maiden/bone4"
		},
		{
			"predicate": {
				"custom_model_data": 57
			},
			"model": "shield_repo:maiden/bone5"
		},
		{
			"predicate": {
				"custom_model_data": 58
			},
			"model": "shield_repo:maiden/bone6"
		},
		{
			"predicate": {
				"custom_model_data": 59
			},
			"model": "shield_repo:maiden/bone7"
		},
		{
			"predicate": {
				"custom_model_data": 60
			},
			"model": "shield_repo:maiden/bone8"
		},
		{
			"predicate": {
				"custom_model_data": 61
			},
			"model": "shield_repo:maiden/bone9"
		},
		{
			"predicate": {
				"custom_model_data": 62
			},
			"model": "shield_repo:maiden/bone10"
		},
		{
			"predicate": {
				"custom_model_data": 63
			},
			"model": "shield_repo:maiden/bone11"
		},
		{
			"predicate": {
				"custom_model_data": 64
			},
			"model": "shield_repo:maiden/bone12"
		},
		{
			"predicate": {
				"custom_model_data": 65
			},
			"model": "shield_repo:maiden/bone13"
		},
		{
			"predicate": {
				"custom_model_data": 66
			},
			"model": "shield_repo:maiden/bone14"
		},
		{
			"predicate": {
				"custom_model_data": 67
			},
			"model": "shield_repo:maiden/bone15"
		},
		{
			"predicate": {
				"custom_model_data": 68
			},
			"model": "shield_repo:maiden/bone16"
		},
		{
			"predicate": {
				"custom_model_data": 69
			},
			"model": "shield_repo:maiden/bone17"
		},
		{
			"predicate": {
				"custom_model_data": 70
			},
			"model": "shield_repo:maiden/bone18"
		},
		{
			"predicate": {
				"custom_model_data": 71
			},
			"model": "shield_repo:maiden/bone19"
		},
		{
			"predicate": {
				"custom_model_data": 72
			},
			"model": "shield_repo:maiden/bone20"
		},
		{
			"predicate": {
				"custom_model_data": 73
			},
			"model": "shield_repo:maiden/bone21"
		},
		{
			"predicate": {
				"custom_model_data": 74
			},
			"model": "shield_repo:maiden/bone22"
		},
		{
			"predicate": {
				"custom_model_data": 75
			},
			"model": "shield_repo:maiden/bone23"
		},
		{
			"predicate": {
				"custom_model_data": 76
			},
			"model": "shield_repo:maiden/bone24"
		},
		{
			"predicate": {
				"custom_model_data": 77
			},
			"model": "shield_repo:maiden/neck"
		},
		{
			"predicate": {
				"custom_model_data": 78
			},
			"model": "shield_repo:maiden/head"
		},
		{
			"predicate": {
				"custom_model_data": 79
			},
			"model": "shield_repo:maiden/bone26"
		},
		{
			"predicate": {
				"custom_model_data": 80
			},
			"model": "shield_repo:maiden/bone25"
		},
		{
			"predicate": {
				"custom_model_data": 81
			},
			"model": "shield_repo:maiden/bone27"
		},
		{
			"predicate": {
				"custom_model_data": 82
			},
			"model": "shield_repo:maiden/bone28"
		},
		{
			"predicate": {
				"custom_model_data": 83
			},
			"model": "shield_repo:maiden/face"
		},
		{
			"predicate": {
				"custom_model_data": 84
			},
			"model": "shield_repo:maiden/eye"
		},
		{
			"predicate": {
				"custom_model_data": 85
			},
			"model": "shield_repo:maiden/eye2"
		},
		{
			"predicate": {
				"custom_model_data": 86
			},
			"model": "shield_repo:maiden/door1"
		},
		{
			"predicate": {
				"custom_model_data": 87
			},
			"model": "shield_repo:maiden/spike16"
		},
		{
			"predicate": {
				"custom_model_data": 88
			},
			"model": "shield_repo:maiden/spike17"
		},
		{
			"predicate": {
				"custom_model_data": 89
			},
			"model": "shield_repo:maiden/spike18"
		},
		{
			"predicate": {
				"custom_model_data": 90
			},
			"model": "shield_repo:maiden/spike57"
		},
		{
			"predicate": {
				"custom_model_data": 91
			},
			"model": "shield_repo:maiden/spike58"
		},
		{
			"predicate": {
				"custom_model_data": 92
			},
			"model": "shield_repo:maiden/spike59"
		},
		{
			"predicate": {
				"custom_model_data": 93
			},
			"model": "shield_repo:maiden/spike64"
		},
		{
			"predicate": {
				"custom_model_data": 94
			},
			"model": "shield_repo:maiden/spike65"
		},
		{
			"predicate": {
				"custom_model_data": 95
			},
			"model": "shield_repo:maiden/spike66"
		},
		{
			"predicate": {
				"custom_model_data": 96
			},
			"model": "shield_repo:maiden/spike71"
		},
		{
			"predicate": {
				"custom_model_data": 97
			},
			"model": "shield_repo:maiden/spike72"
		},
		{
			"predicate": {
				"custom_model_data": 98
			},
			"model": "shield_repo:maiden/spike73"
		},
		{
			"predicate": {
				"custom_model_data": 99
			},
			"model": "shield_repo:maiden/spike78"
		},
		{
			"predicate": {
				"custom_model_data": 100
			},
			"model": "shield_repo:maiden/spike79"
		},
		{
			"predicate": {
				"custom_model_data": 101
			},
			"model": "shield_repo:maiden/spike80"
		},
		{
			"predicate": {
				"custom_model_data": 102
			},
			"model": "shield_repo:maiden/outspike1"
		},
		{
			"predicate": {
				"custom_model_data": 103
			},
			"model": "shield_repo:maiden/outspike2"
		},
		{
			"predicate": {
				"custom_model_data": 104
			},
			"model": "shield_repo:maiden/outspike3"
		},
		{
			"predicate": {
				"custom_model_data": 105
			},
			"model": "shield_repo:maiden/outspike4"
		},
		{
			"predicate": {
				"custom_model_data": 106
			},
			"model": "shield_repo:maiden/outspike5"
		},
		{
			"predicate": {
				"custom_model_data": 107
			},
			"model": "shield_repo:maiden/outspike6"
		},
		{
			"predicate": {
				"custom_model_data": 108
			},
			"model": "shield_repo:maiden/sideoutspike1"
		},
		{
			"predicate": {
				"custom_model_data": 109
			},
			"model": "shield_repo:maiden/sideoutspike2"
		},
		{
			"predicate": {
				"custom_model_data": 110
			},
			"model": "shield_repo:maiden/sideoutspike3"
		},
		{
			"predicate": {
				"custom_model_data": 111
			},
			"model": "shield_repo:maiden/sideoutspike4"
		},
		{
			"predicate": {
				"custom_model_data": 112
			},
			"model": "shield_repo:maiden/sideoutspike5"
		},
		{
			"predicate": {
				"custom_model_data": 113
			},
			"model": "shield_repo:maiden/sideoutspike6"
		},
		{
			"predicate": {
				"custom_model_data": 114
			},
			"model": "shield_repo:maiden/sideoutspike7"
		},
		{
			"predicate": {
				"custom_model_data": 115
			},
			"model": "shield_repo:maiden/sideoutspike8"
		},
		{
			"predicate": {
				"custom_model_data": 116
			},
			"model": "shield_repo:maiden/sideoutspike9"
		},
		{
			"predicate": {
				"custom_model_data": 117
			},
			"model": "shield_repo:maiden/sideoutspike11"
		},
		{
			"predicate": {
				"custom_model_data": 118
			},
			"model": "shield_repo:maiden/sideoutspike12"
		},
		{
			"predicate": {
				"custom_model_data": 119
			},
			"model": "shield_repo:maiden/sideoutspike13"
		},
		{
			"predicate": {
				"custom_model_data": 120
			},
			"model": "shield_repo:maiden/sideoutspike14"
		},
		{
			"predicate": {
				"custom_model_data": 121
			},
			"model": "shield_repo:maiden/sideoutspike15"
		},
		{
			"predicate": {
				"custom_model_data": 122
			},
			"model": "shield_repo:maiden/sideoutspike16"
		},
		{
			"predicate": {
				"custom_model_data": 123
			},
			"model": "shield_repo:maiden/sideoutspike17"
		},
		{
			"predicate": {
				"custom_model_data": 124
			},
			"model": "shield_repo:maiden/door2"
		},
		{
			"predicate": {
				"custom_model_data": 125
			},
			"model": "shield_repo:maiden/spike15"
		},
		{
			"predicate": {
				"custom_model_data": 126
			},
			"model": "shield_repo:maiden/spike53"
		},
		{
			"predicate": {
				"custom_model_data": 127
			},
			"model": "shield_repo:maiden/spike54"
		},
		{
			"predicate": {
				"custom_model_data": 128
			},
			"model": "shield_repo:maiden/spike55"
		},
		{
			"predicate": {
				"custom_model_data": 129
			},
			"model": "shield_repo:maiden/spike56"
		},
		{
			"predicate": {
				"custom_model_data": 130
			},
			"model": "shield_repo:maiden/spike60"
		},
		{
			"predicate": {
				"custom_model_data": 131
			},
			"model": "shield_repo:maiden/spike61"
		},
		{
			"predicate": {
				"custom_model_data": 132
			},
			"model": "shield_repo:maiden/spike62"
		},
		{
			"predicate": {
				"custom_model_data": 133
			},
			"model": "shield_repo:maiden/spike63"
		},
		{
			"predicate": {
				"custom_model_data": 134
			},
			"model": "shield_repo:maiden/spike67"
		},
		{
			"predicate": {
				"custom_model_data": 135
			},
			"model": "shield_repo:maiden/spike68"
		},
		{
			"predicate": {
				"custom_model_data": 136
			},
			"model": "shield_repo:maiden/spike69"
		},
		{
			"predicate": {
				"custom_model_data": 137
			},
			"model": "shield_repo:maiden/spike70"
		},
		{
			"predicate": {
				"custom_model_data": 138
			},
			"model": "shield_repo:maiden/spike74"
		},
		{
			"predicate": {
				"custom_model_data": 139
			},
			"model": "shield_repo:maiden/spike75"
		},
		{
			"predicate": {
				"custom_model_data": 140
			},
			"model": "shield_repo:maiden/outspike7"
		},
		{
			"predicate": {
				"custom_model_data": 141
			},
			"model": "shield_repo:maiden/outspike8"
		},
		{
			"predicate": {
				"custom_model_data": 142
			},
			"model": "shield_repo:maiden/outspike9"
		},
		{
			"predicate": {
				"custom_model_data": 143
			},
			"model": "shield_repo:maiden/outspike10"
		},
		{
			"predicate": {
				"custom_model_data": 144
			},
			"model": "shield_repo:maiden/outspike11"
		},
		{
			"predicate": {
				"custom_model_data": 145
			},
			"model": "shield_repo:maiden/outspike12"
		},
		{
			"predicate": {
				"custom_model_data": 146
			},
			"model": "shield_repo:maiden/sideoutspike10"
		},
		{
			"predicate": {
				"custom_model_data": 147
			},
			"model": "shield_repo:maiden/sideoutspike18"
		},
		{
			"predicate": {
				"custom_model_data": 148
			},
			"model": "shield_repo:maiden/sideoutspike19"
		},
		{
			"predicate": {
				"custom_model_data": 149
			},
			"model": "shield_repo:maiden/sideoutspike20"
		},
		{
			"predicate": {
				"custom_model_data": 150
			},
			"model": "shield_repo:maiden/sideoutspike21"
		},
		{
			"predicate": {
				"custom_model_data": 151
			},
			"model": "shield_repo:maiden/sideoutspike22"
		},
		{
			"predicate": {
				"custom_model_data": 152
			},
			"model": "shield_repo:maiden/sideoutspike23"
		},
		{
			"predicate": {
				"custom_model_data": 153
			},
			"model": "shield_repo:maiden/sideoutspike24"
		},
		{
			"predicate": {
				"custom_model_data": 154
			},
			"model": "shield_repo:maiden/sideoutspike25"
		},
		{
			"predicate": {
				"custom_model_data": 155
			},
			"model": "shield_repo:maiden/sideoutspike26"
		},
		{
			"predicate": {
				"custom_model_data": 156
			},
			"model": "shield_repo:maiden/sideoutspike27"
		},
		{
			"predicate": {
				"custom_model_data": 157
			},
			"model": "shield_repo:maiden/sideoutspike28"
		},
		{
			"predicate": {
				"custom_model_data": 158
			},
			"model": "shield_repo:maiden/sideoutspike29"
		},
		{
			"predicate": {
				"custom_model_data": 159
			},
			"model": "shield_repo:maiden/sideoutspike30"
		},
		{
			"predicate": {
				"custom_model_data": 160
			},
			"model": "shield_repo:maiden/sideoutspike31"
		},
		{
			"predicate": {
				"custom_model_data": 161
			},
			"model": "shield_repo:maiden/sideoutspike32"
		}
	],
	"aj": {
		"includedRigs": {
			"a1009b53-6ef3-ffac-d294-aada603284fa": {
				"name": "amr.shield.maiden",
				"usedIDs": [
					[1, 161]
				]
			}
		}
	}
}