{
    "parent": "builtin/entity",
    "textures": {
        "particle": "block/dark_oak_planks"
    },
    "display": {
        "thirdperson_righthand": {
            "rotation": [ 0, 90, 0 ],
            "translation": [ 10, 6, -4 ],
            "scale": [ 1, 1, 1 ]
        },
        "thirdperson_lefthand": {
            "rotation": [ 0, 90, 0 ],
            "translation": [ 10, 6, 12 ],
            "scale": [ 1, 1, 1 ]
        },
        "firstperson_righthand": {
            "rotation": [ 0, 180, 5 ],
            "translation": [ -10, 2, -10 ],
            "scale": [ 1.25, 1.25, 1.25 ]
        },
        "firstperson_lefthand": {
            "rotation": [ 0, 180, 5 ],
            "translation": [ 10, 0, -10 ],
            "scale": [ 1.25, 1.25, 1.25 ]
        },
        "gui": {
            "rotation": [ 15, -25, -5 ],
            "translation": [ 2, 3, 0 ],
            "scale": [ 0.65, 0.65, 0.65 ]
        },
        "fixed": {
            "rotation": [ 0, 180, 0 ],
            "translation": [ -2, 4, -5],
            "scale":[ 0.5, 0.5, 0.5]
        },
        "ground": {
            "rotation": [ 0, 0, 0 ],
            "translation": [ 4, 4, 2],
            "scale":[ 0.25, 0.25, 0.25]
        }
    },
    "overrides": [
        {
            "predicate": {
                "blocking": 1
            },
            "model": "item/shield_blocking"
        },
        {
            "predicate": {
                "custom_model_data": 369001
            },
            "model": "shield_repo:item/basic-shield"
        },
        {
            "predicate": {
                "custom_model_data": 369001,
                "blocking": 1
            },
            "model": "shield_repo:item/basic-shield-blocking"
        },
        {
            "predicate": {
                "custom_model_data": 369002
            },
            "model": "shield_repo:item/leaf-shield"
        },
        {
            "predicate": {
                "custom_model_data": 369002,
                "blocking": 1
            },
            "model": "shield_repo:item/leaf-shield-blocking"
        },
        {
            "predicate": {
                "custom_model_data": 369003
            },
            "model": "shield_repo:item/pickaxe-shield"
        },
        {
            "predicate": {
                "custom_model_data": 369003,
                "blocking": 1
            },
            "model": "shield_repo:item/pickaxe-shield-blocking"
        },
        {
            "predicate": {
                "custom_model_data": 369004
            },
            "model": "shield_repo:item/rope-shield"
        },
        {
            "predicate": {
                "custom_model_data": 369004,
                "blocking": 1
            },
            "model": "shield_repo:item/rope-shield-blocking"
        },
        {
            "predicate": {
                "custom_model_data": 369005
            },
            "model": "shield_repo:item/pipe-shield"
        },
        {
            "predicate": {
                "custom_model_data": 369005,
                "blocking": 1
            },
            "model": "shield_repo:item/pipe-shield-blocking"
        },
        {
            "predicate": {
                "custom_model_data": 369006
            },
            "model": "shield_repo:item/light-metal-shield"
        },
        {
            "predicate": {
                "custom_model_data": 369006,
                "blocking": 1
            },
            "model": "shield_repo:item/light-metal-shield-blocking"
        },
        {
            "predicate": {
                "custom_model_data": 369007
            },
            "model": "shield_repo:item/dog-shield"
        },
        {
            "predicate": {
                "custom_model_data": 369007,
                "blocking": 1
            },
            "model": "shield_repo:item/dog-shield-blocking"
        },
        {
            "predicate": {
                "custom_model_data": 369008
            },
            "model": "shield_repo:item/chimera-viper-shield"
        },
        {
            "predicate": {
                "custom_model_data": 369008,
                "blocking": 1
            },
            "model": "shield_repo:item/chimera-viper-shield-blocking"
        },
        {
            "predicate": {
                "custom_model_data": 369009
            },
            "model": "shield_repo:item/wrath-shield"
        },
        {
            "predicate": {
                "custom_model_data": 369009,
                "blocking": 1
            },
            "model": "shield_repo:item/wrath-shield-blocking"
        },
        {
            "predicate": {
                "custom_model_data": 369010
            },
            "model": "shield_repo:item/soul-eater-shield"
        },
        {
            "predicate": {
                "custom_model_data": 369010,
                "blocking": 1
            },
            "model": "shield_repo:item/soul-eater-shield-blocking"
        },
        {
            "predicate": {
                "custom_model_data": 369011
            },
            "model": "shield_repo:item/siderite-shield"
        },
        {
            "predicate": {
                "custom_model_data": 369011,
                "blocking": 1
            },
            "model": "shield_repo:item/siderite-shield-blocking"
        },
        {
            "predicate": {
                "custom_model_data": 369012
            },
            "model": "shield_repo:item/portal-shield"
        },
        {
            "predicate": {
                "custom_model_data": 369012,
                "blocking": 1
            },
            "model": "shield_repo:item/portal-shield-blocking"
        },
        {
            "predicate": {
                "custom_model_data": 369013
            },
            "model": "shield_repo:item/whale-core-shield"
        },
        {
            "predicate": {
                "custom_model_data": 369013,
                "blocking": 1
            },
            "model": "shield_repo:item/whale-core-shield-blocking"
        },
        {
            "predicate": {
                "custom_model_data": 369014
            },
            "model": "shield_repo:item/shield"
        },
        {
            "predicate": {
                "custom_model_data": 369014,
                "blocking": 1
            },
            "model": "shield_repo:item/shield_blocking"
        },
        {
            "predicate": {
                "custom_model_data": 369015
            },
            "model": "shield_repo:item/bio-shield"
        },
        {
            "predicate": {
                "custom_model_data": 369015,
                "blocking": 1
            },
            "model": "shield_repo:item/bio-shield-blocking"
        },
        {
            "predicate": {
                "custom_model_data": 369016
            },
            "model": "shield_repo:item/st-heart-shield"
        },
        {
            "predicate": {
                "custom_model_data": 369016,
                "blocking": 1
            },
            "model": "shield_repo:item/st-heart-shield-blocking"
        }
    ]
}
