{
	"__credit": "Generated using Animated Java (https://animated-java.dev/)",
	"textures": {
		"0": "shield_repo:weapontxtrs/iron"
	},
	"elements": [
		{
			"faces": {
				"north": {"uv": [7, 5.1875, 6.9375, 6], "texture": "#0"},
				"east": {"uv": [7, 5.1875, 6.90625, 6], "texture": "#0"},
				"south": {"uv": [7, 5.1875, 6.9375, 6], "texture": "#0"},
				"west": {"uv": [7, 5.1875, 6.90625, 6], "texture": "#0"},
				"up": {"uv": [7, 5.28125, 6.9375, 6], "texture": "#0"},
				"down": {"uv": [7, 5.28125, 6.9375, 6], "texture": "#0"}
			},
			"to": [8.6, 23.4, 8.64],
			"from": [8.2, 21.8, 7.36],
			"rotation": {"angle": -22.5, "axis": "z", "origin": [8.6, 21.8, 8]}
		},
		{
			"faces": {
				"north": {"uv": [7, 5.1875, 6.9375, 6], "texture": "#0"},
				"east": {"uv": [7, 5.1875, 6.90625, 6], "texture": "#0"},
				"south": {"uv": [7, 5.1875, 6.9375, 6], "texture": "#0"},
				"west": {"uv": [7, 5.1875, 6.90625, 6], "texture": "#0"},
				"up": {"uv": [7, 5.28125, 6.9375, 6], "texture": "#0"},
				"down": {"uv": [7, 5.28125, 6.9375, 6], "texture": "#0"}
			},
			"to": [9.212, 24.398, 8.64],
			"from": [8.812, 23.278, 7.36],
			"rotation": {"angle": 0, "axis": "y", "origin": [8.84276, 23.416, 7.2]}
		},
		{
			"faces": {
				"north": {"uv": [7, 5.1875, 6.9375, 6], "texture": "#0"},
				"east": {"uv": [7, 5.1875, 6.90625, 6], "texture": "#0"},
				"south": {"uv": [7, 5.1875, 6.9375, 6], "texture": "#0"},
				"west": {"uv": [7, 5.1875, 6.90625, 6], "texture": "#0"},
				"up": {"uv": [7, 5.28125, 6.9375, 6], "texture": "#0"},
				"down": {"uv": [7, 5.28125, 6.9375, 6], "texture": "#0"}
			},
			"to": [9.212, 24.902, 8.64],
			"from": [8.812, 24.398, 7.36],
			"rotation": {"angle": 22.5, "axis": "z", "origin": [9.212, 24.398, 7.2]}
		},
		{
			"faces": {
				"north": {"uv": [7, 5.1875, 6.9375, 6], "texture": "#0"},
				"east": {"uv": [7, 5.1875, 6.90625, 6], "texture": "#0"},
				"south": {"uv": [7, 5.1875, 6.9375, 6], "texture": "#0"},
				"west": {"uv": [7, 5.1875, 6.90625, 6], "texture": "#0"},
				"up": {"uv": [7, 5.28125, 6.9375, 6], "texture": "#0"},
				"down": {"uv": [7, 5.28125, 6.9375, 6], "texture": "#0"}
			},
			"to": [9.0192, 25.3676, 8.64],
			"from": [8.6192, 24.8636, 7.36],
			"rotation": {"angle": 45, "axis": "z", "origin": [9.0192, 24.8636, 7.2]}
		},
		{
			"faces": {
				"north": {"uv": [7, 5.1875, 6.9375, 6], "texture": "#0"},
				"east": {"uv": [7, 5.1875, 6.90625, 6], "texture": "#0"},
				"south": {"uv": [7, 5.1875, 6.9375, 6], "texture": "#0"},
				"west": {"uv": [7, 5.1875, 6.90625, 6], "texture": "#0"},
				"up": {"uv": [7, 5.28125, 6.9375, 6], "texture": "#0"},
				"down": {"uv": [7, 5.28125, 6.9375, 6], "texture": "#0"}
			},
			"to": [8.6628, 25.22, 8.64],
			"from": [8.1588, 24.82, 7.36],
			"rotation": {"angle": -22.5, "axis": "z", "origin": [8.6628, 25.22, 7.2]}
		},
		{
			"faces": {
				"north": {"uv": [7, 5.1875, 6.9375, 6], "texture": "#0"},
				"east": {"uv": [7, 5.1875, 6.90625, 6], "texture": "#0"},
				"south": {"uv": [7, 5.1875, 6.9375, 6], "texture": "#0"},
				"west": {"uv": [7, 5.1875, 6.90625, 6], "texture": "#0"},
				"up": {"uv": [7, 5.28125, 6.9375, 6], "texture": "#0"},
				"down": {"uv": [7, 5.28125, 6.9375, 6], "texture": "#0"}
			},
			"to": [8.1972, 25.4128, 8.64],
			"from": [7.8132, 25.0128, 7.36],
			"rotation": {"angle": 0, "axis": "y", "origin": [8.2628, 25.62, 7.2]}
		}
	],
	"display": {
		"head": {
			"translation": [0, 5.6, 0],
			"scale": [4, 4, 4],
			"rotation": [0, 0, 0]
		}
	}
}