{
	"__credit": "Generated using Animated Java (https://animated-java.dev/)",
	"textures": {
		"0": "shield_repo:weapontxtrs/iron"
	},
	"elements": [
		{
			"faces": {
				"north": {"uv": [5, 4.1875, 4.9375, 5], "texture": "#0"},
				"east": {"uv": [5, 4.1875, 4.90625, 5], "texture": "#0"},
				"south": {"uv": [5, 4.1875, 4.9375, 5], "texture": "#0"},
				"west": {"uv": [5, 4.1875, 4.90625, 5], "texture": "#0"},
				"up": {"uv": [5, 4.28125, 4.9375, 5], "texture": "#0"},
				"down": {"uv": [5, 4.28125, 4.9375, 5], "texture": "#0"}
			},
			"to": [8.6, 24.2, 8.52],
			"from": [7.4, 21.8, 7.48],
			"rotation": {"angle": -22.5, "axis": "z", "origin": [8.6, 21.8, 8]}
		},
		{
			"faces": {
				"north": {"uv": [5, 4.1875, 4.9375, 5], "texture": "#0"},
				"east": {"uv": [5, 4.1875, 4.90625, 5], "texture": "#0"},
				"south": {"uv": [5, 4.1875, 4.9375, 5], "texture": "#0"},
				"west": {"uv": [5, 4.1875, 4.90625, 5], "texture": "#0"},
				"up": {"uv": [5, 4.28125, 4.9375, 5], "texture": "#0"},
				"down": {"uv": [5, 4.28125, 4.9375, 5], "texture": "#0"}
			},
			"to": [10.07737, 23.61648, 8.52],
			"from": [8.47737, 22.41648, 7.48],
			"rotation": {"angle": 22.5, "axis": "z", "origin": [9, 22.2, 8]}
		},
		{
			"faces": {
				"north": {"uv": [5, 4.1875, 4.9375, 5], "texture": "#0"},
				"east": {"uv": [5, 4.1875, 4.90625, 5], "texture": "#0"},
				"south": {"uv": [5, 4.1875, 4.9375, 5], "texture": "#0"},
				"west": {"uv": [5, 4.1875, 4.90625, 5], "texture": "#0"},
				"up": {"uv": [5, 4.28125, 4.9375, 5], "texture": "#0"},
				"down": {"uv": [5, 4.28125, 4.9375, 5], "texture": "#0"}
			},
			"to": [10, 24.4, 8.52],
			"from": [8.8, 22.8, 7.48],
			"rotation": {"angle": 0, "axis": "y", "origin": [9.8, 22.6, 8]}
		},
		{
			"faces": {
				"north": {"uv": [5, 4.1875, 4.9375, 5], "texture": "#0"},
				"east": {"uv": [5, 4.1875, 4.90625, 5], "texture": "#0"},
				"south": {"uv": [5, 4.1875, 4.9375, 5], "texture": "#0"},
				"west": {"uv": [5, 4.1875, 4.90625, 5], "texture": "#0"},
				"up": {"uv": [5, 4.28125, 4.9375, 5], "texture": "#0"},
				"down": {"uv": [5, 4.28125, 4.9375, 5], "texture": "#0"}
			},
			"to": [10, 25.2, 8.52],
			"from": [8.8, 24.4, 7.48],
			"rotation": {"angle": 22.5, "axis": "z", "origin": [10, 24.4, 7.2]}
		},
		{
			"faces": {
				"north": {"uv": [5, 4.1875, 4.9375, 5], "texture": "#0"},
				"east": {"uv": [5, 4.1875, 4.90625, 5], "texture": "#0"},
				"south": {"uv": [5, 4.1875, 4.9375, 5], "texture": "#0"},
				"west": {"uv": [5, 4.1875, 4.90625, 5], "texture": "#0"},
				"up": {"uv": [5, 4.28125, 4.9375, 5], "texture": "#0"},
				"down": {"uv": [5, 4.28125, 4.9375, 5], "texture": "#0"}
			},
			"to": [9.692, 25.936, 8.52],
			"from": [7.692, 25.136, 7.48],
			"rotation": {"angle": 45, "axis": "z", "origin": [9.692, 25.136, 7.2]}
		},
		{
			"faces": {
				"north": {"uv": [5, 4.1875, 4.9375, 5], "texture": "#0"},
				"east": {"uv": [5, 4.1875, 4.90625, 5], "texture": "#0"},
				"south": {"uv": [5, 4.1875, 4.9375, 5], "texture": "#0"},
				"west": {"uv": [5, 4.1875, 4.90625, 5], "texture": "#0"},
				"up": {"uv": [5, 4.28125, 4.9375, 5], "texture": "#0"},
				"down": {"uv": [5, 4.28125, 4.9375, 5], "texture": "#0"}
			},
			"to": [9.1263, 25.70168, 8.52],
			"from": [7.9263, 23.70168, 7.48],
			"rotation": {"angle": -22.5, "axis": "z", "origin": [9.12631, 25.70168, 7.2]}
		},
		{
			"faces": {
				"north": {"uv": [5, 4.1875, 4.9375, 5], "texture": "#0"},
				"east": {"uv": [5, 4.1875, 4.90625, 5], "texture": "#0"},
				"south": {"uv": [5, 4.1875, 4.9375, 5], "texture": "#0"},
				"west": {"uv": [5, 4.1875, 4.90625, 5], "texture": "#0"},
				"up": {"uv": [5, 4.28125, 4.9375, 5], "texture": "#0"},
				"down": {"uv": [5, 4.28125, 4.9375, 5], "texture": "#0"}
			},
			"to": [7.24, 26.64, 8.52],
			"from": [6.84, 26.24, 7.48],
			"rotation": {"angle": 45, "axis": "z", "origin": [8, 27.4, 7.2]}
		}
	],
	"display": {
		"head": {
			"translation": [0, 5.6, 0],
			"scale": [4, 4, 4],
			"rotation": [0, 0, 0]
		}
	}
}