{
	"__credit": "Generated using Animated Java (https://animated-java.dev/)",
	"textures": {
		"0": "shield_repo:weapontxtrs/iron"
	},
	"elements": [
		{
			"faces": {
				"north": {"uv": [7, 5.1875, 6.9375, 6], "texture": "#0"},
				"east": {"uv": [7, 5.1875, 6.90625, 6], "texture": "#0"},
				"south": {"uv": [7, 5.1875, 6.9375, 6], "texture": "#0"},
				"west": {"uv": [7, 5.1875, 6.90625, 6], "texture": "#0"},
				"up": {"uv": [7, 5.28125, 6.9375, 6], "texture": "#0"},
				"down": {"uv": [7, 5.28125, 6.9375, 6], "texture": "#0"}
			},
			"to": [8.4, 5.4, 8.4],
			"from": [7.6, 5, 4],
			"rotation": {"angle": 45, "axis": "z", "origin": [8, 5, 8]}
		},
		{
			"faces": {
				"north": {"uv": [7, 5.1875, 6.9375, 6], "texture": "#0"},
				"east": {"uv": [7, 5.1875, 6.90625, 6], "texture": "#0"},
				"south": {"uv": [7, 5.1875, 6.9375, 6], "texture": "#0"},
				"west": {"uv": [7, 5.1875, 6.90625, 6], "texture": "#0"},
				"up": {"uv": [7, 5.28125, 6.9375, 6], "texture": "#0"},
				"down": {"uv": [7, 5.28125, 6.9375, 6], "texture": "#0"}
			},
			"to": [8.4, 5.4, 8.4],
			"from": [8, 4.6, 4],
			"rotation": {"angle": 45, "axis": "z", "origin": [8, 5, 8]}
		}
	],
	"display": {
		"head": {
			"translation": [0, 5.6, 0],
			"scale": [4, 4, 4],
			"rotation": [0, 0, 0]
		}
	}
}