{
	"__credit": "Generated using Animated Java (https://animated-java.dev/)",
	"textures": {
		"0": "shield_repo:weapontxtrs/iron"
	},
	"elements": [
		{
			"faces": {
				"north": {"uv": [5, 4.1875, 4.9375, 5], "texture": "#0"},
				"east": {"uv": [5, 4.1875, 4.90625, 5], "texture": "#0"},
				"south": {"uv": [5, 4.1875, 4.9375, 5], "texture": "#0"},
				"west": {"uv": [5, 4.1875, 4.90625, 5], "texture": "#0"},
				"up": {"uv": [5, 4.28125, 4.9375, 5], "texture": "#0"},
				"down": {"uv": [5, 4.28125, 4.9375, 5], "texture": "#0"}
			},
			"to": [8.5391, 24.50615, 8.52],
			"from": [7.3391, 22.10615, 7.48],
			"rotation": {"angle": -22.5, "axis": "z", "origin": [7.8, 21.8, 8]}
		},
		{
			"faces": {
				"north": {"uv": [5, 4.1875, 4.9375, 5], "texture": "#0"},
				"east": {"uv": [5, 4.1875, 4.90625, 5], "texture": "#0"},
				"south": {"uv": [5, 4.1875, 4.9375, 5], "texture": "#0"},
				"west": {"uv": [5, 4.1875, 4.90625, 5], "texture": "#0"},
				"up": {"uv": [5, 4.28125, 4.9375, 5], "texture": "#0"},
				"down": {"uv": [5, 4.28125, 4.9375, 5], "texture": "#0"}
			},
			"to": [10.1391, 23.12681, 8.52],
			"from": [8.5391, 21.92681, 7.48],
			"rotation": {"angle": 22.5, "axis": "z", "origin": [7.8, 21.8, 8]}
		},
		{
			"faces": {
				"north": {"uv": [5, 4.1875, 4.9375, 5], "texture": "#0"},
				"east": {"uv": [5, 4.1875, 4.90625, 5], "texture": "#0"},
				"south": {"uv": [5, 4.1875, 4.9375, 5], "texture": "#0"},
				"west": {"uv": [5, 4.1875, 4.90625, 5], "texture": "#0"},
				"up": {"uv": [5, 4.28125, 4.9375, 5], "texture": "#0"},
				"down": {"uv": [5, 4.28125, 4.9375, 5], "texture": "#0"}
			},
			"to": [10, 24.4, 8.52],
			"from": [8.8, 22.8, 7.48],
			"rotation": {"angle": 0, "axis": "y", "origin": [7.8, 21.8, 8]}
		},
		{
			"faces": {
				"north": {"uv": [5, 4.1875, 4.9375, 5], "texture": "#0"},
				"east": {"uv": [5, 4.1875, 4.90625, 5], "texture": "#0"},
				"south": {"uv": [5, 4.1875, 4.9375, 5], "texture": "#0"},
				"west": {"uv": [5, 4.1875, 4.90625, 5], "texture": "#0"},
				"up": {"uv": [5, 4.28125, 4.9375, 5], "texture": "#0"},
				"down": {"uv": [5, 4.28125, 4.9375, 5], "texture": "#0"}
			},
			"to": [10.82751, 24.16018, 8.52],
			"from": [9.62751, 23.36018, 7.48],
			"rotation": {"angle": 22.5, "axis": "z", "origin": [7.8, 21.8, 8]}
		},
		{
			"faces": {
				"north": {"uv": [5, 4.1875, 4.9375, 5], "texture": "#0"},
				"east": {"uv": [5, 4.1875, 4.90625, 5], "texture": "#0"},
				"south": {"uv": [5, 4.1875, 4.9375, 5], "texture": "#0"},
				"west": {"uv": [5, 4.1875, 4.90625, 5], "texture": "#0"},
				"up": {"uv": [5, 4.28125, 4.9375, 5], "texture": "#0"},
				"down": {"uv": [5, 4.28125, 4.9375, 5], "texture": "#0"}
			},
			"to": [11.49675, 23.62106, 8.52],
			"from": [9.49675, 22.82106, 7.48],
			"rotation": {"angle": 45, "axis": "z", "origin": [7.8, 21.8, 8]}
		},
		{
			"faces": {
				"north": {"uv": [5, 4.1875, 4.9375, 5], "texture": "#0"},
				"east": {"uv": [5, 4.1875, 4.90625, 5], "texture": "#0"},
				"south": {"uv": [5, 4.1875, 4.9375, 5], "texture": "#0"},
				"west": {"uv": [5, 4.1875, 4.90625, 5], "texture": "#0"},
				"up": {"uv": [5, 4.28125, 4.9375, 5], "texture": "#0"},
				"down": {"uv": [5, 4.28125, 4.9375, 5], "texture": "#0"}
			},
			"to": [7.53224, 25.91224, 8.52],
			"from": [6.33224, 23.91224, 7.48],
			"rotation": {"angle": -22.5, "axis": "z", "origin": [7.8, 21.8, 8]}
		}
	],
	"display": {
		"head": {
			"translation": [0, 5.6, 0],
			"scale": [4, 4, 4],
			"rotation": [0, 0, 0]
		}
	}
}