{
	"__credit": "Generated using Animated Java (https://animated-java.dev/)",
	"textures": {
		"0": "shield_repo:weapontxtrs/iron"
	},
	"elements": [
		{
			"faces": {
				"north": {"uv": [7.5, 7.5, 7.4375, 8.3125], "texture": "#0"},
				"east": {"uv": [7.5, 7.5, 7.40625, 8.3125], "texture": "#0"},
				"south": {"uv": [7.5, 7.5, 7.4375, 8.3125], "texture": "#0"},
				"west": {"uv": [7.5, 7.5, 7.40625, 8.3125], "texture": "#0"},
				"up": {"uv": [7.5, 7.5, 7.4375, 8.21875], "texture": "#0"},
				"down": {"uv": [7.5, 7.5, 7.4375, 8.21875], "texture": "#0"}
			},
			"to": [5.44, 11.8, 11.2],
			"from": [4.8, -1.8, 10.8],
			"rotation": {"angle": 0, "axis": "y", "origin": [4.8, -1.8, 8]}
		},
		{
			"faces": {
				"north": {"uv": [7.5, 7.5, 7.4375, 8.3125], "texture": "#0"},
				"east": {"uv": [7.5, 7.5, 7.40625, 8.3125], "texture": "#0"},
				"south": {"uv": [7.5, 7.5, 7.4375, 8.3125], "texture": "#0"},
				"west": {"uv": [7.5, 7.5, 7.40625, 8.3125], "texture": "#0"},
				"up": {"uv": [7.5, 7.5, 7.4375, 8.21875], "texture": "#0"},
				"down": {"uv": [7.5, 7.5, 7.4375, 8.21875], "texture": "#0"}
			},
			"to": [5.44, 11.8, 11.2],
			"from": [4.16, -1.8, 10.8],
			"rotation": {"angle": 22.5, "axis": "y", "origin": [4.8, -1.8, 8]}
		},
		{
			"faces": {
				"north": {"uv": [7.5, 7.5, 7.4375, 8.3125], "texture": "#0"},
				"east": {"uv": [7.5, 7.5, 7.40625, 8.3125], "texture": "#0"},
				"south": {"uv": [7.5, 7.5, 7.4375, 8.3125], "texture": "#0"},
				"west": {"uv": [7.5, 7.5, 7.40625, 8.3125], "texture": "#0"},
				"up": {"uv": [7.5, 7.5, 7.4375, 8.21875], "texture": "#0"},
				"down": {"uv": [7.5, 7.5, 7.4375, 8.21875], "texture": "#0"}
			},
			"to": [5.44, 11.8, 11.2],
			"from": [4.16, -1.8, 10.8],
			"rotation": {"angle": 45, "axis": "y", "origin": [4.8, -1.8, 8]}
		},
		{
			"faces": {
				"north": {"uv": [7.5, 7.5, 7.4375, 8.3125], "texture": "#0"},
				"east": {"uv": [7.5, 7.5, 7.40625, 8.3125], "texture": "#0"},
				"south": {"uv": [7.5, 7.5, 7.4375, 8.3125], "texture": "#0"},
				"west": {"uv": [7.5, 7.5, 7.40625, 8.3125], "texture": "#0"},
				"up": {"uv": [7.5, 7.5, 7.4375, 8.21875], "texture": "#0"},
				"down": {"uv": [7.5, 7.5, 7.4375, 8.21875], "texture": "#0"}
			},
			"to": [8, 11.8, 8.64],
			"from": [7.6, -1.8, 7.36],
			"rotation": {"angle": -22.5, "axis": "y", "origin": [4.8, -1.8, 8]}
		},
		{
			"faces": {
				"north": {"uv": [7.5, 7.5, 7.4375, 8.3125], "texture": "#0"},
				"east": {"uv": [7.5, 7.5, 7.40625, 8.3125], "texture": "#0"},
				"south": {"uv": [7.5, 7.5, 7.4375, 8.3125], "texture": "#0"},
				"west": {"uv": [7.5, 7.5, 7.40625, 8.3125], "texture": "#0"},
				"up": {"uv": [7.5, 7.5, 7.4375, 8.21875], "texture": "#0"},
				"down": {"uv": [7.5, 7.5, 7.4375, 8.21875], "texture": "#0"}
			},
			"to": [8, 11.8, 8.64],
			"from": [7.6, -1.8, 8],
			"rotation": {"angle": 0, "axis": "y", "origin": [4.8, -1.8, 8]}
		}
	],
	"display": {
		"head": {
			"translation": [0, 5.6, 0],
			"scale": [4, 4, 4],
			"rotation": [0, 0, 0]
		}
	}
}