{
	"__credit": "Generated using Animated Java (https://animated-java.dev/)",
	"textures": {
		"0": "shield_repo:weapontxtrs/iron"
	},
	"elements": [
		{
			"faces": {
				"north": {"uv": [7, 5.1875, 6.9375, 6], "texture": "#0"},
				"east": {"uv": [7, 5.1875, 6.90625, 6], "texture": "#0"},
				"south": {"uv": [7, 5.1875, 6.9375, 6], "texture": "#0"},
				"west": {"uv": [7, 5.1875, 6.90625, 6], "texture": "#0"},
				"up": {"uv": [7, 5.28125, 6.9375, 6], "texture": "#0"},
				"down": {"uv": [7, 5.28125, 6.9375, 6], "texture": "#0"}
			},
			"to": [8.68, 5.48, 7.76],
			"from": [8.28, 5.28, 6.96],
			"rotation": {"angle": -22.5, "axis": "z", "origin": [8, 5.4, 8]}
		},
		{
			"faces": {
				"north": {"uv": [9.5, 8.5, 9.4375, 9.3125], "texture": "#0"},
				"east": {"uv": [9.5, 8.5, 9.40625, 9.3125], "texture": "#0"},
				"south": {"uv": [9.5, 8.5, 9.4375, 9.3125], "texture": "#0"},
				"west": {"uv": [9.5, 8.5, 9.40625, 9.3125], "texture": "#0"},
				"up": {"uv": [9.5, 8.5, 9.4375, 9.21875], "texture": "#0"},
				"down": {"uv": [9.5, 8.5, 9.4375, 9.21875], "texture": "#0"}
			},
			"to": [8.44, 5.28, 7.776],
			"from": [8.28, 5.16, 6.976],
			"rotation": {"angle": 0, "axis": "y", "origin": [8, 5.4, 8]}
		}
	],
	"display": {
		"head": {
			"translation": [0, 5.6, 0],
			"scale": [4, 4, 4],
			"rotation": [0, 0, 0]
		}
	}
}