{
	"__credit": "Generated using Animated Java (https://animated-java.dev/)",
	"textures": {
		"0": "shield_repo:weapontxtrs/iron"
	},
	"elements": [
		{
			"faces": {
				"north": {"uv": [7, 5.1875, 6.9375, 6], "texture": "#0"},
				"east": {"uv": [7, 5.1875, 6.90625, 6], "texture": "#0"},
				"south": {"uv": [7, 5.1875, 6.9375, 6], "texture": "#0"},
				"west": {"uv": [7, 5.1875, 6.90625, 6], "texture": "#0"},
				"up": {"uv": [7, 5.28125, 6.9375, 6], "texture": "#0"},
				"down": {"uv": [7, 5.28125, 6.9375, 6], "texture": "#0"}
			},
			"to": [8.1, 24.08, 8.28],
			"from": [7.9, 23.68, 7.48],
			"rotation": {"angle": 22.5, "axis": "x", "origin": [8, 24.2, 7.2]}
		},
		{
			"faces": {
				"north": {"uv": [7, 5.1875, 6.9375, 6], "texture": "#0"},
				"east": {"uv": [7, 5.1875, 6.90625, 6], "texture": "#0"},
				"south": {"uv": [7, 5.1875, 6.9375, 6], "texture": "#0"},
				"west": {"uv": [7, 5.1875, 6.90625, 6], "texture": "#0"},
				"up": {"uv": [7, 5.28125, 6.9375, 6], "texture": "#0"},
				"down": {"uv": [7, 5.28125, 6.9375, 6], "texture": "#0"}
			},
			"to": [8.1, 24.08, 8.16],
			"from": [7.9, 23.68, 7.36],
			"rotation": {"angle": 0, "axis": "y", "origin": [8, 24.2, 7.2]}
		},
		{
			"faces": {
				"north": {"uv": [7, 5.1875, 6.9375, 6], "texture": "#0"},
				"east": {"uv": [7, 5.1875, 6.90625, 6], "texture": "#0"},
				"south": {"uv": [7, 5.1875, 6.9375, 6], "texture": "#0"},
				"west": {"uv": [7, 5.1875, 6.90625, 6], "texture": "#0"},
				"up": {"uv": [7, 5.28125, 6.9375, 6], "texture": "#0"},
				"down": {"uv": [7, 5.28125, 6.9375, 6], "texture": "#0"}
			},
			"to": [8.2, 23, 8.16],
			"from": [7.8, 22.6, 7.36],
			"rotation": {"angle": -22.5, "axis": "x", "origin": [8, 23, 7.2]}
		}
	],
	"display": {
		"head": {
			"translation": [0, 5.6, 0],
			"scale": [4, 4, 4],
			"rotation": [0, 0, 0]
		}
	}
}