{
	"__credit": "Generated using Animated Java (https://animated-java.dev/)",
	"textures": {
		"0": "shield_repo:weapontxtrs/iron"
	},
	"elements": [
		{
			"faces": {
				"north": {"uv": [5.5, 4.5, 5.4375, 5.3125], "texture": "#0"},
				"east": {"uv": [5.5, 4.5, 5.40625, 5.3125], "texture": "#0"},
				"south": {"uv": [5.5, 4.5, 5.4375, 5.3125], "texture": "#0"},
				"west": {"uv": [5.5, 4.5, 5.40625, 5.3125], "texture": "#0"},
				"up": {"uv": [5.5, 4.5, 5.4375, 5.21875], "texture": "#0"},
				"down": {"uv": [5.5, 4.5, 5.4375, 5.21875], "texture": "#0"}
			},
			"to": [8.2, 9.15, 11.8],
			"from": [7.8, 8.75, 11.2],
			"rotation": {"angle": 0, "axis": "y", "origin": [8, 3.8, 8]}
		},
		{
			"faces": {
				"north": {"uv": [5.5, 4.5, 5.4375, 5.3125], "texture": "#0"},
				"east": {"uv": [5.5, 4.5, 5.40625, 5.3125], "texture": "#0"},
				"south": {"uv": [5.5, 4.5, 5.4375, 5.3125], "texture": "#0"},
				"west": {"uv": [5.5, 4.5, 5.40625, 5.3125], "texture": "#0"},
				"up": {"uv": [5.5, 4.5, 5.4375, 5.21875], "texture": "#0"},
				"down": {"uv": [5.5, 4.5, 5.4375, 5.21875], "texture": "#0"}
			},
			"to": [8.12, 9.07, 12.2],
			"from": [7.88, 8.83, 11.8],
			"rotation": {"angle": 0, "axis": "y", "origin": [8, 3.8, 8]}
		},
		{
			"faces": {
				"north": {"uv": [5.5, 4.5, 5.4375, 5.3125], "texture": "#0"},
				"east": {"uv": [5.5, 4.5, 5.40625, 5.3125], "texture": "#0"},
				"south": {"uv": [5.5, 4.5, 5.4375, 5.3125], "texture": "#0"},
				"west": {"uv": [5.5, 4.5, 5.40625, 5.3125], "texture": "#0"},
				"up": {"uv": [5.5, 4.5, 5.4375, 5.21875], "texture": "#0"},
				"down": {"uv": [5.5, 4.5, 5.4375, 5.21875], "texture": "#0"}
			},
			"to": [8.04, 8.99, 12.4],
			"from": [7.96, 8.91, 12.2],
			"rotation": {"angle": 0, "axis": "y", "origin": [8, 3.8, 8]}
		}
	],
	"display": {
		"head": {
			"translation": [0, 5.6, 0],
			"scale": [4, 4, 4],
			"rotation": [0, 0, 0]
		}
	}
}