{
	"__credit": "Generated using Animated Java (https://animated-java.dev/)",
	"textures": {
		"0": "shield_repo:weapontxtrs/iron"
	},
	"elements": [
		{
			"faces": {
				"north": {"uv": [5.5, 4.5, 5.4375, 5.3125], "texture": "#0"},
				"east": {"uv": [5.5, 4.5, 5.40625, 5.3125], "texture": "#0"},
				"south": {"uv": [5.5, 4.5, 5.4375, 5.3125], "texture": "#0"},
				"west": {"uv": [5.5, 4.5, 5.40625, 5.3125], "texture": "#0"},
				"up": {"uv": [5.5, 4.5, 5.4375, 5.21875], "texture": "#0"},
				"down": {"uv": [5.5, 4.5, 5.4375, 5.21875], "texture": "#0"}
			},
			"to": [8.2, 6.6, 10.8],
			"from": [7.8, 6.2, 10.2],
			"rotation": {"angle": 0, "axis": "y", "origin": [8.4, 5, 11.2]}
		},
		{
			"faces": {
				"north": {"uv": [5.5, 4.5, 5.4375, 5.3125], "texture": "#0"},
				"east": {"uv": [5.5, 4.5, 5.40625, 5.3125], "texture": "#0"},
				"south": {"uv": [5.5, 4.5, 5.4375, 5.3125], "texture": "#0"},
				"west": {"uv": [5.5, 4.5, 5.40625, 5.3125], "texture": "#0"},
				"up": {"uv": [5.5, 4.5, 5.4375, 5.21875], "texture": "#0"},
				"down": {"uv": [5.5, 4.5, 5.4375, 5.21875], "texture": "#0"}
			},
			"to": [8.12, 6.52, 10.2],
			"from": [7.88, 6.28, 9.8],
			"rotation": {"angle": 0, "axis": "y", "origin": [8.4, 5, 11.2]}
		},
		{
			"faces": {
				"north": {"uv": [5.5, 4.5, 5.4375, 5.3125], "texture": "#0"},
				"east": {"uv": [5.5, 4.5, 5.40625, 5.3125], "texture": "#0"},
				"south": {"uv": [5.5, 4.5, 5.4375, 5.3125], "texture": "#0"},
				"west": {"uv": [5.5, 4.5, 5.40625, 5.3125], "texture": "#0"},
				"up": {"uv": [5.5, 4.5, 5.4375, 5.21875], "texture": "#0"},
				"down": {"uv": [5.5, 4.5, 5.4375, 5.21875], "texture": "#0"}
			},
			"to": [8.04, 6.44, 9.8],
			"from": [7.96, 6.36, 9.6],
			"rotation": {"angle": 0, "axis": "y", "origin": [8.4, 5, 11.2]}
		}
	],
	"display": {
		"head": {
			"translation": [0, 5.6, 0],
			"scale": [4, 4, 4],
			"rotation": [0, 0, 0]
		}
	}
}