{
    "__comment": "Made with TheDestruc7i0n's advancements generator: https://advancements.thedestruc7i0n.ca",
    "display": {
        "title": {
            "text": "Light Metal Shield",
            "color": "aqua",
            "italic": true
        },
        "description": {
            "text": "<abilities locked> equip bonus: defense 1 special equip effect: magic defense 1"
        },
        "icon": {
            "item": "minecraft:shield",
            "nbt": "{CustomModelData:369006}"
        },
        "frame": "challenge",
        "show_toast": true,
        "announce_to_chat": false,
        "hidden": false
    },
    "criteria": {
        "skillone": {
            "trigger": "minecraft:impossible"
        }
    },
    "parent": "amr-shield:root"
}
