{
    "__comment": "Made with TheDestruc7i0n's advancements generator: https://advancements.thedestruc7i0n.ca",
    "display": {
        "title": {
            "text": "Wooden Shield",
            "color": "gold",
            "italic": true
        },
        "description": {
            "text": "<abilities locked> equip bonus: skill: Hate Reaction"
        },
        "icon": {
            "item": "minecraft:shield"
        },
        "frame": "challenge",
        "show_toast": true,
        "announce_to_chat": false,
        "hidden": false
    },
    "criteria": {
        "skillone": {
            "trigger": "minecraft:impossible"
        }
    },
    "parent": "amr-shield:root"
}
