{
	"credit": "Made with Blockbench",
	"textures": {
		"1": "block/black_concrete",
		"2": "block/iron_bars",
		"4": "block/green_concrete",
		"5": "block/gray_concrete",
		"particle": "block/black_concrete_powder"
	},
	"elements": [
		{
			"from": [8.40237, 20.04811, 7.3],
			"to": [12.12737, 20.84811, 8.8],
			"rotation": {"angle": -22.5, "axis": "z", "origin": [10.58987, 19.66061, 8.05]},
			"faces": {
				"north": {"uv": [8, 0, 9, 2], "texture": "#5"},
				"east": {"uv": [8, 0, 9, 2], "texture": "#5"},
				"south": {"uv": [8, 0, 9, 2], "texture": "#5"},
				"west": {"uv": [8, 0, 9, 2], "texture": "#5"},
				"up": {"uv": [8, 0, 9, 2], "texture": "#5"},
				"down": {"uv": [8, 0, 9, 2], "texture": "#5"}
			}
		},
		{
			"from": [13.99116, 19.94694, 7.49841],
			"to": [14.44116, 24.02194, 7.94841],
			"rotation": {"angle": -22.5, "axis": "y", "origin": [16.24116, 22.00944, 8.37341]},
			"faces": {
				"north": {"uv": [8, 0, 9, 2], "texture": "#5"},
				"east": {"uv": [8, 0, 9, 2], "texture": "#5"},
				"south": {"uv": [8, 0, 9, 2], "texture": "#5"},
				"west": {"uv": [8, 0, 9, 2], "texture": "#5"},
				"up": {"uv": [8, 0, 9, 2], "texture": "#5"},
				"down": {"uv": [8, 0, 9, 2], "texture": "#5"}
			}
		},
		{
			"from": [12.35116, 19.77194, 6.72987],
			"to": [14.55116, 24.22194, 9.32987],
			"rotation": {"angle": 0, "axis": "x", "origin": [12.26644, 19.99694, 1.35]},
			"faces": {
				"north": {"uv": [8, 0, 9, 2], "texture": "#5"},
				"east": {"uv": [8, 0, 9, 2], "texture": "#5"},
				"south": {"uv": [8, 0, 9, 2], "texture": "#5"},
				"west": {"uv": [8, 0, 9, 2], "texture": "#5"},
				"up": {"uv": [8, 0, 9, 2], "texture": "#5"},
				"down": {"uv": [8, 0, 9, 2], "texture": "#5"}
			}
		},
		{
			"from": [12.15116, 19.44207, 7.3],
			"to": [14.35116, 20.06707, 8.8],
			"rotation": {"angle": 0, "axis": "z", "origin": [12.30116, 19.26707, 8.05]},
			"faces": {
				"north": {"uv": [8, 0, 9, 2], "texture": "#5"},
				"east": {"uv": [8, 0, 9, 2], "texture": "#5"},
				"south": {"uv": [8, 0, 9, 2], "texture": "#5"},
				"west": {"uv": [8, 0, 9, 2], "texture": "#5"},
				"up": {"uv": [8, 0, 9, 2], "texture": "#5"},
				"down": {"uv": [8, 0, 9, 2], "texture": "#5"}
			}
		},
		{
			"from": [9.22737, 20.57311, 6.725],
			"to": [11.85237, 21.37311, 9.325],
			"rotation": {"angle": -22.5, "axis": "z", "origin": [10.58987, 19.66061, 8.05]},
			"faces": {
				"north": {"uv": [8, 0, 9, 2], "texture": "#5"},
				"east": {"uv": [8, 0, 9, 2], "texture": "#5"},
				"south": {"uv": [8, 0, 9, 2], "texture": "#5"},
				"west": {"uv": [8, 0, 9, 2], "texture": "#5"},
				"up": {"uv": [8, 0, 9, 2], "texture": "#5"},
				"down": {"uv": [8, 0, 9, 2], "texture": "#5"}
			}
		},
		{
			"from": [12.1087, 19.77194, 6.73983],
			"to": [12.5837, 24.22194, 9.33983],
			"rotation": {"angle": 0, "axis": "x", "origin": [12.26644, 19.99694, 1.35]},
			"faces": {
				"north": {"uv": [8, 0, 9, 2], "texture": "#5"},
				"east": {"uv": [8, 0, 9, 2], "texture": "#5"},
				"south": {"uv": [8, 0, 9, 2], "texture": "#5"},
				"west": {"uv": [8, 0, 9, 2], "texture": "#5"},
				"up": {"uv": [8, 0, 9, 2], "texture": "#5"},
				"down": {"uv": [8, 0, 9, 2], "texture": "#5"}
			}
		},
		{
			"from": [9.67616, 21.02194, 6.72987],
			"to": [12.10116, 22.89694, 9.32987],
			"rotation": {"angle": 0, "axis": "x", "origin": [12.26644, 19.99694, 1.35]},
			"faces": {
				"north": {"uv": [8, 0, 9, 2], "texture": "#5"},
				"east": {"uv": [8, 0, 9, 2], "texture": "#5"},
				"south": {"uv": [8, 0, 9, 2], "texture": "#5"},
				"west": {"uv": [8, 0, 9, 2], "texture": "#5"},
				"up": {"uv": [8, 0, 9, 2], "texture": "#5"},
				"down": {"uv": [8, 0, 9, 2], "texture": "#5"}
			}
		},
		{
			"from": [9.67616, 21.59694, 6.67987],
			"to": [14.15116, 22.44694, 9.35487],
			"rotation": {"angle": 0, "axis": "x", "origin": [12.26644, 19.99694, 1.35]},
			"faces": {
				"north": {"uv": [0, 1, 1, 2], "rotation": 270, "texture": "#1"},
				"east": {"uv": [0, 1, 1, 2], "rotation": 270, "texture": "#1"},
				"south": {"uv": [0, 1, 1, 2], "rotation": 270, "texture": "#1"},
				"west": {"uv": [0, 1, 1, 2], "rotation": 270, "texture": "#1"},
				"up": {"uv": [0, 1, 1, 2], "rotation": 270, "texture": "#1"},
				"down": {"uv": [0, 1, 1, 2], "rotation": 270, "texture": "#1"}
			}
		},
		{
			"from": [14.15116, 21.59694, 6.67987],
			"to": [14.30116, 22.44694, 9.35487],
			"rotation": {"angle": 0, "axis": "x", "origin": [12.26644, 19.99694, 1.35]},
			"faces": {
				"north": {"uv": [0, 1, 1, 2], "rotation": 270, "texture": "#1"},
				"east": {"uv": [0, 1, 1, 2], "rotation": 270, "texture": "#1"},
				"south": {"uv": [0, 1, 1, 2], "rotation": 270, "texture": "#1"},
				"west": {"uv": [0, 1, 1, 2], "rotation": 270, "texture": "#1"},
				"up": {"uv": [0, 1, 1, 2], "rotation": 270, "texture": "#1"},
				"down": {"uv": [0, 1, 1, 2], "rotation": 270, "texture": "#1"}
			}
		},
		{
			"from": [14.30116, 21.77194, 6.67987],
			"to": [14.45116, 22.22194, 9.35487],
			"rotation": {"angle": 0, "axis": "x", "origin": [12.26644, 19.99694, 1.35]},
			"faces": {
				"north": {"uv": [0, 1, 1, 2], "rotation": 270, "texture": "#1"},
				"east": {"uv": [0, 1, 1, 2], "rotation": 270, "texture": "#1"},
				"south": {"uv": [0, 1, 1, 2], "rotation": 270, "texture": "#1"},
				"west": {"uv": [0, 1, 1, 2], "rotation": 270, "texture": "#1"},
				"up": {"uv": [0, 1, 1, 2], "rotation": 270, "texture": "#1"},
				"down": {"uv": [0, 1, 1, 2], "rotation": 270, "texture": "#1"}
			}
		},
		{
			"from": [14.42616, 21.97194, 6.67987],
			"to": [14.57616, 22.17194, 9.35487],
			"rotation": {"angle": 0, "axis": "x", "origin": [12.26644, 19.99694, 1.35]},
			"color": 6,
			"faces": {
				"north": {"uv": [0, 0, 0.2, 0.15], "rotation": 270, "texture": "#missing"},
				"east": {"uv": [0, 0, 2.675, 0.2], "rotation": 180, "texture": "#missing"},
				"south": {"uv": [0, 0, 0.2, 0.15], "rotation": 90, "texture": "#missing"},
				"west": {"uv": [0, 0, 2.675, 0.2], "texture": "#missing"},
				"up": {"uv": [0, 0, 2.675, 0.15], "rotation": 90, "texture": "#missing"},
				"down": {"uv": [0, 0, 2.675, 0.15], "rotation": 90, "texture": "#missing"}
			}
		},
		{
			"from": [10.53344, 22.49233, 6.725],
			"to": [13.15844, 23.29233, 9.325],
			"rotation": {"angle": 22.5, "axis": "z", "origin": [11.04594, 20.89233, 6.9625]},
			"faces": {
				"north": {"uv": [8, 0, 9, 2], "texture": "#5"},
				"east": {"uv": [8, 0, 9, 2], "texture": "#5"},
				"south": {"uv": [8, 0, 9, 2], "texture": "#5"},
				"west": {"uv": [8, 0, 9, 2], "texture": "#5"},
				"up": {"uv": [8, 0, 9, 2], "texture": "#5"},
				"down": {"uv": [8, 0, 9, 2], "texture": "#5"}
			}
		},
		{
			"from": [9.84322, 20.92623, 7.3],
			"to": [13.56822, 21.95123, 8.8],
			"rotation": {"angle": 22.5, "axis": "z", "origin": [6.20572, 19.91373, 8.05]},
			"faces": {
				"north": {"uv": [8, 0, 9, 2], "texture": "#5"},
				"east": {"uv": [8, 0, 9, 2], "texture": "#5"},
				"south": {"uv": [8, 0, 9, 2], "texture": "#5"},
				"west": {"uv": [8, 0, 9, 2], "texture": "#5"},
				"up": {"uv": [8, 0, 9, 2], "texture": "#5"},
				"down": {"uv": [8, 0, 9, 2], "texture": "#5"}
			}
		},
		{
			"from": [12.15116, 23.86707, 7.3],
			"to": [14.35116, 24.59207, 8.8],
			"rotation": {"angle": 0, "axis": "z", "origin": [10.58866, 23.70457, 8.05]},
			"faces": {
				"north": {"uv": [8, 0, 9, 2], "texture": "#5"},
				"east": {"uv": [8, 0, 9, 2], "texture": "#5"},
				"south": {"uv": [8, 0, 9, 2], "texture": "#5"},
				"west": {"uv": [8, 0, 9, 2], "texture": "#5"},
				"up": {"uv": [8, 0, 9, 2], "texture": "#5"},
				"down": {"uv": [8, 0, 9, 2], "texture": "#5"}
			}
		},
		{
			"from": [14.92616, 19.94694, 6.82987],
			"to": [14.92616, 24.04694, 9.12987],
			"rotation": {"angle": 0, "axis": "x", "origin": [12.06644, 19.99694, 1.35]},
			"faces": {
				"north": {"uv": [8, 0, 9, 2], "texture": "#5"},
				"east": {"uv": [8, 0, 9, 2], "texture": "#5"},
				"south": {"uv": [8, 0, 9, 2], "texture": "#5"},
				"west": {"uv": [8, 0, 9, 2], "texture": "#5"},
				"up": {"uv": [8, 0, 9, 2], "texture": "#5"},
				"down": {"uv": [8, 0, 9, 2], "texture": "#5"}
			}
		},
		{
			"from": [14.49136, 20.05288, 6.86045],
			"to": [15.01636, 20.50288, 9.13545],
			"rotation": {"angle": 22.5, "axis": "z", "origin": [15.16636, 19.77788, 7.99795]},
			"faces": {
				"north": {"uv": [8, 0, 9, 2], "texture": "#5"},
				"east": {"uv": [8, 0, 9, 2], "texture": "#5"},
				"south": {"uv": [8, 0, 9, 2], "texture": "#5"},
				"west": {"uv": [8, 0, 9, 2], "texture": "#5"},
				"up": {"uv": [2, 1, 3, 3], "texture": "#5"},
				"down": {"uv": [8, 0, 9, 2], "texture": "#5"}
			}
		},
		{
			"from": [14.55116, 19.94694, 8.42987],
			"to": [15.00116, 24.04694, 8.87987],
			"rotation": {"angle": 22.5, "axis": "y", "origin": [15.65116, 21.99694, 9.10487]},
			"faces": {
				"north": {"uv": [8, 0, 9, 2], "texture": "#5"},
				"east": {"uv": [8, 0, 9, 2], "texture": "#5"},
				"south": {"uv": [8, 0, 9, 2], "texture": "#5"},
				"west": {"uv": [8, 0, 9, 2], "texture": "#5"},
				"up": {"uv": [8, 0, 9, 2], "texture": "#5"},
				"down": {"uv": [8, 0, 9, 2], "texture": "#5"}
			}
		},
		{
			"from": [14.46905, 23.73444, 6.86045],
			"to": [14.91905, 24.18444, 9.13545],
			"rotation": {"angle": -22.5, "axis": "z", "origin": [14.61905, 24.00944, 7.99795]},
			"faces": {
				"north": {"uv": [8, 0, 9, 2], "texture": "#5"},
				"east": {"uv": [8, 0, 9, 2], "texture": "#5"},
				"south": {"uv": [8, 0, 9, 2], "texture": "#5"},
				"west": {"uv": [8, 0, 9, 2], "texture": "#5"},
				"up": {"uv": [8, 0, 9, 2], "texture": "#5"},
				"down": {"uv": [8, 0, 9, 2], "texture": "#5"}
			}
		},
		{
			"from": [11.52616, 20.62194, 6.72987],
			"to": [12.10116, 23.27194, 9.32987],
			"rotation": {"angle": 0, "axis": "x", "origin": [12.26644, 19.99694, 1.35]},
			"faces": {
				"north": {"uv": [8, 0, 9, 2], "texture": "#5"},
				"east": {"uv": [8, 0, 9, 2], "texture": "#5"},
				"south": {"uv": [8, 0, 9, 2], "texture": "#5"},
				"west": {"uv": [8, 0, 9, 2], "texture": "#5"},
				"up": {"uv": [8, 0, 9, 2], "texture": "#5"},
				"down": {"uv": [8, 0, 9, 2], "texture": "#5"}
			}
		},
		{
			"from": [7.80112, 19.11242, 6.44624],
			"to": [8.15862, 20.79842, 6.72924],
			"rotation": {"angle": -22.5, "axis": "x", "origin": [8.11737, 19.59292, 6.98774]},
			"faces": {
				"north": {"uv": [8, 0, 9, 2], "texture": "#2"},
				"east": {"uv": [8, 0, 9, 2], "texture": "#2"},
				"south": {"uv": [8, 0, 9, 2], "texture": "#2"},
				"west": {"uv": [8, 0, 9, 2], "texture": "#2"},
				"up": {"uv": [8, 0, 9, 2], "texture": "#2"},
				"down": {"uv": [8, 0, 9, 2], "texture": "#2"}
			}
		},
		{
			"from": [7.79943, 19.11242, 9.35175],
			"to": [8.15693, 20.79842, 9.63475],
			"rotation": {"angle": 22.5, "axis": "x", "origin": [8.11568, 19.59292, 9.09325]},
			"faces": {
				"north": {"uv": [8, 0, 9, 2], "texture": "#2"},
				"east": {"uv": [8, 0, 9, 2], "texture": "#2"},
				"south": {"uv": [8, 0, 9, 2], "texture": "#2"},
				"west": {"uv": [8, 0, 9, 2], "texture": "#2"},
				"up": {"uv": [8, 0, 9, 2], "texture": "#2"},
				"down": {"uv": [8, 0, 9, 2], "texture": "#2"}
			}
		},
		{
			"from": [7.62612, 19.11242, 6.72124],
			"to": [8.33362, 20.79842, 7.52924],
			"rotation": {"angle": -22.5, "axis": "x", "origin": [8.11737, 19.59292, 7.26274]},
			"faces": {
				"north": {"uv": [8, 0, 9, 2], "texture": "#2"},
				"east": {"uv": [8, 0, 9, 2], "texture": "#2"},
				"south": {"uv": [8, 0, 9, 2], "texture": "#2"},
				"west": {"uv": [8, 0, 9, 2], "texture": "#2"},
				"up": {"uv": [8, 0, 9, 2], "texture": "#2"},
				"down": {"uv": [8, 0, 9, 2], "texture": "#2"}
			}
		},
		{
			"from": [7.62443, 19.11242, 8.55175],
			"to": [8.33193, 20.79842, 9.35975],
			"rotation": {"angle": 22.5, "axis": "x", "origin": [8.11568, 19.59292, 8.81825]},
			"faces": {
				"north": {"uv": [8, 0, 9, 2], "texture": "#2"},
				"east": {"uv": [8, 0, 9, 2], "texture": "#2"},
				"south": {"uv": [8, 0, 9, 2], "texture": "#2"},
				"west": {"uv": [8, 0, 9, 2], "texture": "#2"},
				"up": {"uv": [8, 0, 9, 2], "texture": "#2"},
				"down": {"uv": [8, 0, 9, 2], "texture": "#2"}
			}
		},
		{
			"from": [7.80112, 23.20296, 6.13638],
			"to": [8.15862, 24.88896, 6.41938],
			"rotation": {"angle": 22.5, "axis": "x", "origin": [7.97987, 23.15846, 5.07788]},
			"faces": {
				"north": {"uv": [8, 0, 9, 2], "texture": "#2"},
				"east": {"uv": [8, 0, 9, 2], "texture": "#2"},
				"south": {"uv": [8, 0, 9, 2], "texture": "#2"},
				"west": {"uv": [8, 0, 9, 2], "texture": "#2"},
				"up": {"uv": [8, 0, 9, 2], "texture": "#2"},
				"down": {"uv": [8, 0, 9, 2], "texture": "#2"}
			}
		},
		{
			"from": [7.79943, 23.20296, 9.6616],
			"to": [8.15693, 24.88896, 9.9446],
			"rotation": {"angle": -22.5, "axis": "x", "origin": [7.97818, 23.15846, 11.0031]},
			"faces": {
				"north": {"uv": [8, 0, 9, 2], "texture": "#2"},
				"east": {"uv": [8, 0, 9, 2], "texture": "#2"},
				"south": {"uv": [8, 0, 9, 2], "texture": "#2"},
				"west": {"uv": [8, 0, 9, 2], "texture": "#2"},
				"up": {"uv": [8, 0, 9, 2], "texture": "#2"},
				"down": {"uv": [8, 0, 9, 2], "texture": "#2"}
			}
		},
		{
			"from": [7.62612, 23.20296, 6.41138],
			"to": [8.33362, 24.88896, 7.21938],
			"rotation": {"angle": 22.5, "axis": "x", "origin": [7.97987, 23.15846, 5.35288]},
			"faces": {
				"north": {"uv": [8, 0, 9, 2], "texture": "#2"},
				"east": {"uv": [8, 0, 9, 2], "texture": "#2"},
				"south": {"uv": [8, 0, 9, 2], "texture": "#2"},
				"west": {"uv": [8, 0, 9, 2], "texture": "#2"},
				"up": {"uv": [8, 0, 9, 2], "texture": "#2"},
				"down": {"uv": [8, 0, 9, 2], "texture": "#2"}
			}
		},
		{
			"from": [7.62443, 23.20296, 8.8616],
			"to": [8.33193, 24.88896, 9.6696],
			"rotation": {"angle": -22.5, "axis": "x", "origin": [7.97818, 23.15846, 10.7281]},
			"faces": {
				"north": {"uv": [2, 1, 3, 3], "texture": "#2"},
				"east": {"uv": [8, 0, 9, 2], "texture": "#2"},
				"south": {"uv": [8, 0, 9, 2], "texture": "#2"},
				"west": {"uv": [2, 1, 3, 3], "texture": "#2"},
				"up": {"uv": [2, 1, 3, 3], "texture": "#2"},
				"down": {"uv": [2, 1, 3, 3], "texture": "#2"}
			}
		},
		{
			"from": [7.80112, 20.41238, 6.06149],
			"to": [8.15862, 22.87338, 6.34449],
			"rotation": {"angle": 0, "axis": "y", "origin": [8.11737, 21.83038, 5.62799]},
			"faces": {
				"north": {"uv": [8, 0, 9, 2], "texture": "#2"},
				"east": {"uv": [8, 0, 9, 2], "texture": "#2"},
				"south": {"uv": [8, 0, 9, 2], "texture": "#2"},
				"west": {"uv": [8, 0, 9, 2], "texture": "#2"},
				"up": {"uv": [8, 0, 9, 2], "texture": "#2"},
				"down": {"uv": [8, 0, 9, 2], "texture": "#2"}
			}
		},
		{
			"from": [7.79943, 20.41238, 9.73649],
			"to": [8.15693, 22.87338, 10.01949],
			"rotation": {"angle": 0, "axis": "y", "origin": [8.11568, 21.83038, 10.45299]},
			"faces": {
				"north": {"uv": [8, 0, 9, 2], "texture": "#2"},
				"east": {"uv": [8, 0, 9, 2], "texture": "#2"},
				"south": {"uv": [8, 0, 9, 2], "texture": "#2"},
				"west": {"uv": [8, 0, 9, 2], "texture": "#2"},
				"up": {"uv": [8, 0, 9, 2], "texture": "#2"},
				"down": {"uv": [8, 0, 9, 2], "texture": "#2"}
			}
		},
		{
			"from": [7.62612, 20.41238, 6.33649],
			"to": [8.33362, 22.87338, 7.14449],
			"rotation": {"angle": 0, "axis": "y", "origin": [8.11737, 21.83038, 5.90299]},
			"faces": {
				"north": {"uv": [8, 0, 9, 2], "texture": "#2"},
				"east": {"uv": [8, 0, 9, 2], "texture": "#2"},
				"south": {"uv": [8, 0, 9, 2], "texture": "#2"},
				"west": {"uv": [8, 0, 9, 2], "texture": "#2"},
				"up": {"uv": [8, 0, 9, 2], "texture": "#2"},
				"down": {"uv": [8, 0, 9, 2], "texture": "#2"}
			}
		},
		{
			"from": [7.62443, 20.41238, 8.93649],
			"to": [8.33193, 22.87338, 9.74449],
			"rotation": {"angle": 0, "axis": "y", "origin": [8.11568, 21.83038, 10.17799]},
			"faces": {
				"north": {"uv": [8, 0, 9, 2], "texture": "#2"},
				"east": {"uv": [8, 0, 9, 2], "texture": "#2"},
				"south": {"uv": [8, 0, 9, 2], "texture": "#2"},
				"west": {"uv": [8, 0, 9, 2], "texture": "#2"},
				"up": {"uv": [8, 0, 9, 2], "texture": "#2"},
				"down": {"uv": [8, 0, 9, 2], "texture": "#2"}
			}
		},
		{
			"from": [7.62612, 23.96238, 6.98649],
			"to": [8.33362, 24.34838, 9.09449],
			"rotation": {"angle": 0, "axis": "y", "origin": [8.11737, 21.83038, 5.90299]},
			"faces": {
				"north": {"uv": [8, 0, 9, 2], "texture": "#2"},
				"east": {"uv": [8, 0, 9, 2], "texture": "#2"},
				"south": {"uv": [8, 0, 9, 2], "texture": "#2"},
				"west": {"uv": [8, 0, 9, 2], "texture": "#2"},
				"up": {"uv": [8, 0, 9, 2], "texture": "#2"},
				"down": {"uv": [8, 0, 9, 2], "texture": "#2"}
			}
		},
		{
			"from": [7.60112, -2.27008, 8.1014],
			"to": [8.23362, -0.64258, 8.5844],
			"rotation": {"angle": 0, "axis": "y", "origin": [8.01512, 1.16842, 8.5844]},
			"faces": {
				"north": {"uv": [2, 1, 3, 3], "texture": "#5"},
				"east": {"uv": [2, 1, 3, 3], "texture": "#5"},
				"south": {"uv": [2, 1, 3, 3], "texture": "#5"},
				"west": {"uv": [2, 1, 3, 3], "texture": "#5"},
				"up": {"uv": [2, 1, 3, 3], "texture": "#5"},
				"down": {"uv": [2, 1, 3, 3], "texture": "#5"}
			}
		},
		{
			"from": [7.46058, -2.27008, 7.88293],
			"to": [7.95508, -0.64258, 8.34293],
			"rotation": {"angle": 45, "axis": "y", "origin": [7.81708, -2.04008, 8.28543]},
			"faces": {
				"north": {"uv": [2, 1, 3, 3], "texture": "#5"},
				"east": {"uv": [2, 1, 3, 3], "texture": "#5"},
				"south": {"uv": [2, 1, 3, 3], "texture": "#5"},
				"west": {"uv": [2, 1, 3, 3], "texture": "#5"},
				"up": {"uv": [2, 1, 3, 3], "texture": "#5"},
				"down": {"uv": [2, 1, 3, 3], "texture": "#5"}
			}
		},
		{
			"from": [7.60112, -2.27008, 7.4114],
			"to": [8.23362, -0.64258, 7.8944],
			"rotation": {"angle": 0, "axis": "y", "origin": [8.01512, 1.16842, 8.5499]},
			"faces": {
				"north": {"uv": [2, 1, 3, 3], "texture": "#5"},
				"east": {"uv": [2, 1, 3, 3], "texture": "#5"},
				"south": {"uv": [2, 1, 3, 3], "texture": "#5"},
				"west": {"uv": [2, 1, 3, 3], "texture": "#5"},
				"up": {"uv": [2, 1, 3, 3], "texture": "#5"},
				"down": {"uv": [2, 1, 3, 3], "texture": "#5"}
			}
		},
		{
			"from": [7.87458, -2.27008, 7.65293],
			"to": [8.38058, -0.64258, 8.11293],
			"rotation": {"angle": 45, "axis": "y", "origin": [8.02408, -2.04008, 7.71043]},
			"faces": {
				"north": {"uv": [2, 1, 3, 3], "texture": "#5"},
				"east": {"uv": [2, 1, 3, 3], "texture": "#5"},
				"south": {"uv": [2, 1, 3, 3], "texture": "#5"},
				"west": {"uv": [2, 1, 3, 3], "texture": "#5"},
				"up": {"uv": [2, 1, 3, 3], "texture": "#5"},
				"down": {"uv": [2, 1, 3, 3], "texture": "#5"}
			}
		},
		{
			"from": [8.10205, -2.27008, 7.74496],
			"to": [8.56205, -0.64258, 8.26246],
			"rotation": {"angle": 0, "axis": "y", "origin": [7.74555, 1.16842, 7.42296]},
			"faces": {
				"north": {"uv": [2, 1, 3, 3], "texture": "#5"},
				"east": {"uv": [2, 1, 3, 3], "texture": "#5"},
				"south": {"uv": [2, 1, 3, 3], "texture": "#5"},
				"west": {"uv": [2, 1, 3, 3], "texture": "#5"},
				"up": {"uv": [2, 1, 3, 3], "texture": "#5"},
				"down": {"uv": [2, 1, 3, 3], "texture": "#5"}
			}
		},
		{
			"from": [8.10205, -2.75308, 7.74496],
			"to": [8.56205, -2.45958, 8.26246],
			"rotation": {"angle": 0, "axis": "y", "origin": [7.74555, -0.64858, 7.42296]},
			"faces": {
				"north": {"uv": [2, 1, 3, 3], "texture": "#5"},
				"east": {"uv": [2, 1, 3, 3], "texture": "#5"},
				"south": {"uv": [2, 1, 3, 3], "texture": "#5"},
				"west": {"uv": [2, 1, 3, 3], "texture": "#5"},
				"up": {"uv": [2, 1, 3, 3], "texture": "#5"},
				"down": {"uv": [2, 1, 3, 3], "texture": "#5"}
			}
		},
		{
			"from": [8.1147, -3.86513, 7.71966],
			"to": [8.6207, -2.66888, 8.28891],
			"rotation": {"angle": 0, "axis": "y", "origin": [7.72255, -0.66928, 7.36546]},
			"faces": {
				"north": {"uv": [2, 1, 3, 3], "texture": "#5"},
				"east": {"uv": [2, 1, 3, 3], "texture": "#5"},
				"south": {"uv": [2, 1, 3, 3], "texture": "#5"},
				"west": {"uv": [2, 1, 3, 3], "texture": "#5"},
				"up": {"uv": [2, 1, 3, 3], "texture": "#5"},
				"down": {"uv": [2, 1, 3, 3], "texture": "#5"}
			}
		},
		{
			"from": [8.10205, -2.51158, 7.74496],
			"to": [8.56205, -2.21808, 8.26246],
			"rotation": {"angle": 0, "axis": "y", "origin": [7.74555, -0.40708, 7.42296]},
			"faces": {
				"north": {"uv": [2, 1, 3, 3], "texture": "#5"},
				"east": {"uv": [2, 1, 3, 3], "texture": "#5"},
				"south": {"uv": [2, 1, 3, 3], "texture": "#5"},
				"west": {"uv": [2, 1, 3, 3], "texture": "#5"},
				"up": {"uv": [2, 1, 3, 3], "texture": "#5"},
				"down": {"uv": [2, 1, 3, 3], "texture": "#5"}
			}
		},
		{
			"from": [7.87458, -2.75308, 7.65293],
			"to": [8.38058, -2.45958, 8.11293],
			"rotation": {"angle": 45, "axis": "y", "origin": [8.02408, -3.85708, 7.71043]},
			"faces": {
				"north": {"uv": [2, 1, 3, 3], "texture": "#5"},
				"east": {"uv": [2, 1, 3, 3], "texture": "#5"},
				"south": {"uv": [2, 1, 3, 3], "texture": "#5"},
				"west": {"uv": [2, 1, 3, 3], "texture": "#5"},
				"up": {"uv": [2, 1, 3, 3], "texture": "#5"},
				"down": {"uv": [2, 1, 3, 3], "texture": "#5"}
			}
		},
		{
			"from": [7.87458, -2.51158, 7.65293],
			"to": [8.38058, -2.21808, 8.11293],
			"rotation": {"angle": 45, "axis": "y", "origin": [8.02408, -3.61558, 7.71043]},
			"faces": {
				"north": {"uv": [2, 1, 3, 3], "texture": "#5"},
				"east": {"uv": [2, 1, 3, 3], "texture": "#5"},
				"south": {"uv": [2, 1, 3, 3], "texture": "#5"},
				"west": {"uv": [2, 1, 3, 3], "texture": "#5"},
				"up": {"uv": [2, 1, 3, 3], "texture": "#5"},
				"down": {"uv": [2, 1, 3, 3], "texture": "#5"}
			}
		},
		{
			"from": [7.86449, -3.86513, 7.61843],
			"to": [8.42109, -2.66888, 8.12443],
			"rotation": {"angle": 45, "axis": "y", "origin": [8.02894, -4.19863, 7.68168]},
			"faces": {
				"north": {"uv": [2, 1, 3, 3], "texture": "#5"},
				"east": {"uv": [2, 1, 3, 3], "texture": "#5"},
				"south": {"uv": [2, 1, 3, 3], "texture": "#5"},
				"west": {"uv": [2, 1, 3, 3], "texture": "#5"},
				"up": {"uv": [2, 1, 3, 3], "texture": "#5"},
				"down": {"uv": [2, 1, 3, 3], "texture": "#5"}
			}
		},
		{
			"from": [7.8867, -4.10732, 7.69434],
			"to": [8.33198, -3.72182, 8.09914],
			"rotation": {"angle": 45, "axis": "y", "origin": [8.01826, -4.96062, 7.74494]},
			"faces": {
				"north": {"uv": [2, 1, 3, 3], "texture": "#5"},
				"east": {"uv": [2, 1, 3, 3], "texture": "#5"},
				"south": {"uv": [2, 1, 3, 3], "texture": "#5"},
				"west": {"uv": [2, 1, 3, 3], "texture": "#5"},
				"up": {"uv": [2, 1, 3, 3], "texture": "#5"},
				"down": {"uv": [2, 1, 3, 3], "texture": "#5"}
			}
		},
		{
			"from": [7.90447, -4.24358, 7.75506],
			"to": [8.2607, -3.92018, 8.0789],
			"rotation": {"angle": 45, "axis": "y", "origin": [8.00972, -4.92622, 7.79554]},
			"faces": {
				"north": {"uv": [2, 1, 3, 3], "texture": "#5"},
				"east": {"uv": [2, 1, 3, 3], "texture": "#5"},
				"south": {"uv": [2, 1, 3, 3], "texture": "#5"},
				"west": {"uv": [2, 1, 3, 3], "texture": "#5"},
				"up": {"uv": [2, 1, 3, 3], "texture": "#5"},
				"down": {"uv": [2, 1, 3, 3], "texture": "#5"}
			}
		},
		{
			"from": [8.03255, -4.34962, 7.87477],
			"to": [8.23981, -4.11564, 8.10794],
			"rotation": {"angle": 0, "axis": "y", "origin": [7.87192, -3.34089, 7.72969]},
			"faces": {
				"north": {"uv": [2, 1, 3, 3], "texture": "#5"},
				"east": {"uv": [2, 1, 3, 3], "texture": "#5"},
				"south": {"uv": [2, 1, 3, 3], "texture": "#5"},
				"west": {"uv": [2, 1, 3, 3], "texture": "#5"},
				"up": {"uv": [2, 1, 3, 3], "texture": "#5"},
				"down": {"uv": [2, 1, 3, 3], "texture": "#5"}
			}
		},
		{
			"from": [8.06461, -4.24358, 7.81985],
			"to": [8.38845, -3.92018, 8.18417],
			"rotation": {"angle": 0, "axis": "y", "origin": [7.81363, -2.66743, 7.59316]},
			"faces": {
				"north": {"uv": [2, 1, 3, 3], "texture": "#5"},
				"east": {"uv": [2, 1, 3, 3], "texture": "#5"},
				"south": {"uv": [2, 1, 3, 3], "texture": "#5"},
				"west": {"uv": [2, 1, 3, 3], "texture": "#5"},
				"up": {"uv": [2, 1, 3, 3], "texture": "#5"},
				"down": {"uv": [2, 1, 3, 3], "texture": "#5"}
			}
		},
		{
			"from": [8.08687, -4.10732, 7.77532],
			"to": [8.49167, -3.72182, 8.23072],
			"rotation": {"angle": 0, "axis": "y", "origin": [7.77315, -2.13714, 7.49196]},
			"faces": {
				"north": {"uv": [2, 1, 3, 3], "texture": "#5"},
				"east": {"uv": [2, 1, 3, 3], "texture": "#5"},
				"south": {"uv": [2, 1, 3, 3], "texture": "#5"},
				"west": {"uv": [2, 1, 3, 3], "texture": "#5"},
				"up": {"uv": [2, 1, 3, 3], "texture": "#5"},
				"down": {"uv": [2, 1, 3, 3], "texture": "#5"}
			}
		},
		{
			"from": [7.8272, -4.44013, 7.90366],
			"to": [8.0227, -3.51988, 8.09341],
			"rotation": {"angle": 0, "axis": "y", "origin": [7.72255, -0.66928, 7.36546]},
			"faces": {
				"north": {"uv": [2, 1, 3, 3], "texture": "#5"},
				"east": {"uv": [2, 1, 3, 3], "texture": "#5"},
				"south": {"uv": [2, 1, 3, 3], "texture": "#5"},
				"west": {"uv": [2, 1, 3, 3], "texture": "#5"},
				"up": {"uv": [2, 1, 3, 3], "texture": "#5"},
				"down": {"uv": [2, 1, 3, 3], "texture": "#5"}
			}
		},
		{
			"from": [7.94927, -4.38681, 7.96987],
			"to": [8.13166, -4.18463, 8.13567],
			"rotation": {"angle": -45, "axis": "y", "origin": [8.01974, -4.73632, 8.09422]},
			"faces": {
				"north": {"uv": [2, 1, 3, 3], "texture": "#5"},
				"east": {"uv": [2, 1, 3, 3], "texture": "#5"},
				"south": {"uv": [2, 1, 3, 3], "texture": "#5"},
				"west": {"uv": [2, 1, 3, 3], "texture": "#5"},
				"up": {"uv": [2, 1, 3, 3], "texture": "#5"},
				"down": {"uv": [2, 1, 3, 3], "texture": "#5"}
			}
		},
		{
			"from": [7.94271, -4.34962, 7.96284],
			"to": [8.17069, -4.11564, 8.1701],
			"rotation": {"angle": -45, "axis": "y", "origin": [8.03079, -4.78651, 8.11829]},
			"faces": {
				"north": {"uv": [2, 1, 3, 3], "texture": "#5"},
				"east": {"uv": [2, 1, 3, 3], "texture": "#5"},
				"south": {"uv": [2, 1, 3, 3], "texture": "#5"},
				"west": {"uv": [2, 1, 3, 3], "texture": "#5"},
				"up": {"uv": [2, 1, 3, 3], "texture": "#5"},
				"down": {"uv": [2, 1, 3, 3], "texture": "#5"}
			}
		},
		{
			"from": [7.93449, -4.29738, 7.95406],
			"to": [8.21947, -4.02366, 8.21313],
			"rotation": {"angle": -45, "axis": "y", "origin": [8.0446, -4.84349, 8.14837]},
			"faces": {
				"north": {"uv": [2, 1, 3, 3], "texture": "#5"},
				"east": {"uv": [2, 1, 3, 3], "texture": "#5"},
				"south": {"uv": [2, 1, 3, 3], "texture": "#5"},
				"west": {"uv": [2, 1, 3, 3], "texture": "#5"},
				"up": {"uv": [2, 1, 3, 3], "texture": "#5"},
				"down": {"uv": [2, 1, 3, 3], "texture": "#5"}
			}
		},
		{
			"from": [7.80685, -4.34962, 8.03537],
			"to": [8.09183, -4.11564, 8.25299],
			"rotation": {"angle": 0, "axis": "y", "origin": [7.99338, -3.34089, 8.25299]},
			"faces": {
				"north": {"uv": [2, 1, 3, 3], "texture": "#5"},
				"east": {"uv": [2, 1, 3, 3], "texture": "#5"},
				"south": {"uv": [2, 1, 3, 3], "texture": "#5"},
				"west": {"uv": [2, 1, 3, 3], "texture": "#5"},
				"up": {"uv": [2, 1, 3, 3], "texture": "#5"},
				"down": {"uv": [2, 1, 3, 3], "texture": "#5"}
			}
		},
		{
			"from": [7.76467, -4.29738, 8.04472],
			"to": [8.12089, -4.02366, 8.31675],
			"rotation": {"angle": 0, "axis": "y", "origin": [7.99784, -3.03646, 8.31675]},
			"faces": {
				"north": {"uv": [2, 1, 3, 3], "texture": "#5"},
				"east": {"uv": [2, 1, 3, 3], "texture": "#5"},
				"south": {"uv": [2, 1, 3, 3], "texture": "#5"},
				"west": {"uv": [2, 1, 3, 3], "texture": "#5"},
				"up": {"uv": [2, 1, 3, 3], "texture": "#5"},
				"down": {"uv": [2, 1, 3, 3], "texture": "#5"}
			}
		},
		{
			"from": [7.80685, -4.34962, 7.72448],
			"to": [8.09183, -4.11564, 7.9421],
			"rotation": {"angle": 0, "axis": "y", "origin": [7.99338, -3.34089, 8.23744]},
			"faces": {
				"north": {"uv": [2, 1, 3, 3], "texture": "#5"},
				"east": {"uv": [2, 1, 3, 3], "texture": "#5"},
				"south": {"uv": [2, 1, 3, 3], "texture": "#5"},
				"west": {"uv": [2, 1, 3, 3], "texture": "#5"},
				"up": {"uv": [2, 1, 3, 3], "texture": "#5"},
				"down": {"uv": [2, 1, 3, 3], "texture": "#5"}
			}
		},
		{
			"from": [7.93916, -4.38681, 7.86624],
			"to": [8.12155, -4.18463, 8.03204],
			"rotation": {"angle": 45, "axis": "y", "origin": [7.99305, -4.73632, 7.88696]},
			"faces": {
				"north": {"uv": [2, 1, 3, 3], "texture": "#5"},
				"east": {"uv": [2, 1, 3, 3], "texture": "#5"},
				"south": {"uv": [2, 1, 3, 3], "texture": "#5"},
				"west": {"uv": [2, 1, 3, 3], "texture": "#5"},
				"up": {"uv": [2, 1, 3, 3], "texture": "#5"},
				"down": {"uv": [2, 1, 3, 3], "texture": "#5"}
			}
		},
		{
			"from": [8.02115, -4.38681, 7.89941],
			"to": [8.18696, -4.18463, 8.08594],
			"rotation": {"angle": 0, "axis": "y", "origin": [7.89265, -3.57983, 7.78334]},
			"faces": {
				"north": {"uv": [2, 1, 3, 3], "texture": "#5"},
				"east": {"uv": [2, 1, 3, 3], "texture": "#5"},
				"south": {"uv": [2, 1, 3, 3], "texture": "#5"},
				"west": {"uv": [2, 1, 3, 3], "texture": "#5"},
				"up": {"uv": [2, 1, 3, 3], "texture": "#5"},
				"down": {"uv": [2, 1, 3, 3], "texture": "#5"}
			}
		},
		{
			"from": [7.93006, -4.34962, 7.83331],
			"to": [8.15804, -4.11564, 8.04056],
			"rotation": {"angle": 45, "axis": "y", "origin": [7.99742, -4.78651, 7.85921]},
			"faces": {
				"north": {"uv": [2, 1, 3, 3], "texture": "#5"},
				"east": {"uv": [2, 1, 3, 3], "texture": "#5"},
				"south": {"uv": [2, 1, 3, 3], "texture": "#5"},
				"west": {"uv": [2, 1, 3, 3], "texture": "#5"},
				"up": {"uv": [2, 1, 3, 3], "texture": "#5"},
				"down": {"uv": [2, 1, 3, 3], "texture": "#5"}
			}
		},
		{
			"from": [7.91869, -4.29738, 7.79214],
			"to": [8.20367, -4.02366, 8.05121],
			"rotation": {"angle": 45, "axis": "y", "origin": [8.00289, -4.84349, 7.82453]},
			"faces": {
				"north": {"uv": [2, 1, 3, 3], "texture": "#5"},
				"east": {"uv": [2, 1, 3, 3], "texture": "#5"},
				"south": {"uv": [2, 1, 3, 3], "texture": "#5"},
				"west": {"uv": [2, 1, 3, 3], "texture": "#5"},
				"up": {"uv": [2, 1, 3, 3], "texture": "#5"},
				"down": {"uv": [2, 1, 3, 3], "texture": "#5"}
			}
		},
		{
			"from": [8.0468, -4.29738, 7.84397],
			"to": [8.30587, -4.02366, 8.13543],
			"rotation": {"angle": 0, "axis": "y", "origin": [7.84602, -3.03646, 7.66262]},
			"faces": {
				"north": {"uv": [2, 1, 3, 3], "texture": "#5"},
				"east": {"uv": [2, 1, 3, 3], "texture": "#5"},
				"south": {"uv": [2, 1, 3, 3], "texture": "#5"},
				"west": {"uv": [2, 1, 3, 3], "texture": "#5"},
				"up": {"uv": [2, 1, 3, 3], "texture": "#5"},
				"down": {"uv": [2, 1, 3, 3], "texture": "#5"}
			}
		},
		{
			"from": [7.9114, -4.10732, 7.94734],
			"to": [8.35668, -3.72182, 8.35214],
			"rotation": {"angle": -45, "axis": "y", "origin": [8.08344, -4.96062, 8.25094]},
			"faces": {
				"north": {"uv": [2, 1, 3, 3], "texture": "#5"},
				"east": {"uv": [2, 1, 3, 3], "texture": "#5"},
				"south": {"uv": [2, 1, 3, 3], "texture": "#5"},
				"west": {"uv": [2, 1, 3, 3], "texture": "#5"},
				"up": {"uv": [2, 1, 3, 3], "texture": "#5"},
				"down": {"uv": [2, 1, 3, 3], "texture": "#5"}
			}
		},
		{
			"from": [7.92423, -4.24358, 7.95746],
			"to": [8.28045, -3.92018, 8.2813],
			"rotation": {"angle": -45, "axis": "y", "origin": [8.06186, -4.92622, 8.20034]},
			"faces": {
				"north": {"uv": [2, 1, 3, 3], "texture": "#5"},
				"east": {"uv": [2, 1, 3, 3], "texture": "#5"},
				"south": {"uv": [2, 1, 3, 3], "texture": "#5"},
				"west": {"uv": [2, 1, 3, 3], "texture": "#5"},
				"up": {"uv": [2, 1, 3, 3], "texture": "#5"},
				"down": {"uv": [2, 1, 3, 3], "texture": "#5"}
			}
		},
		{
			"from": [7.89536, -3.86513, 7.93468],
			"to": [8.45196, -2.66888, 8.44068],
			"rotation": {"angle": -45, "axis": "y", "origin": [8.11041, -4.19863, 8.31418]},
			"faces": {
				"north": {"uv": [2, 1, 3, 3], "texture": "#5"},
				"east": {"uv": [2, 1, 3, 3], "texture": "#5"},
				"south": {"uv": [2, 1, 3, 3], "texture": "#5"},
				"west": {"uv": [2, 1, 3, 3], "texture": "#5"},
				"up": {"uv": [2, 1, 3, 3], "texture": "#5"},
				"down": {"uv": [2, 1, 3, 3], "texture": "#5"}
			}
		},
		{
			"from": [7.56367, -3.86513, 8.11175],
			"to": [8.25942, -2.66888, 8.64305],
			"rotation": {"angle": 0, "axis": "y", "origin": [8.01907, -0.66928, 8.64305]},
			"faces": {
				"north": {"uv": [2, 1, 3, 3], "texture": "#5"},
				"east": {"uv": [2, 1, 3, 3], "texture": "#5"},
				"south": {"uv": [2, 1, 3, 3], "texture": "#5"},
				"west": {"uv": [2, 1, 3, 3], "texture": "#5"},
				"up": {"uv": [2, 1, 3, 3], "texture": "#5"},
				"down": {"uv": [2, 1, 3, 3], "texture": "#5"}
			}
		},
		{
			"from": [7.40909, -3.86513, 7.87143],
			"to": [7.95304, -2.66888, 8.37743],
			"rotation": {"angle": 45, "axis": "y", "origin": [7.80124, -4.19863, 8.31418]},
			"faces": {
				"north": {"uv": [2, 1, 3, 3], "texture": "#5"},
				"east": {"uv": [2, 1, 3, 3], "texture": "#5"},
				"south": {"uv": [2, 1, 3, 3], "texture": "#5"},
				"west": {"uv": [2, 1, 3, 3], "texture": "#5"},
				"up": {"uv": [2, 1, 3, 3], "texture": "#5"},
				"down": {"uv": [2, 1, 3, 3], "texture": "#5"}
			}
		},
		{
			"from": [7.64605, -4.10732, 8.08899],
			"to": [8.20265, -3.72182, 8.51403],
			"rotation": {"angle": 0, "axis": "y", "origin": [8.01037, -2.13714, 8.51403]},
			"faces": {
				"north": {"uv": [2, 1, 3, 3], "texture": "#5"},
				"east": {"uv": [2, 1, 3, 3], "texture": "#5"},
				"south": {"uv": [2, 1, 3, 3], "texture": "#5"},
				"west": {"uv": [2, 1, 3, 3], "texture": "#5"},
				"up": {"uv": [2, 1, 3, 3], "texture": "#5"},
				"down": {"uv": [2, 1, 3, 3], "texture": "#5"}
			}
		},
		{
			"from": [7.71195, -4.24358, 8.07078],
			"to": [8.15723, -3.92018, 8.41082],
			"rotation": {"angle": 0, "axis": "y", "origin": [8.00341, -2.66743, 8.41082]},
			"faces": {
				"north": {"uv": [2, 1, 3, 3], "texture": "#5"},
				"east": {"uv": [2, 1, 3, 3], "texture": "#5"},
				"south": {"uv": [2, 1, 3, 3], "texture": "#5"},
				"west": {"uv": [2, 1, 3, 3], "texture": "#5"},
				"up": {"uv": [2, 1, 3, 3], "texture": "#5"},
				"down": {"uv": [2, 1, 3, 3], "texture": "#5"}
			}
		},
		{
			"from": [7.64605, -4.10732, 7.48179],
			"to": [8.20265, -3.72182, 7.90683],
			"rotation": {"angle": 0, "axis": "y", "origin": [8.01037, -2.13714, 8.48367]},
			"faces": {
				"north": {"uv": [2, 1, 3, 3], "texture": "#5"},
				"east": {"uv": [2, 1, 3, 3], "texture": "#5"},
				"south": {"uv": [2, 1, 3, 3], "texture": "#5"},
				"west": {"uv": [2, 1, 3, 3], "texture": "#5"},
				"up": {"uv": [2, 1, 3, 3], "texture": "#5"},
				"down": {"uv": [2, 1, 3, 3], "texture": "#5"}
			}
		},
		{
			"from": [7.56367, -3.86513, 7.35275],
			"to": [8.25942, -2.66888, 7.88405],
			"rotation": {"angle": 0, "axis": "y", "origin": [8.01907, -0.66928, 8.6051]},
			"faces": {
				"north": {"uv": [2, 1, 3, 3], "texture": "#5"},
				"east": {"uv": [2, 1, 3, 3], "texture": "#5"},
				"south": {"uv": [2, 1, 3, 3], "texture": "#5"},
				"west": {"uv": [2, 1, 3, 3], "texture": "#5"},
				"up": {"uv": [2, 1, 3, 3], "texture": "#5"},
				"down": {"uv": [2, 1, 3, 3], "texture": "#5"}
			}
		},
		{
			"from": [7.71195, -4.24358, 7.58502],
			"to": [8.15723, -3.92018, 7.92506],
			"rotation": {"angle": 0, "axis": "y", "origin": [8.00341, -2.66743, 8.38653]},
			"faces": {
				"north": {"uv": [2, 1, 3, 3], "texture": "#5"},
				"east": {"uv": [2, 1, 3, 3], "texture": "#5"},
				"south": {"uv": [2, 1, 3, 3], "texture": "#5"},
				"west": {"uv": [2, 1, 3, 3], "texture": "#5"},
				"up": {"uv": [2, 1, 3, 3], "texture": "#5"},
				"down": {"uv": [2, 1, 3, 3], "texture": "#5"}
			}
		},
		{
			"from": [7.76467, -4.29738, 7.65611],
			"to": [8.12089, -4.02366, 7.92814],
			"rotation": {"angle": 0, "axis": "y", "origin": [7.99784, -3.03646, 8.29732]},
			"faces": {
				"north": {"uv": [2, 1, 3, 3], "texture": "#5"},
				"east": {"uv": [2, 1, 3, 3], "texture": "#5"},
				"south": {"uv": [2, 1, 3, 3], "texture": "#5"},
				"west": {"uv": [2, 1, 3, 3], "texture": "#5"},
				"up": {"uv": [2, 1, 3, 3], "texture": "#5"},
				"down": {"uv": [2, 1, 3, 3], "texture": "#5"}
			}
		},
		{
			"from": [7.77982, -4.38681, 7.84551],
			"to": [7.96221, -4.18463, 8.01132],
			"rotation": {"angle": -45, "axis": "y", "origin": [7.89174, -4.73632, 7.88696]},
			"faces": {
				"north": {"uv": [2, 1, 3, 3], "texture": "#5"},
				"east": {"uv": [2, 1, 3, 3], "texture": "#5"},
				"south": {"uv": [2, 1, 3, 3], "texture": "#5"},
				"west": {"uv": [2, 1, 3, 3], "texture": "#5"},
				"up": {"uv": [2, 1, 3, 3], "texture": "#5"},
				"down": {"uv": [2, 1, 3, 3], "texture": "#5"}
			}
		},
		{
			"from": [7.84059, -4.38681, 7.77918],
			"to": [8.06857, -4.18463, 7.95327],
			"rotation": {"angle": 0, "axis": "y", "origin": [7.98981, -3.57983, 8.18955]},
			"faces": {
				"north": {"uv": [2, 1, 3, 3], "texture": "#5"},
				"east": {"uv": [2, 1, 3, 3], "texture": "#5"},
				"south": {"uv": [2, 1, 3, 3], "texture": "#5"},
				"west": {"uv": [2, 1, 3, 3], "texture": "#5"},
				"up": {"uv": [2, 1, 3, 3], "texture": "#5"},
				"down": {"uv": [2, 1, 3, 3], "texture": "#5"}
			}
		},
		{
			"from": [7.72452, -4.38681, 7.89524],
			"to": [7.89033, -4.18463, 8.08177],
			"rotation": {"angle": 0, "axis": "y", "origin": [8.01883, -3.57983, 8.1854]},
			"faces": {
				"north": {"uv": [2, 1, 3, 3], "texture": "#5"},
				"east": {"uv": [2, 1, 3, 3], "texture": "#5"},
				"south": {"uv": [2, 1, 3, 3], "texture": "#5"},
				"west": {"uv": [2, 1, 3, 3], "texture": "#5"},
				"up": {"uv": [2, 1, 3, 3], "texture": "#5"},
				"down": {"uv": [2, 1, 3, 3], "texture": "#5"}
			}
		},
		{
			"from": [7.78993, -4.38681, 7.94914],
			"to": [7.96818, -4.18463, 8.11495],
			"rotation": {"angle": 45, "axis": "y", "origin": [7.91843, -4.73632, 8.09422]},
			"faces": {
				"north": {"uv": [2, 1, 3, 3], "texture": "#5"},
				"east": {"uv": [2, 1, 3, 3], "texture": "#5"},
				"south": {"uv": [2, 1, 3, 3], "texture": "#5"},
				"west": {"uv": [2, 1, 3, 3], "texture": "#5"},
				"up": {"uv": [2, 1, 3, 3], "texture": "#5"},
				"down": {"uv": [2, 1, 3, 3], "texture": "#5"}
			}
		},
		{
			"from": [7.84059, -4.38681, 8.02789],
			"to": [8.06857, -4.18463, 8.20198],
			"rotation": {"angle": 0, "axis": "y", "origin": [7.98981, -3.57983, 8.20198]},
			"faces": {
				"north": {"uv": [2, 1, 3, 3], "texture": "#5"},
				"east": {"uv": [2, 1, 3, 3], "texture": "#5"},
				"south": {"uv": [2, 1, 3, 3], "texture": "#5"},
				"west": {"uv": [2, 1, 3, 3], "texture": "#5"},
				"up": {"uv": [2, 1, 3, 3], "texture": "#5"},
				"down": {"uv": [2, 1, 3, 3], "texture": "#5"}
			}
		},
		{
			"from": [7.68552, -4.29738, 7.92168],
			"to": [7.96403, -4.02366, 8.18075],
			"rotation": {"angle": 45, "axis": "y", "origin": [7.8863, -4.84349, 8.14837]},
			"faces": {
				"north": {"uv": [2, 1, 3, 3], "texture": "#5"},
				"east": {"uv": [2, 1, 3, 3], "texture": "#5"},
				"south": {"uv": [2, 1, 3, 3], "texture": "#5"},
				"west": {"uv": [2, 1, 3, 3], "texture": "#5"},
				"up": {"uv": [2, 1, 3, 3], "texture": "#5"},
				"down": {"uv": [2, 1, 3, 3], "texture": "#5"}
			}
		},
		{
			"from": [7.61302, -4.24358, 7.91698],
			"to": [7.96114, -3.92018, 8.24082],
			"rotation": {"angle": 45, "axis": "y", "origin": [7.86399, -4.92622, 8.20034]},
			"faces": {
				"north": {"uv": [2, 1, 3, 3], "texture": "#5"},
				"east": {"uv": [2, 1, 3, 3], "texture": "#5"},
				"south": {"uv": [2, 1, 3, 3], "texture": "#5"},
				"west": {"uv": [2, 1, 3, 3], "texture": "#5"},
				"up": {"uv": [2, 1, 3, 3], "texture": "#5"},
				"down": {"uv": [2, 1, 3, 3], "texture": "#5"}
			}
		},
		{
			"from": [7.52238, -4.10732, 7.89674],
			"to": [7.95754, -3.72182, 8.30154],
			"rotation": {"angle": 45, "axis": "y", "origin": [7.8361, -4.96062, 8.25094]},
			"faces": {
				"north": {"uv": [2, 1, 3, 3], "texture": "#5"},
				"east": {"uv": [2, 1, 3, 3], "texture": "#5"},
				"south": {"uv": [2, 1, 3, 3], "texture": "#5"},
				"west": {"uv": [2, 1, 3, 3], "texture": "#5"},
				"up": {"uv": [2, 1, 3, 3], "texture": "#5"},
				"down": {"uv": [2, 1, 3, 3], "texture": "#5"}
			}
		},
		{
			"from": [7.74353, -4.34962, 7.93693],
			"to": [7.96633, -4.11564, 8.14419],
			"rotation": {"angle": 45, "axis": "y", "origin": [7.90415, -4.78651, 8.11829]},
			"faces": {
				"north": {"uv": [2, 1, 3, 3], "texture": "#5"},
				"east": {"uv": [2, 1, 3, 3], "texture": "#5"},
				"south": {"uv": [2, 1, 3, 3], "texture": "#5"},
				"west": {"uv": [2, 1, 3, 3], "texture": "#5"},
				"up": {"uv": [2, 1, 3, 3], "texture": "#5"},
				"down": {"uv": [2, 1, 3, 3], "texture": "#5"}
			}
		},
		{
			"from": [7.58332, -4.29738, 7.83746],
			"to": [7.84239, -4.02366, 8.12892],
			"rotation": {"angle": 0, "axis": "y", "origin": [8.04317, -3.03646, 8.29084]},
			"faces": {
				"north": {"uv": [2, 1, 3, 3], "texture": "#5"},
				"east": {"uv": [2, 1, 3, 3], "texture": "#5"},
				"south": {"uv": [2, 1, 3, 3], "texture": "#5"},
				"west": {"uv": [2, 1, 3, 3], "texture": "#5"},
				"up": {"uv": [2, 1, 3, 3], "texture": "#5"},
				"down": {"uv": [2, 1, 3, 3], "texture": "#5"}
			}
		},
		{
			"from": [7.20947, -3.86513, 7.70695],
			"to": [7.71547, -2.66888, 8.2762],
			"rotation": {"angle": 0, "axis": "y", "origin": [8.10762, -0.66928, 8.59245]},
			"faces": {
				"north": {"uv": [2, 1, 3, 3], "texture": "#5"},
				"east": {"uv": [2, 1, 3, 3], "texture": "#5"},
				"south": {"uv": [2, 1, 3, 3], "texture": "#5"},
				"west": {"uv": [2, 1, 3, 3], "texture": "#5"},
				"up": {"uv": [2, 1, 3, 3], "texture": "#5"},
				"down": {"uv": [2, 1, 3, 3], "texture": "#5"}
			}
		},
		{
			"from": [7.48526, -4.24358, 7.81171],
			"to": [7.8091, -3.92018, 8.17603],
			"rotation": {"angle": 0, "axis": "y", "origin": [8.06008, -2.66743, 8.37843]},
			"faces": {
				"north": {"uv": [2, 1, 3, 3], "texture": "#5"},
				"east": {"uv": [2, 1, 3, 3], "texture": "#5"},
				"south": {"uv": [2, 1, 3, 3], "texture": "#5"},
				"west": {"uv": [2, 1, 3, 3], "texture": "#5"},
				"up": {"uv": [2, 1, 3, 3], "texture": "#5"},
				"down": {"uv": [2, 1, 3, 3], "texture": "#5"}
			}
		},
		{
			"from": [7.36269, -4.10732, 7.76515],
			"to": [7.76749, -3.72182, 8.22055],
			"rotation": {"angle": 0, "axis": "y", "origin": [8.08121, -2.13714, 8.47355]},
			"faces": {
				"north": {"uv": [2, 1, 3, 3], "texture": "#5"},
				"east": {"uv": [2, 1, 3, 3], "texture": "#5"},
				"south": {"uv": [2, 1, 3, 3], "texture": "#5"},
				"west": {"uv": [2, 1, 3, 3], "texture": "#5"},
				"up": {"uv": [2, 1, 3, 3], "texture": "#5"},
				"down": {"uv": [2, 1, 3, 3], "texture": "#5"}
			}
		},
		{
			"from": [7.66177, -4.34962, 7.86956],
			"to": [7.86902, -4.11564, 8.10273],
			"rotation": {"angle": 0, "axis": "y", "origin": [8.02965, -3.34089, 8.23226]},
			"faces": {
				"north": {"uv": [2, 1, 3, 3], "texture": "#5"},
				"east": {"uv": [2, 1, 3, 3], "texture": "#5"},
				"south": {"uv": [2, 1, 3, 3], "texture": "#5"},
				"west": {"uv": [2, 1, 3, 3], "texture": "#5"},
				"up": {"uv": [2, 1, 3, 3], "texture": "#5"},
				"down": {"uv": [2, 1, 3, 3], "texture": "#5"}
			}
		},
		{
			"from": [7.66972, -4.29738, 7.75976],
			"to": [7.9547, -4.02366, 8.01883],
			"rotation": {"angle": -45, "axis": "y", "origin": [7.84459, -4.84349, 7.82453]},
			"faces": {
				"north": {"uv": [2, 1, 3, 3], "texture": "#5"},
				"east": {"uv": [2, 1, 3, 3], "texture": "#5"},
				"south": {"uv": [2, 1, 3, 3], "texture": "#5"},
				"west": {"uv": [2, 1, 3, 3], "texture": "#5"},
				"up": {"uv": [2, 1, 3, 3], "texture": "#5"},
				"down": {"uv": [2, 1, 3, 3], "texture": "#5"}
			}
		},
		{
			"from": [7.73088, -4.34962, 7.8074],
			"to": [7.95887, -4.11564, 8.01466],
			"rotation": {"angle": -45, "axis": "y", "origin": [7.87078, -4.78651, 7.85921]},
			"faces": {
				"north": {"uv": [2, 1, 3, 3], "texture": "#5"},
				"east": {"uv": [2, 1, 3, 3], "texture": "#5"},
				"south": {"uv": [2, 1, 3, 3], "texture": "#5"},
				"west": {"uv": [2, 1, 3, 3], "texture": "#5"},
				"up": {"uv": [2, 1, 3, 3], "texture": "#5"},
				"down": {"uv": [2, 1, 3, 3], "texture": "#5"}
			}
		},
		{
			"from": [7.59326, -4.24358, 7.71458],
			"to": [7.94948, -3.92018, 8.03842],
			"rotation": {"angle": -45, "axis": "y", "origin": [7.81185, -4.92622, 7.79554]},
			"faces": {
				"north": {"uv": [2, 1, 3, 3], "texture": "#5"},
				"east": {"uv": [2, 1, 3, 3], "texture": "#5"},
				"south": {"uv": [2, 1, 3, 3], "texture": "#5"},
				"west": {"uv": [2, 1, 3, 3], "texture": "#5"},
				"up": {"uv": [2, 1, 3, 3], "texture": "#5"},
				"down": {"uv": [2, 1, 3, 3], "texture": "#5"}
			}
		},
		{
			"from": [7.49769, -4.10732, 7.64374],
			"to": [7.94297, -3.72182, 8.04854],
			"rotation": {"angle": -45, "axis": "y", "origin": [7.77093, -4.96062, 7.74494]},
			"faces": {
				"north": {"uv": [2, 1, 3, 3], "texture": "#5"},
				"east": {"uv": [2, 1, 3, 3], "texture": "#5"},
				"south": {"uv": [2, 1, 3, 3], "texture": "#5"},
				"west": {"uv": [2, 1, 3, 3], "texture": "#5"},
				"up": {"uv": [2, 1, 3, 3], "texture": "#5"},
				"down": {"uv": [2, 1, 3, 3], "texture": "#5"}
			}
		},
		{
			"from": [7.37822, -3.86513, 7.55518],
			"to": [7.93482, -2.66888, 8.06118],
			"rotation": {"angle": -45, "axis": "y", "origin": [7.71977, -4.19863, 7.68168]},
			"faces": {
				"north": {"uv": [2, 1, 3, 3], "texture": "#5"},
				"east": {"uv": [2, 1, 3, 3], "texture": "#5"},
				"south": {"uv": [2, 1, 3, 3], "texture": "#5"},
				"west": {"uv": [2, 1, 3, 3], "texture": "#5"},
				"up": {"uv": [2, 1, 3, 3], "texture": "#5"},
				"down": {"uv": [2, 1, 3, 3], "texture": "#5"}
			}
		},
		{
			"from": [7.27912, -2.51158, 7.7334],
			"to": [7.73912, -2.21808, 8.2509],
			"rotation": {"angle": 0, "axis": "y", "origin": [8.09562, -0.40708, 8.5384]},
			"faces": {
				"north": {"uv": [2, 1, 3, 3], "texture": "#5"},
				"east": {"uv": [2, 1, 3, 3], "texture": "#5"},
				"south": {"uv": [2, 1, 3, 3], "texture": "#5"},
				"west": {"uv": [2, 1, 3, 3], "texture": "#5"},
				"up": {"uv": [2, 1, 3, 3], "texture": "#5"},
				"down": {"uv": [2, 1, 3, 3], "texture": "#5"}
			}
		},
		{
			"from": [7.27912, -2.75308, 7.7334],
			"to": [7.73912, -2.45958, 8.2509],
			"rotation": {"angle": 0, "axis": "y", "origin": [8.09562, -0.64858, 8.5384]},
			"faces": {
				"north": {"uv": [2, 1, 3, 3], "texture": "#5"},
				"east": {"uv": [2, 1, 3, 3], "texture": "#5"},
				"south": {"uv": [2, 1, 3, 3], "texture": "#5"},
				"west": {"uv": [2, 1, 3, 3], "texture": "#5"},
				"up": {"uv": [2, 1, 3, 3], "texture": "#5"},
				"down": {"uv": [2, 1, 3, 3], "texture": "#5"}
			}
		},
		{
			"from": [7.46058, -2.51158, 7.88293],
			"to": [7.95508, -2.21808, 8.34293],
			"rotation": {"angle": 45, "axis": "y", "origin": [7.81708, -3.61558, 8.28543]},
			"faces": {
				"north": {"uv": [2, 1, 3, 3], "texture": "#5"},
				"east": {"uv": [2, 1, 3, 3], "texture": "#5"},
				"south": {"uv": [2, 1, 3, 3], "texture": "#5"},
				"west": {"uv": [2, 1, 3, 3], "texture": "#5"},
				"up": {"uv": [2, 1, 3, 3], "texture": "#5"},
				"down": {"uv": [2, 1, 3, 3], "texture": "#5"}
			}
		},
		{
			"from": [7.46058, -2.75308, 7.88293],
			"to": [7.95508, -2.45958, 8.34293],
			"rotation": {"angle": 45, "axis": "y", "origin": [7.81708, -3.85708, 8.28543]},
			"faces": {
				"north": {"uv": [2, 1, 3, 3], "texture": "#5"},
				"east": {"uv": [2, 1, 3, 3], "texture": "#5"},
				"south": {"uv": [2, 1, 3, 3], "texture": "#5"},
				"west": {"uv": [2, 1, 3, 3], "texture": "#5"},
				"up": {"uv": [2, 1, 3, 3], "texture": "#5"},
				"down": {"uv": [2, 1, 3, 3], "texture": "#5"}
			}
		},
		{
			"from": [7.60112, -2.51158, 8.1014],
			"to": [8.23362, -2.21808, 8.5844],
			"rotation": {"angle": 0, "axis": "y", "origin": [8.01512, -0.40708, 8.5844]},
			"faces": {
				"north": {"uv": [2, 1, 3, 3], "texture": "#5"},
				"east": {"uv": [2, 1, 3, 3], "texture": "#5"},
				"south": {"uv": [2, 1, 3, 3], "texture": "#5"},
				"west": {"uv": [2, 1, 3, 3], "texture": "#5"},
				"up": {"uv": [2, 1, 3, 3], "texture": "#5"},
				"down": {"uv": [2, 1, 3, 3], "texture": "#5"}
			}
		},
		{
			"from": [7.60112, -2.75308, 8.1014],
			"to": [8.23362, -2.45958, 8.5844],
			"rotation": {"angle": 0, "axis": "y", "origin": [8.01512, -0.64858, 8.5844]},
			"faces": {
				"north": {"uv": [2, 1, 3, 3], "texture": "#5"},
				"east": {"uv": [2, 1, 3, 3], "texture": "#5"},
				"south": {"uv": [2, 1, 3, 3], "texture": "#5"},
				"west": {"uv": [2, 1, 3, 3], "texture": "#5"},
				"up": {"uv": [2, 1, 3, 3], "texture": "#5"},
				"down": {"uv": [2, 1, 3, 3], "texture": "#5"}
			}
		},
		{
			"from": [7.90265, -2.51158, 7.94043],
			"to": [8.40865, -2.21808, 8.40043],
			"rotation": {"angle": -45, "axis": "y", "origin": [8.09815, -3.61558, 8.28543]},
			"faces": {
				"north": {"uv": [2, 1, 3, 3], "texture": "#5"},
				"east": {"uv": [2, 1, 3, 3], "texture": "#5"},
				"south": {"uv": [2, 1, 3, 3], "texture": "#5"},
				"west": {"uv": [2, 1, 3, 3], "texture": "#5"},
				"up": {"uv": [2, 1, 3, 3], "texture": "#5"},
				"down": {"uv": [2, 1, 3, 3], "texture": "#5"}
			}
		},
		{
			"from": [7.90265, -2.75308, 7.94043],
			"to": [8.40865, -2.45958, 8.40043],
			"rotation": {"angle": -45, "axis": "y", "origin": [8.09815, -3.85708, 8.28543]},
			"faces": {
				"north": {"uv": [2, 1, 3, 3], "texture": "#5"},
				"east": {"uv": [2, 1, 3, 3], "texture": "#5"},
				"south": {"uv": [2, 1, 3, 3], "texture": "#5"},
				"west": {"uv": [2, 1, 3, 3], "texture": "#5"},
				"up": {"uv": [2, 1, 3, 3], "texture": "#5"},
				"down": {"uv": [2, 1, 3, 3], "texture": "#5"}
			}
		},
		{
			"from": [7.60112, -2.51158, 7.4114],
			"to": [8.23362, -2.21808, 7.8944],
			"rotation": {"angle": 0, "axis": "y", "origin": [8.01512, -0.40708, 8.5499]},
			"faces": {
				"north": {"uv": [2, 1, 3, 3], "texture": "#5"},
				"east": {"uv": [2, 1, 3, 3], "texture": "#5"},
				"south": {"uv": [2, 1, 3, 3], "texture": "#5"},
				"west": {"uv": [2, 1, 3, 3], "texture": "#5"},
				"up": {"uv": [2, 1, 3, 3], "texture": "#5"},
				"down": {"uv": [2, 1, 3, 3], "texture": "#5"}
			}
		},
		{
			"from": [7.60112, -2.75308, 7.4114],
			"to": [8.23362, -2.45958, 7.8944],
			"rotation": {"angle": 0, "axis": "y", "origin": [8.01512, -0.64858, 8.5499]},
			"faces": {
				"north": {"uv": [2, 1, 3, 3], "texture": "#5"},
				"east": {"uv": [2, 1, 3, 3], "texture": "#5"},
				"south": {"uv": [2, 1, 3, 3], "texture": "#5"},
				"west": {"uv": [2, 1, 3, 3], "texture": "#5"},
				"up": {"uv": [2, 1, 3, 3], "texture": "#5"},
				"down": {"uv": [2, 1, 3, 3], "texture": "#5"}
			}
		},
		{
			"from": [7.43252, -2.75308, 7.59543],
			"to": [7.93852, -2.45958, 8.05543],
			"rotation": {"angle": -45, "axis": "y", "origin": [7.74302, -3.85708, 7.71043]},
			"faces": {
				"north": {"uv": [2, 1, 3, 3], "texture": "#5"},
				"east": {"uv": [2, 1, 3, 3], "texture": "#5"},
				"south": {"uv": [2, 1, 3, 3], "texture": "#5"},
				"west": {"uv": [2, 1, 3, 3], "texture": "#5"},
				"up": {"uv": [2, 1, 3, 3], "texture": "#5"},
				"down": {"uv": [2, 1, 3, 3], "texture": "#5"}
			}
		},
		{
			"from": [7.43252, -2.51158, 7.59543],
			"to": [7.93852, -2.21808, 8.05543],
			"rotation": {"angle": -45, "axis": "y", "origin": [7.74302, -3.61558, 7.71043]},
			"faces": {
				"north": {"uv": [2, 1, 3, 3], "texture": "#5"},
				"east": {"uv": [2, 1, 3, 3], "texture": "#5"},
				"south": {"uv": [2, 1, 3, 3], "texture": "#5"},
				"west": {"uv": [2, 1, 3, 3], "texture": "#5"},
				"up": {"uv": [2, 1, 3, 3], "texture": "#5"},
				"down": {"uv": [2, 1, 3, 3], "texture": "#5"}
			}
		},
		{
			"from": [7.43252, -2.27008, 7.59543],
			"to": [7.93852, -0.64258, 8.05543],
			"rotation": {"angle": -45, "axis": "y", "origin": [7.74302, -2.04008, 7.71043]},
			"faces": {
				"north": {"uv": [2, 1, 3, 3], "texture": "#5"},
				"east": {"uv": [2, 1, 3, 3], "texture": "#5"},
				"south": {"uv": [2, 1, 3, 3], "texture": "#5"},
				"west": {"uv": [2, 1, 3, 3], "texture": "#5"},
				"up": {"uv": [2, 1, 3, 3], "texture": "#5"},
				"down": {"uv": [2, 1, 3, 3], "texture": "#5"}
			}
		},
		{
			"from": [7.27912, -2.27008, 7.7334],
			"to": [7.73912, -0.64258, 8.2509],
			"rotation": {"angle": 0, "axis": "y", "origin": [8.09562, 1.16842, 8.5384]},
			"faces": {
				"north": {"uv": [2, 1, 3, 3], "texture": "#5"},
				"east": {"uv": [2, 1, 3, 3], "texture": "#5"},
				"south": {"uv": [2, 1, 3, 3], "texture": "#5"},
				"west": {"uv": [2, 1, 3, 3], "texture": "#5"},
				"up": {"uv": [2, 1, 3, 3], "texture": "#5"},
				"down": {"uv": [2, 1, 3, 3], "texture": "#5"}
			}
		},
		{
			"from": [7.90265, -2.27008, 7.94043],
			"to": [8.40865, -0.64258, 8.40043],
			"rotation": {"angle": -45, "axis": "y", "origin": [8.09815, -2.04008, 8.28543]},
			"faces": {
				"north": {"uv": [2.1, 0, 3.2, 3.375], "texture": "#5"},
				"east": {"uv": [2, 0, 3, 3.375], "texture": "#5"},
				"south": {"uv": [2.1, 0, 3.2, 3.375], "texture": "#5"},
				"west": {"uv": [2, 0, 3, 3.375], "texture": "#5"},
				"up": {"uv": [0, 2.1, 1, 3.2], "rotation": 90, "texture": "#5"},
				"down": {"uv": [0, 2.1, 1, 3.2], "rotation": 270, "texture": "#5"}
			}
		},
		{
			"from": [7.40402, 18.05245, 7.47032],
			"to": [8.45402, 20.45245, 8.52032],
			"rotation": {"angle": 0, "axis": "y", "origin": [7.42902, 14.25245, 7.49532]},
			"faces": {
				"north": {"uv": [8, 0, 9, 2], "texture": "#2"},
				"east": {"uv": [8, 0, 9, 2], "texture": "#2"},
				"south": {"uv": [8, 0, 9, 2], "texture": "#2"},
				"west": {"uv": [8, 0, 9, 2], "texture": "#2"},
				"up": {"uv": [8, 0, 9, 2], "texture": "#2"},
				"down": {"uv": [8, 0, 9, 2], "texture": "#2"}
			}
		},
		{
			"from": [8.45402, 18.75245, 7.47032],
			"to": [8.55402, 20.45245, 8.52032],
			"rotation": {"angle": 0, "axis": "y", "origin": [7.42902, 14.25245, 7.49532]},
			"faces": {
				"north": {"uv": [8, 0, 9, 2], "texture": "#2"},
				"east": {"uv": [8, 0, 9, 2], "texture": "#2"},
				"south": {"uv": [8, 0, 9, 2], "texture": "#2"},
				"west": {"uv": [8, 0, 9, 2], "texture": "#2"},
				"up": {"uv": [8, 0, 9, 2], "texture": "#2"},
				"down": {"uv": [8, 0, 9, 2], "texture": "#2"}
			}
		},
		{
			"from": [7.30402, 18.75245, 7.47032],
			"to": [7.40402, 20.45245, 8.52032],
			"rotation": {"angle": 0, "axis": "y", "origin": [7.42902, 14.25245, 7.49532]},
			"faces": {
				"north": {"uv": [8, 0, 9, 2], "texture": "#2"},
				"east": {"uv": [8, 0, 9, 2], "texture": "#2"},
				"south": {"uv": [8, 0, 9, 2], "texture": "#2"},
				"west": {"uv": [8, 0, 9, 2], "texture": "#2"},
				"up": {"uv": [8, 0, 9, 2], "texture": "#2"},
				"down": {"uv": [8, 0, 9, 2], "texture": "#2"}
			}
		},
		{
			"from": [6.175, 20.175, 7],
			"to": [9.55, 23.55, 9.1],
			"rotation": {"angle": -45, "axis": "z", "origin": [8, 21.725, 8]},
			"faces": {
				"north": {"uv": [8, 0, 9, 2], "texture": "#5"},
				"east": {"uv": [8, 0, 9, 2], "texture": "#5"},
				"south": {"uv": [8, 0, 9, 2], "texture": "#5"},
				"west": {"uv": [8, 0, 9, 2], "texture": "#5"},
				"up": {"uv": [8, 0, 9, 2], "texture": "#5"},
				"down": {"uv": [8, 0, 9, 2], "texture": "#5"}
			}
		},
		{
			"from": [3.36822, 22.32623, 6.9],
			"to": [6.46822, 22.75123, 9.2],
			"rotation": {"angle": 0, "axis": "y", "origin": [11.30572, 18.61373, 8]},
			"faces": {
				"north": {"uv": [8, 0, 9, 2], "texture": "#2"},
				"east": {"uv": [8, 0, 9, 2], "texture": "#2"},
				"south": {"uv": [8, 0, 9, 2], "texture": "#2"},
				"west": {"uv": [8, 0, 9, 2], "texture": "#2"},
				"up": {"uv": [8, 0, 9, 2], "texture": "#2"},
				"down": {"uv": [8, 0, 9, 2], "texture": "#2"}
			}
		},
		{
			"from": [10.57384, 22.23116, 6.66],
			"to": [14.29784, 22.46066, 9.3705],
			"rotation": {"angle": 0, "axis": "y", "origin": [16.56009, 20.22641, 7.254]},
			"faces": {
				"north": {"uv": [8, 0, 9, 2], "texture": "#2"},
				"east": {"uv": [8, 0, 9, 2], "texture": "#2"},
				"south": {"uv": [8, 0, 9, 2], "texture": "#2"},
				"west": {"uv": [8, 0, 9, 2], "texture": "#2"},
				"up": {"uv": [8, 0, 9, 2], "texture": "#2"},
				"down": {"uv": [8, 0, 9, 2], "texture": "#2"}
			}
		},
		{
			"from": [9.21822, 22.42623, 6.65],
			"to": [14.51822, 22.85123, 9.4],
			"rotation": {"angle": 0, "axis": "z", "origin": [11.30572, 18.61373, 8]},
			"faces": {
				"north": {"uv": [8, 0, 9, 2], "texture": "#5"},
				"east": {"uv": [8, 0, 9, 2], "texture": "#5"},
				"south": {"uv": [8, 0, 9, 2], "texture": "#5"},
				"west": {"uv": [8, 0, 9, 2], "texture": "#5"},
				"up": {"uv": [8, 0, 9, 2], "texture": "#5"},
				"down": {"uv": [8, 0, 9, 2], "texture": "#5"}
			}
		},
		{
			"from": [3.36822, 21.07623, 6.9],
			"to": [6.49322, 21.50123, 9.2],
			"rotation": {"angle": 0, "axis": "y", "origin": [11.30572, 18.61373, 8]},
			"faces": {
				"north": {"uv": [8, 0, 9, 2], "texture": "#2"},
				"east": {"uv": [8, 0, 9, 2], "texture": "#2"},
				"south": {"uv": [8, 0, 9, 2], "texture": "#2"},
				"west": {"uv": [8, 0, 9, 2], "texture": "#2"},
				"up": {"uv": [8, 0, 9, 2], "texture": "#2"},
				"down": {"uv": [8, 0, 9, 2], "texture": "#2"}
			}
		},
		{
			"from": [10.57384, 21.55616, 6.66],
			"to": [14.31134, 21.78566, 9.3705],
			"rotation": {"angle": 0, "axis": "y", "origin": [16.56009, 20.22641, 7.254]},
			"faces": {
				"north": {"uv": [8, 0, 9, 2], "texture": "#2"},
				"east": {"uv": [8, 0, 9, 2], "texture": "#2"},
				"south": {"uv": [8, 0, 9, 2], "texture": "#2"},
				"west": {"uv": [8, 0, 9, 2], "texture": "#2"},
				"up": {"uv": [8, 0, 9, 2], "texture": "#2"},
				"down": {"uv": [8, 0, 9, 2], "texture": "#2"}
			}
		},
		{
			"from": [9.19322, 21.17623, 6.65],
			"to": [14.54322, 21.60123, 9.4],
			"rotation": {"angle": 0, "axis": "y", "origin": [11.30572, 18.61373, 8]},
			"faces": {
				"north": {"uv": [8, 0, 9, 2], "texture": "#5"},
				"east": {"uv": [8, 0, 9, 2], "texture": "#5"},
				"south": {"uv": [8, 0, 9, 2], "texture": "#5"},
				"west": {"uv": [8, 0, 9, 2], "texture": "#5"},
				"up": {"uv": [8, 0, 9, 2], "texture": "#5"},
				"down": {"uv": [8, 0, 9, 2], "texture": "#5"}
			}
		},
		{
			"from": [5.01822, 21.72623, 7.025],
			"to": [6.49322, 22.15123, 9.2],
			"rotation": {"angle": 0, "axis": "y", "origin": [11.30572, 18.61373, 8]},
			"faces": {
				"north": {"uv": [8, 0, 9, 2], "texture": "#2"},
				"east": {"uv": [8, 0, 9, 2], "texture": "#2"},
				"south": {"uv": [8, 0, 9, 2], "texture": "#2"},
				"west": {"uv": [8, 0, 9, 2], "texture": "#2"},
				"up": {"uv": [8, 0, 9, 2], "texture": "#2"},
				"down": {"uv": [8, 0, 9, 2], "texture": "#2"}
			}
		},
		{
			"from": [5.59322, 21.85123, 6.9],
			"to": [6.24322, 21.97623, 9.2],
			"rotation": {"angle": 0, "axis": "y", "origin": [11.30572, 18.61373, 8]},
			"faces": {
				"north": {"uv": [8, 0, 9, 2], "texture": "#2"},
				"east": {"uv": [8, 0, 9, 2], "texture": "#2"},
				"south": {"uv": [8, 0, 9, 2], "texture": "#2"},
				"west": {"uv": [8, 0, 9, 2], "texture": "#2"},
				"up": {"uv": [8, 0, 9, 2], "texture": "#2"},
				"down": {"uv": [8, 0, 9, 2], "texture": "#2"}
			}
		},
		{
			"from": [7.01822, 21.35123, 6.9],
			"to": [7.91822, 21.77623, 9.2],
			"rotation": {"angle": 0, "axis": "y", "origin": [6.90572, 21.01373, 8.05]},
			"faces": {
				"north": {"uv": [0, 1, 1, 2], "rotation": 270, "texture": "#1"},
				"east": {"uv": [0, 1, 1, 2], "rotation": 270, "texture": "#1"},
				"south": {"uv": [0, 1, 1, 2], "rotation": 270, "texture": "#1"},
				"west": {"uv": [0, 1, 1, 2], "rotation": 270, "texture": "#1"},
				"up": {"uv": [0, 1, 1, 2], "rotation": 270, "texture": "#1"},
				"down": {"uv": [0, 1, 1, 2], "rotation": 270, "texture": "#1"}
			}
		},
		{
			"from": [7.0357, 22.12985, 6.9],
			"to": [7.9357, 22.55485, 9.2],
			"rotation": {"angle": 0, "axis": "y", "origin": [7.4857, 22.34235, 8.05]},
			"faces": {
				"north": {"uv": [0, 1, 1, 2], "rotation": 270, "texture": "#1"},
				"east": {"uv": [0, 1, 1, 2], "rotation": 270, "texture": "#1"},
				"south": {"uv": [0, 1, 1, 2], "rotation": 270, "texture": "#1"},
				"west": {"uv": [0, 1, 1, 2], "rotation": 270, "texture": "#1"},
				"up": {"uv": [0, 1, 1, 2], "rotation": 270, "texture": "#1"},
				"down": {"uv": [0, 1, 1, 2], "rotation": 270, "texture": "#1"}
			}
		},
		{
			"from": [2.01822, 21.87623, 7],
			"to": [3.21822, 22.30123, 9.1],
			"rotation": {"angle": -45, "axis": "z", "origin": [2.33072, 21.28873, 8.05]},
			"faces": {
				"north": {"uv": [8, 0, 9, 2], "texture": "#2"},
				"east": {"uv": [8, 0, 9, 2], "texture": "#2"},
				"south": {"uv": [8, 0, 9, 2], "texture": "#2"},
				"west": {"uv": [8, 0, 9, 2], "texture": "#2"},
				"up": {"uv": [8, 0, 9, 2], "texture": "#2"},
				"down": {"uv": [8, 0, 9, 2], "texture": "#2"}
			}
		},
		{
			"from": [9.84484, 21.98816, 6.66],
			"to": [10.49284, 22.21766, 9.3705],
			"rotation": {"angle": -45, "axis": "z", "origin": [10.01359, 21.67091, 7.227]},
			"faces": {
				"north": {"uv": [8, 0, 9, 2], "texture": "#2"},
				"east": {"uv": [8, 0, 9, 2], "texture": "#2"},
				"south": {"uv": [8, 0, 9, 2], "texture": "#2"},
				"west": {"uv": [8, 0, 9, 2], "texture": "#2"},
				"up": {"uv": [8, 0, 9, 2], "texture": "#2"},
				"down": {"uv": [8, 0, 9, 2], "texture": "#2"}
			}
		},
		{
			"from": [14.30323, 21.43317, 6.66],
			"to": [14.53273, 22.08117, 9.3705],
			"rotation": {"angle": 45, "axis": "z", "origin": [13.95873, 21.98354, 6.81525]},
			"faces": {
				"north": {"uv": [8, 0, 9, 2], "texture": "#2"},
				"east": {"uv": [8, 0, 9, 2], "texture": "#2"},
				"south": {"uv": [8, 0, 9, 2], "texture": "#2"},
				"west": {"uv": [8, 0, 9, 2], "texture": "#2"},
				"up": {"uv": [8, 0, 9, 2], "texture": "#2"},
				"down": {"uv": [8, 0, 9, 2], "texture": "#2"}
			}
		},
		{
			"from": [2.7723, 21.77853, 7],
			"to": [3.9473, 22.20353, 9.1],
			"rotation": {"angle": 45, "axis": "z", "origin": [2.9848, 21.76603, 8.05]},
			"faces": {
				"north": {"uv": [8, 0, 9, 2], "texture": "#2"},
				"east": {"uv": [8, 0, 9, 2], "texture": "#2"},
				"south": {"uv": [8, 0, 9, 2], "texture": "#2"},
				"west": {"uv": [8, 0, 9, 2], "texture": "#2"},
				"up": {"uv": [8, 0, 9, 2], "texture": "#2"},
				"down": {"uv": [8, 0, 9, 2], "texture": "#2"}
			}
		},
		{
			"from": [10.25204, 21.9354, 6.66],
			"to": [10.88654, 22.1649, 9.3705],
			"rotation": {"angle": 45, "axis": "z", "origin": [10.36679, 21.92865, 7.227]},
			"faces": {
				"north": {"uv": [8, 0, 9, 2], "texture": "#2"},
				"east": {"uv": [8, 0, 9, 2], "texture": "#2"},
				"south": {"uv": [8, 0, 9, 2], "texture": "#2"},
				"west": {"uv": [8, 0, 9, 2], "texture": "#2"},
				"up": {"uv": [8, 0, 9, 2], "texture": "#2"},
				"down": {"uv": [8, 0, 9, 2], "texture": "#2"}
			}
		},
		{
			"from": [13.89823, 21.43317, 6.66],
			"to": [14.53273, 21.66267, 9.3705],
			"rotation": {"angle": 45, "axis": "z", "origin": [13.95873, 21.98354, 6.81525]},
			"faces": {
				"north": {"uv": [8, 0, 9, 2], "texture": "#2"},
				"east": {"uv": [8, 0, 9, 2], "texture": "#2"},
				"south": {"uv": [8, 0, 9, 2], "texture": "#2"},
				"west": {"uv": [8, 0, 9, 2], "texture": "#2"},
				"up": {"uv": [8, 0, 9, 2], "texture": "#2"},
				"down": {"uv": [8, 0, 9, 2], "texture": "#2"}
			}
		},
		{
			"from": [3.79322, 19.17623, 7.05],
			"to": [7.51822, 19.60123, 9.05],
			"rotation": {"angle": 22.5, "axis": "z", "origin": [6.20572, 20.28873, 8.05]},
			"faces": {
				"north": {"uv": [8, 0, 9, 2], "texture": "#5"},
				"east": {"uv": [8, 0, 9, 2], "texture": "#5"},
				"south": {"uv": [8, 0, 9, 2], "texture": "#5"},
				"west": {"uv": [8, 0, 9, 2], "texture": "#5"},
				"up": {"uv": [8, 0, 9, 2], "texture": "#5"},
				"down": {"uv": [8, 0, 9, 2], "texture": "#5"}
			}
		},
		{
			"from": [9.60671, 20.51431, 7.8625],
			"to": [12.38171, 23.51431, 8.7875],
			"rotation": {"angle": 0, "axis": "x", "origin": [10.51921, 20.33931, 2.175]},
			"color": 6,
			"faces": {
				"north": {"uv": [0, 0, 3, 2.775], "rotation": 270, "texture": "#missing"},
				"east": {"uv": [0, 0, 0.925, 3], "texture": "#missing"},
				"south": {"uv": [0, 0, 3, 2.775], "rotation": 90, "texture": "#missing"},
				"west": {"uv": [0, 0, 0.925, 3], "rotation": 180, "texture": "#missing"},
				"up": {"uv": [0, 0, 0.925, 2.775], "rotation": 90, "texture": "#missing"},
				"down": {"uv": [0, 0, 0.925, 2.775], "rotation": 90, "texture": "#missing"}
			}
		},
		{
			"from": [11.55671, 19.76431, 7.3375],
			"to": [12.38171, 24.16431, 8.5125],
			"rotation": {"angle": 0, "axis": "x", "origin": [10.51921, 20.33931, 2.175]},
			"color": 6,
			"faces": {
				"north": {"uv": [0, 0, 4.4, 0.825], "rotation": 270, "texture": "#missing"},
				"east": {"uv": [0, 0, 1.175, 4.4], "texture": "#missing"},
				"south": {"uv": [0, 0, 4.4, 0.825], "rotation": 90, "texture": "#missing"},
				"west": {"uv": [0, 0, 1.175, 4.4], "rotation": 180, "texture": "#missing"},
				"up": {"uv": [0, 0, 1.175, 0.825], "rotation": 90, "texture": "#missing"},
				"down": {"uv": [0, 0, 1.175, 0.825], "rotation": 90, "texture": "#missing"}
			}
		},
		{
			"from": [10.73171, 20.08931, 7.5875],
			"to": [11.55671, 23.91431, 8.5375],
			"rotation": {"angle": 0, "axis": "x", "origin": [10.51921, 20.33931, 2.175]},
			"color": 6,
			"faces": {
				"north": {"uv": [0, 0, 3.825, 0.825], "rotation": 270, "texture": "#missing"},
				"east": {"uv": [0, 0, 0.95, 3.825], "texture": "#missing"},
				"south": {"uv": [0, 0, 3.825, 0.825], "rotation": 90, "texture": "#missing"},
				"west": {"uv": [0, 0, 0.95, 3.825], "rotation": 180, "texture": "#missing"},
				"up": {"uv": [0, 0, 0.95, 0.825], "rotation": 90, "texture": "#missing"},
				"down": {"uv": [0, 0, 0.95, 0.825], "rotation": 90, "texture": "#missing"}
			}
		},
		{
			"from": [2.2238, 23.73796, 7.05],
			"to": [5.7988, 24.16296, 9.05],
			"rotation": {"angle": -22.5, "axis": "z", "origin": [6.1113, 19.27546, 8.05]},
			"faces": {
				"north": {"uv": [8, 0, 9, 2], "texture": "#5"},
				"east": {"uv": [2, 1, 3, 3], "texture": "#5"},
				"south": {"uv": [8, 0, 9, 2], "texture": "#5"},
				"west": {"uv": [8, 0, 9, 2], "texture": "#5"},
				"up": {"uv": [8, 0, 9, 2], "texture": "#5"},
				"down": {"uv": [8, 0, 9, 2], "texture": "#5"}
			}
		},
		{
			"from": [3.36823, 26.13634, 7.35],
			"to": [5.69323, 27.93634, 8.75],
			"rotation": {"angle": -45, "axis": "z", "origin": [1.68073, 27.71134, 8.05]},
			"faces": {
				"north": {"uv": [8, 0, 9, 2], "texture": "#5"},
				"east": {"uv": [8, 0, 9, 2], "texture": "#5"},
				"south": {"uv": [8, 0, 9, 2], "texture": "#5"},
				"west": {"uv": [8, 0, 9, 2], "texture": "#5"},
				"up": {"uv": [8, 0, 9, 2], "texture": "#5"},
				"down": {"uv": [8, 0, 9, 2], "texture": "#5"}
			}
		},
		{
			"from": [3.36823, 15.66366, 7.35],
			"to": [5.71823, 17.46366, 8.75],
			"rotation": {"angle": 45, "axis": "z", "origin": [1.68073, 15.88866, 8.05]},
			"faces": {
				"north": {"uv": [8, 0, 9, 2], "texture": "#5"},
				"east": {"uv": [8, 0, 9, 2], "texture": "#5"},
				"south": {"uv": [8, 0, 9, 2], "texture": "#5"},
				"west": {"uv": [8, 0, 9, 2], "texture": "#5"},
				"up": {"uv": [8, 0, 9, 2], "texture": "#5"},
				"down": {"uv": [8, 0, 9, 2], "texture": "#5"}
			}
		},
		{
			"from": [2.99323, 15.66366, 7.9],
			"to": [3.36823, 17.61366, 8.25],
			"rotation": {"angle": 45, "axis": "z", "origin": [1.68073, 15.88866, 8.05]},
			"faces": {
				"north": {"uv": [8, 0, 9, 2], "texture": "#2"},
				"east": {"uv": [8, 0, 9, 2], "texture": "#2"},
				"south": {"uv": [8, 0, 9, 2], "texture": "#2"},
				"west": {"uv": [8, 0, 9, 2], "texture": "#2"},
				"up": {"uv": [8, 0, 9, 2], "texture": "#2"},
				"down": {"uv": [8, 0, 9, 2], "texture": "#2"}
			}
		},
		{
			"from": [2.99323, 25.93634, 7.9],
			"to": [3.36823, 27.88634, 8.25],
			"rotation": {"angle": -45, "axis": "z", "origin": [1.68073, 27.66134, 8.05]},
			"faces": {
				"north": {"uv": [8, 0, 9, 2], "texture": "#2"},
				"east": {"uv": [8, 0, 9, 2], "texture": "#2"},
				"south": {"uv": [8, 0, 9, 2], "texture": "#2"},
				"west": {"uv": [8, 0, 9, 2], "texture": "#2"},
				"up": {"uv": [8, 0, 9, 2], "texture": "#2"},
				"down": {"uv": [8, 0, 9, 2], "texture": "#2"}
			}
		},
		{
			"from": [1.43665, 23.71775, 7.35],
			"to": [3.93665, 25.51775, 8.75],
			"rotation": {"angle": -22.5, "axis": "z", "origin": [1.27415, 24.61775, 8.05]},
			"faces": {
				"north": {"uv": [8, 0, 9, 2], "texture": "#5"},
				"east": {"uv": [8, 0, 9, 2], "texture": "#5"},
				"south": {"uv": [8, 0, 9, 2], "texture": "#5"},
				"west": {"uv": [8, 0, 9, 2], "texture": "#5"},
				"up": {"uv": [8, 0, 9, 2], "texture": "#5"},
				"down": {"uv": [8, 0, 9, 2], "texture": "#5"}
			}
		},
		{
			"from": [1.43665, 18.08225, 7.35],
			"to": [4.03665, 19.88225, 8.75],
			"rotation": {"angle": 22.5, "axis": "z", "origin": [1.27415, 18.98225, 8.05]},
			"faces": {
				"north": {"uv": [8, 0, 9, 2], "texture": "#5"},
				"east": {"uv": [8, 0, 9, 2], "texture": "#5"},
				"south": {"uv": [8, 0, 9, 2], "texture": "#5"},
				"west": {"uv": [8, 0, 9, 2], "texture": "#5"},
				"up": {"uv": [8, 0, 9, 2], "texture": "#5"},
				"down": {"uv": [8, 0, 9, 2], "texture": "#5"}
			}
		},
		{
			"from": [1.01165, 18.05725, 7.925],
			"to": [1.43665, 20.00725, 8.25],
			"rotation": {"angle": 22.5, "axis": "z", "origin": [1.27415, 18.98225, 8.05]},
			"faces": {
				"north": {"uv": [8, 0, 9, 2], "texture": "#2"},
				"east": {"uv": [8, 0, 9, 2], "texture": "#2"},
				"south": {"uv": [8, 0, 9, 2], "texture": "#2"},
				"west": {"uv": [8, 0, 9, 2], "texture": "#2"},
				"up": {"uv": [8, 0, 9, 2], "texture": "#2"},
				"down": {"uv": [8, 0, 9, 2], "texture": "#2"}
			}
		},
		{
			"from": [1.01165, 23.54275, 7.925],
			"to": [1.43665, 25.49275, 8.25],
			"rotation": {"angle": -22.5, "axis": "z", "origin": [1.27415, 24.56775, 8.05]},
			"faces": {
				"north": {"uv": [8, 0, 9, 2], "texture": "#2"},
				"east": {"uv": [8, 0, 9, 2], "texture": "#2"},
				"south": {"uv": [8, 0, 9, 2], "texture": "#2"},
				"west": {"uv": [8, 0, 9, 2], "texture": "#2"},
				"up": {"uv": [8, 0, 9, 2], "texture": "#2"},
				"down": {"uv": [8, 0, 9, 2], "texture": "#2"}
			}
		},
		{
			"from": [1.09029, 19.79333, 7.35],
			"to": [3.56529, 23.71833, 8.75],
			"rotation": {"angle": 0, "axis": "y", "origin": [0.57779, 21.59333, 8.05]},
			"faces": {
				"north": {"uv": [8, 0, 9, 2], "texture": "#5"},
				"east": {"uv": [8, 0, 9, 2], "texture": "#5"},
				"south": {"uv": [8, 0, 9, 2], "texture": "#5"},
				"west": {"uv": [8, 0, 9, 2], "texture": "#5"},
				"up": {"uv": [8, 0, 9, 2], "texture": "#5"},
				"down": {"uv": [8, 0, 9, 2], "texture": "#5"}
			}
		},
		{
			"from": [0.64029, 19.79333, 7.925],
			"to": [1.09029, 23.71833, 8.25],
			"rotation": {"angle": 0, "axis": "y", "origin": [0.57779, 21.59333, 8.05]},
			"faces": {
				"north": {"uv": [8, 0, 9, 2], "texture": "#2"},
				"east": {"uv": [8, 0, 9, 2], "texture": "#2"},
				"south": {"uv": [8, 0, 9, 2], "texture": "#2"},
				"west": {"uv": [8, 0, 9, 2], "texture": "#2"},
				"up": {"uv": [8, 0, 9, 2], "texture": "#2"},
				"down": {"uv": [8, 0, 9, 2], "texture": "#2"}
			}
		},
		{
			"from": [3.51394, 23.96077, 7.05],
			"to": [7.03894, 25.76077, 9.05],
			"rotation": {"angle": -22.5, "axis": "z", "origin": [1.75144, 23.51077, 8.05]},
			"faces": {
				"north": {"uv": [8, 0, 9, 2], "texture": "#5"},
				"east": {"uv": [8, 0, 9, 2], "texture": "#5"},
				"south": {"uv": [8, 0, 9, 2], "texture": "#5"},
				"west": {"uv": [8, 0, 9, 2], "texture": "#5"},
				"up": {"uv": [8, 0, 9, 2], "texture": "#5"},
				"down": {"uv": [8, 0, 9, 2], "texture": "#5"}
			}
		},
		{
			"from": [3.38714, 18.27434, 7.05],
			"to": [7.11214, 20.14934, 9.05],
			"rotation": {"angle": 22.5, "axis": "z", "origin": [2.72464, 20.69934, 8.05]},
			"faces": {
				"north": {"uv": [8, 0, 9, 2], "texture": "#5"},
				"east": {"uv": [8, 0, 9, 2], "texture": "#5"},
				"south": {"uv": [8, 0, 9, 2], "texture": "#5"},
				"west": {"uv": [8, 0, 9, 2], "texture": "#5"},
				"up": {"uv": [8, 0, 9, 2], "texture": "#5"},
				"down": {"uv": [8, 0, 9, 2], "texture": "#5"}
			}
		},
		{
			"from": [3.54403, 20.45405, 7.05],
			"to": [7.36903, 23.25405, 9.05],
			"rotation": {"angle": 0, "axis": "y", "origin": [3.23153, 22.15405, 8.05]},
			"faces": {
				"north": {"uv": [8, 0, 9, 2], "texture": "#5"},
				"east": {"uv": [2, 1, 3, 3], "texture": "#5"},
				"south": {"uv": [8, 0, 9, 2], "texture": "#5"},
				"west": {"uv": [8, 0, 9, 2], "texture": "#5"},
				"up": {"uv": [8, 0, 9, 2], "texture": "#5"},
				"down": {"uv": [8, 0, 9, 2], "texture": "#5"}
			}
		},
		{
			"name": "hexadecagon",
			"from": [7.80155, -1.46658, 7.51296],
			"to": [8.03455, 5.00992, 8.48296],
			"rotation": {"angle": -45, "axis": "y", "origin": [7.91805, -0.31658, 7.99796]},
			"faces": {
				"north": {"uv": [0, 3, 2, 10], "texture": "#4"},
				"east": {"uv": [0, 3, 2, 10], "texture": "#4"},
				"south": {"uv": [0, 3, 2, 10], "texture": "#4"},
				"west": {"uv": [0, 3, 2, 10], "texture": "#4"},
				"up": {"uv": [0, 3, 2, 10], "texture": "#4"},
				"down": {"uv": [0, 3, 2, 10], "texture": "#4"}
			}
		},
		{
			"name": "hexadecagon",
			"from": [7.80155, -1.46658, 7.51296],
			"to": [8.03455, 5.00992, 8.48296],
			"rotation": {"angle": -22.5, "axis": "y", "origin": [7.91805, -0.31658, 7.99796]},
			"faces": {
				"north": {"uv": [0, 3, 2, 10], "texture": "#4"},
				"east": {"uv": [0, 3, 2, 10], "texture": "#4"},
				"south": {"uv": [0, 3, 2, 10], "texture": "#4"},
				"west": {"uv": [0, 3, 2, 10], "texture": "#4"},
				"up": {"uv": [0, 3, 2, 10], "texture": "#4"},
				"down": {"uv": [0, 3, 2, 10], "texture": "#4"}
			}
		},
		{
			"name": "hexadecagon",
			"from": [7.80155, -1.46658, 7.51296],
			"to": [8.03455, 5.00992, 8.48296],
			"rotation": {"angle": 0, "axis": "y", "origin": [7.91805, -0.31658, 7.99796]},
			"faces": {
				"north": {"uv": [0, 3, 2, 10], "texture": "#4"},
				"east": {"uv": [0, 3, 2, 10], "texture": "#4"},
				"south": {"uv": [0, 3, 2, 10], "texture": "#4"},
				"west": {"uv": [0, 3, 2, 10], "texture": "#4"},
				"up": {"uv": [0, 3, 2, 10], "texture": "#4"},
				"down": {"uv": [0, 3, 2, 10], "texture": "#4"}
			}
		},
		{
			"name": "hexadecagon",
			"from": [7.80155, -1.46658, 7.51296],
			"to": [8.03455, 5.00992, 8.48296],
			"rotation": {"angle": 22.5, "axis": "y", "origin": [7.91805, -0.31658, 7.99796]},
			"faces": {
				"north": {"uv": [0, 3, 2, 10], "texture": "#4"},
				"east": {"uv": [0, 3, 2, 10], "texture": "#4"},
				"south": {"uv": [0, 3, 2, 10], "texture": "#4"},
				"west": {"uv": [0, 3, 2, 10], "texture": "#4"},
				"up": {"uv": [0, 3, 2, 10], "texture": "#4"},
				"down": {"uv": [0, 3, 2, 10], "texture": "#4"}
			}
		},
		{
			"name": "hexadecagon",
			"from": [7.80155, -1.46658, 7.51296],
			"to": [8.03455, 5.00992, 8.48296],
			"rotation": {"angle": 45, "axis": "y", "origin": [7.91805, -0.31658, 7.99796]},
			"faces": {
				"north": {"uv": [0, 3, 2, 10], "texture": "#4"},
				"east": {"uv": [0, 3, 2, 10], "texture": "#4"},
				"south": {"uv": [0, 3, 2, 10], "texture": "#4"},
				"west": {"uv": [0, 3, 2, 10], "texture": "#4"},
				"up": {"uv": [0, 3, 2, 10], "texture": "#4"},
				"down": {"uv": [0, 3, 2, 10], "texture": "#4"}
			}
		},
		{
			"name": "hexadecagon",
			"from": [7.43305, -1.46658, 7.88146],
			"to": [8.40305, 5.00992, 8.11446],
			"rotation": {"angle": -22.5, "axis": "y", "origin": [7.91805, -0.31658, 7.99796]},
			"faces": {
				"north": {"uv": [0, 3, 2, 10], "texture": "#4"},
				"east": {"uv": [0, 3, 2, 10], "texture": "#4"},
				"south": {"uv": [0, 3, 2, 10], "texture": "#4"},
				"west": {"uv": [0, 3, 2, 10], "texture": "#4"},
				"up": {"uv": [0, 3, 2, 10], "texture": "#4"},
				"down": {"uv": [0, 3, 2, 10], "texture": "#4"}
			}
		},
		{
			"name": "hexadecagon",
			"from": [7.43305, -1.46658, 7.88146],
			"to": [8.40305, 5.00992, 8.11446],
			"rotation": {"angle": 0, "axis": "y", "origin": [7.91805, -0.31658, 7.99796]},
			"faces": {
				"north": {"uv": [0, 3, 2, 10], "texture": "#4"},
				"east": {"uv": [0, 3, 2, 10], "texture": "#4"},
				"south": {"uv": [0, 3, 2, 10], "texture": "#4"},
				"west": {"uv": [0, 3, 2, 10], "texture": "#4"},
				"up": {"uv": [0, 3, 2, 10], "texture": "#4"},
				"down": {"uv": [0, 3, 2, 10], "texture": "#4"}
			}
		},
		{
			"name": "hexadecagon",
			"from": [7.43305, -1.46658, 7.88146],
			"to": [8.40305, 5.00992, 8.11446],
			"rotation": {"angle": 22.5, "axis": "y", "origin": [7.91805, -0.31658, 7.99796]},
			"faces": {
				"north": {"uv": [0, 3, 2, 10], "texture": "#4"},
				"east": {"uv": [0, 3, 2, 10], "texture": "#4"},
				"south": {"uv": [0, 3, 2, 10], "texture": "#4"},
				"west": {"uv": [0, 3, 2, 10], "texture": "#4"},
				"up": {"uv": [0, 3, 2, 10], "texture": "#4"},
				"down": {"uv": [0, 3, 2, 10], "texture": "#4"}
			}
		},
		{
			"name": "hexadecagon",
			"from": [7.82655, 4.95842, 7.53796],
			"to": [8.00955, 15.73492, 8.45796],
			"rotation": {"angle": -45, "axis": "y", "origin": [7.91805, 12.63342, 7.99796]},
			"faces": {
				"north": {"uv": [0, 3, 2, 10], "texture": "#4"},
				"east": {"uv": [0, 3, 2, 10], "texture": "#4"},
				"south": {"uv": [0, 3, 2, 10], "texture": "#4"},
				"west": {"uv": [0, 3, 2, 10], "texture": "#4"},
				"up": {"uv": [0, 3, 2, 10], "texture": "#4"},
				"down": {"uv": [0, 3, 2, 10], "texture": "#4"}
			}
		},
		{
			"name": "hexadecagon",
			"from": [7.82655, 4.95842, 7.53796],
			"to": [8.00955, 15.73492, 8.45796],
			"rotation": {"angle": -22.5, "axis": "y", "origin": [7.91805, 12.63342, 7.99796]},
			"faces": {
				"north": {"uv": [0, 3, 2, 10], "texture": "#4"},
				"east": {"uv": [0, 3, 2, 10], "texture": "#4"},
				"south": {"uv": [0, 3, 2, 10], "texture": "#4"},
				"west": {"uv": [0, 3, 2, 10], "texture": "#4"},
				"up": {"uv": [0, 3, 2, 10], "texture": "#4"},
				"down": {"uv": [0, 3, 2, 10], "texture": "#4"}
			}
		},
		{
			"name": "hexadecagon",
			"from": [7.82655, 4.95842, 7.53796],
			"to": [8.00955, 15.73492, 8.45796],
			"rotation": {"angle": 0, "axis": "y", "origin": [7.91805, 12.63342, 7.99796]},
			"faces": {
				"north": {"uv": [0, 3, 2, 10], "texture": "#4"},
				"east": {"uv": [0, 3, 2, 10], "texture": "#4"},
				"south": {"uv": [0, 3, 2, 10], "texture": "#4"},
				"west": {"uv": [0, 3, 2, 10], "texture": "#4"},
				"up": {"uv": [0, 3, 2, 10], "texture": "#4"},
				"down": {"uv": [0, 3, 2, 10], "texture": "#4"}
			}
		},
		{
			"name": "hexadecagon",
			"from": [7.82655, 4.95842, 7.53796],
			"to": [8.00955, 15.73492, 8.45796],
			"rotation": {"angle": 22.5, "axis": "y", "origin": [7.91805, 12.63342, 7.99796]},
			"faces": {
				"north": {"uv": [0, 3, 2, 10], "texture": "#4"},
				"east": {"uv": [0, 3, 2, 10], "texture": "#4"},
				"south": {"uv": [0, 3, 2, 10], "texture": "#4"},
				"west": {"uv": [0, 3, 2, 10], "texture": "#4"},
				"up": {"uv": [0, 3, 2, 10], "texture": "#4"},
				"down": {"uv": [0, 3, 2, 10], "texture": "#4"}
			}
		},
		{
			"name": "hexadecagon",
			"from": [7.82655, 4.95842, 7.53796],
			"to": [8.00955, 15.73492, 8.45796],
			"rotation": {"angle": 45, "axis": "y", "origin": [7.91805, 12.63342, 7.99796]},
			"faces": {
				"north": {"uv": [0, 3, 2, 10], "texture": "#4"},
				"east": {"uv": [0, 3, 2, 10], "texture": "#4"},
				"south": {"uv": [0, 3, 2, 10], "texture": "#4"},
				"west": {"uv": [0, 3, 2, 10], "texture": "#4"},
				"up": {"uv": [0, 3, 2, 10], "texture": "#4"},
				"down": {"uv": [0, 3, 2, 10], "texture": "#4"}
			}
		},
		{
			"name": "hexadecagon",
			"from": [7.45805, 4.95842, 7.90646],
			"to": [8.37805, 15.73492, 8.08946],
			"rotation": {"angle": -22.5, "axis": "y", "origin": [7.91805, 12.63342, 7.99796]},
			"faces": {
				"north": {"uv": [0, 3, 2, 10], "texture": "#4"},
				"east": {"uv": [0, 3, 2, 10], "texture": "#4"},
				"south": {"uv": [0, 3, 2, 10], "texture": "#4"},
				"west": {"uv": [0, 3, 2, 10], "texture": "#4"},
				"up": {"uv": [0, 3, 2, 10], "texture": "#4"},
				"down": {"uv": [0, 3, 2, 10], "texture": "#4"}
			}
		},
		{
			"name": "hexadecagon",
			"from": [7.45805, 4.95842, 7.90646],
			"to": [8.37805, 15.73492, 8.08946],
			"rotation": {"angle": 0, "axis": "y", "origin": [7.91805, 12.63342, 7.99796]},
			"faces": {
				"north": {"uv": [0, 3, 2, 10], "texture": "#4"},
				"east": {"uv": [0, 3, 2, 10], "texture": "#4"},
				"south": {"uv": [0, 3, 2, 10], "texture": "#4"},
				"west": {"uv": [0, 3, 2, 10], "texture": "#4"},
				"up": {"uv": [0, 3, 2, 10], "texture": "#4"},
				"down": {"uv": [0, 3, 2, 10], "texture": "#4"}
			}
		},
		{
			"name": "hexadecagon",
			"from": [7.50805, 4.95842, 7.90646],
			"to": [8.37805, 15.73492, 8.08946],
			"rotation": {"angle": 22.5, "axis": "y", "origin": [7.91805, 12.63342, 7.99796]},
			"faces": {
				"north": {"uv": [0, 3, 2, 10], "texture": "#4"},
				"east": {"uv": [0, 3, 2, 10], "texture": "#4"},
				"south": {"uv": [0, 3, 2, 10], "texture": "#4"},
				"west": {"uv": [0, 3, 2, 10], "texture": "#4"},
				"up": {"uv": [0, 3, 2, 10], "texture": "#4"},
				"down": {"uv": [0, 3, 2, 10], "texture": "#4"}
			}
		},
		{
			"name": "hexadecagon",
			"from": [7.82957, 15.72745, 7.49532],
			"to": [8.02848, 18.55245, 8.49532],
			"rotation": {"angle": -45, "axis": "y", "origin": [7.92902, 18.22745, 7.99532]},
			"faces": {
				"north": {"uv": [0, 3, 2, 10], "texture": "#4"},
				"east": {"uv": [0, 3, 2, 10], "texture": "#4"},
				"south": {"uv": [0, 3, 2, 10], "texture": "#4"},
				"west": {"uv": [0, 3, 2, 10], "texture": "#4"},
				"up": {"uv": [0, 3, 2, 10], "texture": "#4"},
				"down": {"uv": [0, 3, 2, 10], "texture": "#4"}
			}
		},
		{
			"name": "hexadecagon",
			"from": [7.82957, 15.72745, 7.49532],
			"to": [8.02848, 18.55245, 8.49532],
			"rotation": {"angle": -22.5, "axis": "y", "origin": [7.92902, 18.22745, 7.99532]},
			"faces": {
				"north": {"uv": [0, 3, 2, 10], "texture": "#4"},
				"east": {"uv": [0, 3, 2, 10], "texture": "#4"},
				"south": {"uv": [0, 3, 2, 10], "texture": "#4"},
				"west": {"uv": [0, 3, 2, 10], "texture": "#4"},
				"up": {"uv": [0, 3, 2, 10], "texture": "#4"},
				"down": {"uv": [0, 3, 2, 10], "texture": "#4"}
			}
		},
		{
			"name": "hexadecagon",
			"from": [7.82957, 15.72745, 7.49532],
			"to": [8.02848, 18.55245, 8.49532],
			"rotation": {"angle": 0, "axis": "y", "origin": [7.92902, 18.22745, 7.99532]},
			"faces": {
				"north": {"uv": [0, 3, 2, 10], "texture": "#4"},
				"east": {"uv": [0, 3, 2, 10], "texture": "#4"},
				"south": {"uv": [0, 3, 2, 10], "texture": "#4"},
				"west": {"uv": [0, 3, 2, 10], "texture": "#4"},
				"up": {"uv": [0, 3, 2, 10], "texture": "#4"},
				"down": {"uv": [0, 3, 2, 10], "texture": "#4"}
			}
		},
		{
			"name": "hexadecagon",
			"from": [7.82957, 15.72745, 7.49532],
			"to": [8.02848, 18.55245, 8.49532],
			"rotation": {"angle": 22.5, "axis": "y", "origin": [7.92902, 18.22745, 7.99532]},
			"faces": {
				"north": {"uv": [0, 3, 2, 10], "texture": "#4"},
				"east": {"uv": [0, 3, 2, 10], "texture": "#4"},
				"south": {"uv": [0, 3, 2, 10], "texture": "#4"},
				"west": {"uv": [0, 3, 2, 10], "texture": "#4"},
				"up": {"uv": [0, 3, 2, 10], "texture": "#4"},
				"down": {"uv": [0, 3, 2, 10], "texture": "#4"}
			}
		},
		{
			"name": "hexadecagon",
			"from": [7.82957, 15.72745, 7.49532],
			"to": [8.02848, 18.55245, 8.49532],
			"rotation": {"angle": 45, "axis": "y", "origin": [7.92902, 18.22745, 7.99532]},
			"faces": {
				"north": {"uv": [0, 3, 2, 10], "texture": "#4"},
				"east": {"uv": [0, 3, 2, 10], "texture": "#4"},
				"south": {"uv": [0, 3, 2, 10], "texture": "#4"},
				"west": {"uv": [0, 3, 2, 10], "texture": "#4"},
				"up": {"uv": [0, 3, 2, 10], "texture": "#4"},
				"down": {"uv": [0, 3, 2, 10], "texture": "#4"}
			}
		},
		{
			"name": "hexadecagon",
			"from": [7.42902, 15.72745, 7.89586],
			"to": [8.42902, 18.55245, 8.09478],
			"rotation": {"angle": -22.5, "axis": "y", "origin": [7.92902, 18.22745, 7.99532]},
			"faces": {
				"north": {"uv": [0, 3, 2, 10], "texture": "#4"},
				"east": {"uv": [0, 3, 2, 10], "texture": "#4"},
				"south": {"uv": [0, 3, 2, 10], "texture": "#4"},
				"west": {"uv": [0, 3, 2, 10], "texture": "#4"},
				"up": {"uv": [0, 3, 2, 10], "texture": "#4"},
				"down": {"uv": [0, 3, 2, 10], "texture": "#4"}
			}
		},
		{
			"name": "hexadecagon",
			"from": [7.42902, 15.72745, 7.89586],
			"to": [8.42902, 18.55245, 8.09478],
			"rotation": {"angle": 0, "axis": "y", "origin": [7.92902, 18.22745, 7.99532]},
			"faces": {
				"north": {"uv": [0, 3, 2, 10], "texture": "#4"},
				"east": {"uv": [0, 3, 2, 10], "texture": "#4"},
				"south": {"uv": [0, 3, 2, 10], "texture": "#4"},
				"west": {"uv": [0, 3, 2, 10], "texture": "#4"},
				"up": {"uv": [0, 3, 2, 10], "texture": "#4"},
				"down": {"uv": [0, 3, 2, 10], "texture": "#4"}
			}
		},
		{
			"name": "hexadecagon",
			"from": [7.42902, 15.72745, 7.89586],
			"to": [8.42902, 18.55245, 8.09478],
			"rotation": {"angle": 22.5, "axis": "y", "origin": [7.92902, 18.22745, 7.99532]},
			"faces": {
				"north": {"uv": [0, 3, 2, 10], "texture": "#4"},
				"east": {"uv": [0, 3, 2, 10], "texture": "#4"},
				"south": {"uv": [0, 3, 2, 10], "texture": "#4"},
				"west": {"uv": [0, 3, 2, 10], "texture": "#4"},
				"up": {"uv": [0, 3, 2, 10], "texture": "#4"},
				"down": {"uv": [0, 3, 2, 10], "texture": "#4"}
			}
		}
	],
	"display": {
		"thirdperson_righthand": {
			"rotation": [0, -90, 0],
			"translation": [0, -2.25, 1.25]
		},
		"firstperson_righthand": {
			"rotation": [-6, -91, 3],
			"translation": [0, 0.25, 0],
			"scale": [0.75, 0.75, 0.751]
		},
		"firstperson_lefthand": {
			"rotation": [6, 91, 3],
			"translation": [0, 0.25, 0],
			"scale": [0.75, 0.75, 0.751]
		},
		"ground": {
			"rotation": [89, 0, 0]
		},
		"gui": {
			"rotation": [0, 0, -44],
			"translation": [-1.5, -2.5, 0],
			"scale": [0.6, 0.6, 0.6]
		},
		"head": {
			"rotation": [41, 90, 0],
			"translation": [0, -7, -24],
			"scale": [1.5, 1.5, 1.5]
		},
		"fixed": {
			"rotation": [0, 0, 44],
			"translation": [3, -2.75, 0],
			"scale": [0.75, 0.75, 0.75]
		}
	},
	"groups": [
		{
			"name": "back hammer",
			"origin": [9.6, 23.625, 8.95],
			"children": []
		},
		{
			"name": "group",
			"origin": [12.26644, 19.99694, 1.35],
			"children": [0, 1, 2, 3, 4, 5, 6, 7, 8, 9, 10, 11, 12, 13, 14, 15, 16, 17, 18]
		},
		{
			"name": "group",
			"origin": [8, 8, 8],
			"children": [19, 20, 21, 22, 23, 24, 25, 26, 27, 28, 29, 30, 31,
				{
					"name": "group",
					"origin": [8.17062, 0.46842, 8.5384],
					"children": [32, 33, 34, 35, 36, 37, 38, 39, 40, 41, 42, 43, 44, 45, 46, 47, 48, 49, 50, 51, 52, 53, 54, 55, 56, 57, 58, 59, 60, 61, 62, 63, 64, 65, 66, 67, 68, 69, 70, 71, 72, 73, 74, 75, 76, 77, 78, 79, 80, 81, 82, 83, 84, 85, 86, 87, 88, 89, 90, 91, 92, 93, 94, 95, 96, 97, 98, 99, 100, 101, 102, 103]
				}, 104, 105,
				{
					"name": "group",
					"origin": [4.45, 15.575, 8],
					"children": []
				},
				{
					"name": "group",
					"origin": [4.45, 15.575, 8],
					"children": []
				},
				{
					"name": "group",
					"origin": [4.45, 15.575, 8],
					"children": []
				},
				{
					"name": "group",
					"origin": [4.45, 15.575, 8],
					"children": []
				}, 106, 107, 108, 109, 110, 111, 112, 113, 114, 115, 116, 117, 118, 119, 120, 121, 122, 123, 124, 125, 126, 127, 128, 129, 130, 131, 132, 133, 134, 135, 136, 137, 138, 139, 140, 141, 142]
		},
		{
			"name": "hexadecagon",
			"origin": [8, 8, 8],
			"children": [143, 144, 145, 146, 147, 148, 149, 150]
		},
		{
			"name": "hexadecagon",
			"origin": [8, 8, 8],
			"children": [151, 152, 153, 154, 155, 156, 157, 158]
		},
		{
			"name": "hexadecagon",
			"origin": [8, 8, 8],
			"children": [159, 160, 161, 162, 163, 164, 165, 166]
		},
		{
			"name": "hexadecagon",
			"origin": [8, 8, 8],
			"children": []
		}
	]
}