[
  {
    "function": "minecraft:set_attributes",
    "modifiers": [
      {
        "attribute": "minecraft:generic.max_health",
        "name": "amr.level.link.mh",
        "amount": {
          "type": "minecraft:score",
          "target": "this",
          "score": "amr.shield.level.link",
          "scale": 0.01
        },
        "operation": "multiply_total",
        "id": "6776709f-a205-4d73-a228-96bc95a1d1b5",
        "slot": [
          "mainhand"
        ]
      },
      {
        "attribute": "minecraft:generic.armor_toughness",
        "name": "amr.level.link.at",
        "amount": {
          "type": "minecraft:score",
          "target": "this",
          "score": "amr.shield.level.link",
          "scale": 0.01
        },
        "operation": "multiply_total",
        "id": "11e4f428-7371-4103-8b00-8857db099b81",
        "slot": [
          "mainhand"
        ]
      }
    ],
    "conditions": [
      {
        "condition": "minecraft:entity_properties",
        "entity": "this",
        "predicate": {
          "type": "minecraft:player",
          "type_specific": {
            "type": "player",
            "level": {
              "min": 1,
              "max": 1000
            }
          }
        }
      }
    ]
  }
]
