[
  {
    "function": "minecraft:set_name",
    "entity": "this",
    "name": [
      {
        "text": "Two Headed Dog Shield 0/20 C +",
        "color": "gold",
        "bold": true
      },
      {
        "score": {
          "name": "@s",
          "objective": "amr.shield.dog.smelt",
          "value": "@s"
        },
        "color": "gold",
        "bold": true,
        "italic": true
      }
    ],
    "conditions": [
      {
        "condition": "minecraft:entity_scores",
        "entity": "this",
        "scores": {
          "amr.shield.dog.smelt": {
            "min": 1,
            "max": 999
          },
          "amr.shield.dog.rarity": 0
        }
      }
    ]
  },
  {
    "function": "minecraft:set_name",
    "entity": "this",
    "name": [
      {
        "text": "Two Headed Dog Shield 0/20 UC +",
        "color": "gold",
        "bold": true
      },
      {
        "score": {
          "name": "@s",
          "objective": "amr.shield.dog.smelt",
          "value": "@s"
        },
        "color": "gold",
        "bold": true,
        "italic": true
      }
    ],
    "conditions": [
      {
        "condition": "minecraft:entity_scores",
        "entity": "this",
        "scores": {
          "amr.shield.dog.smelt": {
            "min": 1,
            "max": 999
          },
          "amr.shield.dog.rarity": 1
        }
      }
    ]
  },
  {
    "function": "minecraft:set_name",
    "entity": "this",
    "name": [
      {
        "text": "Two Headed Dog Shield 0/20 R +",
        "color": "gold",
        "bold": true
      },
      {
        "score": {
          "name": "@s",
          "objective": "amr.shield.dog.smelt",
          "value": "@s"
        },
        "color": "gold",
        "bold": true,
        "italic": true
      }
    ],
    "conditions": [
      {
        "condition": "minecraft:entity_scores",
        "entity": "this",
        "scores": {
          "amr.shield.dog.smelt": {
            "min": 1,
            "max": 999
          },
          "amr.shield.dog.rarity": 2
        }
      }
    ]
  },
  {
    "function": "minecraft:set_name",
    "entity": "this",
    "name": [
      {
        "text": "Two Headed Dog Shield 0/20 SR +",
        "color": "gold",
        "bold": true
      },
      {
        "score": {
          "name": "@s",
          "objective": "amr.shield.dog.smelt",
          "value": "@s"
        },
        "color": "gold",
        "bold": true,
        "italic": true
      }
    ],
    "conditions": [
      {
        "condition": "minecraft:entity_scores",
        "entity": "this",
        "scores": {
          "amr.shield.dog.smelt": {
            "min": 1,
            "max": 999
          },
          "amr.shield.dog.rarity": 3
        }
      }
    ]
  },
  {
    "function": "minecraft:set_name",
    "entity": "this",
    "name": [
      {
        "text": "Two Headed Dog Shield 0/20 AR +",
        "color": "gold",
        "bold": true
      },
      {
        "score": {
          "name": "@s",
          "objective": "amr.shield.dog.smelt",
          "value": "@s"
        },
        "color": "gold",
        "bold": true,
        "italic": true
      }
    ],
    "conditions": [
      {
        "condition": "minecraft:entity_scores",
        "entity": "this",
        "scores": {
          "amr.shield.dog.smelt": {
            "min": 1,
            "max": 999
          },
          "amr.shield.dog.rarity": 4
        }
      }
    ]
  }
]
