[
  {
    "function": "minecraft:set_attributes",
    "modifiers": [
      {
        "attribute": "minecraft:generic.max_health",
        "name": "amr.pick.smelt.mh",
        "amount": {
          "type": "minecraft:score",
          "target": "this",
          "score": "amr.shield.pick.smelt",
          "scale": 0.02
        },
        "operation": "multiply_total",
        "id": "3350067e-8e1b-4bc5-8187-b118a2f81f92",
        "slot": [
          "mainhand"
        ]
      },
      {
        "attribute": "minecraft:generic.armor_toughness",
        "name": "amr.pick.smelt.at",
        "amount": {
          "type": "minecraft:score",
          "target": "this",
          "score": "amr.shield.pick.smelt",
          "scale": 0.01
        },
        "operation": "multiply_total",
        "id": "ace521f3-99f7-4110-8614-4f8a3b4c76f5",
        "slot": [
          "mainhand"
        ]
      }
    ],
    "conditions": [
      {
        "condition": "minecraft:entity_properties",
        "entity": "this",
        "predicate": {
          "type": "minecraft:player",
          "type_specific": {
            "type": "player"
          }
        }
      }
    ]
  }
]
