[
  {
    "function": "minecraft:set_attributes",
    "modifiers": [
      {
        "attribute": "minecraft:generic.max_health",
        "name": "amr.dog.smelt.mh",
        "amount": {
          "type": "minecraft:score",
          "target": "this",
          "score": "amr.shield.dog.smelt",
          "scale": 0.01
        },
        "operation": "multiply_total",
        "id": "1a0fb35f-bb59-4ab9-9355-933da74c51a0",
        "slot": [
          "mainhand"
        ]
      },
      {
        "attribute": "minecraft:generic.armor_toughness",
        "name": "amr.dog.smelt.at",
        "amount": {
          "type": "minecraft:score",
          "target": "this",
          "score": "amr.shield.dog.smelt",
          "scale": 0.01
        },
        "operation": "multiply_total",
        "id": "0ef641cc-a3ec-4bdb-8e02-1bfd5ae679bd",
        "slot": [
          "mainhand"
        ]
      }
    ],
    "conditions": [
      {
        "condition": "minecraft:entity_properties",
        "entity": "this",
        "predicate": {
          "type": "minecraft:player",
          "type_specific": {
            "type": "player"
          }
        }
      }
    ]
  }
]
